Kraken:SOLUSD,2023-05-14T00:00:00Z,20.85,20.85,20.81,20.82,294.35943091
Kraken:SOLUSD,2023-05-14T00:01:00Z,20.82,20.85,20.82,20.85,49.85483816
Kraken:SOLUSD,2023-05-14T00:02:00Z,20.84,20.84,20.84,20.84,10.03455023
Kraken:SOLUSD,2023-05-14T00:03:00Z,20.85,20.85,20.85,20.85,0.8978
Kraken:SOLUSD,2023-05-14T00:05:00Z,20.83,20.83,20.83,20.83,4.75
Kraken:SOLUSD,2023-05-14T00:06:00Z,20.81,20.81,20.8,20.8,212.04381831
Kraken:SOLUSD,2023-05-14T00:07:00Z,20.82,20.83,20.82,20.83,128
Kraken:SOLUSD,2023-05-14T00:08:00Z,20.83,20.83,20.83,20.83,0.89867
Kraken:SOLUSD,2023-05-14T00:09:00Z,20.82,20.82,20.82,20.82,116.98766534
Kraken:SOLUSD,2023-05-14T00:11:00Z,20.84,20.84,20.83,20.84,12.78429394
Kraken:SOLUSD,2023-05-14T00:12:00Z,20.86,20.92,20.86,20.92,4326.34521266
Kraken:SOLUSD,2023-05-14T00:17:00Z,20.89,20.89,20.86,20.86,428.557
Kraken:SOLUSD,2023-05-14T00:18:00Z,20.84,20.84,20.84,20.84,0.25
Kraken:SOLUSD,2023-05-14T00:19:00Z,20.84,20.84,20.84,20.84,0.25
Kraken:SOLUSD,2023-05-14T00:20:00Z,20.83,20.83,20.83,20.83,111.41343542
Kraken:SOLUSD,2023-05-14T00:23:00Z,20.83,20.83,20.83,20.83,0.8
Kraken:SOLUSD,2023-05-14T00:24:00Z,20.81,20.81,20.8,20.8,3470.97176114
Kraken:SOLUSD,2023-05-14T00:25:00Z,20.8,20.8,20.8,20.8,2865.24742684
Kraken:SOLUSD,2023-05-14T00:26:00Z,20.8,20.8,20.8,20.8,3663.78081202
Kraken:SOLUSD,2023-05-14T00:32:00Z,20.89,20.9,20.89,20.9,44.36196557
Kraken:SOLUSD,2023-05-14T00:33:00Z,20.92,20.92,20.92,20.92,0.89523
Kraken:SOLUSD,2023-05-14T00:36:00Z,20.85,20.86,20.85,20.86,252.94915133
Kraken:SOLUSD,2023-05-14T00:40:00Z,20.85,20.86,20.81,20.82,10002.04061328
Kraken:SOLUSD,2023-05-14T00:41:00Z,20.79,20.79,20.74,20.74,460.88779301
Kraken:SOLUSD,2023-05-14T00:42:00Z,20.73,20.73,20.69,20.7,589.54040152
Kraken:SOLUSD,2023-05-14T00:43:00Z,20.73,20.74,20.73,20.74,627.81652518
Kraken:SOLUSD,2023-05-14T00:44:00Z,20.74,20.74,20.74,20.74,79.24227258
Kraken:SOLUSD,2023-05-14T00:45:00Z,20.74,20.74,20.74,20.74,33.1965033
Kraken:SOLUSD,2023-05-14T00:46:00Z,20.72,20.72,20.67,20.69,3734.22629368
Kraken:SOLUSD,2023-05-14T00:47:00Z,20.7,20.71,20.7,20.71,43.21895999
Kraken:SOLUSD,2023-05-14T00:48:00Z,20.72,20.72,20.72,20.72,0.25
Kraken:SOLUSD,2023-05-14T00:49:00Z,20.72,20.72,20.7,20.7,5185.29329745
Kraken:SOLUSD,2023-05-14T00:50:00Z,20.7,20.7,20.7,20.7,2574.98884823
Kraken:SOLUSD,2023-05-14T00:51:00Z,20.68,20.68,20.64,20.64,1.2E+4
Kraken:SOLUSD,2023-05-14T00:52:00Z,20.68,20.68,20.68,20.68,1606.24865958
Kraken:SOLUSD,2023-05-14T00:54:00Z,20.72,20.72,20.72,20.72,38.61003861
Kraken:SOLUSD,2023-05-14T00:55:00Z,20.73,20.74,20.73,20.74,2045.10341757
Kraken:SOLUSD,2023-05-14T00:56:00Z,20.75,20.75,20.75,20.75,0.03251
Kraken:SOLUSD,2023-05-14T00:57:00Z,20.76,20.76,20.76,20.76,5.2176704
Kraken:SOLUSD,2023-05-14T00:58:00Z,20.76,20.76,20.76,20.76,4.56543
Kraken:SOLUSD,2023-05-14T01:00:00Z,20.75,20.75,20.73,20.73,181.50742
Kraken:SOLUSD,2023-05-14T01:03:00Z,20.72,20.72,20.72,20.72,96.31639573
Kraken:SOLUSD,2023-05-14T01:06:00Z,20.74,20.74,20.74,20.74,0.82546921
Kraken:SOLUSD,2023-05-14T01:07:00Z,20.75,20.75,20.72,20.72,1441.63
Kraken:SOLUSD,2023-05-14T01:08:00Z,20.75,20.75,20.75,20.75,11
Kraken:SOLUSD,2023-05-14T01:10:00Z,20.74,20.74,20.74,20.74,5E+2
Kraken:SOLUSD,2023-05-14T01:12:00Z,20.74,20.74,20.72,20.72,418.92
Kraken:SOLUSD,2023-05-14T01:13:00Z,20.73,20.73,20.72,20.72,178.11308827
Kraken:SOLUSD,2023-05-14T01:14:00Z,20.72,20.72,20.65,20.66,1687.74103447
Kraken:SOLUSD,2023-05-14T01:16:00Z,20.66,20.66,20.66,20.66,500.48442976
Kraken:SOLUSD,2023-05-14T01:17:00Z,20.65,20.67,20.6,20.67,10380.61003861
Kraken:SOLUSD,2023-05-14T01:20:00Z,20.69,20.69,20.69,20.69,0.3072
Kraken:SOLUSD,2023-05-14T01:21:00Z,20.7,20.7,20.7,20.7,48.30917874
Kraken:SOLUSD,2023-05-14T01:22:00Z,20.69,20.69,20.63,20.66,828.16559808
Kraken:SOLUSD,2023-05-14T01:23:00Z,20.68,20.7,20.68,20.7,103.29731846
Kraken:SOLUSD,2023-05-14T01:24:00Z,20.67,20.67,20.67,20.67,53.507
Kraken:SOLUSD,2023-05-14T01:31:00Z,20.7,20.7,20.7,20.7,12.17729468
Kraken:SOLUSD,2023-05-14T01:32:00Z,20.72,20.72,20.72,20.72,47.75308827
Kraken:SOLUSD,2023-05-14T01:33:00Z,20.72,20.72,20.72,20.72,50.69540243
Kraken:SOLUSD,2023-05-14T01:34:00Z,20.71,20.71,20.68,20.68,296.67582555
Kraken:SOLUSD,2023-05-14T01:42:00Z,20.71,20.71,20.67,20.69,520.77235711
Kraken:SOLUSD,2023-05-14T01:46:00Z,20.69,20.69,20.69,20.69,1
Kraken:SOLUSD,2023-05-14T01:50:00Z,20.7,20.7,20.7,20.7,5
Kraken:SOLUSD,2023-05-14T01:56:00Z,20.7,20.72,20.7,20.72,13.03694015
Kraken:SOLUSD,2023-05-14T02:01:00Z,20.73,20.73,20.73,20.73,0.47526
Kraken:SOLUSD,2023-05-14T02:03:00Z,20.73,20.73,20.73,20.73,1.5
Kraken:SOLUSD,2023-05-14T02:06:00Z,20.74,20.74,20.73,20.73,1114.82503857
Kraken:SOLUSD,2023-05-14T02:09:00Z,20.72,20.72,20.72,20.72,643.48751727
Kraken:SOLUSD,2023-05-14T02:21:00Z,20.75,20.75,20.75,20.75,2.4
Kraken:SOLUSD,2023-05-14T02:23:00Z,20.76,20.76,20.76,20.76,4.05203297
Kraken:SOLUSD,2023-05-14T02:24:00Z,20.77,20.79,20.77,20.79,1.79E+3
Kraken:SOLUSD,2023-05-14T02:36:00Z,20.77,20.77,20.77,20.77,36.89576
Kraken:SOLUSD,2023-05-14T02:37:00Z,20.78,20.78,20.78,20.78,0.23348
Kraken:SOLUSD,2023-05-14T02:41:00Z,20.79,20.79,20.79,20.79,1.0472
Kraken:SOLUSD,2023-05-14T02:42:00Z,20.79,20.79,20.79,20.79,0.32491
Kraken:SOLUSD,2023-05-14T02:44:00Z,20.78,20.78,20.78,20.78,0.38135
Kraken:SOLUSD,2023-05-14T02:50:00Z,20.8,20.81,20.8,20.81,104.17101146
Kraken:SOLUSD,2023-05-14T02:51:00Z,20.81,20.81,20.81,20.81,3.8377
Kraken:SOLUSD,2023-05-14T02:52:00Z,20.8,20.82,20.8,20.82,96.11220451
Kraken:SOLUSD,2023-05-14T02:53:00Z,20.83,20.83,20.83,20.83,1.20019203
Kraken:SOLUSD,2023-05-14T02:55:00Z,20.83,20.83,20.83,20.83,3.6556166
Kraken:SOLUSD,2023-05-14T02:56:00Z,20.84,20.84,20.84,20.84,2.10639293
Kraken:SOLUSD,2023-05-14T02:57:00Z,20.84,20.84,20.84,20.84,3.41098559
Kraken:SOLUSD,2023-05-14T02:58:00Z,20.85,20.85,20.85,20.85,3.49647706
Kraken:SOLUSD,2023-05-14T03:02:00Z,20.87,20.87,20.87,20.87,5.58229
Kraken:SOLUSD,2023-05-14T03:06:00Z,20.85,20.85,20.85,20.85,8
Kraken:SOLUSD,2023-05-14T03:15:00Z,20.86,20.86,20.86,20.86,0.25028998
Kraken:SOLUSD,2023-05-14T03:18:00Z,20.85,20.86,20.85,20.86,13.16631175
Kraken:SOLUSD,2023-05-14T03:23:00Z,20.88,20.88,20.88,20.88,1
Kraken:SOLUSD,2023-05-14T03:24:00Z,20.88,20.88,20.88,20.88,0.4679
Kraken:SOLUSD,2023-05-14T03:27:00Z,20.88,20.88,20.88,20.88,0.25
Kraken:SOLUSD,2023-05-14T03:28:00Z,20.88,20.9,20.88,20.9,41.6197348
Kraken:SOLUSD,2023-05-14T03:29:00Z,20.91,20.91,20.91,20.91,11.95600191
Kraken:SOLUSD,2023-05-14T03:32:00Z,20.9,20.94,20.9,20.94,340.54327735
Kraken:SOLUSD,2023-05-14T03:33:00Z,20.94,20.96,20.94,20.96,1E+4
Kraken:SOLUSD,2023-05-14T03:34:00Z,20.94,20.94,20.94,20.94,0.30995
Kraken:SOLUSD,2023-05-14T03:35:00Z,20.94,20.98,20.94,20.95,20165.18590455
Kraken:SOLUSD,2023-05-14T03:36:00Z,20.99,20.99,20.99,20.99,2.38322211
Kraken:SOLUSD,2023-05-14T03:40:00Z,20.98,20.98,20.98,20.98,5
Kraken:SOLUSD,2023-05-14T03:46:00Z,20.98,20.98,20.98,20.98,301
Kraken:SOLUSD,2023-05-14T03:48:00Z,20.99,20.99,20.98,20.98,92.32176121
Kraken:SOLUSD,2023-05-14T03:50:00Z,20.98,20.98,20.98,20.98,337.35807321
Kraken:SOLUSD,2023-05-14T03:53:00Z,20.98,20.98,20.96,20.97,419.37776679
Kraken:SOLUSD,2023-05-14T04:04:00Z,20.97,20.97,20.96,20.96,80.359
Kraken:SOLUSD,2023-05-14T04:05:00Z,20.94,20.94,20.94,20.94,0.3
Kraken:SOLUSD,2023-05-14T04:07:00Z,20.93,20.93,20.93,20.93,0.25
Kraken:SOLUSD,2023-05-14T04:12:00Z,20.94,20.94,20.94,20.94,0.25
Kraken:SOLUSD,2023-05-14T04:19:00Z,20.95,20.95,20.95,20.95,187.09706583
Kraken:SOLUSD,2023-05-14T04:22:00Z,20.94,20.94,20.93,20.93,1.54E+3
Kraken:SOLUSD,2023-05-14T04:28:00Z,20.94,20.94,20.94,20.94,5E+1
Kraken:SOLUSD,2023-05-14T04:30:00Z,20.95,20.97,20.95,20.97,103.36404463
Kraken:SOLUSD,2023-05-14T04:31:00Z,20.95,20.95,20.95,20.95,2.1615
Kraken:SOLUSD,2023-05-14T04:32:00Z,20.96,20.97,20.96,20.97,20.57920199
Kraken:SOLUSD,2023-05-14T04:33:00Z,20.99,21.1,20.99,21.07,1131.98391587
Kraken:SOLUSD,2023-05-14T04:34:00Z,21.03,21.08,21.03,21.08,19.43453092
Kraken:SOLUSD,2023-05-14T04:35:00Z,21.1,21.1,21.1,21.1,2971.07386588
Kraken:SOLUSD,2023-05-14T04:37:00Z,21.1,21.1,21.1,21.1,518.37132407
Kraken:SOLUSD,2023-05-14T04:38:00Z,21.1,21.1,21.1,21.1,2E+1
Kraken:SOLUSD,2023-05-14T04:40:00Z,21.1,21.11,21.1,21.11,116.65452347
Kraken:SOLUSD,2023-05-14T04:41:00Z,21.1,21.1,21.1,21.1,3309.89635117
Kraken:SOLUSD,2023-05-14T04:42:00Z,21.1,21.11,21.1,21.11,3876.13657189
Kraken:SOLUSD,2023-05-14T04:43:00Z,21.1,21.1,21.1,21.1,2272.0229245
Kraken:SOLUSD,2023-05-14T04:45:00Z,21.1,21.1,21.1,21.1,3599.14717057
Kraken:SOLUSD,2023-05-14T04:46:00Z,21.11,21.11,21.1,21.1,4102.67481684
Kraken:SOLUSD,2023-05-14T04:47:00Z,21.11,21.11,21.11,21.11,10.08467336
Kraken:SOLUSD,2023-05-14T04:48:00Z,21.1,21.1,21.1,21.1,176.93254636
Kraken:SOLUSD,2023-05-14T04:49:00Z,21.11,21.11,21.11,21.11,1.31782362
Kraken:SOLUSD,2023-05-14T04:51:00Z,21.09,21.09,21.07,21.07,1.78844328
Kraken:SOLUSD,2023-05-14T04:52:00Z,21.06,21.06,21.06,21.06,53.56
Kraken:SOLUSD,2023-05-14T04:55:00Z,21.07,21.08,21.07,21.08,5.5522
Kraken:SOLUSD,2023-05-14T05:03:00Z,21.08,21.08,21.08,21.08,0.2
Kraken:SOLUSD,2023-05-14T05:04:00Z,21.08,21.08,21.08,21.08,0.4
Kraken:SOLUSD,2023-05-14T05:05:00Z,21.07,21.09,21.07,21.09,252.5
Kraken:SOLUSD,2023-05-14T05:06:00Z,21.09,21.09,21.09,21.09,177.28595825
Kraken:SOLUSD,2023-05-14T05:08:00Z,21.12,21.15,21.12,21.15,510.03668222
Kraken:SOLUSD,2023-05-14T05:09:00Z,21.11,21.11,21.11,21.11,111
Kraken:SOLUSD,2023-05-14T05:10:00Z,21.1,21.1,21.08,21.08,25.92147587
Kraken:SOLUSD,2023-05-14T05:12:00Z,21.07,21.07,21.07,21.07,208
Kraken:SOLUSD,2023-05-14T05:13:00Z,21.07,21.07,21.06,21.06,334.56891362
Kraken:SOLUSD,2023-05-14T05:14:00Z,21.05,21.05,21.05,21.05,0.75
Kraken:SOLUSD,2023-05-14T05:15:00Z,21.05,21.05,21.05,21.05,13.50292
Kraken:SOLUSD,2023-05-14T05:17:00Z,21.06,21.06,21.06,21.06,115.1137554
Kraken:SOLUSD,2023-05-14T05:23:00Z,21.08,21.08,21.08,21.08,1
Kraken:SOLUSD,2023-05-14T05:27:00Z,21.09,21.09,21.08,21.08,6.85497
Kraken:SOLUSD,2023-05-14T05:28:00Z,21.07,21.07,21.07,21.07,5.25
Kraken:SOLUSD,2023-05-14T05:29:00Z,21.07,21.07,21.07,21.07,85.05
Kraken:SOLUSD,2023-05-14T05:32:00Z,21.06,21.06,21.06,21.06,27.74184702
Kraken:SOLUSD,2023-05-14T05:34:00Z,21.07,21.07,21.07,21.07,0.25
Kraken:SOLUSD,2023-05-14T05:35:00Z,21.06,21.06,21.06,21.06,2.63606527
Kraken:SOLUSD,2023-05-14T05:39:00Z,21.06,21.06,21.06,21.06,55.86964326
Kraken:SOLUSD,2023-05-14T05:41:00Z,21.04,21.04,21.04,21.04,0.25
Kraken:SOLUSD,2023-05-14T05:43:00Z,21.03,21.03,21.03,21.03,0.25
Kraken:SOLUSD,2023-05-14T05:45:00Z,21.06,21.06,21.06,21.06,2.97344
Kraken:SOLUSD,2023-05-14T05:47:00Z,21.07,21.08,21.07,21.08,327.31617
Kraken:SOLUSD,2023-05-14T05:53:00Z,21.06,21.06,21.06,21.06,93.17048823
Kraken:SOLUSD,2023-05-14T05:55:00Z,21.04,21.04,21.04,21.04,55
Kraken:SOLUSD,2023-05-14T05:57:00Z,21.03,21.03,21.03,21.03,0.34165211
Kraken:SOLUSD,2023-05-14T05:59:00Z,21.05,21.05,21.05,21.05,0.82153
Kraken:SOLUSD,2023-05-14T06:01:00Z,21.07,21.1,21.07,21.09,9843.31479403
Kraken:SOLUSD,2023-05-14T06:06:00Z,21.11,21.11,21.11,21.11,0.25
Kraken:SOLUSD,2023-05-14T06:08:00Z,21.11,21.11,21.11,21.11,63.694
Kraken:SOLUSD,2023-05-14T06:09:00Z,21.11,21.11,21.11,21.11,3E+2
Kraken:SOLUSD,2023-05-14T06:10:00Z,21.11,21.13,21.11,21.13,5504.49650662
Kraken:SOLUSD,2023-05-14T06:12:00Z,21.12,21.15,21.1,21.1,10051.27955857
Kraken:SOLUSD,2023-05-14T06:13:00Z,21.15,21.16,21.15,21.16,33.92147587
Kraken:SOLUSD,2023-05-14T06:16:00Z,21.15,21.15,21.15,21.15,412.49921894
Kraken:SOLUSD,2023-05-14T06:18:00Z,21.15,21.15,21.15,21.15,0.70921985
Kraken:SOLUSD,2023-05-14T06:20:00Z,21.15,21.15,21.15,21.15,1.01
Kraken:SOLUSD,2023-05-14T06:21:00Z,21.14,21.14,21.14,21.14,410.61414316
Kraken:SOLUSD,2023-05-14T06:27:00Z,21.16,21.16,21.16,21.16,202.35655737
Kraken:SOLUSD,2023-05-14T06:28:00Z,21.17,21.17,21.17,21.17,19.85464965
Kraken:SOLUSD,2023-05-14T06:29:00Z,21.18,21.2,21.18,21.18,10010.78193297
Kraken:SOLUSD,2023-05-14T06:33:00Z,21.17,21.17,21.17,21.17,9.14242447
Kraken:SOLUSD,2023-05-14T06:34:00Z,21.17,21.17,21.15,21.15,155.21
Kraken:SOLUSD,2023-05-14T06:38:00Z,21.15,21.17,21.15,21.17,1
Kraken:SOLUSD,2023-05-14T06:39:00Z,21.16,21.16,21.16,21.16,1E+1
Kraken:SOLUSD,2023-05-14T06:41:00Z,21.19,21.19,21.19,21.19,1.15586
Kraken:SOLUSD,2023-05-14T06:46:00Z,21.17,21.17,21.17,21.17,158.86253109
Kraken:SOLUSD,2023-05-14T06:47:00Z,21.16,21.16,21.16,21.16,1.15586
Kraken:SOLUSD,2023-05-14T06:49:00Z,21.17,21.17,21.17,21.17,0.52589
Kraken:SOLUSD,2023-05-14T06:50:00Z,21.17,21.18,21.17,21.18,13.27947401
Kraken:SOLUSD,2023-05-14T06:54:00Z,21.17,21.17,21.15,21.15,23.42976
Kraken:SOLUSD,2023-05-14T07:00:00Z,21.16,21.16,21.16,21.16,241.08003948
Kraken:SOLUSD,2023-05-14T07:06:00Z,21.17,21.17,21.16,21.16,39.82065874
Kraken:SOLUSD,2023-05-14T07:08:00Z,21.18,21.18,21.16,21.16,65.42904237
Kraken:SOLUSD,2023-05-14T07:09:00Z,21.16,21.16,21.15,21.15,384.36902059
Kraken:SOLUSD,2023-05-14T07:11:00Z,21.16,21.16,21.16,21.16,23.6294896
Kraken:SOLUSD,2023-05-14T07:17:00Z,21.16,21.16,21.16,21.16,0.46583
Kraken:SOLUSD,2023-05-14T07:20:00Z,21.13,21.13,21.13,21.13,1
Kraken:SOLUSD,2023-05-14T07:21:00Z,21.12,21.12,21.12,21.12,15
Kraken:SOLUSD,2023-05-14T07:22:00Z,21.12,21.12,21.12,21.12,0.3207
Kraken:SOLUSD,2023-05-14T07:23:00Z,21.12,21.12,21.12,21.12,0.82356
Kraken:SOLUSD,2023-05-14T07:27:00Z,21.15,21.15,21.15,21.15,2.22991
Kraken:SOLUSD,2023-05-14T07:28:00Z,21.15,21.15,21.15,21.15,1E+1
Kraken:SOLUSD,2023-05-14T07:31:00Z,21.14,21.14,21.14,21.14,0.5
Kraken:SOLUSD,2023-05-14T07:32:00Z,21.14,21.16,21.14,21.16,39.31270523
Kraken:SOLUSD,2023-05-14T07:33:00Z,21.15,21.15,21.15,21.15,20.98652112
Kraken:SOLUSD,2023-05-14T07:34:00Z,21.15,21.15,21.15,21.15,11.58194
Kraken:SOLUSD,2023-05-14T07:36:00Z,21.14,21.14,21.14,21.14,212.556
Kraken:SOLUSD,2023-05-14T07:40:00Z,21.12,21.12,21.12,21.12,2.8
Kraken:SOLUSD,2023-05-14T07:43:00Z,21.11,21.11,21.11,21.11,0.25
Kraken:SOLUSD,2023-05-14T07:44:00Z,21.1,21.1,21.1,21.1,0.25
Kraken:SOLUSD,2023-05-14T07:46:00Z,21.1,21.1,21.1,21.1,82.866
Kraken:SOLUSD,2023-05-14T07:52:00Z,21.11,21.11,21.11,21.11,7.99499184
Kraken:SOLUSD,2023-05-14T07:54:00Z,21.1,21.1,21.09,21.1,21.39686255
Kraken:SOLUSD,2023-05-14T07:56:00Z,21.09,21.09,21.09,21.09,1.06578214
Kraken:SOLUSD,2023-05-14T07:57:00Z,21.1,21.1,21.1,21.1,1
Kraken:SOLUSD,2023-05-14T07:58:00Z,21.11,21.11,21.11,21.11,0.25
Kraken:SOLUSD,2023-05-14T07:59:00Z,21.11,21.11,21.11,21.11,0.25
Kraken:SOLUSD,2023-05-14T08:00:00Z,21.1,21.1,21.1,21.1,1
Kraken:SOLUSD,2023-05-14T08:03:00Z,21.11,21.11,21.1,21.1,166.93319432
Kraken:SOLUSD,2023-05-14T08:04:00Z,21.09,21.09,21.09,21.09,8.5
Kraken:SOLUSD,2023-05-14T08:05:00Z,21.07,21.07,21.07,21.07,0.25
Kraken:SOLUSD,2023-05-14T08:09:00Z,21.06,21.06,21.06,21.06,4.5E+2
Kraken:SOLUSD,2023-05-14T08:10:00Z,21.06,21.06,21.05,21.05,47.31323243
Kraken:SOLUSD,2023-05-14T08:11:00Z,21.07,21.07,21.07,21.07,2.18223094
Kraken:SOLUSD,2023-05-14T08:12:00Z,21.07,21.07,21.07,21.07,0.66772
Kraken:SOLUSD,2023-05-14T08:15:00Z,21.06,21.06,21.06,21.06,24.13456
Kraken:SOLUSD,2023-05-14T08:33:00Z,21.1,21.1,21.1,21.1,19.40468544
Kraken:SOLUSD,2023-05-14T08:35:00Z,21.1,21.1,21.1,21.1,105.16109607
Kraken:SOLUSD,2023-05-14T08:36:00Z,21.11,21.12,21.11,21.12,6.26691
Kraken:SOLUSD,2023-05-14T08:37:00Z,21.11,21.13,21.11,21.13,436.81431112
Kraken:SOLUSD,2023-05-14T08:41:00Z,21.11,21.11,21.11,21.11,0.25
Kraken:SOLUSD,2023-05-14T08:43:00Z,21.12,21.12,21.11,21.11,161.84979484
Kraken:SOLUSD,2023-05-14T08:44:00Z,21.11,21.11,21.11,21.11,23.25
Kraken:SOLUSD,2023-05-14T08:45:00Z,21.11,21.11,21.11,21.11,4.77334871
Kraken:SOLUSD,2023-05-14T08:46:00Z,21.11,21.11,21.11,21.11,229.17485645
Kraken:SOLUSD,2023-05-14T08:51:00Z,21.08,21.08,21.08,21.08,233.20945686
Kraken:SOLUSD,2023-05-14T08:56:00Z,21.08,21.08,21.08,21.08,25.39543
Kraken:SOLUSD,2023-05-14T08:58:00Z,21.08,21.08,21.08,21.08,1.08551921
Kraken:SOLUSD,2023-05-14T08:59:00Z,21.07,21.07,21.07,21.07,0.25
Kraken:SOLUSD,2023-05-14T09:00:00Z,21.08,21.09,21.08,21.09,1.36275
Kraken:SOLUSD,2023-05-14T09:01:00Z,21.09,21.09,21.09,21.09,0.6442
Kraken:SOLUSD,2023-05-14T09:14:00Z,21.08,21.08,21.08,21.08,1.18595825
Kraken:SOLUSD,2023-05-14T09:18:00Z,21.07,21.07,21.07,21.07,0.25
Kraken:SOLUSD,2023-05-14T09:19:00Z,21.07,21.07,21.07,21.07,0.25
Kraken:SOLUSD,2023-05-14T09:20:00Z,21.07,21.07,21.05,21.05,157.28928025
Kraken:SOLUSD,2023-05-14T09:21:00Z,21.04,21.04,21.04,21.04,0.25
Kraken:SOLUSD,2023-05-14T09:22:00Z,21.04,21.04,21.04,21.04,0.25
Kraken:SOLUSD,2023-05-14T09:23:00Z,21.03,21.03,21.01,21.02,112.26628307
Kraken:SOLUSD,2023-05-14T09:24:00Z,21.03,21.03,21.03,21.03,1
Kraken:SOLUSD,2023-05-14T09:27:00Z,21.03,21.03,21.03,21.03,1.08465522
Kraken:SOLUSD,2023-05-14T09:30:00Z,21.03,21.03,21.03,21.03,222
Kraken:SOLUSD,2023-05-14T09:31:00Z,21.03,21.03,21.03,21.03,0.50098
Kraken:SOLUSD,2023-05-14T09:33:00Z,21.06,21.06,21.06,21.06,16.83194262
Kraken:SOLUSD,2023-05-14T09:34:00Z,21.06,21.06,21.06,21.06,0.25
Kraken:SOLUSD,2023-05-14T09:35:00Z,21.06,21.06,21.06,21.06,0.5
Kraken:SOLUSD,2023-05-14T09:36:00Z,21.06,21.06,21.06,21.06,0.25
Kraken:SOLUSD,2023-05-14T09:37:00Z,21.06,21.06,21.06,21.06,0.75
Kraken:SOLUSD,2023-05-14T09:38:00Z,21.06,21.09,21.06,21.09,175.61368856
Kraken:SOLUSD,2023-05-14T09:39:00Z,21.08,21.08,21.08,21.08,0.25
Kraken:SOLUSD,2023-05-14T09:40:00Z,21.08,21.08,21.08,21.08,0.25
Kraken:SOLUSD,2023-05-14T09:41:00Z,21.08,21.09,21.08,21.08,23.98001
Kraken:SOLUSD,2023-05-14T09:44:00Z,21.07,21.07,21.07,21.07,0.25
Kraken:SOLUSD,2023-05-14T09:46:00Z,21.07,21.07,21.07,21.07,0.25
Kraken:SOLUSD,2023-05-14T09:48:00Z,21.08,21.08,21.08,21.08,0.25
Kraken:SOLUSD,2023-05-14T09:49:00Z,21.09,21.09,21.09,21.09,0.75
Kraken:SOLUSD,2023-05-14T09:50:00Z,21.09,21.09,21.09,21.09,0.25
Kraken:SOLUSD,2023-05-14T09:51:00Z,21.09,21.09,21.09,21.09,0.27611479
Kraken:SOLUSD,2023-05-14T09:53:00Z,21.08,21.08,21.08,21.08,5
Kraken:SOLUSD,2023-05-14T09:54:00Z,21.08,21.08,21.08,21.08,0.25
Kraken:SOLUSD,2023-05-14T09:58:00Z,21.09,21.09,21.09,21.09,3E+2
Kraken:SOLUSD,2023-05-14T10:00:00Z,21.08,21.08,21.08,21.08,2E+2
Kraken:SOLUSD,2023-05-14T10:01:00Z,21.08,21.08,21.08,21.08,3E+2
Kraken:SOLUSD,2023-05-14T10:02:00Z,21.09,21.09,21.08,21.08,615.99335349
Kraken:SOLUSD,2023-05-14T10:03:00Z,21.08,21.08,21.08,21.08,46.71511
Kraken:SOLUSD,2023-05-14T10:05:00Z,21.07,21.07,21.07,21.07,13.445406
Kraken:SOLUSD,2023-05-14T10:07:00Z,21.07,21.07,21.07,21.07,10.60894795
Kraken:SOLUSD,2023-05-14T10:08:00Z,21.07,21.07,21.07,21.07,5E+2
Kraken:SOLUSD,2023-05-14T10:09:00Z,21.08,21.08,21.08,21.08,22.847
Kraken:SOLUSD,2023-05-14T10:12:00Z,21.07,21.07,21.06,21.06,880.79991558
Kraken:SOLUSD,2023-05-14T10:14:00Z,21.08,21.08,21.08,21.08,55
Kraken:SOLUSD,2023-05-14T10:16:00Z,21.07,21.07,21.07,21.07,1.07702
Kraken:SOLUSD,2023-05-14T10:23:00Z,21.06,21.06,21.06,21.06,4.27480025
Kraken:SOLUSD,2023-05-14T10:33:00Z,21.05,21.05,21.05,21.05,14.73950455
Kraken:SOLUSD,2023-05-14T10:43:00Z,21.05,21.05,21.02,21.02,282.92798649
Kraken:SOLUSD,2023-05-14T10:44:00Z,21.03,21.03,21.03,21.03,639.57739132
Kraken:SOLUSD,2023-05-14T10:45:00Z,21.03,21.03,21.03,21.03,531.69463777
Kraken:SOLUSD,2023-05-14T10:49:00Z,21.07,21.07,21.07,21.07,0.86027
Kraken:SOLUSD,2023-05-14T11:03:00Z,21.02,21.02,21.02,21.02,0.90367
Kraken:SOLUSD,2023-05-14T11:10:00Z,21.02,21.02,21.02,21.02,6
Kraken:SOLUSD,2023-05-14T11:14:00Z,21.01,21.01,21.01,21.01,0.25
Kraken:SOLUSD,2023-05-14T11:20:00Z,21.02,21.02,21.01,21.01,20.74479129
Kraken:SOLUSD,2023-05-14T11:24:00Z,21.02,21.02,21.02,21.02,0.59657
Kraken:SOLUSD,2023-05-14T11:25:00Z,21.01,21.01,21.01,21.01,0.25
Kraken:SOLUSD,2023-05-14T11:33:00Z,21.01,21.01,21.01,21.01,13.10178182
Kraken:SOLUSD,2023-05-14T11:38:00Z,21.02,21.02,21.02,21.02,5E+1
Kraken:SOLUSD,2023-05-14T11:40:00Z,21.0,21.0,21.0,21.0,116.76555237
Kraken:SOLUSD,2023-05-14T11:46:00Z,20.99,20.99,20.99,20.99,0.93878612
Kraken:SOLUSD,2023-05-14T11:52:00Z,20.98,20.98,20.98,20.98,4.67129458
Kraken:SOLUSD,2023-05-14T11:56:00Z,20.97,20.97,20.97,20.97,0.5
Kraken:SOLUSD,2023-05-14T11:58:00Z,20.98,20.98,20.97,20.97,3.52158005
Kraken:SOLUSD,2023-05-14T12:00:00Z,20.98,20.98,20.98,20.98,249.21219733
Kraken:SOLUSD,2023-05-14T12:02:00Z,20.97,20.97,20.97,20.97,9.06273608
Kraken:SOLUSD,2023-05-14T12:03:00Z,20.96,20.96,20.96,20.96,2
Kraken:SOLUSD,2023-05-14T12:04:00Z,20.96,20.96,20.96,20.96,1.74491039
Kraken:SOLUSD,2023-05-14T12:07:00Z,20.95,20.96,20.95,20.96,0.37112
Kraken:SOLUSD,2023-05-14T12:12:00Z,20.95,20.95,20.94,20.94,5.3
Kraken:SOLUSD,2023-05-14T12:15:00Z,20.96,20.96,20.95,20.95,116.43524801
Kraken:SOLUSD,2023-05-14T12:16:00Z,20.94,20.94,20.92,20.92,234
Kraken:SOLUSD,2023-05-14T12:21:00Z,20.91,20.91,20.88,20.89,345.36473814
Kraken:SOLUSD,2023-05-14T12:22:00Z,20.89,20.9,20.89,20.9,3E+3
Kraken:SOLUSD,2023-05-14T12:23:00Z,20.88,20.88,20.88,20.88,1.10273
Kraken:SOLUSD,2023-05-14T12:25:00Z,20.89,20.89,20.89,20.89,0.77832519
Kraken:SOLUSD,2023-05-14T12:26:00Z,20.9,20.9,20.9,20.9,0.04714
Kraken:SOLUSD,2023-05-14T12:27:00Z,20.89,20.89,20.87,20.87,3439.95286609
Kraken:SOLUSD,2023-05-14T12:28:00Z,20.87,20.87,20.87,20.87,2.9976
Kraken:SOLUSD,2023-05-14T12:29:00Z,20.86,20.86,20.86,20.86,95.35900148
Kraken:SOLUSD,2023-05-14T12:30:00Z,20.86,20.86,20.86,20.86,6.1856
Kraken:SOLUSD,2023-05-14T12:32:00Z,20.9,20.92,20.9,20.91,22.64548282
Kraken:SOLUSD,2023-05-14T12:33:00Z,20.91,20.91,20.91,20.91,11.64602828
Kraken:SOLUSD,2023-05-14T12:35:00Z,20.91,20.91,20.91,20.91,0.55570152
Kraken:SOLUSD,2023-05-14T12:36:00Z,20.9,20.92,20.89,20.89,3431.45204453
Kraken:SOLUSD,2023-05-14T12:37:00Z,20.9,20.9,20.89,20.9,6.5
Kraken:SOLUSD,2023-05-14T12:39:00Z,20.9,20.91,20.9,20.91,51.82545903
Kraken:SOLUSD,2023-05-14T12:40:00Z,20.91,20.92,20.91,20.92,167
Kraken:SOLUSD,2023-05-14T12:41:00Z,20.93,20.98,20.93,20.98,385.01940224
Kraken:SOLUSD,2023-05-14T12:42:00Z,20.98,20.98,20.98,20.98,55.03417972
Kraken:SOLUSD,2023-05-14T12:44:00Z,20.98,21.01,20.98,21.01,103.25581394
Kraken:SOLUSD,2023-05-14T12:46:00Z,21.03,21.03,21.03,21.03,7.89646014
Kraken:SOLUSD,2023-05-14T12:48:00Z,21.03,21.03,21.03,21.03,1E+1
Kraken:SOLUSD,2023-05-14T12:49:00Z,21.02,21.02,21.02,21.02,5.24982125
Kraken:SOLUSD,2023-05-14T12:50:00Z,21.03,21.03,21.03,21.03,1.55108
Kraken:SOLUSD,2023-05-14T12:52:00Z,21.02,21.02,21.02,21.02,300.53825404
Kraken:SOLUSD,2023-05-14T12:53:00Z,21.02,21.03,21.02,21.03,103.78299648
Kraken:SOLUSD,2023-05-14T12:54:00Z,21.03,21.03,21.03,21.03,57.13266761
Kraken:SOLUSD,2023-05-14T12:55:00Z,21.03,21.03,21.03,21.03,1.218
Kraken:SOLUSD,2023-05-14T12:56:00Z,21.03,21.04,21.03,21.03,4E+2
Kraken:SOLUSD,2023-05-14T12:57:00Z,21.06,21.09,21.06,21.09,375.46015624
Kraken:SOLUSD,2023-05-14T12:59:00Z,21.09,21.11,21.09,21.11,250.09
Kraken:SOLUSD,2023-05-14T13:00:00Z,21.1,21.15,21.1,21.11,1044.8878418
Kraken:SOLUSD,2023-05-14T13:01:00Z,21.1,21.16,21.08,21.16,10361.6675071
Kraken:SOLUSD,2023-05-14T13:02:00Z,21.09,21.11,21.09,21.11,200.41621378
Kraken:SOLUSD,2023-05-14T13:03:00Z,21.1,21.1,21.1,21.1,2E+2
Kraken:SOLUSD,2023-05-14T13:04:00Z,21.11,21.11,21.1,21.1,4E+2
Kraken:SOLUSD,2023-05-14T13:05:00Z,21.1,21.1,21.1,21.1,2
Kraken:SOLUSD,2023-05-14T13:06:00Z,21.11,21.11,21.11,21.11,0.3
Kraken:SOLUSD,2023-05-14T13:07:00Z,21.12,21.12,21.09,21.09,228.5
Kraken:SOLUSD,2023-05-14T13:09:00Z,21.1,21.1,21.1,21.1,26.514
Kraken:SOLUSD,2023-05-14T13:10:00Z,21.12,21.12,21.09,21.1,574.6074135
Kraken:SOLUSD,2023-05-14T13:17:00Z,21.09,21.09,21.09,21.09,47.85727832
Kraken:SOLUSD,2023-05-14T13:18:00Z,21.08,21.08,21.05,21.05,3395.40252182
Kraken:SOLUSD,2023-05-14T13:19:00Z,21.06,21.06,21.06,21.06,36.62
Kraken:SOLUSD,2023-05-14T13:20:00Z,21.05,21.05,21.05,21.05,1E+1
Kraken:SOLUSD,2023-05-14T13:22:00Z,21.05,21.05,21.05,21.05,0.25
Kraken:SOLUSD,2023-05-14T13:23:00Z,21.04,21.04,21.04,21.04,1.11914
Kraken:SOLUSD,2023-05-14T13:24:00Z,21.03,21.03,21.03,21.03,300.25
Kraken:SOLUSD,2023-05-14T13:26:00Z,21.05,21.06,21.04,21.06,5.8E+2
Kraken:SOLUSD,2023-05-14T13:28:00Z,21.05,21.06,21.05,21.06,531.58
Kraken:SOLUSD,2023-05-14T13:33:00Z,21.06,21.06,21.06,21.06,10.35202514
Kraken:SOLUSD,2023-05-14T13:36:00Z,21.04,21.04,21.04,21.04,4.39790217
Kraken:SOLUSD,2023-05-14T13:37:00Z,21.05,21.06,21.05,21.06,6.20949101
Kraken:SOLUSD,2023-05-14T13:42:00Z,21.05,21.05,21.05,21.05,0.41468
Kraken:SOLUSD,2023-05-14T13:43:00Z,21.07,21.08,21.07,21.08,0.37395
Kraken:SOLUSD,2023-05-14T13:45:00Z,21.1,21.12,21.1,21.12,541.1
Kraken:SOLUSD,2023-05-14T13:46:00Z,21.12,21.12,21.11,21.11,129.9995
Kraken:SOLUSD,2023-05-14T13:47:00Z,21.11,21.12,21.11,21.12,101.99905304
Kraken:SOLUSD,2023-05-14T13:54:00Z,21.11,21.11,21.11,21.11,45.48993191
Kraken:SOLUSD,2023-05-14T13:56:00Z,21.11,21.11,21.11,21.11,3.91550923
Kraken:SOLUSD,2023-05-14T13:57:00Z,21.11,21.12,21.11,21.12,233.30316576
Kraken:SOLUSD,2023-05-14T13:58:00Z,21.12,21.12,21.11,21.12,4.86398052
Kraken:SOLUSD,2023-05-14T13:59:00Z,21.12,21.15,21.12,21.15,3217.20188422
Kraken:SOLUSD,2023-05-14T14:00:00Z,21.16,21.17,21.16,21.17,2E+3
Kraken:SOLUSD,2023-05-14T14:01:00Z,21.15,21.18,21.15,21.18,4710.31559114
Kraken:SOLUSD,2023-05-14T14:03:00Z,21.13,21.13,21.13,21.13,4.06812013
Kraken:SOLUSD,2023-05-14T14:05:00Z,21.12,21.12,21.12,21.12,5.20225
Kraken:SOLUSD,2023-05-14T14:06:00Z,21.11,21.11,21.11,21.11,0.6691128
Kraken:SOLUSD,2023-05-14T14:07:00Z,21.11,21.11,21.1,21.1,52.7733
Kraken:SOLUSD,2023-05-14T14:08:00Z,21.1,21.1,21.1,21.1,35.87887263
Kraken:SOLUSD,2023-05-14T14:11:00Z,21.11,21.11,21.09,21.09,3.3E+2
Kraken:SOLUSD,2023-05-14T14:12:00Z,21.09,21.1,21.09,21.1,331.40079
Kraken:SOLUSD,2023-05-14T14:13:00Z,21.09,21.09,21.09,21.09,5.26315789
Kraken:SOLUSD,2023-05-14T14:14:00Z,21.08,21.08,21.08,21.08,8.72020635
Kraken:SOLUSD,2023-05-14T14:16:00Z,21.08,21.08,21.08,21.08,0.47348484
Kraken:SOLUSD,2023-05-14T14:18:00Z,21.09,21.1,21.09,21.1,294.30059
Kraken:SOLUSD,2023-05-14T14:19:00Z,21.08,21.08,21.08,21.08,18.35925
Kraken:SOLUSD,2023-05-14T14:20:00Z,21.08,21.08,21.08,21.08,28.00889579
Kraken:SOLUSD,2023-05-14T14:21:00Z,21.07,21.08,21.07,21.08,49.4277185
Kraken:SOLUSD,2023-05-14T14:22:00Z,21.08,21.1,21.08,21.1,3935.54224015
Kraken:SOLUSD,2023-05-14T14:23:00Z,21.08,21.08,21.08,21.08,1.015
Kraken:SOLUSD,2023-05-14T14:24:00Z,21.08,21.08,21.08,21.08,32.35366
Kraken:SOLUSD,2023-05-14T14:27:00Z,21.07,21.07,21.07,21.07,5E+2
Kraken:SOLUSD,2023-05-14T14:30:00Z,21.07,21.07,21.07,21.07,0.25
Kraken:SOLUSD,2023-05-14T14:31:00Z,21.07,21.07,21.07,21.07,0.79912
Kraken:SOLUSD,2023-05-14T14:32:00Z,21.06,21.07,21.06,21.07,1.57392
Kraken:SOLUSD,2023-05-14T14:35:00Z,21.1,21.1,21.1,21.1,0.1
Kraken:SOLUSD,2023-05-14T14:36:00Z,21.1,21.1,21.1,21.1,2.96502
Kraken:SOLUSD,2023-05-14T14:38:00Z,21.07,21.07,21.07,21.07,0.03463
Kraken:SOLUSD,2023-05-14T14:40:00Z,21.08,21.08,21.08,21.08,1.19
Kraken:SOLUSD,2023-05-14T14:42:00Z,21.1,21.1,21.1,21.1,14.66843636
Kraken:SOLUSD,2023-05-14T14:44:00Z,21.1,21.14,21.1,21.13,295.14656364
Kraken:SOLUSD,2023-05-14T14:46:00Z,21.11,21.11,21.07,21.07,514.1529808
Kraken:SOLUSD,2023-05-14T14:49:00Z,21.08,21.1,21.08,21.1,63.59780035
Kraken:SOLUSD,2023-05-14T14:53:00Z,21.1,21.12,21.1,21.11,291.00179596
Kraken:SOLUSD,2023-05-14T14:54:00Z,21.12,21.12,21.12,21.12,1
Kraken:SOLUSD,2023-05-14T14:55:00Z,21.11,21.11,21.11,21.11,75
Kraken:SOLUSD,2023-05-14T14:56:00Z,21.12,21.13,21.12,21.13,3.6376458
Kraken:SOLUSD,2023-05-14T14:57:00Z,21.13,21.14,21.11,21.11,1520.5
Kraken:SOLUSD,2023-05-14T14:59:00Z,21.15,21.15,21.15,21.15,37.8250591
Kraken:SOLUSD,2023-05-14T15:01:00Z,21.15,21.15,21.15,21.15,60.7114
Kraken:SOLUSD,2023-05-14T15:02:00Z,21.15,21.18,21.15,21.18,157.86174568
Kraken:SOLUSD,2023-05-14T15:03:00Z,21.18,21.18,21.18,21.18,0.5
Kraken:SOLUSD,2023-05-14T15:05:00Z,21.17,21.17,21.17,21.17,0.25
Kraken:SOLUSD,2023-05-14T15:06:00Z,21.19,21.27,21.19,21.27,811.92511288
Kraken:SOLUSD,2023-05-14T15:07:00Z,21.24,21.24,21.23,21.23,228.10042196
Kraken:SOLUSD,2023-05-14T15:08:00Z,21.21,21.21,21.21,21.21,5E+1
Kraken:SOLUSD,2023-05-14T15:10:00Z,21.21,21.21,21.21,21.21,45.49414125
Kraken:SOLUSD,2023-05-14T15:11:00Z,21.23,21.23,21.23,21.23,0.25
Kraken:SOLUSD,2023-05-14T15:12:00Z,21.24,21.24,21.24,21.24,0.25
Kraken:SOLUSD,2023-05-14T15:13:00Z,21.22,21.24,21.22,21.22,36.58850337
Kraken:SOLUSD,2023-05-14T15:16:00Z,21.23,21.24,21.23,21.24,0.3
Kraken:SOLUSD,2023-05-14T15:17:00Z,21.24,21.24,21.24,21.24,13.64965
Kraken:SOLUSD,2023-05-14T15:18:00Z,21.25,21.25,21.25,21.25,111
Kraken:SOLUSD,2023-05-14T15:19:00Z,21.25,21.25,21.25,21.25,4.61361
Kraken:SOLUSD,2023-05-14T15:20:00Z,21.23,21.23,21.22,21.22,5.87889379
Kraken:SOLUSD,2023-05-14T15:22:00Z,21.19,21.19,21.19,21.19,18.83682599
Kraken:SOLUSD,2023-05-14T15:23:00Z,21.18,21.18,21.17,21.17,212.62800091
Kraken:SOLUSD,2023-05-14T15:24:00Z,21.18,21.18,21.18,21.18,5.09466949
Kraken:SOLUSD,2023-05-14T15:25:00Z,21.17,21.17,21.17,21.17,0.25
Kraken:SOLUSD,2023-05-14T15:26:00Z,21.15,21.15,21.15,21.15,1114.83956176
Kraken:SOLUSD,2023-05-14T15:28:00Z,21.16,21.16,21.16,21.16,6E+1
Kraken:SOLUSD,2023-05-14T15:30:00Z,21.16,21.16,21.16,21.16,105
Kraken:SOLUSD,2023-05-14T15:31:00Z,21.15,21.16,21.15,21.16,0.86838
Kraken:SOLUSD,2023-05-14T15:33:00Z,21.15,21.15,21.13,21.13,71.8250591
Kraken:SOLUSD,2023-05-14T15:34:00Z,21.14,21.14,21.14,21.14,0.60200851
Kraken:SOLUSD,2023-05-14T15:37:00Z,21.14,21.14,21.14,21.14,4.80959518
Kraken:SOLUSD,2023-05-14T15:38:00Z,21.16,21.17,21.16,21.17,54.70718076
Kraken:SOLUSD,2023-05-14T15:41:00Z,21.17,21.19,21.17,21.19,304.71311474
Kraken:SOLUSD,2023-05-14T15:42:00Z,21.17,21.17,21.17,21.17,2.53383
Kraken:SOLUSD,2023-05-14T15:43:00Z,21.17,21.17,21.17,21.17,0.25
Kraken:SOLUSD,2023-05-14T15:44:00Z,21.18,21.2,21.18,21.2,147
Kraken:SOLUSD,2023-05-14T15:46:00Z,21.21,21.22,21.21,21.22,1.27295206
Kraken:SOLUSD,2023-05-14T15:49:00Z,21.23,21.23,21.23,21.23,2.05892
Kraken:SOLUSD,2023-05-14T15:51:00Z,21.23,21.23,21.23,21.23,0.25
Kraken:SOLUSD,2023-05-14T15:52:00Z,21.23,21.23,21.21,21.21,26.65912
Kraken:SOLUSD,2023-05-14T15:57:00Z,21.19,21.19,21.19,21.19,0.0479
Kraken:SOLUSD,2023-05-14T16:00:00Z,21.19,21.19,21.18,21.18,960.47613955
Kraken:SOLUSD,2023-05-14T16:01:00Z,21.2,21.2,21.2,21.2,0.25
Kraken:SOLUSD,2023-05-14T16:03:00Z,21.18,21.18,21.18,21.18,5.2407932
Kraken:SOLUSD,2023-05-14T16:04:00Z,21.19,21.19,21.19,21.19,11.56554
Kraken:SOLUSD,2023-05-14T16:06:00Z,21.17,21.17,21.17,21.17,1177.70799
Kraken:SOLUSD,2023-05-14T16:07:00Z,21.17,21.17,21.17,21.17,28.43446
Kraken:SOLUSD,2023-05-14T16:08:00Z,21.18,21.18,21.18,21.18,0.25
Kraken:SOLUSD,2023-05-14T16:09:00Z,21.18,21.2,21.18,21.2,441.8085005
Kraken:SOLUSD,2023-05-14T16:11:00Z,21.18,21.18,21.18,21.18,1
Kraken:SOLUSD,2023-05-14T16:13:00Z,21.17,21.17,21.17,21.17,0.25
Kraken:SOLUSD,2023-05-14T16:14:00Z,21.16,21.16,21.15,21.15,125.88168577
Kraken:SOLUSD,2023-05-14T16:15:00Z,21.14,21.14,21.12,21.12,301.40564604
Kraken:SOLUSD,2023-05-14T16:16:00Z,21.1,21.1,21.09,21.09,222
Kraken:SOLUSD,2023-05-14T16:17:00Z,21.11,21.11,21.11,21.11,8.57760987
Kraken:SOLUSD,2023-05-14T16:18:00Z,21.11,21.11,21.11,21.11,0.77641843
Kraken:SOLUSD,2023-05-14T16:19:00Z,21.08,21.08,21.08,21.08,91.50275
Kraken:SOLUSD,2023-05-14T16:20:00Z,21.09,21.09,21.09,21.09,2.89066956
Kraken:SOLUSD,2023-05-14T16:21:00Z,21.08,21.08,21.08,21.08,111
Kraken:SOLUSD,2023-05-14T16:22:00Z,21.09,21.12,21.09,21.12,466.3207983
Kraken:SOLUSD,2023-05-14T16:23:00Z,21.12,21.13,21.12,21.13,5.0625
Kraken:SOLUSD,2023-05-14T16:29:00Z,21.12,21.12,21.12,21.12,1.13349
Kraken:SOLUSD,2023-05-14T16:30:00Z,21.11,21.11,21.1,21.1,2E+3
Kraken:SOLUSD,2023-05-14T16:35:00Z,21.1,21.1,21.07,21.07,282.4719
Kraken:SOLUSD,2023-05-14T16:40:00Z,21.07,21.07,21.07,21.07,5
Kraken:SOLUSD,2023-05-14T16:41:00Z,21.07,21.08,21.07,21.08,6
Kraken:SOLUSD,2023-05-14T16:43:00Z,21.08,21.08,21.08,21.08,306.573
Kraken:SOLUSD,2023-05-14T16:44:00Z,21.1,21.1,21.1,21.1,111
Kraken:SOLUSD,2023-05-14T16:47:00Z,21.1,21.11,21.1,21.11,3E+2
Kraken:SOLUSD,2023-05-14T16:48:00Z,21.12,21.12,21.12,21.12,4.47828
Kraken:SOLUSD,2023-05-14T16:50:00Z,21.1,21.1,21.1,21.1,3.83457411
Kraken:SOLUSD,2023-05-14T16:53:00Z,21.06,21.06,21.06,21.06,0.25
Kraken:SOLUSD,2023-05-14T16:54:00Z,21.07,21.07,21.06,21.06,17.49546065
Kraken:SOLUSD,2023-05-14T16:55:00Z,21.06,21.06,21.05,21.05,56.20102334
Kraken:SOLUSD,2023-05-14T16:57:00Z,21.04,21.04,21.02,21.02,407.7
Kraken:SOLUSD,2023-05-14T16:58:00Z,21.02,21.02,21.01,21.02,652.91807953
Kraken:SOLUSD,2023-05-14T17:00:00Z,21.01,21.01,21.01,21.01,47.50118993
Kraken:SOLUSD,2023-05-14T17:01:00Z,21.0,21.0,21.0,21.0,371.42857142
Kraken:SOLUSD,2023-05-14T17:02:00Z,21.0,21.01,21.0,21.01,115.2137554
Kraken:SOLUSD,2023-05-14T17:04:00Z,21.01,21.01,21.01,21.01,111
Kraken:SOLUSD,2023-05-14T17:06:00Z,21.02,21.02,21.01,21.01,1.01399
Kraken:SOLUSD,2023-05-14T17:08:00Z,21.01,21.01,21.01,21.01,5.66601389
Kraken:SOLUSD,2023-05-14T17:16:00Z,21.01,21.01,21.01,21.01,561.902
Kraken:SOLUSD,2023-05-14T17:17:00Z,21.03,21.03,21.03,21.03,14.42881
Kraken:SOLUSD,2023-05-14T17:21:00Z,21.03,21.04,21.03,21.04,41.87043133
Kraken:SOLUSD,2023-05-14T17:23:00Z,21.04,21.04,21.04,21.04,2E+2
Kraken:SOLUSD,2023-05-14T17:27:00Z,21.02,21.02,21.02,21.02,104.748
Kraken:SOLUSD,2023-05-14T17:29:00Z,21.04,21.05,21.04,21.05,3.7165
Kraken:SOLUSD,2023-05-14T17:36:00Z,21.02,21.02,21.02,21.02,3.89577417
Kraken:SOLUSD,2023-05-14T17:37:00Z,21.02,21.02,21.02,21.02,0.2
Kraken:SOLUSD,2023-05-14T17:38:00Z,21.02,21.02,21.02,21.02,188.22622583
Kraken:SOLUSD,2023-05-14T17:39:00Z,21.04,21.04,21.04,21.04,5.15136715
Kraken:SOLUSD,2023-05-14T17:40:00Z,21.03,21.04,21.03,21.03,6E+2
Kraken:SOLUSD,2023-05-14T17:43:00Z,21.01,21.02,21.01,21.01,7E+1
Kraken:SOLUSD,2023-05-14T17:44:00Z,21.02,21.03,21.01,21.03,600.1
Kraken:SOLUSD,2023-05-14T17:45:00Z,21.03,21.03,21.02,21.02,2E+1
Kraken:SOLUSD,2023-05-14T17:47:00Z,21.01,21.01,21.0,21.01,320.1
Kraken:SOLUSD,2023-05-14T17:48:00Z,21.01,21.01,20.98,20.99,370.1
Kraken:SOLUSD,2023-05-14T17:49:00Z,21.0,21.0,20.99,20.99,208
Kraken:SOLUSD,2023-05-14T17:50:00Z,21.0,21.0,21.0,21.0,1E+2
Kraken:SOLUSD,2023-05-14T17:51:00Z,21.0,21.0,20.99,20.99,50.3
Kraken:SOLUSD,2023-05-14T17:52:00Z,20.99,20.99,20.99,20.99,1.5E+2
Kraken:SOLUSD,2023-05-14T17:53:00Z,21.0,21.0,21.0,21.0,3
Kraken:SOLUSD,2023-05-14T17:54:00Z,21.0,21.0,20.99,20.99,1.5E+2
Kraken:SOLUSD,2023-05-14T17:55:00Z,21.0,21.01,21.0,21.01,1E+2
Kraken:SOLUSD,2023-05-14T17:57:00Z,20.98,20.99,20.98,20.99,100.37222963
Kraken:SOLUSD,2023-05-14T17:58:00Z,20.98,20.98,20.97,20.97,1257.59817375
Kraken:SOLUSD,2023-05-14T18:00:00Z,20.98,20.98,20.98,20.98,3.83457411
Kraken:SOLUSD,2023-05-14T18:02:00Z,20.98,20.98,20.96,20.96,1389.33669149
Kraken:SOLUSD,2023-05-14T18:03:00Z,20.96,20.97,20.96,20.97,2.36518445
Kraken:SOLUSD,2023-05-14T18:08:00Z,20.97,20.97,20.97,20.97,0.62482458
Kraken:SOLUSD,2023-05-14T18:09:00Z,20.96,20.96,20.96,20.96,2.36518445
Kraken:SOLUSD,2023-05-14T18:15:00Z,20.96,20.96,20.96,20.96,0.44044
Kraken:SOLUSD,2023-05-14T18:16:00Z,20.95,20.95,20.9,20.9,421.51928549
Kraken:SOLUSD,2023-05-14T18:17:00Z,20.89,20.9,20.86,20.9,1530.69048031
Kraken:SOLUSD,2023-05-14T18:18:00Z,20.91,20.93,20.91,20.93,3.5E+2
Kraken:SOLUSD,2023-05-14T18:20:00Z,20.92,20.92,20.92,20.92,0.72938639
Kraken:SOLUSD,2023-05-14T18:22:00Z,20.92,20.92,20.92,20.92,5E+1
Kraken:SOLUSD,2023-05-14T18:23:00Z,20.93,20.93,20.93,20.93,425.0003634
Kraken:SOLUSD,2023-05-14T18:24:00Z,20.93,20.93,20.93,20.93,0.38006647
Kraken:SOLUSD,2023-05-14T18:25:00Z,20.93,20.94,20.93,20.94,422.85553159
Kraken:SOLUSD,2023-05-14T18:31:00Z,20.95,20.95,20.95,20.95,9.28973747
Kraken:SOLUSD,2023-05-14T18:32:00Z,20.95,20.95,20.94,20.95,21.67882233
Kraken:SOLUSD,2023-05-14T18:33:00Z,20.95,20.97,20.95,20.97,561.36412135
Kraken:SOLUSD,2023-05-14T18:34:00Z,20.97,20.97,20.97,20.97,2.33738
Kraken:SOLUSD,2023-05-14T18:37:00Z,20.97,20.97,20.97,20.97,3.47188992
Kraken:SOLUSD,2023-05-14T18:46:00Z,20.98,20.98,20.98,20.98,2.24905
Kraken:SOLUSD,2023-05-14T18:47:00Z,20.98,20.98,20.98,20.98,20.4957102
Kraken:SOLUSD,2023-05-14T18:50:00Z,20.96,20.96,20.96,20.96,0.44059637
Kraken:SOLUSD,2023-05-14T18:54:00Z,20.96,20.96,20.96,20.96,1E+2
Kraken:SOLUSD,2023-05-14T18:57:00Z,20.96,20.96,20.96,20.96,75.49414125
Kraken:SOLUSD,2023-05-14T18:58:00Z,20.96,20.96,20.96,20.96,2.55012
Kraken:SOLUSD,2023-05-14T19:01:00Z,20.93,20.93,20.92,20.92,5.51194477
Kraken:SOLUSD,2023-05-14T19:02:00Z,20.96,20.96,20.96,20.96,5.011
Kraken:SOLUSD,2023-05-14T19:03:00Z,20.94,20.94,20.94,20.94,5
Kraken:SOLUSD,2023-05-14T19:04:00Z,20.93,20.93,20.9,20.9,211.77783086
Kraken:SOLUSD,2023-05-14T19:05:00Z,20.92,20.92,20.92,20.92,47.69854
Kraken:SOLUSD,2023-05-14T19:08:00Z,20.91,20.91,20.91,20.91,7.54167897
Kraken:SOLUSD,2023-05-14T19:09:00Z,20.92,20.93,20.92,20.93,753.12423108
Kraken:SOLUSD,2023-05-14T19:10:00Z,20.93,20.94,20.93,20.94,316.29544508
Kraken:SOLUSD,2023-05-14T19:12:00Z,20.93,20.94,20.93,20.94,2.58856168
Kraken:SOLUSD,2023-05-14T19:14:00Z,20.93,20.93,20.93,20.93,0.37649695
Kraken:SOLUSD,2023-05-14T19:15:00Z,20.93,20.93,20.93,20.93,164.48758409
Kraken:SOLUSD,2023-05-14T19:18:00Z,20.94,20.94,20.94,20.94,2.18198184
Kraken:SOLUSD,2023-05-14T19:24:00Z,20.91,20.91,20.91,20.91,0.25
Kraken:SOLUSD,2023-05-14T19:25:00Z,20.91,20.91,20.91,20.91,7.5
Kraken:SOLUSD,2023-05-14T19:26:00Z,20.9,20.9,20.88,20.89,184.32078742
Kraken:SOLUSD,2023-05-14T19:27:00Z,20.9,20.9,20.9,20.9,0.5
Kraken:SOLUSD,2023-05-14T19:28:00Z,20.9,20.9,20.9,20.9,183.90409
Kraken:SOLUSD,2023-05-14T19:30:00Z,20.89,20.9,20.89,20.9,134.56641103
Kraken:SOLUSD,2023-05-14T19:32:00Z,20.89,20.89,20.89,20.89,0.20314
Kraken:SOLUSD,2023-05-14T19:34:00Z,20.91,20.91,20.91,20.91,2.2555
Kraken:SOLUSD,2023-05-14T19:35:00Z,20.9,20.9,20.9,20.9,1.21037422
Kraken:SOLUSD,2023-05-14T19:40:00Z,20.89,20.91,20.89,20.91,452.2282189
Kraken:SOLUSD,2023-05-14T19:41:00Z,20.92,20.92,20.92,20.92,2E+1
Kraken:SOLUSD,2023-05-14T19:43:00Z,20.93,20.93,20.93,20.93,0.06764
Kraken:SOLUSD,2023-05-14T19:44:00Z,20.92,20.92,20.92,20.92,1.29443933
Kraken:SOLUSD,2023-05-14T19:45:00Z,20.93,20.93,20.93,20.93,77.559
Kraken:SOLUSD,2023-05-14T19:50:00Z,20.94,20.94,20.94,20.94,2.25227
Kraken:SOLUSD,2023-05-14T19:51:00Z,20.94,20.94,20.94,20.94,0.37210124
Kraken:SOLUSD,2023-05-14T19:53:00Z,20.94,20.94,20.94,20.94,2.34072
Kraken:SOLUSD,2023-05-14T19:54:00Z,20.93,20.93,20.93,20.93,0.1
Kraken:SOLUSD,2023-05-14T19:55:00Z,20.93,20.93,20.93,20.93,0.1
Kraken:SOLUSD,2023-05-14T20:02:00Z,20.92,20.92,20.92,20.92,0.93719
Kraken:SOLUSD,2023-05-14T20:03:00Z,20.9,20.9,20.9,20.9,2.25658
Kraken:SOLUSD,2023-05-14T20:07:00Z,20.89,20.89,20.89,20.89,0.37113371
Kraken:SOLUSD,2023-05-14T20:08:00Z,20.9,20.9,20.9,20.9,1.23570852
Kraken:SOLUSD,2023-05-14T20:10:00Z,20.89,20.91,20.89,20.91,455.02615887
Kraken:SOLUSD,2023-05-14T20:14:00Z,20.9,20.9,20.89,20.89,89.81704257
Kraken:SOLUSD,2023-05-14T20:15:00Z,20.9,20.9,20.9,20.9,2.64593
Kraken:SOLUSD,2023-05-14T20:17:00Z,20.9,20.9,20.9,20.9,9.75471
Kraken:SOLUSD,2023-05-14T20:18:00Z,20.9,20.9,20.89,20.89,48.81748
Kraken:SOLUSD,2023-05-14T20:19:00Z,20.89,20.89,20.89,20.89,0.2
Kraken:SOLUSD,2023-05-14T20:21:00Z,20.89,20.89,20.89,20.89,0.49801989
Kraken:SOLUSD,2023-05-14T20:23:00Z,20.85,20.85,20.83,20.83,21.94062865
Kraken:SOLUSD,2023-05-14T20:24:00Z,20.86,20.88,20.86,20.88,243.96
Kraken:SOLUSD,2023-05-14T20:26:00Z,20.88,20.89,20.88,20.89,134.75737509
Kraken:SOLUSD,2023-05-14T20:27:00Z,20.89,20.91,20.89,20.91,245.51718972
Kraken:SOLUSD,2023-05-14T20:28:00Z,20.9,20.91,20.9,20.91,50.23614724
Kraken:SOLUSD,2023-05-14T20:30:00Z,20.91,20.91,20.91,20.91,0.25
Kraken:SOLUSD,2023-05-14T20:32:00Z,20.92,20.92,20.91,20.91,1.48945753
Kraken:SOLUSD,2023-05-14T20:33:00Z,20.91,20.91,20.91,20.91,33.47680535
Kraken:SOLUSD,2023-05-14T20:34:00Z,20.92,20.92,20.92,20.92,115.98166334
Kraken:SOLUSD,2023-05-14T20:37:00Z,20.93,20.93,20.93,20.93,5.19731587
Kraken:SOLUSD,2023-05-14T20:38:00Z,20.93,20.94,20.93,20.94,26.27624844
Kraken:SOLUSD,2023-05-14T20:40:00Z,20.94,20.94,20.94,20.94,2.74732576
Kraken:SOLUSD,2023-05-14T20:41:00Z,20.94,20.94,20.94,20.94,0.9377
Kraken:SOLUSD,2023-05-14T20:43:00Z,20.94,20.94,20.94,20.94,38.24091778
Kraken:SOLUSD,2023-05-14T20:44:00Z,20.94,20.94,20.94,20.94,1
Kraken:SOLUSD,2023-05-14T20:50:00Z,20.95,20.95,20.95,20.95,97.905
Kraken:SOLUSD,2023-05-14T21:01:00Z,20.94,20.94,20.94,20.94,7
Kraken:SOLUSD,2023-05-14T21:02:00Z,20.94,20.94,20.94,20.94,15
Kraken:SOLUSD,2023-05-14T21:03:00Z,20.93,20.93,20.91,20.91,140.2218786
Kraken:SOLUSD,2023-05-14T21:05:00Z,20.92,20.95,20.92,20.95,444.714
Kraken:SOLUSD,2023-05-14T21:06:00Z,20.95,20.95,20.95,20.95,0.98258
Kraken:SOLUSD,2023-05-14T21:10:00Z,20.96,20.96,20.96,20.96,47.48193511
Kraken:SOLUSD,2023-05-14T21:12:00Z,20.95,20.95,20.95,20.95,0.35680343
Kraken:SOLUSD,2023-05-14T21:16:00Z,20.94,20.94,20.94,20.94,5.85158
Kraken:SOLUSD,2023-05-14T21:17:00Z,20.94,20.94,20.94,20.94,2.34072
Kraken:SOLUSD,2023-05-14T21:19:00Z,20.94,20.94,20.94,20.94,40.0799
Kraken:SOLUSD,2023-05-14T21:27:00Z,20.93,20.93,20.93,20.93,2.81892021
Kraken:SOLUSD,2023-05-14T21:34:00Z,20.92,20.92,20.92,20.92,21.53274418
Kraken:SOLUSD,2023-05-14T21:36:00Z,20.93,20.93,20.93,20.93,2211.48038021
Kraken:SOLUSD,2023-05-14T21:41:00Z,20.94,20.94,20.94,20.94,6.4827
Kraken:SOLUSD,2023-05-14T21:43:00Z,20.94,20.94,20.94,20.94,5E+2
Kraken:SOLUSD,2023-05-14T21:44:00Z,20.95,20.97,20.95,20.97,3524.8236876
Kraken:SOLUSD,2023-05-14T21:46:00Z,20.96,20.96,20.96,20.96,0.81678
Kraken:SOLUSD,2023-05-14T21:48:00Z,20.94,20.96,20.94,20.96,12.17903
Kraken:SOLUSD,2023-05-14T21:49:00Z,20.96,20.96,20.96,20.96,38
Kraken:SOLUSD,2023-05-14T21:50:00Z,20.97,20.97,20.97,20.97,24.25
Kraken:SOLUSD,2023-05-14T21:52:00Z,20.97,20.97,20.97,20.97,1.07355
Kraken:SOLUSD,2023-05-14T21:53:00Z,20.96,20.96,20.96,20.96,95
Kraken:SOLUSD,2023-05-14T21:56:00Z,20.94,20.94,20.94,20.94,41.74
Kraken:SOLUSD,2023-05-14T21:57:00Z,20.95,20.96,20.95,20.96,11.02985272
Kraken:SOLUSD,2023-05-14T21:59:00Z,20.96,20.98,20.96,20.98,1390.87014545
Kraken:SOLUSD,2023-05-14T22:00:00Z,20.95,20.95,20.93,20.93,1253.21755491
Kraken:SOLUSD,2023-05-14T22:01:00Z,20.93,20.93,20.93,20.93,2.86
Kraken:SOLUSD,2023-05-14T22:02:00Z,20.94,20.94,20.94,20.94,2.10301
Kraken:SOLUSD,2023-05-14T22:03:00Z,20.94,20.94,20.94,20.94,31.7900894
Kraken:SOLUSD,2023-05-14T22:04:00Z,20.94,20.95,20.94,20.95,19.5036
Kraken:SOLUSD,2023-05-14T22:10:00Z,20.98,20.98,20.98,20.98,1.09147
Kraken:SOLUSD,2023-05-14T22:11:00Z,20.97,20.97,20.97,20.97,0.5
Kraken:SOLUSD,2023-05-14T22:15:00Z,20.98,20.99,20.98,20.99,1.44104335
Kraken:SOLUSD,2023-05-14T22:18:00Z,20.99,20.99,20.99,20.99,11.85454
Kraken:SOLUSD,2023-05-14T22:20:00Z,20.98,20.98,20.98,20.98,0.25
Kraken:SOLUSD,2023-05-14T22:22:00Z,20.99,20.99,20.99,20.99,66.34604
Kraken:SOLUSD,2023-05-14T22:25:00Z,20.99,20.99,20.99,20.99,23
Kraken:SOLUSD,2023-05-14T22:26:00Z,20.99,20.99,20.99,20.99,47.41503
Kraken:SOLUSD,2023-05-14T22:27:00Z,20.99,20.99,20.99,20.99,69.08297
Kraken:SOLUSD,2023-05-14T22:29:00Z,20.99,20.99,20.99,20.99,0.5
Kraken:SOLUSD,2023-05-14T22:31:00Z,21.0,21.0,20.99,20.99,215.37121428
Kraken:SOLUSD,2023-05-14T22:32:00Z,20.98,20.98,20.98,20.98,0.25
Kraken:SOLUSD,2023-05-14T22:33:00Z,20.98,20.98,20.98,20.98,0.25
Kraken:SOLUSD,2023-05-14T22:34:00Z,21.0,21.0,20.99,20.99,12.4111
Kraken:SOLUSD,2023-05-14T22:37:00Z,20.98,20.98,20.98,20.98,0.25
Kraken:SOLUSD,2023-05-14T22:39:00Z,20.98,20.98,20.95,20.95,532.24
Kraken:SOLUSD,2023-05-14T22:40:00Z,20.97,20.97,20.97,20.97,0.28612304
Kraken:SOLUSD,2023-05-14T22:41:00Z,20.95,20.95,20.95,20.95,0.82989
Kraken:SOLUSD,2023-05-14T22:43:00Z,20.96,20.96,20.96,20.96,0.25
Kraken:SOLUSD,2023-05-14T22:45:00Z,20.97,20.97,20.97,20.97,2.33738
Kraken:SOLUSD,2023-05-14T22:49:00Z,20.97,20.97,20.97,20.97,1.57062
Kraken:SOLUSD,2023-05-14T22:50:00Z,20.97,20.97,20.97,20.97,112.5
Kraken:SOLUSD,2023-05-14T22:51:00Z,20.97,20.97,20.97,20.97,2.74968158
Kraken:SOLUSD,2023-05-14T22:54:00Z,20.97,20.97,20.97,20.97,1.07496
Kraken:SOLUSD,2023-05-14T22:55:00Z,20.97,20.97,20.97,20.97,177.07104
Kraken:SOLUSD,2023-05-14T23:02:00Z,20.96,20.96,20.96,20.96,354.16363916
Kraken:SOLUSD,2023-05-14T23:03:00Z,20.96,20.96,20.96,20.96,12.87963176
Kraken:SOLUSD,2023-05-14T23:04:00Z,20.96,20.96,20.96,20.96,14.85245307
Kraken:SOLUSD,2023-05-14T23:05:00Z,20.94,20.94,20.93,20.94,319.31721428
Kraken:SOLUSD,2023-05-14T23:07:00Z,20.91,20.92,20.91,20.92,177.9975485
Kraken:SOLUSD,2023-05-14T23:08:00Z,20.91,20.91,20.91,20.91,0.33425844
Kraken:SOLUSD,2023-05-14T23:10:00Z,20.9,20.9,20.85,20.85,1178.18391179
Kraken:SOLUSD,2023-05-14T23:12:00Z,20.88,20.88,20.88,20.88,0.25
Kraken:SOLUSD,2023-05-14T23:15:00Z,20.89,20.89,20.89,20.89,0.26221
Kraken:SOLUSD,2023-05-14T23:17:00Z,20.89,20.89,20.89,20.89,4.92685
Kraken:SOLUSD,2023-05-14T23:19:00Z,20.89,20.89,20.89,20.89,0.70366
Kraken:SOLUSD,2023-05-14T23:21:00Z,20.9,20.91,20.9,20.91,141
Kraken:SOLUSD,2023-05-14T23:22:00Z,20.93,20.93,20.93,20.93,30.3984
Kraken:SOLUSD,2023-05-14T23:23:00Z,20.92,20.92,20.92,20.92,1.33342
Kraken:SOLUSD,2023-05-14T23:24:00Z,20.93,20.93,20.93,20.93,1.02877
Kraken:SOLUSD,2023-05-14T23:27:00Z,20.93,20.93,20.92,20.92,57.19338357
Kraken:SOLUSD,2023-05-14T23:30:00Z,20.93,20.93,20.93,20.93,1.1
Kraken:SOLUSD,2023-05-14T23:31:00Z,20.93,20.93,20.93,20.93,46.46837
Kraken:SOLUSD,2023-05-14T23:34:00Z,20.96,20.96,20.96,20.96,0.25
Kraken:SOLUSD,2023-05-14T23:35:00Z,20.96,20.96,20.96,20.96,0.70428687
Kraken:SOLUSD,2023-05-14T23:37:00Z,20.97,20.97,20.97,20.97,1
Kraken:SOLUSD,2023-05-14T23:44:00Z,20.96,20.96,20.96,20.96,88.14576
Kraken:SOLUSD,2023-05-14T23:50:00Z,20.93,20.93,20.93,20.93,8.69911
Kraken:SOLUSD,2023-05-14T23:51:00Z,20.92,20.92,20.92,20.92,5.00353912
Kraken:SOLUSD,2023-05-14T23:52:00Z,20.94,20.95,20.94,20.95,1.04129
Kraken:SOLUSD,2023-05-14T23:53:00Z,20.95,20.95,20.95,20.95,0.77350406
