Kraken:ADAUSD,2021-01-15T00:00:00Z,0.311177,0.312106,0.311167,0.3115,547177.77364341
Kraken:ADAUSD,2021-01-15T00:01:00Z,0.3115,0.311819,0.3106,0.3106,6539.61766563
Kraken:ADAUSD,2021-01-15T00:02:00Z,0.309996,0.31028,0.309748,0.309999,75966.9
Kraken:ADAUSD,2021-01-15T00:03:00Z,0.31,0.31105,0.31,0.31105,53307.53938749
Kraken:ADAUSD,2021-01-15T00:04:00Z,0.311257,0.311257,0.310329,0.310338,58813.37153423
Kraken:ADAUSD,2021-01-15T00:05:00Z,0.311271,0.312009,0.311271,0.31187,40281.79385617
Kraken:ADAUSD,2021-01-15T00:06:00Z,0.311788,0.31236,0.311359,0.3119,107170.17192238
Kraken:ADAUSD,2021-01-15T00:07:00Z,0.3119,0.312819,0.3119,0.312489,34231.37046739
Kraken:ADAUSD,2021-01-15T00:08:00Z,0.312265,0.312611,0.312014,0.312014,10380.6502705
Kraken:ADAUSD,2021-01-15T00:09:00Z,0.312318,0.31275,0.312096,0.312096,185421.34756893
Kraken:ADAUSD,2021-01-15T00:10:00Z,0.31274,0.31275,0.312254,0.31275,5675.95089999
Kraken:ADAUSD,2021-01-15T00:11:00Z,0.31275,0.313251,0.31199,0.31275,164979.27831909
Kraken:ADAUSD,2021-01-15T00:12:00Z,0.31275,0.31277,0.312121,0.312121,89404.96328705
Kraken:ADAUSD,2021-01-15T00:13:00Z,0.312157,0.3128,0.312157,0.3128,7329.6
Kraken:ADAUSD,2021-01-15T00:14:00Z,0.3128,0.312803,0.312474,0.312513,56932.07277282
Kraken:ADAUSD,2021-01-15T00:15:00Z,0.312067,0.312067,0.311913,0.311974,22159.751
Kraken:ADAUSD,2021-01-15T00:16:00Z,0.311811,0.311811,0.3118,0.3118,5277.351
Kraken:ADAUSD,2021-01-15T00:17:00Z,0.311125,0.311125,0.311001,0.311001,13407.39999999
Kraken:ADAUSD,2021-01-15T00:18:00Z,0.311,0.311,0.310555,0.310555,50715.10785061
Kraken:ADAUSD,2021-01-15T00:19:00Z,0.311078,0.3113,0.310784,0.3113,92056.0940451
Kraken:ADAUSD,2021-01-15T00:20:00Z,0.310731,0.311218,0.310731,0.311218,12296.718718
Kraken:ADAUSD,2021-01-15T00:21:00Z,0.310869,0.310869,0.31077,0.310772,15920.250681
Kraken:ADAUSD,2021-01-15T00:22:00Z,0.310668,0.310668,0.310021,0.310021,65811.63684583
Kraken:ADAUSD,2021-01-15T00:23:00Z,0.310277,0.310277,0.309886,0.30989,764.92356811
Kraken:ADAUSD,2021-01-15T00:24:00Z,0.309781,0.310292,0.309781,0.310292,7.2E+3
Kraken:ADAUSD,2021-01-15T00:25:00Z,0.310222,0.310296,0.310101,0.310219,6.315E+4
Kraken:ADAUSD,2021-01-15T00:26:00Z,0.310291,0.310291,0.310291,0.310291,3.75E+3
Kraken:ADAUSD,2021-01-15T00:27:00Z,0.310354,0.310354,0.310354,0.310354,1.5E+3
Kraken:ADAUSD,2021-01-15T00:28:00Z,0.31047,0.31047,0.310159,0.310298,8172.22016787
Kraken:ADAUSD,2021-01-15T00:29:00Z,0.310299,0.310689,0.310299,0.310689,21072.27671862
Kraken:ADAUSD,2021-01-15T00:30:00Z,0.3105,0.310997,0.310307,0.310997,45518.44046842
Kraken:ADAUSD,2021-01-15T00:31:00Z,0.310695,0.310695,0.310695,0.310695,14397.22637548
Kraken:ADAUSD,2021-01-15T00:32:00Z,0.310905,0.310905,0.310471,0.310774,8413.89597784
Kraken:ADAUSD,2021-01-15T00:33:00Z,0.310589,0.311,0.310589,0.310888,17602.85832502
Kraken:ADAUSD,2021-01-15T00:34:00Z,0.310888,0.310888,0.310657,0.310657,3357.13038088
Kraken:ADAUSD,2021-01-15T00:35:00Z,0.310835,0.311801,0.310835,0.311801,227105.26562928
Kraken:ADAUSD,2021-01-15T00:36:00Z,0.31143,0.31143,0.310915,0.310915,13667.025
Kraken:ADAUSD,2021-01-15T00:37:00Z,0.310836,0.312187,0.310836,0.312187,488.6544403
Kraken:ADAUSD,2021-01-15T00:38:00Z,0.311811,0.311901,0.311351,0.311351,25236.50950162
Kraken:ADAUSD,2021-01-15T00:39:00Z,0.311931,0.312449,0.311931,0.312449,151065.67567036
Kraken:ADAUSD,2021-01-15T00:40:00Z,0.312449,0.312449,0.312444,0.312444,1315.320505
Kraken:ADAUSD,2021-01-15T00:41:00Z,0.312643,0.312643,0.3119,0.311901,5743.16332383
Kraken:ADAUSD,2021-01-15T00:42:00Z,0.311901,0.311901,0.311307,0.311308,42373.73650487
Kraken:ADAUSD,2021-01-15T00:43:00Z,0.311545,0.311545,0.311545,0.311545,104.0909018
Kraken:ADAUSD,2021-01-15T00:44:00Z,0.311308,0.311308,0.311307,0.311307,4370.88327219
Kraken:ADAUSD,2021-01-15T00:45:00Z,0.310907,0.311846,0.310804,0.311846,3899.99999999
Kraken:ADAUSD,2021-01-15T00:46:00Z,0.31125,0.31125,0.310612,0.310612,113124.61544245
Kraken:ADAUSD,2021-01-15T00:47:00Z,0.310903,0.310903,0.310519,0.310619,4678.03457282
Kraken:ADAUSD,2021-01-15T00:48:00Z,0.311113,0.312192,0.311113,0.312192,33161.18223886
Kraken:ADAUSD,2021-01-15T00:49:00Z,0.31248,0.314385,0.31248,0.314385,65514.33671476
Kraken:ADAUSD,2021-01-15T00:50:00Z,0.313981,0.314187,0.313981,0.314187,15726.479475
Kraken:ADAUSD,2021-01-15T00:51:00Z,0.31385,0.313935,0.313773,0.313935,2633.09623439
Kraken:ADAUSD,2021-01-15T00:52:00Z,0.313712,0.313712,0.313191,0.313191,10955.593844
Kraken:ADAUSD,2021-01-15T00:53:00Z,0.31307,0.31307,0.31307,0.31307,1596.9288
Kraken:ADAUSD,2021-01-15T00:54:00Z,0.312874,0.31336,0.312874,0.31336,6308.02131
Kraken:ADAUSD,2021-01-15T00:55:00Z,0.313118,0.314384,0.313118,0.313953,11671.01490428
Kraken:ADAUSD,2021-01-15T00:56:00Z,0.31349,0.313668,0.312811,0.312811,102059.71669957
Kraken:ADAUSD,2021-01-15T00:57:00Z,0.312589,0.312809,0.312589,0.312809,10355.39362262
Kraken:ADAUSD,2021-01-15T00:59:00Z,0.312686,0.313268,0.312686,0.312987,10148.447927
Kraken:ADAUSD,2021-01-15T01:00:00Z,0.313302,0.314058,0.313302,0.314058,24447.4100047
Kraken:ADAUSD,2021-01-15T01:01:00Z,0.313955,0.313955,0.31342,0.31342,1571.28251946
Kraken:ADAUSD,2021-01-15T01:02:00Z,0.313759,0.313759,0.313759,0.313759,2512.520043
Kraken:ADAUSD,2021-01-15T01:03:00Z,0.313837,0.314418,0.313837,0.314418,617.53191254
Kraken:ADAUSD,2021-01-15T01:04:00Z,0.314503,0.314999,0.314503,0.314999,4642.13446852
Kraken:ADAUSD,2021-01-15T01:05:00Z,0.315,0.315319,0.315,0.315319,12943.18941603
Kraken:ADAUSD,2021-01-15T01:06:00Z,0.315319,0.316203,0.315319,0.316203,2614.48421824
Kraken:ADAUSD,2021-01-15T01:07:00Z,0.316203,0.316487,0.316203,0.316487,5583.47992228
Kraken:ADAUSD,2021-01-15T01:08:00Z,0.317114,0.317494,0.317113,0.317494,7892.11320359
Kraken:ADAUSD,2021-01-15T01:09:00Z,0.31814,0.31936,0.31814,0.319279,20104.88868755
Kraken:ADAUSD,2021-01-15T01:10:00Z,0.319361,0.319717,0.319292,0.319696,1.013E+5
Kraken:ADAUSD,2021-01-15T01:11:00Z,0.319717,0.32,0.319717,0.32,2746.59173308
Kraken:ADAUSD,2021-01-15T01:12:00Z,0.319251,0.320018,0.319251,0.319703,15170.60316595
Kraken:ADAUSD,2021-01-15T01:13:00Z,0.319694,0.320019,0.319281,0.320018,6203.39976292
Kraken:ADAUSD,2021-01-15T01:14:00Z,0.320019,0.3221,0.320019,0.3221,173462.3417080599
Kraken:ADAUSD,2021-01-15T01:15:00Z,0.3221,0.322793,0.321184,0.321488,92486.01403274
Kraken:ADAUSD,2021-01-15T01:16:00Z,0.321378,0.32257,0.321378,0.322258,33885.22613287
Kraken:ADAUSD,2021-01-15T01:17:00Z,0.322519,0.323154,0.322119,0.322726,59517.24414201
Kraken:ADAUSD,2021-01-15T01:18:00Z,0.32308,0.324,0.322902,0.324,194404.07777469
Kraken:ADAUSD,2021-01-15T01:19:00Z,0.324,0.324999,0.323777,0.324195,240482.7353421
Kraken:ADAUSD,2021-01-15T01:20:00Z,0.324002,0.324002,0.323097,0.323118,57369.44367746
Kraken:ADAUSD,2021-01-15T01:21:00Z,0.32316,0.324,0.322726,0.324,239194.29381318
Kraken:ADAUSD,2021-01-15T01:22:00Z,0.324,0.325337,0.324,0.325337,133255.35246176
Kraken:ADAUSD,2021-01-15T01:23:00Z,0.3255,0.327499,0.3255,0.327026,9116.99176992
Kraken:ADAUSD,2021-01-15T01:24:00Z,0.327318,0.3275,0.327209,0.327499,82289.23139849
Kraken:ADAUSD,2021-01-15T01:25:00Z,0.32746,0.3276,0.327313,0.327424,55427.40472371
Kraken:ADAUSD,2021-01-15T01:26:00Z,0.327496,0.3277,0.327496,0.3277,134943.03057015
Kraken:ADAUSD,2021-01-15T01:27:00Z,0.3277,0.329699,0.3277,0.329699,122851.69998198
Kraken:ADAUSD,2021-01-15T01:28:00Z,0.329448,0.329701,0.329225,0.32969,95501.6091643
Kraken:ADAUSD,2021-01-15T01:29:00Z,0.329623,0.329739,0.328412,0.328412,276104.4940984101
Kraken:ADAUSD,2021-01-15T01:30:00Z,0.328732,0.329,0.328732,0.328996,166335.94602594
Kraken:ADAUSD,2021-01-15T01:31:00Z,0.329,0.32987,0.32899,0.329095,276670.8184708101
Kraken:ADAUSD,2021-01-15T01:32:00Z,0.32987,0.331001,0.329847,0.331001,142964.94716367
Kraken:ADAUSD,2021-01-15T01:33:00Z,0.331081,0.331081,0.326202,0.326268,364977.4988704601
Kraken:ADAUSD,2021-01-15T01:34:00Z,0.326375,0.327286,0.326019,0.32666,108818.57249788
Kraken:ADAUSD,2021-01-15T01:35:00Z,0.326692,0.326855,0.326413,0.326545,19156.00862064
Kraken:ADAUSD,2021-01-15T01:36:00Z,0.326337,0.327952,0.326337,0.327952,12835.92554444
Kraken:ADAUSD,2021-01-15T01:37:00Z,0.328044,0.329388,0.328044,0.328761,66174.02667408
Kraken:ADAUSD,2021-01-15T01:38:00Z,0.328327,0.328327,0.325343,0.325343,849224.73424844
Kraken:ADAUSD,2021-01-15T01:39:00Z,0.327699,0.327995,0.327413,0.327413,8764.065341
Kraken:ADAUSD,2021-01-15T01:40:00Z,0.327485,0.327485,0.326267,0.326267,8832.4368
Kraken:ADAUSD,2021-01-15T01:41:00Z,0.326265,0.326265,0.325391,0.325708,256194.16281793
Kraken:ADAUSD,2021-01-15T01:42:00Z,0.325944,0.327107,0.325875,0.326,578842.39737336
Kraken:ADAUSD,2021-01-15T01:43:00Z,0.325624,0.326158,0.325181,0.325209,269882.36250433
Kraken:ADAUSD,2021-01-15T01:44:00Z,0.325433,0.325818,0.325433,0.325764,33526.17054315
Kraken:ADAUSD,2021-01-15T01:45:00Z,0.326076,0.326076,0.325568,0.325826,5001.228667
Kraken:ADAUSD,2021-01-15T01:46:00Z,0.325208,0.325208,0.32196,0.323123,85474.30183488
Kraken:ADAUSD,2021-01-15T01:47:00Z,0.322734,0.32287,0.321906,0.321955,37674.72736396
Kraken:ADAUSD,2021-01-15T01:48:00Z,0.32226,0.3231,0.32226,0.3231,11735.79800196
Kraken:ADAUSD,2021-01-15T01:49:00Z,0.323099,0.3231,0.3222,0.322472,42446.16778838
Kraken:ADAUSD,2021-01-15T01:50:00Z,0.322592,0.322682,0.322309,0.322682,5028.68113297
Kraken:ADAUSD,2021-01-15T01:51:00Z,0.322915,0.322915,0.322235,0.32239,59436.52634192
Kraken:ADAUSD,2021-01-15T01:52:00Z,0.322396,0.322642,0.322008,0.322642,30308.22218638
Kraken:ADAUSD,2021-01-15T01:53:00Z,0.322921,0.323261,0.322921,0.322956,5847.40209385
Kraken:ADAUSD,2021-01-15T01:54:00Z,0.322922,0.322922,0.320748,0.321132,280885.8579995999
Kraken:ADAUSD,2021-01-15T01:55:00Z,0.321173,0.321173,0.319812,0.319812,41985.53372684
Kraken:ADAUSD,2021-01-15T01:56:00Z,0.320302,0.32199,0.320126,0.320126,39596.6287001
Kraken:ADAUSD,2021-01-15T01:57:00Z,0.3201,0.321872,0.3201,0.321872,235519.11395948
Kraken:ADAUSD,2021-01-15T01:58:00Z,0.32224,0.32261,0.321616,0.322243,11947.07532912
Kraken:ADAUSD,2021-01-15T01:59:00Z,0.32255,0.322579,0.322118,0.322118,22873.85297134
Kraken:ADAUSD,2021-01-15T02:00:00Z,0.322088,0.322088,0.320534,0.320534,12241.98772437
Kraken:ADAUSD,2021-01-15T02:01:00Z,0.320001,0.320001,0.317893,0.318319,98738.7915893
Kraken:ADAUSD,2021-01-15T02:02:00Z,0.318802,0.319425,0.318758,0.319,11889.65257686
Kraken:ADAUSD,2021-01-15T02:03:00Z,0.31875,0.320123,0.318728,0.319738,105734.51702375
Kraken:ADAUSD,2021-01-15T02:04:00Z,0.320081,0.320451,0.32008,0.320445,5546.88830792
Kraken:ADAUSD,2021-01-15T02:05:00Z,0.320444,0.320444,0.320144,0.320383,2.38E+4
Kraken:ADAUSD,2021-01-15T02:06:00Z,0.320718,0.320718,0.320512,0.32068,4351.95368965
Kraken:ADAUSD,2021-01-15T02:07:00Z,0.320357,0.320357,0.320356,0.320356,2E+3
Kraken:ADAUSD,2021-01-15T02:08:00Z,0.321301,0.321301,0.321301,0.321301,134.0842
Kraken:ADAUSD,2021-01-15T02:09:00Z,0.321645,0.321646,0.321318,0.321318,250644.42374843
Kraken:ADAUSD,2021-01-15T02:10:00Z,0.322049,0.322437,0.321665,0.322437,42752.70948779
Kraken:ADAUSD,2021-01-15T02:11:00Z,0.321821,0.321821,0.321294,0.321294,7.5E+3
Kraken:ADAUSD,2021-01-15T02:12:00Z,0.321053,0.321366,0.320853,0.321366,3.5E+4
Kraken:ADAUSD,2021-01-15T02:13:00Z,0.321756,0.321835,0.321647,0.321647,2.31E+4
Kraken:ADAUSD,2021-01-15T02:14:00Z,0.321835,0.322289,0.321647,0.322289,10398.98740237
Kraken:ADAUSD,2021-01-15T02:15:00Z,0.322348,0.322369,0.321956,0.32225,5735.820128
Kraken:ADAUSD,2021-01-15T02:16:00Z,0.322555,0.322555,0.32245,0.32245,78278.45089783
Kraken:ADAUSD,2021-01-15T02:17:00Z,0.3221,0.32231,0.322016,0.322016,2878.84722984
Kraken:ADAUSD,2021-01-15T02:18:00Z,0.321999,0.321999,0.32195,0.32195,1809.70612734
Kraken:ADAUSD,2021-01-15T02:19:00Z,0.320965,0.32137,0.320771,0.320884,123846.96686424
Kraken:ADAUSD,2021-01-15T02:20:00Z,0.320572,0.320572,0.319757,0.319757,5831.56521
Kraken:ADAUSD,2021-01-15T02:21:00Z,0.320709,0.321428,0.32068,0.321428,3005.15110759
Kraken:ADAUSD,2021-01-15T02:22:00Z,0.321796,0.321796,0.321796,0.321796,2814.04554437
Kraken:ADAUSD,2021-01-15T02:23:00Z,0.32149,0.32149,0.3212,0.3212,9979.52516006
Kraken:ADAUSD,2021-01-15T02:24:00Z,0.321376,0.321388,0.321376,0.321388,9273.080382
Kraken:ADAUSD,2021-01-15T02:25:00Z,0.321353,0.321353,0.320789,0.320905,31663.52347323
Kraken:ADAUSD,2021-01-15T02:26:00Z,0.32082,0.32082,0.320454,0.320454,1.65E+5
Kraken:ADAUSD,2021-01-15T02:27:00Z,0.320541,0.322071,0.320541,0.322071,4169.96158312
Kraken:ADAUSD,2021-01-15T02:28:00Z,0.322071,0.322583,0.322001,0.322001,27213.14949809
Kraken:ADAUSD,2021-01-15T02:29:00Z,0.322,0.322,0.320704,0.320704,15491.57137512
Kraken:ADAUSD,2021-01-15T02:30:00Z,0.321432,0.322339,0.321432,0.322098,67924.24242424
Kraken:ADAUSD,2021-01-15T02:31:00Z,0.32206,0.322126,0.322059,0.322126,35294.14580025
Kraken:ADAUSD,2021-01-15T02:32:00Z,0.322063,0.322063,0.321684,0.322037,8785.93481959
Kraken:ADAUSD,2021-01-15T02:33:00Z,0.322386,0.322447,0.3221,0.322447,35613.942134
Kraken:ADAUSD,2021-01-15T02:34:00Z,0.322062,0.322062,0.322062,0.322062,432.36848484
Kraken:ADAUSD,2021-01-15T02:35:00Z,0.32194,0.32194,0.32194,0.32194,6.5E+3
Kraken:ADAUSD,2021-01-15T02:37:00Z,0.321422,0.322621,0.321422,0.322621,4559.21043821
Kraken:ADAUSD,2021-01-15T02:38:00Z,0.322721,0.323713,0.322721,0.323713,30020.44856304
Kraken:ADAUSD,2021-01-15T02:39:00Z,0.324204,0.325531,0.324204,0.324878,36090.49240181
Kraken:ADAUSD,2021-01-15T02:40:00Z,0.324493,0.324634,0.323956,0.324495,17780.73826487
Kraken:ADAUSD,2021-01-15T02:41:00Z,0.324024,0.324024,0.323888,0.323888,26841.0510163
Kraken:ADAUSD,2021-01-15T02:42:00Z,0.3237,0.3237,0.3237,0.3237,12709.76305221
Kraken:ADAUSD,2021-01-15T02:43:00Z,0.323029,0.323029,0.323029,0.323029,15.23083
Kraken:ADAUSD,2021-01-15T02:44:00Z,0.323128,0.324436,0.323128,0.3242,1391.28515883
Kraken:ADAUSD,2021-01-15T02:45:00Z,0.324435,0.324435,0.324348,0.324348,109.88
Kraken:ADAUSD,2021-01-15T02:46:00Z,0.324684,0.324727,0.324684,0.324727,126.18041158
Kraken:ADAUSD,2021-01-15T02:47:00Z,0.323924,0.323924,0.322918,0.322918,10176.17827756
Kraken:ADAUSD,2021-01-15T02:48:00Z,0.323415,0.323415,0.323407,0.323407,24083.60409658
Kraken:ADAUSD,2021-01-15T02:49:00Z,0.323407,0.323766,0.323407,0.323766,10685.3133611
Kraken:ADAUSD,2021-01-15T02:50:00Z,0.323766,0.323766,0.323351,0.323351,5.5E+3
Kraken:ADAUSD,2021-01-15T02:51:00Z,0.323457,0.323765,0.323457,0.323723,1.49E+4
Kraken:ADAUSD,2021-01-15T02:52:00Z,0.323528,0.323622,0.323528,0.323622,841.39697007
Kraken:ADAUSD,2021-01-15T02:53:00Z,0.323337,0.323337,0.322295,0.322295,8074.64969995
Kraken:ADAUSD,2021-01-15T02:54:00Z,0.322046,0.322172,0.321827,0.321827,23461.72326538
Kraken:ADAUSD,2021-01-15T02:55:00Z,0.322052,0.322141,0.322052,0.322141,1889.36975242
Kraken:ADAUSD,2021-01-15T02:56:00Z,0.321469,0.321574,0.321469,0.321574,8234.81264087
Kraken:ADAUSD,2021-01-15T02:57:00Z,0.321924,0.323066,0.321924,0.32282,3263.15720996
Kraken:ADAUSD,2021-01-15T02:58:00Z,0.322835,0.323629,0.322834,0.323629,13027.713894
Kraken:ADAUSD,2021-01-15T02:59:00Z,0.323357,0.324053,0.323328,0.324053,32916.4942
Kraken:ADAUSD,2021-01-15T03:00:00Z,0.323248,0.323248,0.323154,0.323154,16431.4967
Kraken:ADAUSD,2021-01-15T03:01:00Z,0.32353,0.323801,0.323458,0.323627,28731.36162908
Kraken:ADAUSD,2021-01-15T03:02:00Z,0.323146,0.323146,0.322396,0.322396,13352.2748405
Kraken:ADAUSD,2021-01-15T03:03:00Z,0.321564,0.321564,0.321564,0.321564,6219.5824
Kraken:ADAUSD,2021-01-15T03:04:00Z,0.320489,0.320489,0.32047,0.32047,2.6E+4
Kraken:ADAUSD,2021-01-15T03:05:00Z,0.320104,0.32031,0.31928,0.31928,110896.725489
Kraken:ADAUSD,2021-01-15T03:06:00Z,0.319899,0.319915,0.3195,0.3195,158438.56714707
Kraken:ADAUSD,2021-01-15T03:07:00Z,0.31963,0.320497,0.31963,0.320497,7753.81091457
Kraken:ADAUSD,2021-01-15T03:08:00Z,0.319663,0.319663,0.319663,0.319663,9E+3
Kraken:ADAUSD,2021-01-15T03:09:00Z,0.318984,0.319323,0.318637,0.319323,174423.67414611
Kraken:ADAUSD,2021-01-15T03:10:00Z,0.31967,0.31981,0.31967,0.31981,176.92749135
Kraken:ADAUSD,2021-01-15T03:11:00Z,0.320063,0.320063,0.320063,0.320063,51.44518039
Kraken:ADAUSD,2021-01-15T03:12:00Z,0.320332,0.32085,0.320332,0.32085,173.10957683
Kraken:ADAUSD,2021-01-15T03:13:00Z,0.320401,0.320401,0.3204,0.3204,3424.4395
Kraken:ADAUSD,2021-01-15T03:14:00Z,0.320063,0.320064,0.32,0.32,8241.49112269
Kraken:ADAUSD,2021-01-15T03:15:00Z,0.32,0.32,0.319308,0.319615,4081.12194328
Kraken:ADAUSD,2021-01-15T03:16:00Z,0.319275,0.319748,0.319249,0.319748,17123.71182181
Kraken:ADAUSD,2021-01-15T03:17:00Z,0.3195,0.3195,0.3195,0.3195,9565.63943662
Kraken:ADAUSD,2021-01-15T03:18:00Z,0.318486,0.318486,0.31794,0.31794,1509.08318769
Kraken:ADAUSD,2021-01-15T03:19:00Z,0.31785,0.31785,0.317478,0.317478,48401.48260769
Kraken:ADAUSD,2021-01-15T03:20:00Z,0.317791,0.317802,0.317,0.317534,9305.31583936
Kraken:ADAUSD,2021-01-15T03:21:00Z,0.317819,0.31782,0.317819,0.31782,1269.90225491
Kraken:ADAUSD,2021-01-15T03:22:00Z,0.318155,0.318155,0.3178,0.317801,13226.73301748
Kraken:ADAUSD,2021-01-15T03:23:00Z,0.3178,0.31782,0.316498,0.31782,15305.89070497
Kraken:ADAUSD,2021-01-15T03:24:00Z,0.31803,0.319241,0.31803,0.319241,5288.91260111
Kraken:ADAUSD,2021-01-15T03:25:00Z,0.319242,0.319656,0.319038,0.319038,53314.65785019
Kraken:ADAUSD,2021-01-15T03:27:00Z,0.318676,0.318676,0.317677,0.317677,5434.46729595
Kraken:ADAUSD,2021-01-15T03:28:00Z,0.317732,0.318684,0.317732,0.318684,7242.87161182
Kraken:ADAUSD,2021-01-15T03:30:00Z,0.317897,0.318525,0.317897,0.318525,4466.11790828
Kraken:ADAUSD,2021-01-15T03:31:00Z,0.31905,0.319984,0.31905,0.319984,16865.84991647
Kraken:ADAUSD,2021-01-15T03:32:00Z,0.319633,0.319633,0.319449,0.319449,3377.37604438
Kraken:ADAUSD,2021-01-15T03:33:00Z,0.319138,0.319138,0.319138,0.319138,5.8E+3
Kraken:ADAUSD,2021-01-15T03:35:00Z,0.317799,0.317837,0.317799,0.317837,15452.80184925
Kraken:ADAUSD,2021-01-15T03:36:00Z,0.318101,0.318368,0.318101,0.318368,362.57981142
Kraken:ADAUSD,2021-01-15T03:37:00Z,0.319006,0.319006,0.318938,0.318938,1100.89630643
Kraken:ADAUSD,2021-01-15T03:38:00Z,0.318757,0.318757,0.318224,0.318224,2864.05592
Kraken:ADAUSD,2021-01-15T03:39:00Z,0.318331,0.318331,0.318331,0.318331,143.4375
Kraken:ADAUSD,2021-01-15T03:40:00Z,0.3184,0.31906,0.3184,0.31906,6866.07885746
Kraken:ADAUSD,2021-01-15T03:41:00Z,0.31839,0.31839,0.31839,0.31839,2E+2
Kraken:ADAUSD,2021-01-15T03:42:00Z,0.3191,0.319361,0.3191,0.319361,12838.00189374
Kraken:ADAUSD,2021-01-15T03:43:00Z,0.319211,0.319211,0.3191,0.3191,1575.47672229
Kraken:ADAUSD,2021-01-15T03:44:00Z,0.318389,0.318389,0.316,0.316,36608.4371738
Kraken:ADAUSD,2021-01-15T03:45:00Z,0.316512,0.316781,0.316036,0.316781,13591.37113216
Kraken:ADAUSD,2021-01-15T03:47:00Z,0.316581,0.31661,0.316581,0.31661,5104.566161
Kraken:ADAUSD,2021-01-15T03:48:00Z,0.316043,0.316413,0.31577,0.31577,73547.744587
Kraken:ADAUSD,2021-01-15T03:49:00Z,0.315001,0.315001,0.314473,0.314473,26982.0429
Kraken:ADAUSD,2021-01-15T03:50:00Z,0.314194,0.314194,0.314069,0.314069,920.31540847
Kraken:ADAUSD,2021-01-15T03:51:00Z,0.313639,0.313639,0.312402,0.313449,118247.48257557
Kraken:ADAUSD,2021-01-15T03:52:00Z,0.313384,0.314081,0.313384,0.313858,52164.60587064
Kraken:ADAUSD,2021-01-15T03:53:00Z,0.314205,0.315418,0.314205,0.315372,20466.55381642
Kraken:ADAUSD,2021-01-15T03:54:00Z,0.315276,0.31562,0.315276,0.315432,13699.45734752
Kraken:ADAUSD,2021-01-15T03:55:00Z,0.315467,0.316037,0.315467,0.316037,14854.3582
Kraken:ADAUSD,2021-01-15T03:56:00Z,0.316095,0.316095,0.316059,0.316059,10158.13676932
Kraken:ADAUSD,2021-01-15T03:57:00Z,0.316658,0.317095,0.316658,0.317095,2413.66943772
Kraken:ADAUSD,2021-01-15T03:58:00Z,0.31691,0.317436,0.31691,0.317264,12573.82736263
Kraken:ADAUSD,2021-01-15T03:59:00Z,0.317051,0.3173,0.316574,0.316574,185139.6652914
Kraken:ADAUSD,2021-01-15T04:00:00Z,0.317023,0.31735,0.315538,0.315538,93925.025
Kraken:ADAUSD,2021-01-15T04:01:00Z,0.315066,0.315108,0.315066,0.315108,27690.3134
Kraken:ADAUSD,2021-01-15T04:03:00Z,0.314533,0.315003,0.314533,0.314802,10248
Kraken:ADAUSD,2021-01-15T04:04:00Z,0.316765,0.317471,0.316765,0.317471,566.28882504
Kraken:ADAUSD,2021-01-15T04:05:00Z,0.318381,0.318381,0.318118,0.318118,5.45E+3
Kraken:ADAUSD,2021-01-15T04:06:00Z,0.318167,0.318457,0.318167,0.318255,15605.17808355
Kraken:ADAUSD,2021-01-15T04:07:00Z,0.317763,0.317763,0.317308,0.317428,2.61E+4
Kraken:ADAUSD,2021-01-15T04:08:00Z,0.316801,0.317046,0.3168,0.317046,19122.30390842
Kraken:ADAUSD,2021-01-15T04:09:00Z,0.3167,0.3167,0.315652,0.315652,4405.75
Kraken:ADAUSD,2021-01-15T04:11:00Z,0.314549,0.315743,0.314549,0.315743,1800.36311426
Kraken:ADAUSD,2021-01-15T04:12:00Z,0.314477,0.314593,0.314477,0.314593,15864.57971808
Kraken:ADAUSD,2021-01-15T04:14:00Z,0.314589,0.314589,0.314587,0.314587,1.5E+4
Kraken:ADAUSD,2021-01-15T04:15:00Z,0.31483,0.31483,0.31483,0.31483,74.6006621
Kraken:ADAUSD,2021-01-15T04:16:00Z,0.315233,0.315236,0.314587,0.314587,12581.12889511
Kraken:ADAUSD,2021-01-15T04:17:00Z,0.314046,0.314046,0.313558,0.313558,15284.11952904
Kraken:ADAUSD,2021-01-15T04:20:00Z,0.313274,0.314499,0.313242,0.314499,11024.61138913
Kraken:ADAUSD,2021-01-15T04:23:00Z,0.313757,0.314397,0.313757,0.314397,143.20590372
Kraken:ADAUSD,2021-01-15T04:24:00Z,0.314507,0.316013,0.314507,0.316013,1773.22784878
Kraken:ADAUSD,2021-01-15T04:25:00Z,0.316231,0.31641,0.316231,0.31641,2.49E+4
Kraken:ADAUSD,2021-01-15T04:26:00Z,0.316476,0.316476,0.316418,0.316418,11258.36236217
Kraken:ADAUSD,2021-01-15T04:28:00Z,0.314926,0.315245,0.314926,0.315245,136.21776542
Kraken:ADAUSD,2021-01-15T04:29:00Z,0.316494,0.316562,0.316494,0.316562,2806.60698198
Kraken:ADAUSD,2021-01-15T04:30:00Z,0.315418,0.315418,0.315378,0.315378,1638.78464
Kraken:ADAUSD,2021-01-15T04:31:00Z,0.314594,0.314723,0.314594,0.314723,1.005E+4
Kraken:ADAUSD,2021-01-15T04:32:00Z,0.3153,0.316977,0.3153,0.316977,19202.94182982
Kraken:ADAUSD,2021-01-15T04:33:00Z,0.31738,0.317451,0.31702,0.317053,1707.86211635
Kraken:ADAUSD,2021-01-15T04:34:00Z,0.317434,0.317451,0.317434,0.317451,364.15965699
Kraken:ADAUSD,2021-01-15T04:35:00Z,0.317,0.317,0.316998,0.316998,102199.780322
Kraken:ADAUSD,2021-01-15T04:36:00Z,0.316342,0.316342,0.316342,0.316342,9.317133
Kraken:ADAUSD,2021-01-15T04:37:00Z,0.315505,0.315505,0.315505,0.315505,154.9438
Kraken:ADAUSD,2021-01-15T04:38:00Z,0.315518,0.315829,0.315463,0.315463,1544.70012426
Kraken:ADAUSD,2021-01-15T04:39:00Z,0.315665,0.315993,0.315483,0.315483,13281.221967
Kraken:ADAUSD,2021-01-15T04:42:00Z,0.314667,0.314839,0.314667,0.314839,521.00744951
Kraken:ADAUSD,2021-01-15T04:43:00Z,0.315673,0.316117,0.315673,0.316117,18929.14110242
Kraken:ADAUSD,2021-01-15T04:44:00Z,0.316115,0.316137,0.316115,0.316137,2236.8424
Kraken:ADAUSD,2021-01-15T04:45:00Z,0.316228,0.316902,0.316228,0.316902,483.3574754
Kraken:ADAUSD,2021-01-15T04:46:00Z,0.316451,0.317003,0.316451,0.317003,17122.06024238
Kraken:ADAUSD,2021-01-15T04:47:00Z,0.317012,0.317012,0.31676,0.31676,10408.9375
Kraken:ADAUSD,2021-01-15T04:49:00Z,0.315918,0.315918,0.315893,0.315893,1448.9375
Kraken:ADAUSD,2021-01-15T04:52:00Z,0.315891,0.315891,0.315891,0.315891,31.414805
Kraken:ADAUSD,2021-01-15T04:53:00Z,0.315514,0.315514,0.315513,0.315513,10792.3579
Kraken:ADAUSD,2021-01-15T04:54:00Z,0.315485,0.315485,0.315485,0.315485,6.65E+3
Kraken:ADAUSD,2021-01-15T04:55:00Z,0.315941,0.315941,0.315349,0.315481,3781.01061979
Kraken:ADAUSD,2021-01-15T04:56:00Z,0.31498,0.31498,0.31498,0.31498,3809.7657
Kraken:ADAUSD,2021-01-15T04:57:00Z,0.314557,0.314557,0.314557,0.314557,5E+3
Kraken:ADAUSD,2021-01-15T04:58:00Z,0.314307,0.314307,0.314307,0.314307,721.72048348
Kraken:ADAUSD,2021-01-15T04:59:00Z,0.3142,0.3142,0.314,0.314,16419.55309879
Kraken:ADAUSD,2021-01-15T05:00:00Z,0.313166,0.313166,0.313166,0.313166,81.30246326
Kraken:ADAUSD,2021-01-15T05:01:00Z,0.313373,0.313563,0.313373,0.313563,2989.1
Kraken:ADAUSD,2021-01-15T05:02:00Z,0.313341,0.313341,0.313341,0.313341,6138.49104902
Kraken:ADAUSD,2021-01-15T05:03:00Z,0.313488,0.31431,0.313488,0.31431,806.79781036
Kraken:ADAUSD,2021-01-15T05:04:00Z,0.31455,0.314963,0.314231,0.314231,1449.09200419
Kraken:ADAUSD,2021-01-15T05:05:00Z,0.314231,0.314231,0.31318,0.31318,29446.17054763
Kraken:ADAUSD,2021-01-15T05:06:00Z,0.313945,0.314118,0.313945,0.314118,1573.3
Kraken:ADAUSD,2021-01-15T05:07:00Z,0.31426,0.314724,0.31426,0.314724,9715.491409
Kraken:ADAUSD,2021-01-15T05:08:00Z,0.314609,0.31461,0.313611,0.313684,67200.66539798
Kraken:ADAUSD,2021-01-15T05:09:00Z,0.314195,0.3144,0.314195,0.3144,2.374E+5
Kraken:ADAUSD,2021-01-15T05:11:00Z,0.314707,0.314707,0.314707,0.314707,476.49598995
Kraken:ADAUSD,2021-01-15T05:12:00Z,0.314708,0.314889,0.314708,0.314816,19049.251151
Kraken:ADAUSD,2021-01-15T05:13:00Z,0.315009,0.315307,0.315009,0.315307,3942.68313908
Kraken:ADAUSD,2021-01-15T05:14:00Z,0.315374,0.315375,0.315374,0.315375,110.59595375
Kraken:ADAUSD,2021-01-15T05:15:00Z,0.315986,0.316274,0.315804,0.316274,3896.62498374
Kraken:ADAUSD,2021-01-15T05:16:00Z,0.316464,0.316464,0.316464,0.316464,74.18928921
Kraken:ADAUSD,2021-01-15T05:17:00Z,0.31691,0.31691,0.31691,0.31691,77.06885337
Kraken:ADAUSD,2021-01-15T05:18:00Z,0.317285,0.317465,0.317055,0.317055,9921.54439119
Kraken:ADAUSD,2021-01-15T05:19:00Z,0.317195,0.317195,0.317085,0.317085,10334.62533561
Kraken:ADAUSD,2021-01-15T05:20:00Z,0.317,0.317842,0.317,0.317842,11297.1735
Kraken:ADAUSD,2021-01-15T05:21:00Z,0.317416,0.317416,0.317295,0.317321,3253.72285479
Kraken:ADAUSD,2021-01-15T05:22:00Z,0.317321,0.317321,0.317198,0.317198,2420.21751896
Kraken:ADAUSD,2021-01-15T05:23:00Z,0.316723,0.316723,0.316463,0.316698,41664.3088852
Kraken:ADAUSD,2021-01-15T05:25:00Z,0.3174,0.3174,0.3174,0.3174,7E+3
Kraken:ADAUSD,2021-01-15T05:27:00Z,0.3174,0.3174,0.3174,0.3174,4120.6497
Kraken:ADAUSD,2021-01-15T05:28:00Z,0.3174,0.317572,0.3174,0.317572,4136.68969747
Kraken:ADAUSD,2021-01-15T05:29:00Z,0.318007,0.318205,0.317505,0.317637,4106.18133601
Kraken:ADAUSD,2021-01-15T05:30:00Z,0.317034,0.317034,0.317,0.317,8138.8013
Kraken:ADAUSD,2021-01-15T05:31:00Z,0.316717,0.316717,0.316717,0.316717,299.99999999
Kraken:ADAUSD,2021-01-15T05:32:00Z,0.317039,0.317039,0.316973,0.316973,1002.53764201
Kraken:ADAUSD,2021-01-15T05:33:00Z,0.316695,0.317113,0.316695,0.317113,2545.10523167
Kraken:ADAUSD,2021-01-15T05:35:00Z,0.317,0.317079,0.316944,0.316944,1.015E+4
Kraken:ADAUSD,2021-01-15T05:36:00Z,0.316937,0.317001,0.316466,0.317001,8.5E+2
Kraken:ADAUSD,2021-01-15T05:37:00Z,0.317002,0.317002,0.316876,0.316876,2052.65337071
Kraken:ADAUSD,2021-01-15T05:38:00Z,0.316991,0.316991,0.316991,0.316991,3.5E+2
Kraken:ADAUSD,2021-01-15T05:40:00Z,0.317007,0.317691,0.317007,0.317691,61189.4968
Kraken:ADAUSD,2021-01-15T05:41:00Z,0.317692,0.31819,0.317692,0.31819,721.54007931
Kraken:ADAUSD,2021-01-15T05:42:00Z,0.318234,0.318722,0.318234,0.318722,1979.45461441
Kraken:ADAUSD,2021-01-15T05:44:00Z,0.318153,0.318153,0.318153,0.318153,290.56499904
Kraken:ADAUSD,2021-01-15T05:45:00Z,0.31797,0.31797,0.31797,0.31797,1.5E+3
Kraken:ADAUSD,2021-01-15T05:46:00Z,0.317672,0.317672,0.316694,0.316694,1456.1702
Kraken:ADAUSD,2021-01-15T05:47:00Z,0.316077,0.316077,0.314473,0.314473,14784.72113168
Kraken:ADAUSD,2021-01-15T05:48:00Z,0.315015,0.315515,0.315015,0.315515,792.86343336
Kraken:ADAUSD,2021-01-15T05:49:00Z,0.315059,0.315059,0.314826,0.314826,4749.09681745
Kraken:ADAUSD,2021-01-15T05:50:00Z,0.314656,0.314656,0.31399,0.31399,41564.18165432
Kraken:ADAUSD,2021-01-15T05:51:00Z,0.313902,0.314119,0.313902,0.314119,4957.25950993
Kraken:ADAUSD,2021-01-15T05:52:00Z,0.313511,0.313511,0.313258,0.313258,1219.46457859
Kraken:ADAUSD,2021-01-15T05:53:00Z,0.313533,0.313533,0.312931,0.312931,4126.9116867
Kraken:ADAUSD,2021-01-15T05:54:00Z,0.312,0.312,0.309782,0.309782,403516.03938748
Kraken:ADAUSD,2021-01-15T05:55:00Z,0.310803,0.312033,0.310211,0.312033,46419.61975074
Kraken:ADAUSD,2021-01-15T05:56:00Z,0.312,0.312,0.310502,0.311565,39985.153811
Kraken:ADAUSD,2021-01-15T05:58:00Z,0.31283,0.31283,0.311119,0.311119,7551.26115794
Kraken:ADAUSD,2021-01-15T05:59:00Z,0.311,0.311,0.30812,0.30842,154465.79371954
Kraken:ADAUSD,2021-01-15T06:00:00Z,0.30812,0.30812,0.306663,0.307992,25252.29418394
Kraken:ADAUSD,2021-01-15T06:01:00Z,0.308452,0.310795,0.308452,0.310661,4472.11278522
Kraken:ADAUSD,2021-01-15T06:02:00Z,0.310878,0.311658,0.310692,0.310692,3337.19042049
Kraken:ADAUSD,2021-01-15T06:03:00Z,0.311685,0.311953,0.311685,0.311953,1576.660781
Kraken:ADAUSD,2021-01-15T06:05:00Z,0.311434,0.311434,0.311434,0.311434,32043.05333175
Kraken:ADAUSD,2021-01-15T06:06:00Z,0.310816,0.311381,0.310816,0.311381,8142.025598
Kraken:ADAUSD,2021-01-15T06:07:00Z,0.311183,0.311183,0.310729,0.310729,850.18555826
Kraken:ADAUSD,2021-01-15T06:08:00Z,0.310666,0.310666,0.309333,0.309333,8087.73156233
Kraken:ADAUSD,2021-01-15T06:09:00Z,0.307852,0.308282,0.307852,0.308282,1.3E+4
Kraken:ADAUSD,2021-01-15T06:10:00Z,0.309192,0.309192,0.309192,0.309192,14509.8881
Kraken:ADAUSD,2021-01-15T06:11:00Z,0.309612,0.310264,0.309612,0.310219,14402.65166306
Kraken:ADAUSD,2021-01-15T06:12:00Z,0.310496,0.310496,0.3098,0.3098,8017.89845825
Kraken:ADAUSD,2021-01-15T06:13:00Z,0.31045,0.31045,0.31045,0.31045,1.3E+3
Kraken:ADAUSD,2021-01-15T06:14:00Z,0.310864,0.311505,0.310864,0.311505,30399.50980149
Kraken:ADAUSD,2021-01-15T06:15:00Z,0.310726,0.310726,0.31,0.31,42368.2567
Kraken:ADAUSD,2021-01-15T06:16:00Z,0.310001,0.310101,0.31,0.310101,8209.99736148
Kraken:ADAUSD,2021-01-15T06:17:00Z,0.309782,0.309784,0.309782,0.309784,2035.21674348
Kraken:ADAUSD,2021-01-15T06:18:00Z,0.311167,0.311167,0.311167,0.311167,5E+1
Kraken:ADAUSD,2021-01-15T06:19:00Z,0.311166,0.311166,0.310962,0.311081,25831.07156516
Kraken:ADAUSD,2021-01-15T06:20:00Z,0.311253,0.311813,0.311253,0.311798,27314.24609564
Kraken:ADAUSD,2021-01-15T06:21:00Z,0.311714,0.311714,0.3109,0.3109,38196.00859812
Kraken:ADAUSD,2021-01-15T06:22:00Z,0.309679,0.309679,0.309678,0.309678,15499.99999999
Kraken:ADAUSD,2021-01-15T06:23:00Z,0.309967,0.309967,0.309967,0.309967,14099.93097858
Kraken:ADAUSD,2021-01-15T06:24:00Z,0.310173,0.310173,0.309968,0.309968,997.43850932
Kraken:ADAUSD,2021-01-15T06:25:00Z,0.31001,0.312058,0.309973,0.311696,36372.98376426
Kraken:ADAUSD,2021-01-15T06:26:00Z,0.312331,0.312338,0.311081,0.311081,30315.66267881
Kraken:ADAUSD,2021-01-15T06:27:00Z,0.311053,0.311405,0.311053,0.311405,1.5E+5
Kraken:ADAUSD,2021-01-15T06:28:00Z,0.31106,0.31106,0.311022,0.311022,1.78E+4
Kraken:ADAUSD,2021-01-15T06:29:00Z,0.311497,0.312071,0.311497,0.312071,415.66933694
Kraken:ADAUSD,2021-01-15T06:30:00Z,0.311553,0.311553,0.311553,0.311553,7971.8209996
Kraken:ADAUSD,2021-01-15T06:32:00Z,0.311995,0.312499,0.311695,0.312499,20255.04154205
Kraken:ADAUSD,2021-01-15T06:33:00Z,0.3125,0.3125,0.3125,0.3125,1688.64
Kraken:ADAUSD,2021-01-15T06:34:00Z,0.312077,0.312327,0.312,0.312,9286.11524912
Kraken:ADAUSD,2021-01-15T06:35:00Z,0.312,0.312,0.311498,0.311498,18043.98910251
Kraken:ADAUSD,2021-01-15T06:37:00Z,0.312164,0.312318,0.31215,0.312318,2376.39706965
Kraken:ADAUSD,2021-01-15T06:38:00Z,0.31225,0.31225,0.31225,0.31225,1E+3
Kraken:ADAUSD,2021-01-15T06:39:00Z,0.312481,0.312499,0.312292,0.312499,5961.46281941
Kraken:ADAUSD,2021-01-15T06:40:00Z,0.312075,0.312075,0.312075,0.312075,348.64999998
Kraken:ADAUSD,2021-01-15T06:41:00Z,0.312292,0.312292,0.312078,0.312116,8567.22207401
Kraken:ADAUSD,2021-01-15T06:42:00Z,0.312155,0.312155,0.312155,0.312155,72.01764069
Kraken:ADAUSD,2021-01-15T06:43:00Z,0.3125,0.313066,0.3125,0.313066,3001.09073083
Kraken:ADAUSD,2021-01-15T06:44:00Z,0.313495,0.313565,0.313495,0.313565,3897.69880548
Kraken:ADAUSD,2021-01-15T06:45:00Z,0.31267,0.31267,0.31267,0.31267,69
Kraken:ADAUSD,2021-01-15T06:47:00Z,0.31246,0.31275,0.312186,0.31275,10395.846645
Kraken:ADAUSD,2021-01-15T06:48:00Z,0.313291,0.313478,0.313291,0.313478,1E+3
Kraken:ADAUSD,2021-01-15T06:49:00Z,0.313651,0.314,0.313651,0.314,25038.81283428
Kraken:ADAUSD,2021-01-15T06:54:00Z,0.312588,0.312856,0.312588,0.3127,9201.82143189
Kraken:ADAUSD,2021-01-15T06:55:00Z,0.313101,0.313101,0.312918,0.312918,1.95E+3
Kraken:ADAUSD,2021-01-15T06:56:00Z,0.312956,0.312956,0.312956,0.312956,1E+3
Kraken:ADAUSD,2021-01-15T06:59:00Z,0.313318,0.31355,0.313318,0.31355,1.5E+4
Kraken:ADAUSD,2021-01-15T07:01:00Z,0.3127,0.3127,0.312248,0.312248,6097.35326807
Kraken:ADAUSD,2021-01-15T07:02:00Z,0.311633,0.311633,0.311224,0.311224,2E+3
Kraken:ADAUSD,2021-01-15T07:03:00Z,0.311216,0.311216,0.310968,0.310968,10871.9454
Kraken:ADAUSD,2021-01-15T07:04:00Z,0.310968,0.310968,0.309781,0.310577,11142.12357598
Kraken:ADAUSD,2021-01-15T07:06:00Z,0.310194,0.310194,0.310194,0.310194,91
Kraken:ADAUSD,2021-01-15T07:07:00Z,0.310659,0.311591,0.310659,0.311591,9508.77891951
Kraken:ADAUSD,2021-01-15T07:08:00Z,0.311799,0.311799,0.311799,0.311799,5E+2
Kraken:ADAUSD,2021-01-15T07:09:00Z,0.310624,0.310624,0.310624,0.310624,129
Kraken:ADAUSD,2021-01-15T07:10:00Z,0.311136,0.312505,0.311136,0.312505,10410.69279096
Kraken:ADAUSD,2021-01-15T07:11:00Z,0.312629,0.313118,0.312629,0.313118,219.46327588
Kraken:ADAUSD,2021-01-15T07:12:00Z,0.31377,0.315,0.31377,0.314994,26689.88581422
Kraken:ADAUSD,2021-01-15T07:13:00Z,0.314996,0.315,0.314996,0.315,1E+4
Kraken:ADAUSD,2021-01-15T07:14:00Z,0.314987,0.31526,0.314798,0.31526,27498.62038518
Kraken:ADAUSD,2021-01-15T07:15:00Z,0.315357,0.315381,0.315096,0.315381,106819.64122864
Kraken:ADAUSD,2021-01-15T07:16:00Z,0.314764,0.314764,0.314764,0.314764,956.50659828
Kraken:ADAUSD,2021-01-15T07:17:00Z,0.314879,0.315447,0.314879,0.315088,23841.13826694
Kraken:ADAUSD,2021-01-15T07:18:00Z,0.315127,0.315501,0.315127,0.3155,2.356E+5
Kraken:ADAUSD,2021-01-15T07:19:00Z,0.315129,0.31517,0.314758,0.314758,10984.38579179
Kraken:ADAUSD,2021-01-15T07:20:00Z,0.314797,0.315,0.314797,0.315,777.57489554
Kraken:ADAUSD,2021-01-15T07:21:00Z,0.315042,0.315516,0.315042,0.315327,7884.44570405
Kraken:ADAUSD,2021-01-15T07:23:00Z,0.315636,0.316007,0.315636,0.315914,4574.99798948
Kraken:ADAUSD,2021-01-15T07:24:00Z,0.315452,0.315452,0.315452,0.315452,2895.96642278
Kraken:ADAUSD,2021-01-15T07:25:00Z,0.314981,0.315015,0.314837,0.315015,23989.09175
Kraken:ADAUSD,2021-01-15T07:27:00Z,0.315264,0.315548,0.315264,0.315548,1134.04238047
Kraken:ADAUSD,2021-01-15T07:28:00Z,0.315718,0.315718,0.315718,0.315718,3744.267653
Kraken:ADAUSD,2021-01-15T07:29:00Z,0.31598,0.31629,0.31598,0.31629,6505.93908367
Kraken:ADAUSD,2021-01-15T07:30:00Z,0.316291,0.316291,0.316291,0.316291,345.300776
Kraken:ADAUSD,2021-01-15T07:31:00Z,0.316471,0.31674,0.316471,0.31674,225.54435669
Kraken:ADAUSD,2021-01-15T07:32:00Z,0.316747,0.318128,0.316747,0.318128,2987.4852379
Kraken:ADAUSD,2021-01-15T07:33:00Z,0.317847,0.317912,0.317757,0.317912,6168.70396183
Kraken:ADAUSD,2021-01-15T07:34:00Z,0.317866,0.318063,0.316955,0.317533,52746.80454671
Kraken:ADAUSD,2021-01-15T07:36:00Z,0.316761,0.316761,0.31674,0.31674,10000.00001743
Kraken:ADAUSD,2021-01-15T07:37:00Z,0.31678,0.317609,0.31678,0.317609,5116.49677713
Kraken:ADAUSD,2021-01-15T07:38:00Z,0.317821,0.317821,0.317484,0.317484,9.65E+3
Kraken:ADAUSD,2021-01-15T07:39:00Z,0.317015,0.317312,0.316747,0.317312,42221.96955588
Kraken:ADAUSD,2021-01-15T07:40:00Z,0.317132,0.317132,0.317123,0.317123,1116.86993457
Kraken:ADAUSD,2021-01-15T07:42:00Z,0.317744,0.317948,0.317744,0.317948,10317.55038912
Kraken:ADAUSD,2021-01-15T07:43:00Z,0.31846,0.319217,0.31846,0.319217,12659.02710215
Kraken:ADAUSD,2021-01-15T07:44:00Z,0.319259,0.32,0.319259,0.319605,6128.03183013
Kraken:ADAUSD,2021-01-15T07:45:00Z,0.319747,0.320001,0.319595,0.319595,16612.55773273
Kraken:ADAUSD,2021-01-15T07:46:00Z,0.319152,0.319152,0.319107,0.319107,1E+4
Kraken:ADAUSD,2021-01-15T07:47:00Z,0.318367,0.319022,0.318367,0.319022,6467.4680867
Kraken:ADAUSD,2021-01-15T07:48:00Z,0.319272,0.319272,0.319272,0.319272,185.079075
Kraken:ADAUSD,2021-01-15T07:49:00Z,0.319466,0.320202,0.319466,0.319611,85669.24256453
Kraken:ADAUSD,2021-01-15T07:50:00Z,0.320296,0.320676,0.320296,0.320676,1349.04452007
Kraken:ADAUSD,2021-01-15T07:51:00Z,0.320676,0.32079,0.320137,0.320137,3637.97731777
Kraken:ADAUSD,2021-01-15T07:52:00Z,0.32003,0.32003,0.32003,0.32003,2E+3
Kraken:ADAUSD,2021-01-15T07:53:00Z,0.320257,0.320365,0.320212,0.320212,5975.60865926
Kraken:ADAUSD,2021-01-15T07:54:00Z,0.319915,0.320207,0.319915,0.320206,14117.190866
Kraken:ADAUSD,2021-01-15T07:55:00Z,0.320365,0.321,0.320365,0.321,4808.90894447
Kraken:ADAUSD,2021-01-15T07:56:00Z,0.321,0.322563,0.321,0.322563,68438.54375395
Kraken:ADAUSD,2021-01-15T07:57:00Z,0.322532,0.323047,0.322303,0.323047,8898.69040923
Kraken:ADAUSD,2021-01-15T07:58:00Z,0.32313,0.32371,0.322417,0.32371,12227.00080865
Kraken:ADAUSD,2021-01-15T07:59:00Z,0.324033,0.324123,0.324033,0.324033,1680.87216871
Kraken:ADAUSD,2021-01-15T08:00:00Z,0.324204,0.325014,0.322972,0.322972,46055.23658086
Kraken:ADAUSD,2021-01-15T08:01:00Z,0.323137,0.32449,0.322637,0.32449,7253.79389008
Kraken:ADAUSD,2021-01-15T08:02:00Z,0.323994,0.324008,0.323795,0.324008,3332.08701257
Kraken:ADAUSD,2021-01-15T08:03:00Z,0.323815,0.323815,0.323571,0.323571,1.5E+2
Kraken:ADAUSD,2021-01-15T08:04:00Z,0.323201,0.323462,0.323189,0.323257,11083.88999
Kraken:ADAUSD,2021-01-15T08:05:00Z,0.323161,0.323161,0.321395,0.321395,5208.13676934
Kraken:ADAUSD,2021-01-15T08:06:00Z,0.320481,0.320481,0.320481,0.320481,2855.340411
Kraken:ADAUSD,2021-01-15T08:07:00Z,0.319817,0.319817,0.31914,0.31914,161953.25078008
Kraken:ADAUSD,2021-01-15T08:08:00Z,0.31925,0.319749,0.31925,0.319749,1647.86609724
Kraken:ADAUSD,2021-01-15T08:09:00Z,0.320194,0.320194,0.320173,0.320173,2.8E+4
Kraken:ADAUSD,2021-01-15T08:10:00Z,0.320194,0.320194,0.319648,0.319648,39814.99989653
Kraken:ADAUSD,2021-01-15T08:12:00Z,0.320002,0.320775,0.32,0.320775,277859.76449416
Kraken:ADAUSD,2021-01-15T08:13:00Z,0.32056,0.32065,0.320016,0.320016,56150.89976529
Kraken:ADAUSD,2021-01-15T08:15:00Z,0.320602,0.320681,0.320563,0.320681,8870.05936398
Kraken:ADAUSD,2021-01-15T08:16:00Z,0.320058,0.320058,0.320058,0.320058,2855.340411
Kraken:ADAUSD,2021-01-15T08:17:00Z,0.318806,0.318806,0.317703,0.317703,56615.35730891
Kraken:ADAUSD,2021-01-15T08:18:00Z,0.319044,0.319278,0.319044,0.319278,33065.0721
Kraken:ADAUSD,2021-01-15T08:19:00Z,0.318859,0.318859,0.318859,0.318859,8E+2
Kraken:ADAUSD,2021-01-15T08:20:00Z,0.318858,0.318859,0.318858,0.318859,15600.00000004
Kraken:ADAUSD,2021-01-15T08:21:00Z,0.319251,0.319694,0.319251,0.319694,377.200109
Kraken:ADAUSD,2021-01-15T08:23:00Z,0.319233,0.319963,0.319233,0.319963,208.49260959
Kraken:ADAUSD,2021-01-15T08:24:00Z,0.319963,0.319963,0.319688,0.319688,3276.2740632
Kraken:ADAUSD,2021-01-15T08:25:00Z,0.319649,0.319649,0.319397,0.31956,5.65E+3
Kraken:ADAUSD,2021-01-15T08:26:00Z,0.319513,0.319513,0.319104,0.319104,1699.08157102
Kraken:ADAUSD,2021-01-15T08:28:00Z,0.319779,0.320117,0.319779,0.320117,75378.86073639
Kraken:ADAUSD,2021-01-15T08:29:00Z,0.320334,0.320334,0.320334,0.320334,696.64443987
Kraken:ADAUSD,2021-01-15T08:32:00Z,0.318743,0.318779,0.318743,0.318779,746.64439928
Kraken:ADAUSD,2021-01-15T08:34:00Z,0.319,0.319139,0.319,0.319139,2111.16451998
Kraken:ADAUSD,2021-01-15T08:35:00Z,0.319139,0.319139,0.318682,0.318682,50028.43340756
Kraken:ADAUSD,2021-01-15T08:36:00Z,0.318905,0.318915,0.318905,0.318915,2.5E+4
Kraken:ADAUSD,2021-01-15T08:37:00Z,0.319049,0.319049,0.319049,0.319049,73.46410272
Kraken:ADAUSD,2021-01-15T08:38:00Z,0.319034,0.319288,0.319034,0.319288,2439.11889148
Kraken:ADAUSD,2021-01-15T08:39:00Z,0.319325,0.319392,0.319325,0.319392,131.2680417
Kraken:ADAUSD,2021-01-15T08:40:00Z,0.319494,0.319494,0.319494,0.319494,64.01441789
Kraken:ADAUSD,2021-01-15T08:41:00Z,0.319822,0.3199,0.319822,0.3199,5228.97387528
Kraken:ADAUSD,2021-01-15T08:42:00Z,0.319889,0.319895,0.319889,0.319895,5.5E+2
Kraken:ADAUSD,2021-01-15T08:43:00Z,0.3199,0.32,0.3199,0.319999,14743.484977
Kraken:ADAUSD,2021-01-15T08:44:00Z,0.319996,0.319996,0.319821,0.319821,4482.17296035
Kraken:ADAUSD,2021-01-15T08:45:00Z,0.319914,0.319914,0.319914,0.319914,1E+2
Kraken:ADAUSD,2021-01-15T08:46:00Z,0.319924,0.320007,0.319924,0.320003,16345.05195607
Kraken:ADAUSD,2021-01-15T08:47:00Z,0.320189,0.320334,0.320189,0.320295,1.5E+2
Kraken:ADAUSD,2021-01-15T08:48:00Z,0.320189,0.32032,0.319957,0.32032,2.06E+3
Kraken:ADAUSD,2021-01-15T08:49:00Z,0.32032,0.32032,0.32032,0.32032,352.44866019
Kraken:ADAUSD,2021-01-15T08:50:00Z,0.320072,0.320118,0.320072,0.320118,4E+2
Kraken:ADAUSD,2021-01-15T08:51:00Z,0.320101,0.320101,0.32,0.32,29214.20475677
Kraken:ADAUSD,2021-01-15T08:52:00Z,0.32,0.32,0.32,0.32,841.577991
Kraken:ADAUSD,2021-01-15T08:53:00Z,0.319821,0.319821,0.319449,0.31945,31064.9686616
Kraken:ADAUSD,2021-01-15T08:56:00Z,0.318397,0.318397,0.31816,0.31816,18180.40970137
Kraken:ADAUSD,2021-01-15T08:57:00Z,0.317457,0.317457,0.317457,0.317457,63.20804929
Kraken:ADAUSD,2021-01-15T08:58:00Z,0.317,0.317,0.316396,0.316396,7277.2871
Kraken:ADAUSD,2021-01-15T08:59:00Z,0.316507,0.316507,0.316494,0.316494,95187.08262736
Kraken:ADAUSD,2021-01-15T09:01:00Z,0.316567,0.316567,0.31518,0.315838,30393.04184978
Kraken:ADAUSD,2021-01-15T09:03:00Z,0.315512,0.315512,0.315241,0.315241,97484
Kraken:ADAUSD,2021-01-15T09:04:00Z,0.315752,0.31607,0.315522,0.31607,42843.31819209
Kraken:ADAUSD,2021-01-15T09:05:00Z,0.316481,0.3168,0.316481,0.3168,115622.82037401
Kraken:ADAUSD,2021-01-15T09:06:00Z,0.316819,0.316819,0.316473,0.316473,3592.5844121
Kraken:ADAUSD,2021-01-15T09:07:00Z,0.317111,0.317151,0.317111,0.317151,1555.137437
Kraken:ADAUSD,2021-01-15T09:08:00Z,0.317087,0.317087,0.317087,0.317087,4200.4967
Kraken:ADAUSD,2021-01-15T09:09:00Z,0.316809,0.316964,0.316211,0.316211,11687.279597
Kraken:ADAUSD,2021-01-15T09:12:00Z,0.317156,0.317156,0.316925,0.316925,7444.534416
Kraken:ADAUSD,2021-01-15T09:13:00Z,0.317358,0.317358,0.317345,0.317345,426.668969
Kraken:ADAUSD,2021-01-15T09:15:00Z,0.316504,0.31702,0.316504,0.31702,5077.20039505
Kraken:ADAUSD,2021-01-15T09:16:00Z,0.31736,0.317688,0.31736,0.317545,4685.70204994
Kraken:ADAUSD,2021-01-15T09:17:00Z,0.317664,0.317935,0.317664,0.317935,362.6274743
Kraken:ADAUSD,2021-01-15T09:18:00Z,0.317927,0.318283,0.317927,0.318283,2061.39963622
Kraken:ADAUSD,2021-01-15T09:19:00Z,0.318364,0.318364,0.318364,0.318364,773.76427
Kraken:ADAUSD,2021-01-15T09:21:00Z,0.318213,0.318449,0.318213,0.318449,155.43698409
Kraken:ADAUSD,2021-01-15T09:23:00Z,0.318449,0.318449,0.318449,0.318449,74.75240218
Kraken:ADAUSD,2021-01-15T09:25:00Z,0.318492,0.318509,0.318492,0.318509,304.27049716
Kraken:ADAUSD,2021-01-15T09:26:00Z,0.318696,0.318696,0.318696,0.318696,31.452163
Kraken:ADAUSD,2021-01-15T09:27:00Z,0.318725,0.319515,0.318725,0.319515,34401.99831146
Kraken:ADAUSD,2021-01-15T09:28:00Z,0.3196,0.32,0.319599,0.32,1023.96113099
Kraken:ADAUSD,2021-01-15T09:29:00Z,0.319768,0.320149,0.319768,0.320149,394.67841933
Kraken:ADAUSD,2021-01-15T09:30:00Z,0.32032,0.320795,0.32032,0.320795,1E+4
Kraken:ADAUSD,2021-01-15T09:32:00Z,0.320413,0.320558,0.320376,0.320558,1779.053044
Kraken:ADAUSD,2021-01-15T09:33:00Z,0.320349,0.32053,0.320349,0.32053,5E+4
Kraken:ADAUSD,2021-01-15T09:34:00Z,0.320514,0.320514,0.320513,0.320513,2.5E+4
Kraken:ADAUSD,2021-01-15T09:35:00Z,0.320513,0.320571,0.320513,0.320571,143
Kraken:ADAUSD,2021-01-15T09:36:00Z,0.320513,0.320513,0.3205,0.3205,65658.49098325
Kraken:ADAUSD,2021-01-15T09:37:00Z,0.320438,0.321425,0.320438,0.321425,782.28532218
Kraken:ADAUSD,2021-01-15T09:39:00Z,0.321544,0.322331,0.321544,0.322331,407801.77856396
Kraken:ADAUSD,2021-01-15T09:40:00Z,0.322172,0.322586,0.322172,0.322586,26281.73364313
Kraken:ADAUSD,2021-01-15T09:41:00Z,0.322932,0.323119,0.322932,0.323119,2E+4
Kraken:ADAUSD,2021-01-15T09:43:00Z,0.323206,0.323206,0.323206,0.323206,72.58133345
Kraken:ADAUSD,2021-01-15T09:44:00Z,0.323283,0.323283,0.323283,0.323283,63.19526724
Kraken:ADAUSD,2021-01-15T09:46:00Z,0.322632,0.322632,0.32256,0.32256,1.4E+3
Kraken:ADAUSD,2021-01-15T09:47:00Z,0.321609,0.321609,0.321609,0.321609,5E+1
Kraken:ADAUSD,2021-01-15T09:48:00Z,0.322031,0.322388,0.322031,0.322388,126.9013213
Kraken:ADAUSD,2021-01-15T09:51:00Z,0.322557,0.322895,0.322557,0.322619,23710.4931223
Kraken:ADAUSD,2021-01-15T09:52:00Z,0.322659,0.322659,0.321418,0.321418,4E+5
Kraken:ADAUSD,2021-01-15T09:53:00Z,0.322655,0.322655,0.322646,0.322646,1E+4
Kraken:ADAUSD,2021-01-15T09:54:00Z,0.322791,0.323142,0.322791,0.323142,3.4E+3
Kraken:ADAUSD,2021-01-15T09:55:00Z,0.323144,0.323144,0.323144,0.323144,63.24267614
Kraken:ADAUSD,2021-01-15T09:56:00Z,0.323362,0.323498,0.322633,0.322633,1643.98937374
Kraken:ADAUSD,2021-01-15T09:57:00Z,0.322253,0.322253,0.322253,0.322253,5E+1
Kraken:ADAUSD,2021-01-15T09:58:00Z,0.321418,0.321418,0.321418,0.321418,9389.78381812
Kraken:ADAUSD,2021-01-15T09:59:00Z,0.320902,0.320902,0.320615,0.320615,3.15E+4
Kraken:ADAUSD,2021-01-15T10:01:00Z,0.320993,0.320993,0.320833,0.320833,754.47548321
Kraken:ADAUSD,2021-01-15T10:04:00Z,0.320846,0.320846,0.320612,0.320612,4571.814522
Kraken:ADAUSD,2021-01-15T10:05:00Z,0.32,0.32,0.319542,0.319542,10431.40722772
Kraken:ADAUSD,2021-01-15T10:07:00Z,0.320686,0.320686,0.320545,0.3206,26568.9681
Kraken:ADAUSD,2021-01-15T10:08:00Z,0.320156,0.320233,0.320156,0.320225,8850.02128649
Kraken:ADAUSD,2021-01-15T10:10:00Z,0.320468,0.320498,0.320468,0.320498,1.2E+4
Kraken:ADAUSD,2021-01-15T10:11:00Z,0.320224,0.320224,0.32,0.32,115505
Kraken:ADAUSD,2021-01-15T10:12:00Z,0.320912,0.320912,0.320912,0.320912,5E+1
Kraken:ADAUSD,2021-01-15T10:16:00Z,0.320916,0.32116,0.320916,0.32116,7007.62360849
Kraken:ADAUSD,2021-01-15T10:17:00Z,0.321202,0.321202,0.321202,0.321202,928.11890459
Kraken:ADAUSD,2021-01-15T10:18:00Z,0.321104,0.321104,0.320904,0.320904,46825.18067291
Kraken:ADAUSD,2021-01-15T10:19:00Z,0.320473,0.320473,0.320013,0.320013,735.27153227
Kraken:ADAUSD,2021-01-15T10:20:00Z,0.31981,0.320273,0.31981,0.320273,15220.8369133
Kraken:ADAUSD,2021-01-15T10:21:00Z,0.320274,0.320274,0.320274,0.320274,166.88333018
Kraken:ADAUSD,2021-01-15T10:22:00Z,0.320542,0.320906,0.320542,0.320906,160.25623416
Kraken:ADAUSD,2021-01-15T10:23:00Z,0.321001,0.32154,0.321001,0.32154,3E+3
Kraken:ADAUSD,2021-01-15T10:24:00Z,0.32101,0.32101,0.32101,0.32101,1041
Kraken:ADAUSD,2021-01-15T10:25:00Z,0.321259,0.321259,0.321,0.321,21355.75204057
Kraken:ADAUSD,2021-01-15T10:27:00Z,0.321165,0.321385,0.321165,0.321385,1061.328684
Kraken:ADAUSD,2021-01-15T10:28:00Z,0.321411,0.321585,0.321411,0.321585,7306.355178
Kraken:ADAUSD,2021-01-15T10:29:00Z,0.321597,0.322427,0.321597,0.322427,31584.073515
Kraken:ADAUSD,2021-01-15T10:31:00Z,0.32174,0.32174,0.320568,0.320568,28154.04985391
Kraken:ADAUSD,2021-01-15T10:32:00Z,0.320749,0.320749,0.320749,0.320749,1554.04985391
Kraken:ADAUSD,2021-01-15T10:33:00Z,0.321192,0.321192,0.321192,0.321192,5.4E+2
Kraken:ADAUSD,2021-01-15T10:34:00Z,0.321437,0.321437,0.321148,0.321148,10701.70334456
Kraken:ADAUSD,2021-01-15T10:36:00Z,0.320256,0.320256,0.320256,0.320256,5E+1
Kraken:ADAUSD,2021-01-15T10:38:00Z,0.320295,0.320295,0.320295,0.320295,1E+3
Kraken:ADAUSD,2021-01-15T10:40:00Z,0.319423,0.319423,0.319423,0.319423,6228.58922493
Kraken:ADAUSD,2021-01-15T10:41:00Z,0.319421,0.319421,0.3188,0.3188,115537.98693289
Kraken:ADAUSD,2021-01-15T10:42:00Z,0.318696,0.318696,0.318521,0.318521,1E+4
Kraken:ADAUSD,2021-01-15T10:43:00Z,0.319041,0.319558,0.319041,0.319391,11215.58863922
Kraken:ADAUSD,2021-01-15T10:44:00Z,0.319565,0.319924,0.319565,0.319924,422.836626
Kraken:ADAUSD,2021-01-15T10:45:00Z,0.319337,0.319337,0.319337,0.319337,1.15E+4
Kraken:ADAUSD,2021-01-15T10:46:00Z,0.318959,0.318959,0.318959,0.318959,173.8654
Kraken:ADAUSD,2021-01-15T10:48:00Z,0.319034,0.319034,0.319034,0.319034,2910.68135182
Kraken:ADAUSD,2021-01-15T10:49:00Z,0.318871,0.318872,0.318871,0.318872,14188.73058697
Kraken:ADAUSD,2021-01-15T10:51:00Z,0.319641,0.32,0.319641,0.32,50272.16418148
Kraken:ADAUSD,2021-01-15T10:52:00Z,0.320119,0.320305,0.320119,0.320305,25162.028661
Kraken:ADAUSD,2021-01-15T10:53:00Z,0.320133,0.320133,0.320001,0.320102,148416.536661
Kraken:ADAUSD,2021-01-15T10:54:00Z,0.320001,0.320081,0.32,0.32,1032455.2398270798
Kraken:ADAUSD,2021-01-15T10:55:00Z,0.320001,0.320001,0.320001,0.320001,9.5E+3
Kraken:ADAUSD,2021-01-15T10:56:00Z,0.32,0.320001,0.32,0.320001,7190.26680423
Kraken:ADAUSD,2021-01-15T10:57:00Z,0.32,0.32,0.32,0.32,165
Kraken:ADAUSD,2021-01-15T10:59:00Z,0.320001,0.320001,0.32,0.32,9412.405757
Kraken:ADAUSD,2021-01-15T11:00:00Z,0.320389,0.321703,0.320389,0.321703,27033.11088574
Kraken:ADAUSD,2021-01-15T11:01:00Z,0.32204,0.32204,0.32204,0.32204,152.99562
Kraken:ADAUSD,2021-01-15T11:02:00Z,0.32,0.32,0.32,0.32,974.41032205
Kraken:ADAUSD,2021-01-15T11:03:00Z,0.32,0.320001,0.32,0.32,1002164.9074751297
Kraken:ADAUSD,2021-01-15T11:04:00Z,0.319383,0.32,0.319383,0.32,532014.39455806
Kraken:ADAUSD,2021-01-15T11:05:00Z,0.32,0.32,0.32,0.32,58528.23719838
Kraken:ADAUSD,2021-01-15T11:06:00Z,0.32,0.32,0.32,0.32,244759.23290708
Kraken:ADAUSD,2021-01-15T11:07:00Z,0.32,0.32,0.32,0.32,123753.7276802
Kraken:ADAUSD,2021-01-15T11:08:00Z,0.32,0.32,0.319448,0.319472,316656.48488951
Kraken:ADAUSD,2021-01-15T11:10:00Z,0.319616,0.319616,0.319421,0.319421,10566.86948966
Kraken:ADAUSD,2021-01-15T11:11:00Z,0.319432,0.32035,0.319432,0.32035,93452.75290784
Kraken:ADAUSD,2021-01-15T11:12:00Z,0.3201,0.3201,0.32,0.320042,5845.2
Kraken:ADAUSD,2021-01-15T11:13:00Z,0.32,0.32,0.32,0.32,785655.2083982901
Kraken:ADAUSD,2021-01-15T11:14:00Z,0.319525,0.32,0.319525,0.32,104451.5903523
Kraken:ADAUSD,2021-01-15T11:15:00Z,0.32,0.32,0.32,0.32,51317.63424425
Kraken:ADAUSD,2021-01-15T11:16:00Z,0.32,0.320507,0.32,0.320506,29974.25522284
Kraken:ADAUSD,2021-01-15T11:17:00Z,0.320506,0.32068,0.320506,0.32068,1149.61206977
Kraken:ADAUSD,2021-01-15T11:19:00Z,0.322024,0.322626,0.322024,0.322626,37447.09922818
Kraken:ADAUSD,2021-01-15T11:21:00Z,0.321568,0.321948,0.321425,0.321948,2140.49128023
Kraken:ADAUSD,2021-01-15T11:23:00Z,0.321471,0.321471,0.321471,0.321471,1497
Kraken:ADAUSD,2021-01-15T11:24:00Z,0.320479,0.320479,0.320343,0.320343,35036.48537
Kraken:ADAUSD,2021-01-15T11:26:00Z,0.321479,0.321479,0.321479,0.321479,4E+2
Kraken:ADAUSD,2021-01-15T11:27:00Z,0.32147,0.32147,0.321177,0.321177,287958.9148828001
Kraken:ADAUSD,2021-01-15T11:28:00Z,0.321413,0.32147,0.321413,0.32147,6.22E+3
Kraken:ADAUSD,2021-01-15T11:30:00Z,0.32147,0.32147,0.32147,0.32147,1193528.8204112
Kraken:ADAUSD,2021-01-15T11:31:00Z,0.32147,0.321898,0.32147,0.321896,751925.0420966898
Kraken:ADAUSD,2021-01-15T11:33:00Z,0.321258,0.321258,0.321108,0.321108,4588.53690089
Kraken:ADAUSD,2021-01-15T11:35:00Z,0.320124,0.320124,0.320124,0.320124,6E+2
Kraken:ADAUSD,2021-01-15T11:36:00Z,0.320377,0.320377,0.320377,0.320377,3.67E+3
Kraken:ADAUSD,2021-01-15T11:37:00Z,0.320566,0.320566,0.320566,0.320566,155.957
Kraken:ADAUSD,2021-01-15T11:40:00Z,0.32054,0.32054,0.32054,0.32054,66.9286884
Kraken:ADAUSD,2021-01-15T11:41:00Z,0.320725,0.32116,0.320725,0.320862,27679.61940602
Kraken:ADAUSD,2021-01-15T11:42:00Z,0.32138,0.322048,0.32138,0.322048,2206.30977572
Kraken:ADAUSD,2021-01-15T11:43:00Z,0.322049,0.322049,0.322049,0.322049,1E+3
Kraken:ADAUSD,2021-01-15T11:45:00Z,0.32114,0.32114,0.32114,0.32114,1631.3213703
Kraken:ADAUSD,2021-01-15T11:46:00Z,0.320867,0.320867,0.320001,0.320004,4326.58477848
Kraken:ADAUSD,2021-01-15T11:47:00Z,0.320001,0.320001,0.32,0.32,18711.43932468
Kraken:ADAUSD,2021-01-15T11:48:00Z,0.32,0.320001,0.32,0.32,1297032.4728499998
Kraken:ADAUSD,2021-01-15T11:49:00Z,0.32,0.320091,0.32,0.32,18953.43159678
Kraken:ADAUSD,2021-01-15T11:50:00Z,0.32,0.32,0.31917,0.31917,603409.6802922399
Kraken:ADAUSD,2021-01-15T11:51:00Z,0.318993,0.318993,0.318912,0.318912,3247.8423339
Kraken:ADAUSD,2021-01-15T11:52:00Z,0.318413,0.318413,0.317966,0.318187,5187.20558443
Kraken:ADAUSD,2021-01-15T11:53:00Z,0.318183,0.318183,0.318183,0.318183,22609.93595296
Kraken:ADAUSD,2021-01-15T11:54:00Z,0.318183,0.319224,0.318183,0.319224,501.04420746
Kraken:ADAUSD,2021-01-15T11:55:00Z,0.318559,0.318669,0.318559,0.318669,20212.21741933
Kraken:ADAUSD,2021-01-15T11:56:00Z,0.318239,0.3185,0.318239,0.3185,5965.17124742
Kraken:ADAUSD,2021-01-15T11:57:00Z,0.318858,0.318943,0.318541,0.318541,3238.07003
Kraken:ADAUSD,2021-01-15T11:58:00Z,0.318801,0.318801,0.318801,0.318801,500.00692379
Kraken:ADAUSD,2021-01-15T11:59:00Z,0.318861,0.318861,0.318861,0.318861,500.00692378
Kraken:ADAUSD,2021-01-15T12:00:00Z,0.319323,0.319323,0.319323,0.319323,2E+2
Kraken:ADAUSD,2021-01-15T12:01:00Z,0.319391,0.319869,0.319391,0.319869,1170.14015568
Kraken:ADAUSD,2021-01-15T12:02:00Z,0.320178,0.320178,0.318901,0.318901,69288.27881124
Kraken:ADAUSD,2021-01-15T12:03:00Z,0.318402,0.318475,0.318402,0.318475,5E+4
Kraken:ADAUSD,2021-01-15T12:04:00Z,0.317457,0.317457,0.31647,0.316655,92196.66170116
Kraken:ADAUSD,2021-01-15T12:05:00Z,0.316832,0.316832,0.316649,0.316704,3.569E+4
Kraken:ADAUSD,2021-01-15T12:06:00Z,0.31618,0.31618,0.31577,0.31577,30857.829
Kraken:ADAUSD,2021-01-15T12:07:00Z,0.316066,0.316176,0.31577,0.316176,37943.17979981
Kraken:ADAUSD,2021-01-15T12:08:00Z,0.315675,0.315675,0.315675,0.315675,140.49128023
Kraken:ADAUSD,2021-01-15T12:09:00Z,0.315999,0.315999,0.315834,0.315834,39974.03304414
Kraken:ADAUSD,2021-01-15T12:11:00Z,0.315778,0.315778,0.314705,0.314705,89558.67542947
Kraken:ADAUSD,2021-01-15T12:12:00Z,0.314399,0.314948,0.314279,0.314948,54697.83837041
Kraken:ADAUSD,2021-01-15T12:13:00Z,0.315178,0.315208,0.315178,0.315208,7.67E+3
Kraken:ADAUSD,2021-01-15T12:14:00Z,0.315136,0.316105,0.314821,0.316105,150385.53250258
Kraken:ADAUSD,2021-01-15T12:15:00Z,0.316181,0.316181,0.316181,0.316181,315.9266
Kraken:ADAUSD,2021-01-15T12:17:00Z,0.3138,0.3138,0.3138,0.3138,12962.69694073
Kraken:ADAUSD,2021-01-15T12:18:00Z,0.313638,0.314139,0.313629,0.314139,3675.62266863
Kraken:ADAUSD,2021-01-15T12:19:00Z,0.314079,0.314079,0.314079,0.314079,491
Kraken:ADAUSD,2021-01-15T12:20:00Z,0.314334,0.314562,0.314334,0.314562,2063.91298536
Kraken:ADAUSD,2021-01-15T12:21:00Z,0.314892,0.314892,0.314791,0.314791,1096.87207
Kraken:ADAUSD,2021-01-15T12:22:00Z,0.314493,0.31476,0.314493,0.31476,15216.72382716
Kraken:ADAUSD,2021-01-15T12:23:00Z,0.314923,0.314923,0.313738,0.313738,1015.36395796
Kraken:ADAUSD,2021-01-15T12:24:00Z,0.313468,0.3137,0.313396,0.313396,173124.47397634
Kraken:ADAUSD,2021-01-15T12:25:00Z,0.313166,0.313166,0.31255,0.31255,22199.99999995
Kraken:ADAUSD,2021-01-15T12:26:00Z,0.312598,0.312922,0.312598,0.31289,23599.457338
Kraken:ADAUSD,2021-01-15T12:28:00Z,0.312836,0.312836,0.312451,0.312465,10993.7764
Kraken:ADAUSD,2021-01-15T12:29:00Z,0.311501,0.311501,0.309389,0.310119,28056.11152809
Kraken:ADAUSD,2021-01-15T12:30:00Z,0.310265,0.311459,0.31,0.311459,10887.15543327
Kraken:ADAUSD,2021-01-15T12:31:00Z,0.312807,0.312807,0.312807,0.312807,4.1E+3
Kraken:ADAUSD,2021-01-15T12:32:00Z,0.312138,0.312138,0.309513,0.309513,79291.52876677
Kraken:ADAUSD,2021-01-15T12:33:00Z,0.309835,0.310274,0.309835,0.310274,4356.0643729
Kraken:ADAUSD,2021-01-15T12:34:00Z,0.310597,0.310701,0.310597,0.310701,128.66575508
Kraken:ADAUSD,2021-01-15T12:35:00Z,0.310193,0.310215,0.309751,0.310186,146829.16387985
Kraken:ADAUSD,2021-01-15T12:36:00Z,0.309387,0.309387,0.308071,0.308071,103028.88811565
Kraken:ADAUSD,2021-01-15T12:37:00Z,0.310218,0.31024,0.309836,0.310239,22924.26940838
Kraken:ADAUSD,2021-01-15T12:38:00Z,0.31024,0.310489,0.309591,0.309591,3214.82771813
Kraken:ADAUSD,2021-01-15T12:39:00Z,0.309769,0.310898,0.309769,0.310757,9878.96853141
Kraken:ADAUSD,2021-01-15T12:40:00Z,0.311195,0.311654,0.311195,0.311654,67193.97090172
Kraken:ADAUSD,2021-01-15T12:41:00Z,0.310689,0.310689,0.310689,0.310689,1331.92259994
Kraken:ADAUSD,2021-01-15T12:42:00Z,0.310989,0.31145,0.310989,0.31145,88468.33410026
Kraken:ADAUSD,2021-01-15T12:43:00Z,0.311474,0.311474,0.311,0.311,24584.964565
Kraken:ADAUSD,2021-01-15T12:44:00Z,0.311005,0.311814,0.311005,0.311776,16447.27939275
Kraken:ADAUSD,2021-01-15T12:45:00Z,0.312075,0.312859,0.312075,0.312859,16015.26095354
Kraken:ADAUSD,2021-01-15T12:46:00Z,0.3127,0.313409,0.3127,0.313409,8945.94983532
Kraken:ADAUSD,2021-01-15T12:47:00Z,0.312943,0.312943,0.312943,0.312943,1723.924844
Kraken:ADAUSD,2021-01-15T12:48:00Z,0.313109,0.313222,0.313109,0.313222,1.85E+4
Kraken:ADAUSD,2021-01-15T12:49:00Z,0.313406,0.31383,0.3132,0.3132,1731.27592143
Kraken:ADAUSD,2021-01-15T12:50:00Z,0.3132,0.3132,0.3132,0.3132,1522.83608926
Kraken:ADAUSD,2021-01-15T12:51:00Z,0.3132,0.313249,0.3132,0.313249,1436.167462
Kraken:ADAUSD,2021-01-15T12:52:00Z,0.313627,0.313627,0.313204,0.313204,3513.48066334
Kraken:ADAUSD,2021-01-15T12:53:00Z,0.31339,0.3134,0.31339,0.3134,3726.20017835
Kraken:ADAUSD,2021-01-15T12:55:00Z,0.31329,0.31329,0.31329,0.31329,710.59896815
Kraken:ADAUSD,2021-01-15T12:57:00Z,0.313663,0.313663,0.313663,0.313663,173.58073305
Kraken:ADAUSD,2021-01-15T12:58:00Z,0.313749,0.313749,0.313437,0.313633,10212.93252408
Kraken:ADAUSD,2021-01-15T12:59:00Z,0.313921,0.314386,0.313921,0.314386,22774.72597887
Kraken:ADAUSD,2021-01-15T13:01:00Z,0.314089,0.314089,0.314,0.314002,31673.3678
Kraken:ADAUSD,2021-01-15T13:02:00Z,0.314017,0.314293,0.313999,0.313999,221360.06329083
Kraken:ADAUSD,2021-01-15T13:03:00Z,0.313001,0.313015,0.313,0.313,16020.29695879
Kraken:ADAUSD,2021-01-15T13:04:00Z,0.312919,0.313135,0.312919,0.313135,7797.91439876
Kraken:ADAUSD,2021-01-15T13:05:00Z,0.313637,0.314826,0.313637,0.314826,3706.600941
Kraken:ADAUSD,2021-01-15T13:07:00Z,0.314852,0.314852,0.314852,0.314852,5E+3
Kraken:ADAUSD,2021-01-15T13:08:00Z,0.314702,0.314702,0.314702,0.314702,491
Kraken:ADAUSD,2021-01-15T13:09:00Z,0.3145,0.3145,0.313781,0.313781,1.007E+4
Kraken:ADAUSD,2021-01-15T13:10:00Z,0.314,0.3142,0.314,0.3142,51707.96156163
Kraken:ADAUSD,2021-01-15T13:12:00Z,0.313747,0.313749,0.31328,0.313749,26223
Kraken:ADAUSD,2021-01-15T13:13:00Z,0.312864,0.312864,0.312864,0.312864,425
Kraken:ADAUSD,2021-01-15T13:15:00Z,0.312374,0.312374,0.312374,0.312374,35515.86106086
Kraken:ADAUSD,2021-01-15T13:17:00Z,0.311502,0.311502,0.311145,0.311253,412.98812364
Kraken:ADAUSD,2021-01-15T13:18:00Z,0.311085,0.311085,0.311085,0.311085,14158.329321
Kraken:ADAUSD,2021-01-15T13:19:00Z,0.311085,0.311085,0.311085,0.311085,1.2E+4
Kraken:ADAUSD,2021-01-15T13:20:00Z,0.310748,0.310972,0.31043,0.31043,10142.074251
Kraken:ADAUSD,2021-01-15T13:21:00Z,0.310667,0.310667,0.310667,0.310667,2E+3
Kraken:ADAUSD,2021-01-15T13:22:00Z,0.3105,0.31105,0.3105,0.31105,25225.12104064
Kraken:ADAUSD,2021-01-15T13:23:00Z,0.311085,0.311085,0.311084,0.311085,8661.56364141
Kraken:ADAUSD,2021-01-15T13:24:00Z,0.310998,0.310998,0.31012,0.31012,30077.7595926
Kraken:ADAUSD,2021-01-15T13:25:00Z,0.310452,0.310859,0.31028,0.31028,12297.7045
Kraken:ADAUSD,2021-01-15T13:26:00Z,0.311948,0.311948,0.31144,0.31144,608.27724601
Kraken:ADAUSD,2021-01-15T13:27:00Z,0.311959,0.311959,0.311959,0.311959,134.15758075
Kraken:ADAUSD,2021-01-15T13:28:00Z,0.312757,0.312757,0.311894,0.311894,3719.88828178
Kraken:ADAUSD,2021-01-15T13:29:00Z,0.311697,0.311697,0.311697,0.311697,2564.97399758
Kraken:ADAUSD,2021-01-15T13:30:00Z,0.311845,0.31192,0.311339,0.31192,112460.82416133
Kraken:ADAUSD,2021-01-15T13:31:00Z,0.312395,0.312395,0.312395,0.312395,62.24217955
Kraken:ADAUSD,2021-01-15T13:32:00Z,0.312741,0.313657,0.312741,0.313605,12019.2137801
Kraken:ADAUSD,2021-01-15T13:33:00Z,0.312997,0.313417,0.312997,0.313417,6000.26742909
Kraken:ADAUSD,2021-01-15T13:34:00Z,0.313073,0.313317,0.313073,0.313317,4145.8972509
Kraken:ADAUSD,2021-01-15T13:35:00Z,0.313034,0.313034,0.313,0.313,712.11446089
Kraken:ADAUSD,2021-01-15T13:36:00Z,0.312365,0.312365,0.312365,0.312365,2.5E+3
Kraken:ADAUSD,2021-01-15T13:37:00Z,0.312002,0.312002,0.312002,0.312002,3078.07122477
Kraken:ADAUSD,2021-01-15T13:38:00Z,0.312002,0.312756,0.312002,0.312756,2303.58659306
Kraken:ADAUSD,2021-01-15T13:39:00Z,0.312456,0.314309,0.312456,0.314309,3471.79029202
Kraken:ADAUSD,2021-01-15T13:40:00Z,0.314633,0.315,0.314633,0.315,4661.0154
Kraken:ADAUSD,2021-01-15T13:41:00Z,0.314962,0.315294,0.314962,0.315294,2040.3781
Kraken:ADAUSD,2021-01-15T13:42:00Z,0.315223,0.315223,0.315058,0.315058,31776.29488402
Kraken:ADAUSD,2021-01-15T13:43:00Z,0.31542,0.316213,0.31542,0.316213,1924.39263017
Kraken:ADAUSD,2021-01-15T13:44:00Z,0.316504,0.317342,0.316504,0.317342,15358.08872809
Kraken:ADAUSD,2021-01-15T13:45:00Z,0.317471,0.317591,0.31629,0.317256,10854.5824662
Kraken:ADAUSD,2021-01-15T13:46:00Z,0.317316,0.318346,0.317316,0.318346,94735.79212856
Kraken:ADAUSD,2021-01-15T13:47:00Z,0.31846,0.319159,0.31846,0.319144,31029.65258342
Kraken:ADAUSD,2021-01-15T13:48:00Z,0.319248,0.319248,0.31848,0.31848,16818.19480641
Kraken:ADAUSD,2021-01-15T13:49:00Z,0.31793,0.318769,0.31793,0.318503,7763.77496537
Kraken:ADAUSD,2021-01-15T13:50:00Z,0.31774,0.31799,0.31774,0.31799,1686.76586156
Kraken:ADAUSD,2021-01-15T13:51:00Z,0.317209,0.317209,0.317209,0.317209,1363.32407961
Kraken:ADAUSD,2021-01-15T13:53:00Z,0.316728,0.316728,0.316728,0.316728,805.8277
Kraken:ADAUSD,2021-01-15T13:54:00Z,0.31767,0.317814,0.31767,0.317814,907.13779998
Kraken:ADAUSD,2021-01-15T13:55:00Z,0.31741,0.317606,0.317339,0.317339,70145.65474175
Kraken:ADAUSD,2021-01-15T13:56:00Z,0.317946,0.317946,0.317946,0.317946,28654.86969485
Kraken:ADAUSD,2021-01-15T13:57:00Z,0.31795,0.31795,0.31795,0.31795,118470.69102304
Kraken:ADAUSD,2021-01-15T13:58:00Z,0.3183,0.3183,0.3183,0.3183,12962.69
Kraken:ADAUSD,2021-01-15T13:59:00Z,0.318358,0.318358,0.318357,0.318357,2E+4
Kraken:ADAUSD,2021-01-15T14:00:00Z,0.319085,0.319712,0.319085,0.319712,717.04712902
Kraken:ADAUSD,2021-01-15T14:01:00Z,0.319572,0.319717,0.319288,0.319717,22331.39508409
Kraken:ADAUSD,2021-01-15T14:02:00Z,0.319717,0.319891,0.319194,0.319493,36163.13207379
Kraken:ADAUSD,2021-01-15T14:03:00Z,0.319421,0.319493,0.318918,0.318918,18980.26440785
Kraken:ADAUSD,2021-01-15T14:04:00Z,0.319162,0.319162,0.318923,0.318923,2183.88435154
Kraken:ADAUSD,2021-01-15T14:06:00Z,0.318994,0.318994,0.318023,0.318023,21930.8100194
Kraken:ADAUSD,2021-01-15T14:07:00Z,0.317253,0.317431,0.317,0.317,4022.11820228
Kraken:ADAUSD,2021-01-15T14:08:00Z,0.316368,0.316368,0.315426,0.315426,124288.9765074
Kraken:ADAUSD,2021-01-15T14:09:00Z,0.315637,0.315667,0.315637,0.315667,6924.95817405
Kraken:ADAUSD,2021-01-15T14:10:00Z,0.316036,0.316036,0.316036,0.316036,72.245425
Kraken:ADAUSD,2021-01-15T14:11:00Z,0.315794,0.315916,0.315794,0.315916,5E+2
Kraken:ADAUSD,2021-01-15T14:13:00Z,0.3155,0.315719,0.3155,0.3155,9958.029
Kraken:ADAUSD,2021-01-15T14:14:00Z,0.315646,0.315646,0.3155,0.3155,86945.784882
Kraken:ADAUSD,2021-01-15T14:15:00Z,0.315501,0.315501,0.315317,0.31539,140305.21600263
Kraken:ADAUSD,2021-01-15T14:16:00Z,0.315292,0.315292,0.315292,0.315292,4E+3
Kraken:ADAUSD,2021-01-15T14:17:00Z,0.3148,0.3148,0.3148,0.3148,635.32401524
Kraken:ADAUSD,2021-01-15T14:18:00Z,0.314464,0.314464,0.314464,0.314464,343.02495675
Kraken:ADAUSD,2021-01-15T14:19:00Z,0.313961,0.313961,0.313363,0.313582,16051.80219083
Kraken:ADAUSD,2021-01-15T14:20:00Z,0.313167,0.313167,0.312931,0.312931,18771.56151554
Kraken:ADAUSD,2021-01-15T14:21:00Z,0.312806,0.313091,0.312806,0.312807,35214.67598471
Kraken:ADAUSD,2021-01-15T14:22:00Z,0.312979,0.312979,0.312979,0.312979,1E+2
Kraken:ADAUSD,2021-01-15T14:23:00Z,0.312469,0.312469,0.311501,0.311501,20364.90348342
Kraken:ADAUSD,2021-01-15T14:24:00Z,0.3115,0.3117,0.310633,0.311044,95362.58474816
Kraken:ADAUSD,2021-01-15T14:25:00Z,0.311948,0.312469,0.311948,0.312469,15845.85312037
Kraken:ADAUSD,2021-01-15T14:27:00Z,0.311313,0.311705,0.311313,0.311705,2908.11044514
Kraken:ADAUSD,2021-01-15T14:28:00Z,0.312438,0.312438,0.311665,0.311705,1552296.8999899197
Kraken:ADAUSD,2021-01-15T14:29:00Z,0.311705,0.311705,0.311367,0.311367,14907.773411
Kraken:ADAUSD,2021-01-15T14:30:00Z,0.311504,0.312342,0.311504,0.311969,89557.60011898
Kraken:ADAUSD,2021-01-15T14:31:00Z,0.311578,0.311578,0.311578,0.311578,1.03E+4
Kraken:ADAUSD,2021-01-15T14:32:00Z,0.311428,0.311988,0.311145,0.311988,137459.92618742
Kraken:ADAUSD,2021-01-15T14:33:00Z,0.311992,0.312042,0.311992,0.312042,95.13541827
Kraken:ADAUSD,2021-01-15T14:34:00Z,0.3112,0.3112,0.311055,0.311055,53975.72075835
Kraken:ADAUSD,2021-01-15T14:35:00Z,0.31024,0.31041,0.30953,0.30953,16125.08746972
Kraken:ADAUSD,2021-01-15T14:36:00Z,0.309387,0.309845,0.309076,0.309419,36978.80645161
Kraken:ADAUSD,2021-01-15T14:37:00Z,0.308644,0.309045,0.30844,0.308486,1.55E+4
Kraken:ADAUSD,2021-01-15T14:38:00Z,0.308185,0.30822,0.307496,0.307496,56668.02067161
Kraken:ADAUSD,2021-01-15T14:39:00Z,0.307677,0.308316,0.307677,0.308316,37312.70141615
Kraken:ADAUSD,2021-01-15T14:40:00Z,0.308543,0.309966,0.308543,0.309966,154479.3554513
Kraken:ADAUSD,2021-01-15T14:41:00Z,0.309463,0.309494,0.309267,0.309323,92556.07959852
Kraken:ADAUSD,2021-01-15T14:42:00Z,0.308809,0.308965,0.3088,0.3088,25958.71083329
Kraken:ADAUSD,2021-01-15T14:43:00Z,0.309039,0.309762,0.309001,0.309001,25651.37075326
Kraken:ADAUSD,2021-01-15T14:44:00Z,0.308946,0.308946,0.308946,0.308946,4016.47925527
Kraken:ADAUSD,2021-01-15T14:45:00Z,0.308487,0.308794,0.308231,0.308231,18705.8349
Kraken:ADAUSD,2021-01-15T14:46:00Z,0.307691,0.307853,0.306849,0.307173,113584.46508146
Kraken:ADAUSD,2021-01-15T14:47:00Z,0.307009,0.307324,0.3053,0.305924,161506.79689461
Kraken:ADAUSD,2021-01-15T14:48:00Z,0.30548,0.307051,0.3053,0.307051,28722.21329004
Kraken:ADAUSD,2021-01-15T14:49:00Z,0.308,0.308449,0.308,0.308185,7110.03618939
Kraken:ADAUSD,2021-01-15T14:50:00Z,0.308348,0.309959,0.308348,0.309723,1798.811
Kraken:ADAUSD,2021-01-15T14:51:00Z,0.309878,0.310217,0.309304,0.309573,5367.32971296
Kraken:ADAUSD,2021-01-15T14:52:00Z,0.309878,0.31003,0.309575,0.309893,103241.04167383
Kraken:ADAUSD,2021-01-15T14:53:00Z,0.310062,0.310063,0.310062,0.310062,8104.19289634
Kraken:ADAUSD,2021-01-15T14:54:00Z,0.310062,0.310941,0.310062,0.310941,125304.56641174
Kraken:ADAUSD,2021-01-15T14:55:00Z,0.311237,0.311562,0.310571,0.310585,25963.32137223
Kraken:ADAUSD,2021-01-15T14:56:00Z,0.310235,0.310422,0.310234,0.310422,13188.11239996
Kraken:ADAUSD,2021-01-15T14:57:00Z,0.310119,0.310119,0.309793,0.309793,4830.57600129
Kraken:ADAUSD,2021-01-15T14:58:00Z,0.30988,0.30988,0.308899,0.308899,18728.12913546
Kraken:ADAUSD,2021-01-15T14:59:00Z,0.308627,0.309055,0.308627,0.308736,23069.69876423
Kraken:ADAUSD,2021-01-15T15:00:00Z,0.308348,0.308348,0.30801,0.308133,1571.02883977
Kraken:ADAUSD,2021-01-15T15:01:00Z,0.308,0.308,0.307395,0.307395,2.15E+4
Kraken:ADAUSD,2021-01-15T15:02:00Z,0.307333,0.307333,0.306312,0.30717,49684.19257733
Kraken:ADAUSD,2021-01-15T15:03:00Z,0.306102,0.306102,0.306102,0.306102,2616.35296819
Kraken:ADAUSD,2021-01-15T15:04:00Z,0.306,0.306537,0.306,0.306537,20486.167666
Kraken:ADAUSD,2021-01-15T15:05:00Z,0.307186,0.307186,0.306201,0.306838,1775
Kraken:ADAUSD,2021-01-15T15:06:00Z,0.3062,0.306426,0.3062,0.306426,9853.91034393
Kraken:ADAUSD,2021-01-15T15:07:00Z,0.3062,0.3062,0.3062,0.3062,10322.26796307
Kraken:ADAUSD,2021-01-15T15:08:00Z,0.305876,0.305876,0.303462,0.303987,385352.02529553
Kraken:ADAUSD,2021-01-15T15:09:00Z,0.303987,0.30679,0.303987,0.306789,56077.16752112
Kraken:ADAUSD,2021-01-15T15:10:00Z,0.305329,0.305329,0.305188,0.305188,8229.50018322
Kraken:ADAUSD,2021-01-15T15:11:00Z,0.304671,0.304671,0.303917,0.304569,170308.91985341
Kraken:ADAUSD,2021-01-15T15:13:00Z,0.30362,0.304056,0.303463,0.30399,46934.75417109
Kraken:ADAUSD,2021-01-15T15:14:00Z,0.30399,0.30399,0.302676,0.303131,36122.81147661
Kraken:ADAUSD,2021-01-15T15:15:00Z,0.303515,0.304592,0.303515,0.304177,106215.38752866
Kraken:ADAUSD,2021-01-15T15:16:00Z,0.304868,0.305413,0.304868,0.305,278773.41718955
Kraken:ADAUSD,2021-01-15T15:17:00Z,0.30347,0.303871,0.303366,0.303593,18528.48628387
Kraken:ADAUSD,2021-01-15T15:18:00Z,0.304039,0.305211,0.303765,0.303765,5848.6594424
Kraken:ADAUSD,2021-01-15T15:19:00Z,0.304187,0.305,0.303665,0.305,40287.31227876
Kraken:ADAUSD,2021-01-15T15:20:00Z,0.305,0.305,0.303814,0.304207,15439.98411241
Kraken:ADAUSD,2021-01-15T15:21:00Z,0.304231,0.305097,0.304231,0.305097,838.25507326
Kraken:ADAUSD,2021-01-15T15:22:00Z,0.305413,0.305413,0.3049,0.305209,45051.15639928
Kraken:ADAUSD,2021-01-15T15:23:00Z,0.305202,0.305202,0.304725,0.304999,6532.75994459
Kraken:ADAUSD,2021-01-15T15:24:00Z,0.304635,0.306125,0.304635,0.305201,153260.30118222
Kraken:ADAUSD,2021-01-15T15:25:00Z,0.30565,0.306789,0.30565,0.306789,13574.12987
Kraken:ADAUSD,2021-01-15T15:26:00Z,0.306627,0.306767,0.306624,0.306767,5571.51245459
Kraken:ADAUSD,2021-01-15T15:27:00Z,0.30665,0.30665,0.306149,0.306166,12725
Kraken:ADAUSD,2021-01-15T15:28:00Z,0.306,0.306787,0.306,0.306787,11984.63195629
Kraken:ADAUSD,2021-01-15T15:29:00Z,0.30679,0.307229,0.30679,0.307229,1372.34239137
Kraken:ADAUSD,2021-01-15T15:30:00Z,0.307299,0.308017,0.306999,0.308017,254463.56731412
Kraken:ADAUSD,2021-01-15T15:31:00Z,0.308361,0.309032,0.308361,0.308915,106323.35469257
Kraken:ADAUSD,2021-01-15T15:32:00Z,0.308752,0.308839,0.308364,0.308364,51136.64333172
Kraken:ADAUSD,2021-01-15T15:33:00Z,0.308333,0.308333,0.30805,0.30805,12414.95066305
Kraken:ADAUSD,2021-01-15T15:34:00Z,0.308,0.3085,0.308,0.3085,346.75951355
Kraken:ADAUSD,2021-01-15T15:35:00Z,0.308499,0.308737,0.308194,0.308252,38488.60028665
Kraken:ADAUSD,2021-01-15T15:36:00Z,0.308396,0.308506,0.307,0.307,24485.05687921
Kraken:ADAUSD,2021-01-15T15:37:00Z,0.304449,0.304449,0.303368,0.303368,11318.77665526
Kraken:ADAUSD,2021-01-15T15:38:00Z,0.303368,0.305746,0.303077,0.304574,33471.25956833
Kraken:ADAUSD,2021-01-15T15:39:00Z,0.30457,0.305437,0.30457,0.305437,7216.099529
Kraken:ADAUSD,2021-01-15T15:40:00Z,0.304091,0.3049,0.304002,0.3049,41103.47520357
Kraken:ADAUSD,2021-01-15T15:41:00Z,0.30483,0.30483,0.303914,0.303914,35199.95708631
Kraken:ADAUSD,2021-01-15T15:42:00Z,0.305522,0.305744,0.305522,0.305744,950.32197279
Kraken:ADAUSD,2021-01-15T15:43:00Z,0.305743,0.305743,0.305419,0.305419,34982.08134578
Kraken:ADAUSD,2021-01-15T15:44:00Z,0.305116,0.305635,0.30509,0.305635,37475.20421736
Kraken:ADAUSD,2021-01-15T15:45:00Z,0.304927,0.305629,0.304927,0.305629,12301.45091284
Kraken:ADAUSD,2021-01-15T15:46:00Z,0.30513,0.30513,0.304231,0.304231,41276.10467898
Kraken:ADAUSD,2021-01-15T15:47:00Z,0.304234,0.304289,0.303616,0.303616,86410.62658001
Kraken:ADAUSD,2021-01-15T15:48:00Z,0.3035,0.303902,0.301451,0.301451,127008.56750037
Kraken:ADAUSD,2021-01-15T15:49:00Z,0.301,0.301311,0.30055,0.301311,23320.70757089
Kraken:ADAUSD,2021-01-15T15:50:00Z,0.30097,0.301272,0.3,0.3,75925.64367875
Kraken:ADAUSD,2021-01-15T15:51:00Z,0.300108,0.300788,0.300108,0.300492,103456.69817712
Kraken:ADAUSD,2021-01-15T15:52:00Z,0.300788,0.301849,0.300788,0.300874,56861.78742394
Kraken:ADAUSD,2021-01-15T15:53:00Z,0.300094,0.300237,0.3,0.3,99494.20110488
Kraken:ADAUSD,2021-01-15T15:54:00Z,0.300001,0.300001,0.298071,0.298131,589626.3521718701
Kraken:ADAUSD,2021-01-15T15:55:00Z,0.2981,0.2981,0.295636,0.297169,455080.3218996901
Kraken:ADAUSD,2021-01-15T15:56:00Z,0.297594,0.29876,0.295224,0.295505,917763.18868632
Kraken:ADAUSD,2021-01-15T15:57:00Z,0.295222,0.295275,0.290199,0.295275,971808.1614729101
Kraken:ADAUSD,2021-01-15T15:58:00Z,0.294888,0.296171,0.2941,0.295736,398530.9845889001
Kraken:ADAUSD,2021-01-15T15:59:00Z,0.295705,0.296402,0.295285,0.295285,82010.2777494
Kraken:ADAUSD,2021-01-15T16:00:00Z,0.295637,0.295897,0.29,0.292089,620918.26542548
Kraken:ADAUSD,2021-01-15T16:01:00Z,0.291636,0.291763,0.28691,0.287856,364914.31180569
Kraken:ADAUSD,2021-01-15T16:02:00Z,0.289107,0.289427,0.287671,0.288916,117414.41477012
Kraken:ADAUSD,2021-01-15T16:03:00Z,0.288693,0.288693,0.2855,0.286891,226599.8046487401
Kraken:ADAUSD,2021-01-15T16:04:00Z,0.286645,0.286707,0.282,0.283741,720775.9330705198
Kraken:ADAUSD,2021-01-15T16:05:00Z,0.283808,0.284829,0.283003,0.28467,170193.62515002
Kraken:ADAUSD,2021-01-15T16:06:00Z,0.284254,0.284254,0.280881,0.281936,434933.57368306
Kraken:ADAUSD,2021-01-15T16:07:00Z,0.28193,0.282537,0.278125,0.278125,594535.2449354
Kraken:ADAUSD,2021-01-15T16:08:00Z,0.278125,0.280705,0.277155,0.277155,221690.96494214
Kraken:ADAUSD,2021-01-15T16:09:00Z,0.277799,0.284798,0.277667,0.284798,439451.1773384201
Kraken:ADAUSD,2021-01-15T16:10:00Z,0.282595,0.284295,0.280772,0.283046,168311.89839125
Kraken:ADAUSD,2021-01-15T16:11:00Z,0.28342,0.28837,0.28342,0.288338,102277.63179015
Kraken:ADAUSD,2021-01-15T16:12:00Z,0.288445,0.290812,0.28683,0.289831,807100.0702410399
Kraken:ADAUSD,2021-01-15T16:13:00Z,0.290336,0.290684,0.289691,0.289766,39132.11270423
Kraken:ADAUSD,2021-01-15T16:14:00Z,0.290859,0.292007,0.29053,0.291774,218274.58994335
Kraken:ADAUSD,2021-01-15T16:15:00Z,0.291978,0.29342,0.28936,0.292795,494215.9243855399
Kraken:ADAUSD,2021-01-15T16:16:00Z,0.293195,0.294782,0.2931,0.294782,45792.72838434
Kraken:ADAUSD,2021-01-15T16:17:00Z,0.294783,0.296966,0.294501,0.294868,340829.17138401
Kraken:ADAUSD,2021-01-15T16:18:00Z,0.293861,0.295315,0.293861,0.294202,50556.04374619
Kraken:ADAUSD,2021-01-15T16:19:00Z,0.294,0.29422,0.292556,0.293446,216965.00710574
Kraken:ADAUSD,2021-01-15T16:20:00Z,0.292897,0.294977,0.292897,0.294977,26373.99546853
Kraken:ADAUSD,2021-01-15T16:21:00Z,0.295312,0.2976,0.294914,0.297386,88763.57618441
Kraken:ADAUSD,2021-01-15T16:22:00Z,0.297,0.298617,0.296305,0.297894,18077.72139532
Kraken:ADAUSD,2021-01-15T16:23:00Z,0.297902,0.298403,0.297814,0.298207,7713.74539513
Kraken:ADAUSD,2021-01-15T16:24:00Z,0.298178,0.298178,0.297074,0.297074,43448.13182109
Kraken:ADAUSD,2021-01-15T16:25:00Z,0.29807,0.299391,0.29807,0.299391,116851.21610546
Kraken:ADAUSD,2021-01-15T16:26:00Z,0.299259,0.299624,0.299148,0.299443,3308.77873021
Kraken:ADAUSD,2021-01-15T16:27:00Z,0.299832,0.301026,0.299832,0.301026,57810.643796
Kraken:ADAUSD,2021-01-15T16:28:00Z,0.301032,0.301037,0.299618,0.299806,126248.48407089
Kraken:ADAUSD,2021-01-15T16:29:00Z,0.299806,0.301,0.29939,0.300518,113129.87865521
Kraken:ADAUSD,2021-01-15T16:30:00Z,0.301244,0.302758,0.301244,0.302411,97416.4904855
Kraken:ADAUSD,2021-01-15T16:31:00Z,0.301603,0.303235,0.301603,0.302886,41174.15199107
Kraken:ADAUSD,2021-01-15T16:32:00Z,0.303234,0.303676,0.30214,0.303,248083.41292658
Kraken:ADAUSD,2021-01-15T16:33:00Z,0.302002,0.303215,0.301117,0.301117,41630.70286085
Kraken:ADAUSD,2021-01-15T16:34:00Z,0.301064,0.301297,0.299883,0.300868,146282.91054197
Kraken:ADAUSD,2021-01-15T16:35:00Z,0.300046,0.300081,0.298754,0.298877,46358.24221356
Kraken:ADAUSD,2021-01-15T16:36:00Z,0.301315,0.301529,0.299919,0.299919,50148.48305177
Kraken:ADAUSD,2021-01-15T16:37:00Z,0.300897,0.301319,0.300815,0.300815,14361.92741151
Kraken:ADAUSD,2021-01-15T16:38:00Z,0.30158,0.30158,0.301018,0.301444,10102.10448264
Kraken:ADAUSD,2021-01-15T16:39:00Z,0.3013,0.3013,0.299565,0.300889,46796.65303033
Kraken:ADAUSD,2021-01-15T16:40:00Z,0.301296,0.301296,0.300081,0.300081,9420.62136999
Kraken:ADAUSD,2021-01-15T16:41:00Z,0.301337,0.301337,0.300573,0.300573,4121.82871683
Kraken:ADAUSD,2021-01-15T16:42:00Z,0.300334,0.300796,0.300333,0.300796,3663.70994862
Kraken:ADAUSD,2021-01-15T16:43:00Z,0.300796,0.302196,0.300796,0.302196,12456.38984801
Kraken:ADAUSD,2021-01-15T16:44:00Z,0.302604,0.303202,0.302604,0.302888,6245.34103005
Kraken:ADAUSD,2021-01-15T16:45:00Z,0.303232,0.303461,0.302423,0.302423,13615.47171465
Kraken:ADAUSD,2021-01-15T16:46:00Z,0.303465,0.303999,0.302957,0.303999,21359.14903481
Kraken:ADAUSD,2021-01-15T16:47:00Z,0.303999,0.304052,0.303554,0.303554,30828.29296013
Kraken:ADAUSD,2021-01-15T16:48:00Z,0.303554,0.304145,0.302899,0.30329,36662.19387382
Kraken:ADAUSD,2021-01-15T16:49:00Z,0.303824,0.303961,0.303583,0.30362,15447.94448379
Kraken:ADAUSD,2021-01-15T16:50:00Z,0.303376,0.303376,0.302622,0.302622,2497.84378087
Kraken:ADAUSD,2021-01-15T16:51:00Z,0.302603,0.303183,0.302603,0.303183,4458.86218704
Kraken:ADAUSD,2021-01-15T16:52:00Z,0.302091,0.302091,0.301153,0.301546,10768.82010733
Kraken:ADAUSD,2021-01-15T16:53:00Z,0.301523,0.302537,0.301523,0.302223,25102.32219003
Kraken:ADAUSD,2021-01-15T16:54:00Z,0.301807,0.302197,0.301603,0.302197,15759.55674994
Kraken:ADAUSD,2021-01-15T16:55:00Z,0.302261,0.302298,0.300801,0.302,511753.46543606
Kraken:ADAUSD,2021-01-15T16:56:00Z,0.302,0.302289,0.301801,0.301801,243397.192944
Kraken:ADAUSD,2021-01-15T16:57:00Z,0.30222,0.302542,0.301807,0.302542,10472.42705115
Kraken:ADAUSD,2021-01-15T16:59:00Z,0.302596,0.302972,0.302596,0.302972,5E+2
Kraken:ADAUSD,2021-01-15T17:00:00Z,0.3027,0.3027,0.30092,0.30092,6854.6023
Kraken:ADAUSD,2021-01-15T17:01:00Z,0.30035,0.30095,0.299652,0.30049,308512.9460449201
Kraken:ADAUSD,2021-01-15T17:02:00Z,0.300315,0.300315,0.299578,0.29976,25078.48345651
Kraken:ADAUSD,2021-01-15T17:03:00Z,0.299941,0.29999,0.299355,0.299963,25721.27381714
Kraken:ADAUSD,2021-01-15T17:04:00Z,0.3,0.300074,0.299651,0.299651,6852.5728
Kraken:ADAUSD,2021-01-15T17:05:00Z,0.299833,0.299833,0.299606,0.299606,853.93265895
Kraken:ADAUSD,2021-01-15T17:06:00Z,0.300339,0.300355,0.300339,0.300355,1335.38931403
Kraken:ADAUSD,2021-01-15T17:07:00Z,0.300356,0.301516,0.300356,0.301516,32453.20190114
Kraken:ADAUSD,2021-01-15T17:08:00Z,0.301806,0.301806,0.300498,0.300498,16083.02792317
Kraken:ADAUSD,2021-01-15T17:09:00Z,0.299967,0.300122,0.29815,0.298525,14325.54565071
Kraken:ADAUSD,2021-01-15T17:10:00Z,0.2981,0.2981,0.296082,0.296499,122199.46205149
Kraken:ADAUSD,2021-01-15T17:11:00Z,0.297048,0.298272,0.297048,0.298272,461.63171138
Kraken:ADAUSD,2021-01-15T17:12:00Z,0.297457,0.297464,0.296354,0.296954,128942.61943119
Kraken:ADAUSD,2021-01-15T17:13:00Z,0.296954,0.297083,0.296954,0.297083,15967
Kraken:ADAUSD,2021-01-15T17:14:00Z,0.297462,0.298141,0.297449,0.298141,11621.01623296
Kraken:ADAUSD,2021-01-15T17:15:00Z,0.299927,0.301032,0.299881,0.301032,34362.90262446
Kraken:ADAUSD,2021-01-15T17:16:00Z,0.300863,0.300863,0.300863,0.300863,34140.65205758
Kraken:ADAUSD,2021-01-15T17:17:00Z,0.300442,0.302019,0.300049,0.302019,32441.12799991
Kraken:ADAUSD,2021-01-15T17:18:00Z,0.302058,0.30222,0.301844,0.302134,9936.19880166
Kraken:ADAUSD,2021-01-15T17:19:00Z,0.301896,0.301926,0.301432,0.301432,25057.94083807
Kraken:ADAUSD,2021-01-15T17:20:00Z,0.30051,0.301176,0.300444,0.300937,2.3E+4
Kraken:ADAUSD,2021-01-15T17:21:00Z,0.300924,0.300924,0.30087,0.30087,6186.51506022
Kraken:ADAUSD,2021-01-15T17:22:00Z,0.300513,0.301373,0.300429,0.3006,36985.28208267
Kraken:ADAUSD,2021-01-15T17:23:00Z,0.301,0.301,0.300296,0.300296,1214.271093
Kraken:ADAUSD,2021-01-15T17:24:00Z,0.300574,0.301001,0.300574,0.301001,3664.03814903
Kraken:ADAUSD,2021-01-15T17:25:00Z,0.301373,0.301987,0.301373,0.301987,6785.86396035
Kraken:ADAUSD,2021-01-15T17:26:00Z,0.30216,0.30216,0.301744,0.301744,1243.02171163
Kraken:ADAUSD,2021-01-15T17:27:00Z,0.301833,0.301833,0.301833,0.301833,9.3E+3
Kraken:ADAUSD,2021-01-15T17:28:00Z,0.302159,0.302825,0.302159,0.302825,21376.5472366
Kraken:ADAUSD,2021-01-15T17:29:00Z,0.302466,0.303318,0.302466,0.303046,170704.20475641
Kraken:ADAUSD,2021-01-15T17:30:00Z,0.303228,0.303228,0.302698,0.302699,7464.52883837
Kraken:ADAUSD,2021-01-15T17:31:00Z,0.30265,0.303157,0.30236,0.303157,7849.22454991
Kraken:ADAUSD,2021-01-15T17:32:00Z,0.303157,0.303157,0.303151,0.303157,78703.690062
Kraken:ADAUSD,2021-01-15T17:33:00Z,0.30315,0.30315,0.30315,0.30315,164.93049828
Kraken:ADAUSD,2021-01-15T17:34:00Z,0.302249,0.302249,0.301253,0.301253,4733.68069482
Kraken:ADAUSD,2021-01-15T17:35:00Z,0.301253,0.30257,0.301253,0.30257,184597.76795049
Kraken:ADAUSD,2021-01-15T17:36:00Z,0.302294,0.302294,0.302294,0.302294,1146.952
Kraken:ADAUSD,2021-01-15T17:37:00Z,0.302182,0.302182,0.302182,0.302182,10692.2589
Kraken:ADAUSD,2021-01-15T17:38:00Z,0.302,0.302,0.300855,0.300855,905.9581
Kraken:ADAUSD,2021-01-15T17:39:00Z,0.300443,0.300646,0.3,0.300646,44723.25184005
Kraken:ADAUSD,2021-01-15T17:40:00Z,0.3009,0.3009,0.300857,0.300857,15357.55393566
Kraken:ADAUSD,2021-01-15T17:41:00Z,0.300769,0.300813,0.300168,0.300712,13555.513417
Kraken:ADAUSD,2021-01-15T17:42:00Z,0.3009,0.301723,0.3009,0.301723,92571.80407159
Kraken:ADAUSD,2021-01-15T17:43:00Z,0.302086,0.302086,0.301238,0.301238,4453.047664
Kraken:ADAUSD,2021-01-15T17:44:00Z,0.30032,0.301465,0.299848,0.301465,187229.81465595
Kraken:ADAUSD,2021-01-15T17:45:00Z,0.298856,0.298857,0.29749,0.29749,208339.32568235
Kraken:ADAUSD,2021-01-15T17:46:00Z,0.298427,0.298427,0.298427,0.298427,1085.49460687
Kraken:ADAUSD,2021-01-15T17:47:00Z,0.29836,0.29836,0.297154,0.298205,8812.89201711
Kraken:ADAUSD,2021-01-15T17:48:00Z,0.298955,0.299018,0.298955,0.299018,156.62987566
Kraken:ADAUSD,2021-01-15T17:49:00Z,0.299995,0.299995,0.299995,0.299995,6.7E+3
Kraken:ADAUSD,2021-01-15T17:51:00Z,0.298979,0.299407,0.298685,0.299407,12052.29650196
Kraken:ADAUSD,2021-01-15T17:52:00Z,0.299407,0.299786,0.299407,0.299444,187931.82258771
Kraken:ADAUSD,2021-01-15T17:53:00Z,0.299844,0.3,0.299663,0.299663,14239.3331002
Kraken:ADAUSD,2021-01-15T17:54:00Z,0.299216,0.299997,0.298521,0.298991,81187.29338494
Kraken:ADAUSD,2021-01-15T17:55:00Z,0.29829,0.29829,0.298,0.298,3305.3872
Kraken:ADAUSD,2021-01-15T17:56:00Z,0.298,0.298104,0.297987,0.298104,1306.36678567
Kraken:ADAUSD,2021-01-15T17:57:00Z,0.298734,0.301463,0.298734,0.301463,18086.25332838
Kraken:ADAUSD,2021-01-15T17:58:00Z,0.300964,0.301555,0.300735,0.300938,29764.24112901
Kraken:ADAUSD,2021-01-15T17:59:00Z,0.301296,0.301296,0.300683,0.300683,2936.57265227
Kraken:ADAUSD,2021-01-15T18:00:00Z,0.300686,0.30171,0.300686,0.30171,172704.42817507
Kraken:ADAUSD,2021-01-15T18:01:00Z,0.30163,0.30163,0.30163,0.30163,1E+2
Kraken:ADAUSD,2021-01-15T18:02:00Z,0.30155,0.301571,0.30155,0.301571,1009.631231
Kraken:ADAUSD,2021-01-15T18:03:00Z,0.301313,0.303959,0.301313,0.303959,321747.7304449799
Kraken:ADAUSD,2021-01-15T18:04:00Z,0.303607,0.303957,0.303156,0.303156,165156.70693153
Kraken:ADAUSD,2021-01-15T18:05:00Z,0.303588,0.303588,0.303588,0.303588,2.5E+2
Kraken:ADAUSD,2021-01-15T18:06:00Z,0.3035,0.303682,0.3028,0.3028,44768.86610409
Kraken:ADAUSD,2021-01-15T18:07:00Z,0.30352,0.303704,0.303491,0.303704,17265.20794161
Kraken:ADAUSD,2021-01-15T18:08:00Z,0.303704,0.304213,0.303704,0.304213,2925.52174153
Kraken:ADAUSD,2021-01-15T18:09:00Z,0.304422,0.304535,0.304422,0.304535,888.21859663
Kraken:ADAUSD,2021-01-15T18:10:00Z,0.304685,0.30639,0.304685,0.30639,49155.4808481
Kraken:ADAUSD,2021-01-15T18:11:00Z,0.306392,0.306974,0.306392,0.306974,107433.57105973
Kraken:ADAUSD,2021-01-15T18:12:00Z,0.306284,0.306427,0.304885,0.304885,13956.94441594
Kraken:ADAUSD,2021-01-15T18:13:00Z,0.305946,0.306247,0.305234,0.305536,7280.09264143
Kraken:ADAUSD,2021-01-15T18:14:00Z,0.305447,0.306002,0.305,0.305166,29104.83633485
Kraken:ADAUSD,2021-01-15T18:15:00Z,0.305,0.305276,0.305,0.305276,6704.07443042
Kraken:ADAUSD,2021-01-15T18:17:00Z,0.306127,0.306607,0.306127,0.306136,4614.4645
Kraken:ADAUSD,2021-01-15T18:18:00Z,0.306358,0.306401,0.30601,0.30601,10624.43931267
Kraken:ADAUSD,2021-01-15T18:19:00Z,0.306134,0.306974,0.305955,0.306974,49845.72355397
Kraken:ADAUSD,2021-01-15T18:20:00Z,0.307104,0.307104,0.307104,0.307104,1972.71507063
Kraken:ADAUSD,2021-01-15T18:21:00Z,0.30651,0.307385,0.306458,0.307385,20620.70117662
Kraken:ADAUSD,2021-01-15T18:22:00Z,0.307619,0.307945,0.307619,0.307684,28178.000733
Kraken:ADAUSD,2021-01-15T18:23:00Z,0.307669,0.307669,0.307414,0.307414,126557.19011626
Kraken:ADAUSD,2021-01-15T18:24:00Z,0.3074,0.3074,0.306929,0.306929,15161.97886101
Kraken:ADAUSD,2021-01-15T18:25:00Z,0.305226,0.306076,0.30474,0.306076,15243.07472182
Kraken:ADAUSD,2021-01-15T18:26:00Z,0.30634,0.30634,0.305891,0.305986,1322.87196349
Kraken:ADAUSD,2021-01-15T18:27:00Z,0.305768,0.305768,0.305455,0.305455,1E+5
Kraken:ADAUSD,2021-01-15T18:28:00Z,0.306408,0.307262,0.306408,0.307262,9539.450996
Kraken:ADAUSD,2021-01-15T18:29:00Z,0.306518,0.306713,0.306518,0.306518,41424.368912
Kraken:ADAUSD,2021-01-15T18:30:00Z,0.305485,0.305485,0.305459,0.305459,2989
Kraken:ADAUSD,2021-01-15T18:31:00Z,0.304703,0.304703,0.304703,0.304703,705.20870337
Kraken:ADAUSD,2021-01-15T18:32:00Z,0.304632,0.305528,0.304632,0.305528,50333
Kraken:ADAUSD,2021-01-15T18:33:00Z,0.304429,0.304429,0.304429,0.304429,7256.64078915
Kraken:ADAUSD,2021-01-15T18:34:00Z,0.30391,0.30391,0.303528,0.303909,4469.99999997
Kraken:ADAUSD,2021-01-15T18:35:00Z,0.303909,0.30444,0.303574,0.303684,145997.41950147
Kraken:ADAUSD,2021-01-15T18:36:00Z,0.304691,0.304691,0.304691,0.304691,6.6E+3
Kraken:ADAUSD,2021-01-15T18:37:00Z,0.304307,0.304307,0.304307,0.304307,3.3E+2
Kraken:ADAUSD,2021-01-15T18:38:00Z,0.304016,0.304446,0.30363,0.303852,52745.399071
Kraken:ADAUSD,2021-01-15T18:39:00Z,0.303461,0.303795,0.303263,0.303271,8580.30260101
Kraken:ADAUSD,2021-01-15T18:40:00Z,0.303262,0.303262,0.302355,0.302791,1016.96600859
Kraken:ADAUSD,2021-01-15T18:41:00Z,0.3022,0.3022,0.301451,0.301451,867.92158355
Kraken:ADAUSD,2021-01-15T18:42:00Z,0.301228,0.30174,0.301009,0.301582,443737.3760416301
Kraken:ADAUSD,2021-01-15T18:43:00Z,0.301,0.301,0.300518,0.300745,5166.20796898
Kraken:ADAUSD,2021-01-15T18:44:00Z,0.300956,0.30186,0.300956,0.30175,13261.12285042
Kraken:ADAUSD,2021-01-15T18:45:00Z,0.300294,0.300294,0.298892,0.298892,19344.04249404
Kraken:ADAUSD,2021-01-15T18:46:00Z,0.298754,0.299051,0.29716,0.298338,179148.00229283
Kraken:ADAUSD,2021-01-15T18:47:00Z,0.2998,0.2998,0.298178,0.298178,11238.93520004
Kraken:ADAUSD,2021-01-15T18:48:00Z,0.298761,0.298761,0.297669,0.298085,38449.00576151
Kraken:ADAUSD,2021-01-15T18:49:00Z,0.297318,0.297422,0.296445,0.296594,24916.74702658
Kraken:ADAUSD,2021-01-15T18:50:00Z,0.296769,0.29895,0.296769,0.298733,30913.03508649
Kraken:ADAUSD,2021-01-15T18:51:00Z,0.298756,0.299553,0.297963,0.298141,28467.42531962
Kraken:ADAUSD,2021-01-15T18:52:00Z,0.298745,0.298745,0.298745,0.298745,238
Kraken:ADAUSD,2021-01-15T18:53:00Z,0.297837,0.297837,0.297837,0.297837,5E+3
Kraken:ADAUSD,2021-01-15T18:54:00Z,0.297764,0.297764,0.297764,0.297764,463.180305
Kraken:ADAUSD,2021-01-15T18:55:00Z,0.298408,0.299349,0.298408,0.29887,615.36914615
Kraken:ADAUSD,2021-01-15T18:56:00Z,0.299936,0.301107,0.299936,0.300504,9202.20599967
Kraken:ADAUSD,2021-01-15T18:57:00Z,0.300262,0.301074,0.300119,0.300856,93826.62664631
Kraken:ADAUSD,2021-01-15T18:58:00Z,0.30033,0.30033,0.29986,0.29986,1230.41098116
Kraken:ADAUSD,2021-01-15T18:59:00Z,0.300141,0.300363,0.300141,0.300363,5328.090406
Kraken:ADAUSD,2021-01-15T19:00:00Z,0.300325,0.301007,0.300282,0.301007,1163.41363044
Kraken:ADAUSD,2021-01-15T19:01:00Z,0.301109,0.302313,0.301109,0.301123,65902.56562745
Kraken:ADAUSD,2021-01-15T19:02:00Z,0.300977,0.300977,0.300227,0.300777,80267.22016749
Kraken:ADAUSD,2021-01-15T19:03:00Z,0.300363,0.301469,0.300363,0.300764,544840.48862484
Kraken:ADAUSD,2021-01-15T19:04:00Z,0.301161,0.301481,0.300733,0.300733,86606.33621854
Kraken:ADAUSD,2021-01-15T19:05:00Z,0.300219,0.300458,0.300219,0.300393,8604.43414763
Kraken:ADAUSD,2021-01-15T19:06:00Z,0.29957,0.299831,0.298342,0.298342,67801.0189
Kraken:ADAUSD,2021-01-15T19:07:00Z,0.298057,0.298232,0.297716,0.298139,101411.63533885
Kraken:ADAUSD,2021-01-15T19:08:00Z,0.298495,0.299611,0.298245,0.299611,18734.88254377
Kraken:ADAUSD,2021-01-15T19:09:00Z,0.299654,0.299654,0.298856,0.29892,2571.35487616
Kraken:ADAUSD,2021-01-15T19:10:00Z,0.299437,0.30188,0.299437,0.301556,29672.31827988
Kraken:ADAUSD,2021-01-15T19:11:00Z,0.301973,0.3025,0.301777,0.3025,42459.68055931
Kraken:ADAUSD,2021-01-15T19:12:00Z,0.3025,0.303,0.3025,0.302605,1.87E+4
Kraken:ADAUSD,2021-01-15T19:13:00Z,0.302446,0.302446,0.302446,0.302446,2680.11189467
Kraken:ADAUSD,2021-01-15T19:14:00Z,0.302956,0.30332,0.302956,0.30332,19433.02377308
Kraken:ADAUSD,2021-01-15T19:15:00Z,0.303746,0.303746,0.303746,0.303746,825.43118732
Kraken:ADAUSD,2021-01-15T19:16:00Z,0.303036,0.303648,0.303036,0.303648,312.343998
Kraken:ADAUSD,2021-01-15T19:17:00Z,0.302252,0.302252,0.301623,0.301623,2.56E+4
Kraken:ADAUSD,2021-01-15T19:18:00Z,0.302,0.302894,0.302,0.302894,8756.7860923
Kraken:ADAUSD,2021-01-15T19:19:00Z,0.303092,0.303092,0.303092,0.303092,19.376326
Kraken:ADAUSD,2021-01-15T19:20:00Z,0.302344,0.303063,0.302344,0.303063,408.21928386
Kraken:ADAUSD,2021-01-15T19:21:00Z,0.303063,0.303146,0.303063,0.303128,1341.39826577
Kraken:ADAUSD,2021-01-15T19:22:00Z,0.303352,0.303446,0.3031,0.3031,48985.90275
Kraken:ADAUSD,2021-01-15T19:23:00Z,0.30239,0.30278,0.30239,0.30278,16689.42619908
Kraken:ADAUSD,2021-01-15T19:24:00Z,0.30278,0.302843,0.302638,0.302638,1797.8389
Kraken:ADAUSD,2021-01-15T19:25:00Z,0.302606,0.303471,0.302369,0.303471,5428.82453933
Kraken:ADAUSD,2021-01-15T19:26:00Z,0.30353,0.30353,0.303424,0.303471,2656.54085502
Kraken:ADAUSD,2021-01-15T19:27:00Z,0.303465,0.303465,0.303465,0.303465,64.912384
Kraken:ADAUSD,2021-01-15T19:28:00Z,0.303144,0.303859,0.30298,0.303859,30077.37814182
Kraken:ADAUSD,2021-01-15T19:29:00Z,0.303668,0.303843,0.303453,0.303453,19751.51936669
Kraken:ADAUSD,2021-01-15T19:30:00Z,0.303295,0.303295,0.303295,0.303295,82.0063318
Kraken:ADAUSD,2021-01-15T19:31:00Z,0.303297,0.303297,0.303297,0.303297,220.92670355
Kraken:ADAUSD,2021-01-15T19:32:00Z,0.30218,0.302182,0.302159,0.302182,1.1E+4
Kraken:ADAUSD,2021-01-15T19:33:00Z,0.30176,0.302055,0.30176,0.302055,3917.35261452
Kraken:ADAUSD,2021-01-15T19:34:00Z,0.30294,0.303485,0.30294,0.303485,5032.548211
Kraken:ADAUSD,2021-01-15T19:35:00Z,0.30383,0.304303,0.303621,0.304197,40482.44770297
Kraken:ADAUSD,2021-01-15T19:36:00Z,0.304384,0.304427,0.304384,0.304427,215.74969659
Kraken:ADAUSD,2021-01-15T19:37:00Z,0.304021,0.304175,0.304021,0.304175,1176
Kraken:ADAUSD,2021-01-15T19:38:00Z,0.304535,0.304684,0.303456,0.303456,5.46E+3
Kraken:ADAUSD,2021-01-15T19:39:00Z,0.302761,0.302769,0.296284,0.302195,2658853.8823655797
Kraken:ADAUSD,2021-01-15T19:40:00Z,0.302163,0.302163,0.301111,0.301467,468638.3904316001
Kraken:ADAUSD,2021-01-15T19:41:00Z,0.301463,0.30161,0.300456,0.300973,359882.62507678
Kraken:ADAUSD,2021-01-15T19:42:00Z,0.301298,0.301632,0.301298,0.301484,47823.50221085
Kraken:ADAUSD,2021-01-15T19:43:00Z,0.301448,0.302327,0.301448,0.302327,150233.3249753
Kraken:ADAUSD,2021-01-15T19:44:00Z,0.302327,0.302401,0.302112,0.3024,24196.84686799
Kraken:ADAUSD,2021-01-15T19:45:00Z,0.302189,0.302472,0.302189,0.302472,28749.74540599
Kraken:ADAUSD,2021-01-15T19:46:00Z,0.302473,0.303235,0.302473,0.303235,25840.49287225
Kraken:ADAUSD,2021-01-15T19:47:00Z,0.303759,0.303759,0.303588,0.303588,3793.91074999
Kraken:ADAUSD,2021-01-15T19:49:00Z,0.301402,0.301402,0.3014,0.3014,2052.92769367
Kraken:ADAUSD,2021-01-15T19:51:00Z,0.301501,0.301501,0.30095,0.30095,8497.89103616
Kraken:ADAUSD,2021-01-15T19:52:00Z,0.301128,0.30205,0.300896,0.300896,154785.64976941
Kraken:ADAUSD,2021-01-15T19:53:00Z,0.301675,0.302032,0.301487,0.301487,39616.29838432
Kraken:ADAUSD,2021-01-15T19:54:00Z,0.301966,0.301966,0.301966,0.301966,3.2E+2
Kraken:ADAUSD,2021-01-15T19:55:00Z,0.301094,0.301094,0.301067,0.301067,1.05E+4
Kraken:ADAUSD,2021-01-15T19:56:00Z,0.300973,0.301527,0.300973,0.30149,2180.31269638
Kraken:ADAUSD,2021-01-15T19:57:00Z,0.300439,0.300531,0.300439,0.300531,1864.00000007
Kraken:ADAUSD,2021-01-15T19:58:00Z,0.299961,0.300145,0.299645,0.29967,126133.23365771
Kraken:ADAUSD,2021-01-15T19:59:00Z,0.29962,0.29962,0.29962,0.29962,4.4E+2
Kraken:ADAUSD,2021-01-15T20:00:00Z,0.299633,0.299633,0.298754,0.298821,588.28067538
Kraken:ADAUSD,2021-01-15T20:01:00Z,0.298885,0.299289,0.298885,0.299289,1769.92553738
Kraken:ADAUSD,2021-01-15T20:02:00Z,0.299567,0.300619,0.299567,0.300619,43319.45240201
Kraken:ADAUSD,2021-01-15T20:03:00Z,0.299954,0.299954,0.299954,0.299954,909.83083264
Kraken:ADAUSD,2021-01-15T20:04:00Z,0.300204,0.300204,0.298754,0.298754,5576.81967707
Kraken:ADAUSD,2021-01-15T20:05:00Z,0.297861,0.297861,0.297335,0.297335,15025.00044872
Kraken:ADAUSD,2021-01-15T20:06:00Z,0.298258,0.298258,0.297515,0.297515,2884.7750936
Kraken:ADAUSD,2021-01-15T20:07:00Z,0.297159,0.297159,0.295,0.29693,611897.3816526398
Kraken:ADAUSD,2021-01-15T20:08:00Z,0.297723,0.297723,0.296086,0.296086,63731.89124865
Kraken:ADAUSD,2021-01-15T20:09:00Z,0.296488,0.297028,0.296487,0.297028,1.75E+4
Kraken:ADAUSD,2021-01-15T20:10:00Z,0.297129,0.297493,0.296978,0.296978,12487.35797644
Kraken:ADAUSD,2021-01-15T20:11:00Z,0.296978,0.296978,0.296978,0.296978,100985.8659
Kraken:ADAUSD,2021-01-15T20:12:00Z,0.296508,0.296508,0.2957,0.2957,11396.03891899
Kraken:ADAUSD,2021-01-15T20:13:00Z,0.295001,0.295001,0.295001,0.295001,1571.38325
Kraken:ADAUSD,2021-01-15T20:14:00Z,0.296021,0.297728,0.296021,0.297728,24054.23667534
Kraken:ADAUSD,2021-01-15T20:15:00Z,0.298039,0.298325,0.298039,0.298325,1653.18825096
Kraken:ADAUSD,2021-01-15T20:16:00Z,0.298326,0.298326,0.297082,0.297082,15323.151158
Kraken:ADAUSD,2021-01-15T20:17:00Z,0.2959,0.2959,0.2959,0.2959,5E+3
Kraken:ADAUSD,2021-01-15T20:18:00Z,0.295383,0.29574,0.295,0.295,44669.51719127
Kraken:ADAUSD,2021-01-15T20:19:00Z,0.295,0.296087,0.295,0.296087,65300.80461578
Kraken:ADAUSD,2021-01-15T20:20:00Z,0.295699,0.295737,0.295239,0.295737,52059.57387233
Kraken:ADAUSD,2021-01-15T20:21:00Z,0.296024,0.296024,0.295445,0.295489,14755.0034003
Kraken:ADAUSD,2021-01-15T20:22:00Z,0.295695,0.2963,0.295597,0.2963,485709.59568331
Kraken:ADAUSD,2021-01-15T20:23:00Z,0.295909,0.295909,0.295908,0.295908,15000.00000038
Kraken:ADAUSD,2021-01-15T20:24:00Z,0.296557,0.297514,0.296557,0.297352,8477.62486556
Kraken:ADAUSD,2021-01-15T20:25:00Z,0.297625,0.297625,0.297625,0.297625,2591.1
Kraken:ADAUSD,2021-01-15T20:26:00Z,0.297131,0.297131,0.297082,0.297082,4177.98320033
Kraken:ADAUSD,2021-01-15T20:27:00Z,0.296279,0.296279,0.296279,0.296279,250.34848909
Kraken:ADAUSD,2021-01-15T20:28:00Z,0.295543,0.295564,0.295506,0.295506,29080.03213372
Kraken:ADAUSD,2021-01-15T20:29:00Z,0.295452,0.29602,0.295452,0.29602,520000.0000000001
Kraken:ADAUSD,2021-01-15T20:30:00Z,0.295779,0.297564,0.295779,0.297564,32117.101312
Kraken:ADAUSD,2021-01-15T20:31:00Z,0.298124,0.298124,0.29805,0.298095,21718.88136179
Kraken:ADAUSD,2021-01-15T20:32:00Z,0.298095,0.298756,0.298075,0.298075,240213.52117428
Kraken:ADAUSD,2021-01-15T20:33:00Z,0.297726,0.297988,0.297602,0.297631,83145.59585505
Kraken:ADAUSD,2021-01-15T20:34:00Z,0.297,0.297,0.29645,0.29645,5724.021567
Kraken:ADAUSD,2021-01-15T20:35:00Z,0.295224,0.295224,0.295224,0.295224,99.80040008
Kraken:ADAUSD,2021-01-15T20:36:00Z,0.295224,0.295224,0.29359,0.29359,229292.0083664701
Kraken:ADAUSD,2021-01-15T20:37:00Z,0.293622,0.293622,0.293437,0.293437,14618.82494111
Kraken:ADAUSD,2021-01-15T20:38:00Z,0.293558,0.293558,0.293434,0.293434,2696.220225
Kraken:ADAUSD,2021-01-15T20:39:00Z,0.293433,0.294126,0.293253,0.294126,207912.79682453
Kraken:ADAUSD,2021-01-15T20:40:00Z,0.29416,0.29416,0.293107,0.293424,53702.7008201
Kraken:ADAUSD,2021-01-15T20:41:00Z,0.294294,0.294481,0.294294,0.294481,999.48196708
Kraken:ADAUSD,2021-01-15T20:42:00Z,0.29513,0.296633,0.29513,0.296468,10639.80712128
Kraken:ADAUSD,2021-01-15T20:43:00Z,0.296666,0.297161,0.296666,0.297161,355.46747731
Kraken:ADAUSD,2021-01-15T20:44:00Z,0.296958,0.297834,0.296958,0.297786,17356.16945511
Kraken:ADAUSD,2021-01-15T20:45:00Z,0.297833,0.298603,0.297833,0.298603,15306.43091567
Kraken:ADAUSD,2021-01-15T20:46:00Z,0.298067,0.298859,0.298067,0.298859,47333.20570117
Kraken:ADAUSD,2021-01-15T20:47:00Z,0.298566,0.298942,0.298566,0.298942,6.01E+4
Kraken:ADAUSD,2021-01-15T20:48:00Z,0.299218,0.299218,0.298886,0.298886,991.12040133
Kraken:ADAUSD,2021-01-15T20:49:00Z,0.2988,0.299832,0.2988,0.299832,33153.04124788
Kraken:ADAUSD,2021-01-15T20:50:00Z,0.300034,0.300034,0.299872,0.299872,1.18E+3
Kraken:ADAUSD,2021-01-15T20:51:00Z,0.299577,0.29985,0.299577,0.299681,809.90283339
Kraken:ADAUSD,2021-01-15T20:52:00Z,0.299828,0.3,0.299828,0.3,5647.10083487
Kraken:ADAUSD,2021-01-15T20:53:00Z,0.29978,0.3,0.299767,0.299767,4926.72306157
Kraken:ADAUSD,2021-01-15T20:55:00Z,0.299704,0.301015,0.299704,0.300467,18274.09606557
Kraken:ADAUSD,2021-01-15T20:56:00Z,0.300776,0.300858,0.300776,0.300858,4714.70139678
Kraken:ADAUSD,2021-01-15T20:57:00Z,0.300122,0.300122,0.300122,0.300122,1.02E+3
Kraken:ADAUSD,2021-01-15T20:58:00Z,0.300625,0.300684,0.300258,0.300258,5089.5975
Kraken:ADAUSD,2021-01-15T20:59:00Z,0.300014,0.300014,0.300014,0.300014,195
Kraken:ADAUSD,2021-01-15T21:00:00Z,0.300014,0.300014,0.299043,0.299043,27435.53102025
Kraken:ADAUSD,2021-01-15T21:01:00Z,0.299759,0.299759,0.299759,0.299759,68.19326863
Kraken:ADAUSD,2021-01-15T21:02:00Z,0.30035,0.30035,0.30035,0.30035,1246.068384
Kraken:ADAUSD,2021-01-15T21:03:00Z,0.299884,0.300054,0.299884,0.299907,6188.58012651
Kraken:ADAUSD,2021-01-15T21:04:00Z,0.299654,0.29989,0.299226,0.299226,491.49777629
Kraken:ADAUSD,2021-01-15T21:05:00Z,0.298867,0.298947,0.298867,0.298947,6.1E+4
Kraken:ADAUSD,2021-01-15T21:06:00Z,0.299017,0.299346,0.298599,0.298599,27190.86697673
Kraken:ADAUSD,2021-01-15T21:07:00Z,0.298366,0.298371,0.298,0.298371,250495.9545
Kraken:ADAUSD,2021-01-15T21:08:00Z,0.297672,0.297991,0.297565,0.297762,16962.37417589
Kraken:ADAUSD,2021-01-15T21:09:00Z,0.298064,0.298444,0.298064,0.298444,1033.073113
Kraken:ADAUSD,2021-01-15T21:10:00Z,0.29817,0.298516,0.29817,0.298489,2426.8586
Kraken:ADAUSD,2021-01-15T21:11:00Z,0.298335,0.298335,0.297699,0.297699,8157.72150109
Kraken:ADAUSD,2021-01-15T21:12:00Z,0.297699,0.297699,0.297117,0.297352,7355.86845337
Kraken:ADAUSD,2021-01-15T21:13:00Z,0.297699,0.297814,0.297699,0.297814,412
Kraken:ADAUSD,2021-01-15T21:15:00Z,0.297675,0.298231,0.297675,0.298231,3522.20691398
Kraken:ADAUSD,2021-01-15T21:16:00Z,0.298726,0.299077,0.298726,0.299077,3641.36020209
Kraken:ADAUSD,2021-01-15T21:17:00Z,0.298523,0.298523,0.298523,0.298523,923.3483
Kraken:ADAUSD,2021-01-15T21:18:00Z,0.297853,0.297853,0.297853,0.297853,389.45385811
Kraken:ADAUSD,2021-01-15T21:19:00Z,0.297503,0.297622,0.297503,0.297622,62019.21401021
Kraken:ADAUSD,2021-01-15T21:20:00Z,0.297628,0.298562,0.297628,0.298562,776.76460345
Kraken:ADAUSD,2021-01-15T21:22:00Z,0.298768,0.298768,0.298,0.298,14518.36183359
Kraken:ADAUSD,2021-01-15T21:23:00Z,0.298153,0.298153,0.298153,0.298153,214.94024164
Kraken:ADAUSD,2021-01-15T21:26:00Z,0.298329,0.298329,0.298294,0.298294,9724.42723923
Kraken:ADAUSD,2021-01-15T21:28:00Z,0.29866,0.29866,0.298407,0.298408,9486.866344
Kraken:ADAUSD,2021-01-15T21:29:00Z,0.298795,0.299064,0.298795,0.299011,2890.30621462
Kraken:ADAUSD,2021-01-15T21:30:00Z,0.29917,0.299388,0.29917,0.299388,2.16E+4
Kraken:ADAUSD,2021-01-15T21:31:00Z,0.299299,0.299445,0.299249,0.299256,18599.44646681
Kraken:ADAUSD,2021-01-15T21:32:00Z,0.2993,0.30082,0.2993,0.30082,54710.29852588
Kraken:ADAUSD,2021-01-15T21:33:00Z,0.301052,0.301052,0.300604,0.300821,12111.22667778
Kraken:ADAUSD,2021-01-15T21:34:00Z,0.3006,0.301469,0.3006,0.301469,7.75E+3
Kraken:ADAUSD,2021-01-15T21:35:00Z,0.301469,0.302654,0.301469,0.302654,9485.55266463
Kraken:ADAUSD,2021-01-15T21:36:00Z,0.30287,0.30342,0.30287,0.30342,106650.9739
Kraken:ADAUSD,2021-01-15T21:37:00Z,0.302972,0.303236,0.302972,0.303236,12752.99928706
Kraken:ADAUSD,2021-01-15T21:38:00Z,0.302858,0.303004,0.302858,0.302858,9950.4297
Kraken:ADAUSD,2021-01-15T21:40:00Z,0.302437,0.3027,0.302437,0.3027,1.065E+4
Kraken:ADAUSD,2021-01-15T21:41:00Z,0.303146,0.303146,0.302932,0.302932,13314.591185
Kraken:ADAUSD,2021-01-15T21:42:00Z,0.302698,0.302728,0.302698,0.302728,73653.7536
Kraken:ADAUSD,2021-01-15T21:43:00Z,0.302778,0.302778,0.3027,0.3027,9.37E+3
Kraken:ADAUSD,2021-01-15T21:44:00Z,0.3029,0.303343,0.3029,0.303343,170795.32768168
Kraken:ADAUSD,2021-01-15T21:45:00Z,0.303343,0.303999,0.303343,0.303926,45211.52732079
Kraken:ADAUSD,2021-01-15T21:46:00Z,0.303999,0.304923,0.303999,0.304503,26426.70513512
Kraken:ADAUSD,2021-01-15T21:47:00Z,0.303727,0.304263,0.303727,0.304,79854.56724778
Kraken:ADAUSD,2021-01-15T21:48:00Z,0.303721,0.303808,0.303193,0.303607,116675.80190706
Kraken:ADAUSD,2021-01-15T21:49:00Z,0.30266,0.303001,0.302426,0.302426,1233.45198598
Kraken:ADAUSD,2021-01-15T21:50:00Z,0.302252,0.302671,0.302004,0.302626,80260.13363994
Kraken:ADAUSD,2021-01-15T21:53:00Z,0.302015,0.3026,0.302015,0.3026,6.5E+3
Kraken:ADAUSD,2021-01-15T21:54:00Z,0.303271,0.303517,0.303052,0.303364,75420.09831864
Kraken:ADAUSD,2021-01-15T21:55:00Z,0.303803,0.303803,0.303653,0.303653,3755.7460478
Kraken:ADAUSD,2021-01-15T21:56:00Z,0.303425,0.303585,0.303425,0.303585,540.976991
Kraken:ADAUSD,2021-01-15T21:58:00Z,0.303304,0.303304,0.302924,0.302924,7565.10207629
Kraken:ADAUSD,2021-01-15T21:59:00Z,0.302563,0.302563,0.302563,0.302563,150.00005189
Kraken:ADAUSD,2021-01-15T22:00:00Z,0.302985,0.302985,0.302848,0.302848,2762.88202434
Kraken:ADAUSD,2021-01-15T22:01:00Z,0.302723,0.302723,0.302723,0.302723,5244.04529662
Kraken:ADAUSD,2021-01-15T22:02:00Z,0.30228,0.30228,0.30228,0.30228,212.88672754
Kraken:ADAUSD,2021-01-15T22:03:00Z,0.303082,0.303115,0.303082,0.303115,7802.647817
Kraken:ADAUSD,2021-01-15T22:04:00Z,0.30281,0.302811,0.302808,0.302808,32468.3624607
Kraken:ADAUSD,2021-01-15T22:05:00Z,0.302,0.302,0.301864,0.301864,3971.22185431
Kraken:ADAUSD,2021-01-15T22:06:00Z,0.301397,0.302007,0.300997,0.300997,17326.32582368
Kraken:ADAUSD,2021-01-15T22:08:00Z,0.301534,0.301534,0.301534,0.301534,1.3E+3
Kraken:ADAUSD,2021-01-15T22:09:00Z,0.301623,0.301623,0.301623,0.301623,3.5E+3
Kraken:ADAUSD,2021-01-15T22:10:00Z,0.300518,0.300518,0.300518,0.300518,803.43113098
Kraken:ADAUSD,2021-01-15T22:11:00Z,0.300508,0.300508,0.30049,0.30049,3.8E+2
Kraken:ADAUSD,2021-01-15T22:12:00Z,0.300983,0.300983,0.300983,0.300983,5251.20488533
Kraken:ADAUSD,2021-01-15T22:13:00Z,0.301022,0.301022,0.300836,0.301018,33654.99999993
Kraken:ADAUSD,2021-01-15T22:15:00Z,0.301183,0.301183,0.300923,0.301069,10470.79619952
Kraken:ADAUSD,2021-01-15T22:16:00Z,0.301222,0.301295,0.3011,0.3011,1703.06196404
Kraken:ADAUSD,2021-01-15T22:18:00Z,0.301233,0.301233,0.301083,0.301083,4264.53974147
Kraken:ADAUSD,2021-01-15T22:20:00Z,0.301238,0.301311,0.301238,0.301311,420.51095775
Kraken:ADAUSD,2021-01-15T22:21:00Z,0.300883,0.300883,0.300557,0.30083,19870.341149
Kraken:ADAUSD,2021-01-15T22:23:00Z,0.300753,0.300754,0.300615,0.300615,20327.728157
Kraken:ADAUSD,2021-01-15T22:24:00Z,0.30098,0.301139,0.30098,0.301139,8E+2
Kraken:ADAUSD,2021-01-15T22:25:00Z,0.301212,0.301212,0.300792,0.300792,2706.58051597
Kraken:ADAUSD,2021-01-15T22:26:00Z,0.300652,0.300955,0.300652,0.300795,15248.2
Kraken:ADAUSD,2021-01-15T22:27:00Z,0.300535,0.300535,0.30031,0.30031,936.345184
Kraken:ADAUSD,2021-01-15T22:29:00Z,0.300308,0.30056,0.300308,0.30056,39197.82343825
Kraken:ADAUSD,2021-01-15T22:30:00Z,0.30073,0.301202,0.300644,0.301104,96182.19824846
Kraken:ADAUSD,2021-01-15T22:31:00Z,0.301282,0.301751,0.301254,0.301751,20991.2132
Kraken:ADAUSD,2021-01-15T22:32:00Z,0.301813,0.3026,0.301813,0.3026,19616.59318137
Kraken:ADAUSD,2021-01-15T22:33:00Z,0.302589,0.302867,0.302589,0.302867,995.51844211
Kraken:ADAUSD,2021-01-15T22:34:00Z,0.302682,0.303054,0.302682,0.303054,3728.04869117
Kraken:ADAUSD,2021-01-15T22:35:00Z,0.303472,0.303721,0.303472,0.303721,43940.49788896
Kraken:ADAUSD,2021-01-15T22:36:00Z,0.303721,0.304322,0.303721,0.304322,56038.56161881
Kraken:ADAUSD,2021-01-15T22:37:00Z,0.30411,0.304348,0.30322,0.304009,640225.7655003801
Kraken:ADAUSD,2021-01-15T22:38:00Z,0.304009,0.304009,0.303922,0.303964,37610.12686161
Kraken:ADAUSD,2021-01-15T22:39:00Z,0.303982,0.303982,0.303742,0.303742,40806.10305933
Kraken:ADAUSD,2021-01-15T22:40:00Z,0.303388,0.303612,0.303248,0.303612,97448.106141
Kraken:ADAUSD,2021-01-15T22:42:00Z,0.303561,0.303561,0.303561,0.303561,1818.9378741
Kraken:ADAUSD,2021-01-15T22:43:00Z,0.303751,0.303867,0.303566,0.303566,220.90236351
Kraken:ADAUSD,2021-01-15T22:44:00Z,0.303817,0.303817,0.303745,0.303804,17711.27658364
Kraken:ADAUSD,2021-01-15T22:45:00Z,0.303804,0.303964,0.30365,0.303964,15640.43304948
Kraken:ADAUSD,2021-01-15T22:46:00Z,0.303537,0.30377,0.303537,0.30377,1885.984519
Kraken:ADAUSD,2021-01-15T22:47:00Z,0.3035,0.3035,0.303034,0.303034,21583.218122
Kraken:ADAUSD,2021-01-15T22:48:00Z,0.303,0.303,0.302497,0.302497,99510.19553846
Kraken:ADAUSD,2021-01-15T22:49:00Z,0.302202,0.302698,0.302202,0.302698,5.5E+3
Kraken:ADAUSD,2021-01-15T22:50:00Z,0.302216,0.302698,0.302216,0.302698,8186.678954
Kraken:ADAUSD,2021-01-15T22:51:00Z,0.302691,0.302691,0.302691,0.302691,5E+3
Kraken:ADAUSD,2021-01-15T22:52:00Z,0.302388,0.3024,0.302388,0.3024,7218.3092421
Kraken:ADAUSD,2021-01-15T22:53:00Z,0.302698,0.302698,0.302698,0.302698,10817.10615066
Kraken:ADAUSD,2021-01-15T22:54:00Z,0.302698,0.303239,0.302698,0.303008,134002.71017931
Kraken:ADAUSD,2021-01-15T22:55:00Z,0.302782,0.303282,0.302782,0.303282,14273.12290197
Kraken:ADAUSD,2021-01-15T22:56:00Z,0.302928,0.304467,0.302928,0.304167,14586.60021516
Kraken:ADAUSD,2021-01-15T22:57:00Z,0.304348,0.305032,0.304348,0.305032,57363.77851478
Kraken:ADAUSD,2021-01-15T22:58:00Z,0.305058,0.30555,0.305058,0.30555,21468.52445303
Kraken:ADAUSD,2021-01-15T22:59:00Z,0.304757,0.304757,0.30368,0.30368,12113.4179734
Kraken:ADAUSD,2021-01-15T23:01:00Z,0.302794,0.302794,0.302794,0.302794,64.32664303
Kraken:ADAUSD,2021-01-15T23:02:00Z,0.303113,0.303184,0.3024,0.3024,41476.153121
Kraken:ADAUSD,2021-01-15T23:03:00Z,0.302264,0.302264,0.302264,0.302264,2E+4
Kraken:ADAUSD,2021-01-15T23:05:00Z,0.302034,0.302034,0.300943,0.301721,3616.543946
Kraken:ADAUSD,2021-01-15T23:06:00Z,0.301937,0.301937,0.301706,0.301706,5327.3402
Kraken:ADAUSD,2021-01-15T23:07:00Z,0.301538,0.301538,0.301425,0.301425,2.7E+4
Kraken:ADAUSD,2021-01-15T23:08:00Z,0.301777,0.301777,0.301777,0.301777,2440.83373947
Kraken:ADAUSD,2021-01-15T23:10:00Z,0.301764,0.301764,0.301764,0.301764,515.463918
Kraken:ADAUSD,2021-01-15T23:12:00Z,0.301712,0.30201,0.301712,0.30201,962.271284
Kraken:ADAUSD,2021-01-15T23:13:00Z,0.301548,0.301548,0.300733,0.300765,17486.4633
Kraken:ADAUSD,2021-01-15T23:14:00Z,0.301259,0.301695,0.301259,0.301695,503
Kraken:ADAUSD,2021-01-15T23:15:00Z,0.301045,0.30201,0.301045,0.30201,831.0888453
Kraken:ADAUSD,2021-01-15T23:16:00Z,0.302374,0.30276,0.302374,0.30276,3354.09937463
Kraken:ADAUSD,2021-01-15T23:17:00Z,0.303104,0.303104,0.303034,0.303034,60273.2968
Kraken:ADAUSD,2021-01-15T23:18:00Z,0.302769,0.302828,0.30213,0.30213,26873.0212
Kraken:ADAUSD,2021-01-15T23:19:00Z,0.302544,0.30274,0.302143,0.302143,1.08E+5
Kraken:ADAUSD,2021-01-15T23:20:00Z,0.301456,0.301456,0.301456,0.301456,1E+3
Kraken:ADAUSD,2021-01-15T23:21:00Z,0.301461,0.301461,0.301461,0.301461,1999.32188845
Kraken:ADAUSD,2021-01-15T23:22:00Z,0.30111,0.30111,0.30111,0.30111,5E+3
Kraken:ADAUSD,2021-01-15T23:23:00Z,0.301064,0.301064,0.300897,0.300897,8076.9813063
Kraken:ADAUSD,2021-01-15T23:24:00Z,0.300869,0.300937,0.300869,0.300937,10699.74465843
Kraken:ADAUSD,2021-01-15T23:26:00Z,0.301305,0.301305,0.301305,0.301305,54.54369991
Kraken:ADAUSD,2021-01-15T23:27:00Z,0.3013,0.302044,0.3013,0.302044,16545.93376147
Kraken:ADAUSD,2021-01-15T23:28:00Z,0.301519,0.302173,0.301519,0.302173,7.8E+4
Kraken:ADAUSD,2021-01-15T23:30:00Z,0.302152,0.302269,0.302152,0.302269,1.5E+2
Kraken:ADAUSD,2021-01-15T23:31:00Z,0.301668,0.301668,0.301668,0.301668,54.41029864
Kraken:ADAUSD,2021-01-15T23:33:00Z,0.301945,0.301945,0.301514,0.301514,1217.63430426
Kraken:ADAUSD,2021-01-15T23:34:00Z,0.301529,0.301529,0.301529,0.301529,7E+3
Kraken:ADAUSD,2021-01-15T23:35:00Z,0.301721,0.302408,0.301721,0.302408,115.54242749
Kraken:ADAUSD,2021-01-15T23:36:00Z,0.302036,0.302036,0.302036,0.302036,2.1E+3
Kraken:ADAUSD,2021-01-15T23:37:00Z,0.302234,0.302266,0.302234,0.302266,12369.31504033
Kraken:ADAUSD,2021-01-15T23:38:00Z,0.302266,0.302266,0.302266,0.302266,758.1
Kraken:ADAUSD,2021-01-15T23:40:00Z,0.302408,0.302876,0.302406,0.302876,7974
Kraken:ADAUSD,2021-01-15T23:41:00Z,0.302981,0.302981,0.302981,0.302981,1624.863937
Kraken:ADAUSD,2021-01-15T23:43:00Z,0.30242,0.30242,0.30242,0.30242,807.0276416
Kraken:ADAUSD,2021-01-15T23:44:00Z,0.303231,0.303525,0.303231,0.303525,2978.46478836
Kraken:ADAUSD,2021-01-15T23:45:00Z,0.303371,0.303371,0.303251,0.303251,2396.82009224
Kraken:ADAUSD,2021-01-15T23:46:00Z,0.302987,0.302987,0.302987,0.302987,253
Kraken:ADAUSD,2021-01-15T23:48:00Z,0.302652,0.30296,0.302652,0.30296,1.1E+4
Kraken:ADAUSD,2021-01-15T23:49:00Z,0.302864,0.302864,0.302768,0.302768,1641.884297
Kraken:ADAUSD,2021-01-15T23:50:00Z,0.302798,0.302798,0.302798,0.302798,1147.52896646
Kraken:ADAUSD,2021-01-15T23:51:00Z,0.30242,0.30242,0.302342,0.302342,1.9E+3
Kraken:ADAUSD,2021-01-15T23:52:00Z,0.302271,0.302307,0.3021,0.3021,14693.6080537
Kraken:ADAUSD,2021-01-15T23:53:00Z,0.301702,0.301702,0.301702,0.301702,556.7796
Kraken:ADAUSD,2021-01-15T23:54:00Z,0.30161,0.30161,0.30161,0.30161,3E+3
Kraken:ADAUSD,2021-01-15T23:55:00Z,0.302089,0.302347,0.302089,0.302347,1.2E+2
Kraken:ADAUSD,2021-01-15T23:57:00Z,0.302529,0.302902,0.302529,0.302902,5E+2
Kraken:ADAUSD,2021-01-15T23:58:00Z,0.302869,0.302869,0.302767,0.302767,380.78738725
