Kraken:SOLUSD,2024-05-28T00:00:00Z,170.0,170.0,169.77,169.83,113.74564616
Kraken:SOLUSD,2024-05-28T00:01:00Z,169.84,169.84,169.78,169.79,3.51318416
Kraken:SOLUSD,2024-05-28T00:02:00Z,169.94,169.94,169.94,169.94,2.78999495
Kraken:SOLUSD,2024-05-28T00:03:00Z,169.85,169.85,169.84,169.84,3.099
Kraken:SOLUSD,2024-05-28T00:04:00Z,169.78,169.82,169.75,169.82,56.28275126
Kraken:SOLUSD,2024-05-28T00:05:00Z,169.83,169.83,169.82,169.82,8.24353765
Kraken:SOLUSD,2024-05-28T00:06:00Z,169.79,169.99,169.79,169.99,36.827151
Kraken:SOLUSD,2024-05-28T00:07:00Z,169.98,170.09,169.98,170.04,22.21420905
Kraken:SOLUSD,2024-05-28T00:08:00Z,170.05,170.08,170.01,170.01,0.77094565
Kraken:SOLUSD,2024-05-28T00:09:00Z,170.0,170.01,170.0,170.01,8.23392114
Kraken:SOLUSD,2024-05-28T00:10:00Z,170.04,170.11,170.04,170.11,5.1211933
Kraken:SOLUSD,2024-05-28T00:11:00Z,170.11,170.12,170.11,170.12,4.17255537
Kraken:SOLUSD,2024-05-28T00:12:00Z,170.12,170.48,170.11,170.48,536.00350078
Kraken:SOLUSD,2024-05-28T00:13:00Z,170.43,170.67,170.43,170.51,2509.93040959
Kraken:SOLUSD,2024-05-28T00:14:00Z,170.51,170.51,170.51,170.51,0.309841
Kraken:SOLUSD,2024-05-28T00:15:00Z,170.53,170.66,170.53,170.66,8.90811353
Kraken:SOLUSD,2024-05-28T00:16:00Z,170.64,170.68,170.64,170.68,26.87359779
Kraken:SOLUSD,2024-05-28T00:17:00Z,170.66,170.66,170.4,170.4,34.91823084
Kraken:SOLUSD,2024-05-28T00:18:00Z,170.37,170.37,170.2,170.22,4.21492475
Kraken:SOLUSD,2024-05-28T00:19:00Z,170.26,170.26,170.19,170.19,4.1760561
Kraken:SOLUSD,2024-05-28T00:20:00Z,170.18,170.19,170.18,170.19,2.79586365
Kraken:SOLUSD,2024-05-28T00:21:00Z,170.17,170.18,170.15,170.15,10.617721
Kraken:SOLUSD,2024-05-28T00:22:00Z,170.1,170.5,170.1,170.5,2.93358296
Kraken:SOLUSD,2024-05-28T00:23:00Z,170.57,170.57,170.16,170.16,6.62465935
Kraken:SOLUSD,2024-05-28T00:24:00Z,170.03,170.03,169.95,169.95,9.70036692
Kraken:SOLUSD,2024-05-28T00:25:00Z,170.01,170.02,169.95,169.95,8.79428087
Kraken:SOLUSD,2024-05-28T00:26:00Z,170.0,170.0,169.95,169.95,15.47989912
Kraken:SOLUSD,2024-05-28T00:27:00Z,169.97,170.02,169.97,170.01,157.05049853
Kraken:SOLUSD,2024-05-28T00:28:00Z,169.95,169.95,169.85,169.85,68.63491371
Kraken:SOLUSD,2024-05-28T00:29:00Z,169.96,169.96,169.96,169.96,0.75891812
Kraken:SOLUSD,2024-05-28T00:30:00Z,169.93,169.93,169.92,169.92,47.57858765
Kraken:SOLUSD,2024-05-28T00:31:00Z,169.92,170.06,169.92,170.01,1.48907229
Kraken:SOLUSD,2024-05-28T00:32:00Z,169.92,169.92,169.85,169.85,35.20878715
Kraken:SOLUSD,2024-05-28T00:33:00Z,169.84,169.84,169.54,169.59,82.16713717
Kraken:SOLUSD,2024-05-28T00:34:00Z,169.63,169.63,169.52,169.52,26.9498
Kraken:SOLUSD,2024-05-28T00:35:00Z,169.48,169.48,169.09,169.09,192.30919517
Kraken:SOLUSD,2024-05-28T00:36:00Z,169.19,169.25,169.19,169.25,1.68394477
Kraken:SOLUSD,2024-05-28T00:37:00Z,169.36,169.5,169.36,169.5,11.34527003
Kraken:SOLUSD,2024-05-28T00:38:00Z,169.44,169.54,169.44,169.54,2.10857483
Kraken:SOLUSD,2024-05-28T00:39:00Z,169.6,169.82,169.6,169.72,988.89281733
Kraken:SOLUSD,2024-05-28T00:40:00Z,169.73,169.88,169.71,169.71,12.0404938
Kraken:SOLUSD,2024-05-28T00:41:00Z,169.7,169.73,169.58,169.73,0.81209227
Kraken:SOLUSD,2024-05-28T00:42:00Z,169.68,169.68,169.56,169.56,26.43787894
Kraken:SOLUSD,2024-05-28T00:43:00Z,169.77,169.81,169.77,169.81,2E+1
Kraken:SOLUSD,2024-05-28T00:45:00Z,169.85,170.08,169.85,170.08,6.34304577
Kraken:SOLUSD,2024-05-28T00:46:00Z,169.85,169.86,169.83,169.83,5.13750786
Kraken:SOLUSD,2024-05-28T00:47:00Z,169.78,169.82,169.78,169.82,0.18531132
Kraken:SOLUSD,2024-05-28T00:48:00Z,169.88,169.88,169.56,169.56,0.616906
Kraken:SOLUSD,2024-05-28T00:49:00Z,169.82,169.93,169.8,169.8,3.61341507
Kraken:SOLUSD,2024-05-28T00:50:00Z,169.64,169.66,169.39,169.39,31.21534194
Kraken:SOLUSD,2024-05-28T00:51:00Z,169.58,169.58,169.36,169.45,2.23773894
Kraken:SOLUSD,2024-05-28T00:52:00Z,169.37,169.37,169.28,169.28,42.21545788
Kraken:SOLUSD,2024-05-28T00:53:00Z,169.39,169.39,169.39,169.39,1
Kraken:SOLUSD,2024-05-28T00:54:00Z,169.4,169.5,169.4,169.46,75.0831
Kraken:SOLUSD,2024-05-28T00:55:00Z,169.39,169.55,169.26,169.55,96.98456035
Kraken:SOLUSD,2024-05-28T00:56:00Z,169.55,169.56,169.5,169.5,1.77305855
Kraken:SOLUSD,2024-05-28T00:57:00Z,169.47,169.55,169.47,169.49,55.90033931
Kraken:SOLUSD,2024-05-28T00:58:00Z,169.61,169.61,169.61,169.61,33.16934852
Kraken:SOLUSD,2024-05-28T00:59:00Z,169.61,169.71,169.61,169.71,0.71050653
Kraken:SOLUSD,2024-05-28T01:00:00Z,169.72,169.76,169.69,169.76,100.35099217
Kraken:SOLUSD,2024-05-28T01:01:00Z,169.77,169.78,169.72,169.72,14.13584393
Kraken:SOLUSD,2024-05-28T01:03:00Z,169.71,169.71,169.71,169.71,5.6
Kraken:SOLUSD,2024-05-28T01:04:00Z,169.74,169.76,169.74,169.76,0.7633057
Kraken:SOLUSD,2024-05-28T01:05:00Z,169.75,169.75,169.74,169.75,21.55236847
Kraken:SOLUSD,2024-05-28T01:06:00Z,169.75,169.92,169.75,169.92,10.68576945
Kraken:SOLUSD,2024-05-28T01:07:00Z,169.92,170.12,169.92,170.1,142.8742702
Kraken:SOLUSD,2024-05-28T01:08:00Z,170.13,170.43,170.13,170.43,83.17529103
Kraken:SOLUSD,2024-05-28T01:09:00Z,170.44,170.68,170.44,170.67,59.35423071
Kraken:SOLUSD,2024-05-28T01:10:00Z,170.67,170.67,170.44,170.44,71.11624456
Kraken:SOLUSD,2024-05-28T01:11:00Z,170.5,170.5,170.35,170.35,6.16480176
Kraken:SOLUSD,2024-05-28T01:12:00Z,170.34,170.39,170.33,170.39,59.55545493
Kraken:SOLUSD,2024-05-28T01:13:00Z,170.39,170.44,170.23,170.25,61.38400453
Kraken:SOLUSD,2024-05-28T01:14:00Z,170.35,170.35,170.2,170.2,161
Kraken:SOLUSD,2024-05-28T01:15:00Z,170.3,170.3,170.3,170.3,0.01142
Kraken:SOLUSD,2024-05-28T01:16:00Z,170.26,170.26,170.21,170.23,6.63181986
Kraken:SOLUSD,2024-05-28T01:17:00Z,170.22,170.22,170.22,170.22,0.55382661
Kraken:SOLUSD,2024-05-28T01:18:00Z,170.19,170.19,170.19,170.19,24.16920505
Kraken:SOLUSD,2024-05-28T01:19:00Z,170.1,170.1,170.1,170.1,0.22078389
Kraken:SOLUSD,2024-05-28T01:20:00Z,170.07,170.07,170.04,170.04,9
Kraken:SOLUSD,2024-05-28T01:21:00Z,170.06,170.06,170.06,170.06,0.29933
Kraken:SOLUSD,2024-05-28T01:22:00Z,170.11,170.11,170.05,170.07,2.3104127
Kraken:SOLUSD,2024-05-28T01:23:00Z,170.1,170.12,170.1,170.12,1.489002
Kraken:SOLUSD,2024-05-28T01:24:00Z,170.17,170.3,170.17,170.3,15.38277799
Kraken:SOLUSD,2024-05-28T01:25:00Z,170.47,170.58,170.47,170.58,5.71293651
Kraken:SOLUSD,2024-05-28T01:26:00Z,170.58,170.58,170.58,170.58,0.91790629
Kraken:SOLUSD,2024-05-28T01:27:00Z,170.56,170.6,170.56,170.6,29.09473012
Kraken:SOLUSD,2024-05-28T01:28:00Z,170.56,170.56,170.54,170.54,21.68046
Kraken:SOLUSD,2024-05-28T01:29:00Z,170.52,170.52,170.35,170.36,1.48362018
Kraken:SOLUSD,2024-05-28T01:30:00Z,170.43,170.72,170.43,170.72,17.12707818
Kraken:SOLUSD,2024-05-28T01:31:00Z,170.73,170.73,170.73,170.73,0.96617323
Kraken:SOLUSD,2024-05-28T01:32:00Z,170.73,170.9,170.73,170.9,9.2432657
Kraken:SOLUSD,2024-05-28T01:33:00Z,170.91,171.12,170.91,171.11,127.88312098
Kraken:SOLUSD,2024-05-28T01:34:00Z,171.07,171.1,171.06,171.1,1210.59140498
Kraken:SOLUSD,2024-05-28T01:35:00Z,171.1,171.29,171.09,171.29,2286.98928566
Kraken:SOLUSD,2024-05-28T01:36:00Z,171.29,171.5,171.29,171.5,2025.63410976
Kraken:SOLUSD,2024-05-28T01:37:00Z,171.5,171.87,171.5,171.8,723.5551029
Kraken:SOLUSD,2024-05-28T01:38:00Z,171.8,171.82,171.62,171.62,13.86269256
Kraken:SOLUSD,2024-05-28T01:39:00Z,171.57,171.57,171.36,171.47,81.20570053
Kraken:SOLUSD,2024-05-28T01:40:00Z,171.35,171.5,171.34,171.5,60.00663821
Kraken:SOLUSD,2024-05-28T01:41:00Z,171.48,171.5,171.48,171.5,299.27192875
Kraken:SOLUSD,2024-05-28T01:42:00Z,171.5,171.6,171.26,171.26,456.28421358
Kraken:SOLUSD,2024-05-28T01:43:00Z,171.24,171.26,171.23,171.26,2.65177711
Kraken:SOLUSD,2024-05-28T01:44:00Z,171.26,171.26,171.11,171.11,102.32444894
Kraken:SOLUSD,2024-05-28T01:45:00Z,171.1,171.1,170.2,170.2,105.01212174
Kraken:SOLUSD,2024-05-28T01:46:00Z,170.19,170.19,169.48,169.48,315.41849808
Kraken:SOLUSD,2024-05-28T01:47:00Z,169.43,169.52,169.3,169.5,43.73968444
Kraken:SOLUSD,2024-05-28T01:48:00Z,169.51,169.72,169.41,169.59,797.13098188
Kraken:SOLUSD,2024-05-28T01:49:00Z,169.53,169.53,168.8,169.01,334.2069356
Kraken:SOLUSD,2024-05-28T01:50:00Z,168.78,168.78,168.46,168.51,361.9576679
Kraken:SOLUSD,2024-05-28T01:51:00Z,168.67,168.69,168.41,168.69,11.57238026
Kraken:SOLUSD,2024-05-28T01:52:00Z,168.71,169.04,168.65,168.8,135.46086997
Kraken:SOLUSD,2024-05-28T01:53:00Z,168.79,168.79,168.34,168.34,261.21027854
Kraken:SOLUSD,2024-05-28T01:54:00Z,168.34,168.48,168.09,168.09,133.7991963
Kraken:SOLUSD,2024-05-28T01:55:00Z,168.08,168.08,167.94,167.94,222.97538236
Kraken:SOLUSD,2024-05-28T01:56:00Z,167.95,168.4,167.95,168.4,58.94152326
Kraken:SOLUSD,2024-05-28T01:57:00Z,168.42,168.55,168.42,168.51,51.00212594
Kraken:SOLUSD,2024-05-28T01:58:00Z,168.46,168.49,167.98,168.19,161.70712002
Kraken:SOLUSD,2024-05-28T01:59:00Z,167.99,168.14,167.91,168.14,33.51802165
Kraken:SOLUSD,2024-05-28T02:00:00Z,168.11,168.42,167.61,168.39,663.06640428
Kraken:SOLUSD,2024-05-28T02:01:00Z,168.42,168.44,168.04,168.04,29.77879504
Kraken:SOLUSD,2024-05-28T02:02:00Z,167.76,167.76,167.35,167.4,221.20972283
Kraken:SOLUSD,2024-05-28T02:03:00Z,167.35,167.51,167.19,167.49,49.89585216
Kraken:SOLUSD,2024-05-28T02:04:00Z,167.52,167.91,167.52,167.78,674.24843342
Kraken:SOLUSD,2024-05-28T02:05:00Z,167.79,167.79,167.55,167.55,169.18182827
Kraken:SOLUSD,2024-05-28T02:06:00Z,167.49,167.64,167.37,167.37,82.48735724
Kraken:SOLUSD,2024-05-28T02:07:00Z,167.19,167.19,167.08,167.11,201.4032291
Kraken:SOLUSD,2024-05-28T02:08:00Z,167.07,167.07,166.99,167.0,3144.68753508
Kraken:SOLUSD,2024-05-28T02:09:00Z,166.98,167.0,166.44,166.83,678.4616485
Kraken:SOLUSD,2024-05-28T02:10:00Z,166.86,167.02,166.86,167.02,118.33150999
Kraken:SOLUSD,2024-05-28T02:11:00Z,167.01,167.11,167.01,167.03,7.92131681
Kraken:SOLUSD,2024-05-28T02:12:00Z,167.02,167.5,166.95,167.47,39.8156033
Kraken:SOLUSD,2024-05-28T02:13:00Z,167.54,167.55,167.27,167.32,11.522758
Kraken:SOLUSD,2024-05-28T02:14:00Z,167.38,167.38,167.0,167.32,15059.95892988
Kraken:SOLUSD,2024-05-28T02:15:00Z,167.33,167.64,167.31,167.59,6504.08208712
Kraken:SOLUSD,2024-05-28T02:16:00Z,167.59,167.64,167.44,167.63,12.78200768
Kraken:SOLUSD,2024-05-28T02:17:00Z,167.6,167.65,167.58,167.61,9.203845
Kraken:SOLUSD,2024-05-28T02:18:00Z,167.42,167.66,167.39,167.49,48.76929113
Kraken:SOLUSD,2024-05-28T02:19:00Z,167.43,167.43,167.43,167.43,1.1148
Kraken:SOLUSD,2024-05-28T02:20:00Z,167.41,167.79,167.41,167.79,74.50609299
Kraken:SOLUSD,2024-05-28T02:21:00Z,167.79,168.25,167.79,168.09,1954.44208082
Kraken:SOLUSD,2024-05-28T02:22:00Z,168.09,168.34,168.09,168.34,216.90214484
Kraken:SOLUSD,2024-05-28T02:23:00Z,168.34,168.5,168.33,168.5,3004.31030389
Kraken:SOLUSD,2024-05-28T02:24:00Z,168.5,168.5,168.49,168.49,50.45988858
Kraken:SOLUSD,2024-05-28T02:25:00Z,168.49,168.6,168.49,168.6,921.00206227
Kraken:SOLUSD,2024-05-28T02:26:00Z,168.62,168.7,168.43,168.66,135.51921482
Kraken:SOLUSD,2024-05-28T02:27:00Z,168.59,168.59,168.26,168.33,505.93482275
Kraken:SOLUSD,2024-05-28T02:28:00Z,168.26,168.28,168.22,168.22,77.9682075
Kraken:SOLUSD,2024-05-28T02:29:00Z,168.3,168.3,168.3,168.3,0.9318541
Kraken:SOLUSD,2024-05-28T02:30:00Z,168.33,168.4,168.3,168.3,163.20394939
Kraken:SOLUSD,2024-05-28T02:31:00Z,168.51,168.53,168.51,168.53,1.11602742
Kraken:SOLUSD,2024-05-28T02:32:00Z,168.53,168.59,168.53,168.59,0.43989997
Kraken:SOLUSD,2024-05-28T02:34:00Z,168.53,168.53,168.53,168.53,0.35369311
Kraken:SOLUSD,2024-05-28T02:35:00Z,168.53,168.63,168.51,168.51,116.16911905
Kraken:SOLUSD,2024-05-28T02:36:00Z,168.64,168.64,168.63,168.63,1.52513246
Kraken:SOLUSD,2024-05-28T02:37:00Z,168.65,168.65,168.65,168.65,0.32611918
Kraken:SOLUSD,2024-05-28T02:39:00Z,168.67,168.67,168.62,168.62,2.37810092
Kraken:SOLUSD,2024-05-28T02:40:00Z,168.5,168.68,168.5,168.68,27.54067184
Kraken:SOLUSD,2024-05-28T02:41:00Z,168.69,168.69,168.69,168.69,0.05276555
Kraken:SOLUSD,2024-05-28T02:42:00Z,168.61,168.61,168.6,168.6,1.72704
Kraken:SOLUSD,2024-05-28T02:43:00Z,168.6,168.6,168.6,168.6,1.26457993
Kraken:SOLUSD,2024-05-28T02:44:00Z,168.62,168.62,168.42,168.42,14.46513516
Kraken:SOLUSD,2024-05-28T02:45:00Z,168.56,168.56,168.47,168.47,0.62667874
Kraken:SOLUSD,2024-05-28T02:47:00Z,168.56,168.56,168.51,168.51,0.2203
Kraken:SOLUSD,2024-05-28T02:48:00Z,168.48,168.49,168.44,168.48,5.58013913
Kraken:SOLUSD,2024-05-28T02:49:00Z,168.49,168.62,168.49,168.62,4.09886322
Kraken:SOLUSD,2024-05-28T02:50:00Z,168.74,168.76,168.74,168.76,13.10827607
Kraken:SOLUSD,2024-05-28T02:51:00Z,168.67,168.67,168.67,168.67,3.45247
Kraken:SOLUSD,2024-05-28T02:52:00Z,168.76,168.77,168.76,168.77,23.73715841
Kraken:SOLUSD,2024-05-28T02:53:00Z,168.79,168.96,168.79,168.96,5.40713584
Kraken:SOLUSD,2024-05-28T02:54:00Z,168.86,169.22,168.86,169.18,609.29489381
Kraken:SOLUSD,2024-05-28T02:55:00Z,169.13,169.13,168.94,169.0,1.66037178
Kraken:SOLUSD,2024-05-28T02:56:00Z,169.01,169.04,168.98,168.98,60.30344766
Kraken:SOLUSD,2024-05-28T02:57:00Z,168.98,168.98,168.96,168.96,39.35314711
Kraken:SOLUSD,2024-05-28T02:58:00Z,168.96,168.98,168.96,168.98,0.54094915
Kraken:SOLUSD,2024-05-28T02:59:00Z,169.0,169.04,168.76,168.76,104.08309833
Kraken:SOLUSD,2024-05-28T03:00:00Z,168.75,169.04,168.75,169.04,7.06242415
Kraken:SOLUSD,2024-05-28T03:01:00Z,168.94,168.94,168.94,168.94,0.09113031
Kraken:SOLUSD,2024-05-28T03:02:00Z,168.76,168.93,168.76,168.93,94.84612495
Kraken:SOLUSD,2024-05-28T03:04:00Z,168.75,168.75,168.39,168.4,1.66579574
Kraken:SOLUSD,2024-05-28T03:05:00Z,168.4,168.4,168.24,168.24,11.14002657
Kraken:SOLUSD,2024-05-28T03:06:00Z,168.24,168.24,168.24,168.24,1.5349299
Kraken:SOLUSD,2024-05-28T03:07:00Z,168.18,168.18,167.56,167.56,77.20345486
Kraken:SOLUSD,2024-05-28T03:08:00Z,167.69,167.69,167.69,167.69,0.05
Kraken:SOLUSD,2024-05-28T03:09:00Z,167.56,167.63,167.5,167.63,41.4695983
Kraken:SOLUSD,2024-05-28T03:10:00Z,167.62,167.69,167.62,167.69,3.36960219
Kraken:SOLUSD,2024-05-28T03:11:00Z,167.7,167.7,167.7,167.7,0.3802
Kraken:SOLUSD,2024-05-28T03:12:00Z,167.76,167.92,167.73,167.82,200.43087177
Kraken:SOLUSD,2024-05-28T03:13:00Z,167.79,167.79,167.79,167.79,0.11695906
Kraken:SOLUSD,2024-05-28T03:14:00Z,167.9,167.92,167.9,167.92,1.86727
Kraken:SOLUSD,2024-05-28T03:15:00Z,167.97,168.01,167.97,168.01,2.26410888
Kraken:SOLUSD,2024-05-28T03:16:00Z,168.07,168.29,168.07,168.29,6.84556145
Kraken:SOLUSD,2024-05-28T03:17:00Z,168.31,168.31,168.16,168.16,100.11895567
Kraken:SOLUSD,2024-05-28T03:18:00Z,168.2,168.2,168.2,168.2,1.48158264
Kraken:SOLUSD,2024-05-28T03:19:00Z,168.08,168.08,167.75,167.75,101.67633022
Kraken:SOLUSD,2024-05-28T03:20:00Z,167.81,167.91,167.81,167.91,0.7286048
Kraken:SOLUSD,2024-05-28T03:21:00Z,167.86,167.86,167.86,167.86,0.2533
Kraken:SOLUSD,2024-05-28T03:22:00Z,167.9,168.09,167.9,168.0,68.52917663
Kraken:SOLUSD,2024-05-28T03:23:00Z,167.79,167.79,167.79,167.79,0.31644177
Kraken:SOLUSD,2024-05-28T03:25:00Z,167.85,167.85,167.7,167.71,23.99791841
Kraken:SOLUSD,2024-05-28T03:26:00Z,167.62,167.62,167.35,167.61,75.6234084
Kraken:SOLUSD,2024-05-28T03:27:00Z,167.55,167.55,167.55,167.55,0.05334613
Kraken:SOLUSD,2024-05-28T03:28:00Z,167.63,167.63,167.43,167.43,5.77883928
Kraken:SOLUSD,2024-05-28T03:29:00Z,167.43,167.55,167.43,167.55,3.27434348
Kraken:SOLUSD,2024-05-28T03:30:00Z,167.55,167.56,167.44,167.44,96.7331637
Kraken:SOLUSD,2024-05-28T03:31:00Z,167.4,167.58,167.38,167.58,2.82440758
Kraken:SOLUSD,2024-05-28T03:32:00Z,167.59,167.65,167.59,167.65,4.89166774
Kraken:SOLUSD,2024-05-28T03:33:00Z,167.6,167.61,167.43,167.43,17.91404387
Kraken:SOLUSD,2024-05-28T03:34:00Z,167.37,167.37,167.29,167.29,10.52189277
Kraken:SOLUSD,2024-05-28T03:35:00Z,167.28,167.28,167.0,167.0,49.76323444
Kraken:SOLUSD,2024-05-28T03:36:00Z,167.0,167.0,166.51,166.51,244.31296587
Kraken:SOLUSD,2024-05-28T03:37:00Z,166.5,166.5,166.0,166.11,720.6590904
Kraken:SOLUSD,2024-05-28T03:38:00Z,166.0,166.43,166.0,166.29,74.15762362
Kraken:SOLUSD,2024-05-28T03:39:00Z,166.43,166.43,166.29,166.32,60.1
Kraken:SOLUSD,2024-05-28T03:40:00Z,166.31,166.65,166.31,166.65,3.461759
Kraken:SOLUSD,2024-05-28T03:41:00Z,166.63,166.65,166.61,166.65,44.49640091
Kraken:SOLUSD,2024-05-28T03:42:00Z,166.65,166.65,166.56,166.64,133.49686098
Kraken:SOLUSD,2024-05-28T03:43:00Z,166.33,166.49,166.31,166.43,155.35120396
Kraken:SOLUSD,2024-05-28T03:44:00Z,166.6,166.6,166.59,166.59,9.22502097
Kraken:SOLUSD,2024-05-28T03:45:00Z,166.56,166.56,166.34,166.48,2.16723498
Kraken:SOLUSD,2024-05-28T03:46:00Z,166.59,166.66,166.48,166.48,1.25842418
Kraken:SOLUSD,2024-05-28T03:48:00Z,166.44,166.67,166.39,166.67,74.03132577
Kraken:SOLUSD,2024-05-28T03:49:00Z,166.67,166.68,166.67,166.68,9.46164683
Kraken:SOLUSD,2024-05-28T03:50:00Z,166.63,166.63,166.6,166.6,6.09640464
Kraken:SOLUSD,2024-05-28T03:51:00Z,166.63,166.63,166.63,166.63,1.411665
Kraken:SOLUSD,2024-05-28T03:52:00Z,166.69,166.78,166.69,166.78,3.70620442
Kraken:SOLUSD,2024-05-28T03:53:00Z,166.82,167.12,166.82,167.12,91.8289868
Kraken:SOLUSD,2024-05-28T03:54:00Z,167.08,167.08,167.05,167.05,2.369867
Kraken:SOLUSD,2024-05-28T03:55:00Z,167.13,167.22,167.13,167.22,4.13996659
Kraken:SOLUSD,2024-05-28T03:57:00Z,167.23,167.25,167.23,167.25,0.47052
Kraken:SOLUSD,2024-05-28T03:58:00Z,167.24,167.25,167.24,167.25,18.27463201
Kraken:SOLUSD,2024-05-28T03:59:00Z,167.24,167.24,167.23,167.23,0.91697608
Kraken:SOLUSD,2024-05-28T04:00:00Z,167.26,167.28,167.2,167.26,131.71053309
Kraken:SOLUSD,2024-05-28T04:01:00Z,167.21,167.21,167.08,167.08,44.46061
Kraken:SOLUSD,2024-05-28T04:03:00Z,167.25,167.35,167.25,167.35,3.64185508
Kraken:SOLUSD,2024-05-28T04:04:00Z,167.41,167.41,167.41,167.41,0.78238902
Kraken:SOLUSD,2024-05-28T04:05:00Z,167.41,167.41,167.29,167.29,3.18956527
Kraken:SOLUSD,2024-05-28T04:06:00Z,167.11,167.11,167.08,167.1,3.11870007
Kraken:SOLUSD,2024-05-28T04:08:00Z,167.07,167.07,167.0,167.0,2.48984859
Kraken:SOLUSD,2024-05-28T04:09:00Z,167.01,167.03,167.0,167.0,4.56653
Kraken:SOLUSD,2024-05-28T04:10:00Z,167.01,167.01,166.97,166.97,751.93232813
Kraken:SOLUSD,2024-05-28T04:11:00Z,166.83,166.83,166.71,166.71,118.51567803
Kraken:SOLUSD,2024-05-28T04:12:00Z,166.73,166.73,166.49,166.49,23.98960488
Kraken:SOLUSD,2024-05-28T04:13:00Z,166.49,166.49,166.38,166.38,8.37530123
Kraken:SOLUSD,2024-05-28T04:14:00Z,166.32,166.32,166.31,166.31,0.30862
Kraken:SOLUSD,2024-05-28T04:15:00Z,166.31,166.31,166.23,166.23,105.3
Kraken:SOLUSD,2024-05-28T04:16:00Z,166.24,166.24,166.14,166.14,33.94045392
Kraken:SOLUSD,2024-05-28T04:17:00Z,166.17,166.18,166.12,166.12,66.82964446
Kraken:SOLUSD,2024-05-28T04:18:00Z,166.2,166.45,166.2,166.45,54.84815788
Kraken:SOLUSD,2024-05-28T04:19:00Z,166.46,166.73,166.46,166.73,15.21210342
Kraken:SOLUSD,2024-05-28T04:20:00Z,166.74,166.82,166.73,166.73,67.98156572
Kraken:SOLUSD,2024-05-28T04:21:00Z,166.73,166.73,166.48,166.48,101.78859751
Kraken:SOLUSD,2024-05-28T04:22:00Z,166.47,166.47,166.4,166.4,62.81801174
Kraken:SOLUSD,2024-05-28T04:23:00Z,166.37,166.37,166.19,166.19,0.48575
Kraken:SOLUSD,2024-05-28T04:24:00Z,166.15,166.15,165.92,165.92,505.1450007
Kraken:SOLUSD,2024-05-28T04:25:00Z,165.91,165.91,165.81,165.9,70.02996343
Kraken:SOLUSD,2024-05-28T04:26:00Z,165.99,166.1,165.94,166.1,52.65943
Kraken:SOLUSD,2024-05-28T04:27:00Z,166.02,166.02,166.02,166.02,2.89057
Kraken:SOLUSD,2024-05-28T04:28:00Z,165.95,165.95,165.77,165.77,204.01357513
Kraken:SOLUSD,2024-05-28T04:29:00Z,165.76,165.76,165.35,165.54,1390.7987397
Kraken:SOLUSD,2024-05-28T04:30:00Z,165.52,165.52,165.09,165.25,91.12661641
Kraken:SOLUSD,2024-05-28T04:31:00Z,165.25,165.98,165.25,165.98,59.15170852
Kraken:SOLUSD,2024-05-28T04:32:00Z,165.99,165.99,165.66,165.66,3154.553727
Kraken:SOLUSD,2024-05-28T04:33:00Z,165.65,165.65,165.35,165.49,12.41177202
Kraken:SOLUSD,2024-05-28T04:34:00Z,165.49,165.49,164.32,164.86,10414.14137253
Kraken:SOLUSD,2024-05-28T04:35:00Z,164.91,164.93,164.85,164.9,382.12544254
Kraken:SOLUSD,2024-05-28T04:36:00Z,165.06,165.28,165.06,165.22,109.92021739
Kraken:SOLUSD,2024-05-28T04:37:00Z,165.31,165.88,165.29,165.87,78.17563612
Kraken:SOLUSD,2024-05-28T04:38:00Z,165.83,165.87,165.73,165.81,5.84491333
Kraken:SOLUSD,2024-05-28T04:39:00Z,165.81,166.03,165.67,166.03,2653.24358735
Kraken:SOLUSD,2024-05-28T04:40:00Z,165.88,165.91,165.84,165.84,8.36872348
Kraken:SOLUSD,2024-05-28T04:42:00Z,165.88,165.89,165.56,165.81,7.58404893
Kraken:SOLUSD,2024-05-28T04:43:00Z,165.56,165.56,165.42,165.42,0.87220899
Kraken:SOLUSD,2024-05-28T04:44:00Z,165.39,165.39,165.3,165.3,31.72759418
Kraken:SOLUSD,2024-05-28T04:45:00Z,165.38,165.4,165.38,165.4,24.37652253
Kraken:SOLUSD,2024-05-28T04:46:00Z,165.5,165.62,165.5,165.6,46.77927765
Kraken:SOLUSD,2024-05-28T04:47:00Z,165.59,165.59,165.59,165.59,62.75983541
Kraken:SOLUSD,2024-05-28T04:48:00Z,165.58,165.58,165.39,165.39,10.17880623
Kraken:SOLUSD,2024-05-28T04:49:00Z,165.4,165.52,165.4,165.52,28.207996
Kraken:SOLUSD,2024-05-28T04:50:00Z,165.6,165.6,165.6,165.6,1.39348
Kraken:SOLUSD,2024-05-28T04:51:00Z,165.6,165.6,165.49,165.49,2.324026
Kraken:SOLUSD,2024-05-28T04:52:00Z,165.27,165.35,165.27,165.35,91.41816028
Kraken:SOLUSD,2024-05-28T04:53:00Z,165.33,165.33,165.12,165.14,92.2001765
Kraken:SOLUSD,2024-05-28T04:54:00Z,165.13,165.13,165.0,165.0,3.875409
Kraken:SOLUSD,2024-05-28T04:55:00Z,165.0,165.15,164.97,165.14,12.52921252
Kraken:SOLUSD,2024-05-28T04:56:00Z,165.15,165.2,165.15,165.2,18.8538862
Kraken:SOLUSD,2024-05-28T04:57:00Z,165.19,165.2,165.19,165.2,9.07031476
Kraken:SOLUSD,2024-05-28T04:58:00Z,165.21,165.66,165.21,165.53,1353.13202093
Kraken:SOLUSD,2024-05-28T04:59:00Z,165.52,165.56,165.52,165.54,18.61072
Kraken:SOLUSD,2024-05-28T05:00:00Z,165.56,165.58,165.49,165.58,19.62031427
Kraken:SOLUSD,2024-05-28T05:01:00Z,165.55,165.6,165.47,165.6,6.3989876
Kraken:SOLUSD,2024-05-28T05:02:00Z,165.52,165.52,165.41,165.52,15.11203208
Kraken:SOLUSD,2024-05-28T05:03:00Z,165.41,165.41,165.05,165.05,0.436028
Kraken:SOLUSD,2024-05-28T05:04:00Z,165.05,165.35,165.05,165.35,5.96837927
Kraken:SOLUSD,2024-05-28T05:05:00Z,165.34,165.35,165.34,165.35,2.90407147
Kraken:SOLUSD,2024-05-28T05:06:00Z,165.35,165.54,165.35,165.54,14.07867263
Kraken:SOLUSD,2024-05-28T05:07:00Z,165.56,165.67,165.56,165.67,37.849807
Kraken:SOLUSD,2024-05-28T05:08:00Z,165.65,165.9,165.65,165.86,22.95564752
Kraken:SOLUSD,2024-05-28T05:09:00Z,165.88,165.98,165.88,165.93,176.87490791
Kraken:SOLUSD,2024-05-28T05:10:00Z,165.99,165.99,165.97,165.97,5.88246
Kraken:SOLUSD,2024-05-28T05:11:00Z,165.98,165.99,165.98,165.99,3.80881
Kraken:SOLUSD,2024-05-28T05:12:00Z,165.99,166.08,165.99,166.08,11.76678213
Kraken:SOLUSD,2024-05-28T05:13:00Z,166.09,166.2,166.09,166.19,17.43060179
Kraken:SOLUSD,2024-05-28T05:14:00Z,166.18,166.18,166.01,166.17,11.56622115
Kraken:SOLUSD,2024-05-28T05:15:00Z,166.17,166.17,166.16,166.16,4.90988415
Kraken:SOLUSD,2024-05-28T05:16:00Z,166.17,166.17,166.17,166.17,22.74
Kraken:SOLUSD,2024-05-28T05:17:00Z,166.17,166.18,166.17,166.18,3.42133
Kraken:SOLUSD,2024-05-28T05:18:00Z,166.16,166.16,166.08,166.08,218.270422
Kraken:SOLUSD,2024-05-28T05:20:00Z,165.96,165.99,165.96,165.99,2.63181
Kraken:SOLUSD,2024-05-28T05:21:00Z,165.99,166.0,165.99,166.0,23.66504794
Kraken:SOLUSD,2024-05-28T05:22:00Z,166.01,166.01,166.01,166.01,2.03
Kraken:SOLUSD,2024-05-28T05:23:00Z,166.0,166.01,166.0,166.01,34.37564202
Kraken:SOLUSD,2024-05-28T05:26:00Z,166.01,166.01,166.01,166.01,3.06439
Kraken:SOLUSD,2024-05-28T05:27:00Z,166.0,166.0,165.77,165.77,511.24683291
Kraken:SOLUSD,2024-05-28T05:28:00Z,165.83,165.83,165.78,165.78,0.94361792
Kraken:SOLUSD,2024-05-28T05:29:00Z,165.83,165.88,165.83,165.87,1.5652474
Kraken:SOLUSD,2024-05-28T05:30:00Z,165.87,165.87,165.83,165.83,6.54401069
Kraken:SOLUSD,2024-05-28T05:31:00Z,165.83,165.83,165.83,165.83,11.78385
Kraken:SOLUSD,2024-05-28T05:32:00Z,165.8,165.8,165.73,165.73,10.63261746
Kraken:SOLUSD,2024-05-28T05:33:00Z,165.72,165.72,165.72,165.72,0.151853
Kraken:SOLUSD,2024-05-28T05:34:00Z,165.72,165.85,165.72,165.85,60.73599002
Kraken:SOLUSD,2024-05-28T05:36:00Z,165.85,165.88,165.85,165.88,17.69692799
Kraken:SOLUSD,2024-05-28T05:37:00Z,165.95,166.06,165.95,166.06,2.86716072
Kraken:SOLUSD,2024-05-28T05:38:00Z,166.1,166.2,166.1,166.19,1.52399
Kraken:SOLUSD,2024-05-28T05:39:00Z,166.19,166.2,166.19,166.2,33.82688
Kraken:SOLUSD,2024-05-28T05:40:00Z,166.19,166.2,166.19,166.2,1114.19251978
Kraken:SOLUSD,2024-05-28T05:41:00Z,166.2,166.33,166.2,166.33,2630.86600779
Kraken:SOLUSD,2024-05-28T05:42:00Z,166.33,166.41,166.33,166.41,30.06687898
Kraken:SOLUSD,2024-05-28T05:43:00Z,166.41,166.41,166.41,166.41,1.97749431
Kraken:SOLUSD,2024-05-28T05:44:00Z,166.41,166.41,166.33,166.36,201.30894814
Kraken:SOLUSD,2024-05-28T05:45:00Z,166.32,166.41,166.32,166.41,24.55651644
Kraken:SOLUSD,2024-05-28T05:46:00Z,166.4,166.4,166.32,166.32,12.071436
Kraken:SOLUSD,2024-05-28T05:47:00Z,166.27,166.28,166.27,166.28,42.76073185
Kraken:SOLUSD,2024-05-28T05:48:00Z,166.27,166.28,166.22,166.22,0.35
Kraken:SOLUSD,2024-05-28T05:49:00Z,166.21,166.21,166.21,166.21,0.3
Kraken:SOLUSD,2024-05-28T05:50:00Z,166.21,166.22,166.21,166.21,1.88206383
Kraken:SOLUSD,2024-05-28T05:51:00Z,166.21,166.21,166.21,166.21,0.2
Kraken:SOLUSD,2024-05-28T05:52:00Z,166.21,166.22,166.21,166.21,5.5201616
Kraken:SOLUSD,2024-05-28T05:53:00Z,166.22,166.22,166.18,166.18,74.44635757
Kraken:SOLUSD,2024-05-28T05:54:00Z,166.27,166.27,166.27,166.27,0.1
Kraken:SOLUSD,2024-05-28T05:55:00Z,166.34,166.35,166.34,166.35,29.27240353
Kraken:SOLUSD,2024-05-28T05:56:00Z,166.35,166.41,166.35,166.41,4.88171607
Kraken:SOLUSD,2024-05-28T05:57:00Z,166.43,166.61,166.43,166.61,331.66827322
Kraken:SOLUSD,2024-05-28T05:58:00Z,166.62,166.65,166.62,166.65,51.56911654
Kraken:SOLUSD,2024-05-28T06:00:00Z,166.65,166.65,166.51,166.65,9.53596031
Kraken:SOLUSD,2024-05-28T06:01:00Z,166.65,166.65,166.65,166.65,0.08261
Kraken:SOLUSD,2024-05-28T06:02:00Z,166.65,166.86,166.65,166.82,105.72326187
Kraken:SOLUSD,2024-05-28T06:03:00Z,166.79,166.8,166.75,166.76,3.89466777
Kraken:SOLUSD,2024-05-28T06:04:00Z,166.82,166.82,166.78,166.8,78.24299477
Kraken:SOLUSD,2024-05-28T06:05:00Z,166.8,166.81,166.8,166.81,3.02615748
Kraken:SOLUSD,2024-05-28T06:06:00Z,166.81,166.81,166.81,166.81,17.86907199
Kraken:SOLUSD,2024-05-28T06:07:00Z,166.81,166.81,166.81,166.81,2.46334222
Kraken:SOLUSD,2024-05-28T06:08:00Z,166.8,166.81,166.8,166.81,6.65203323
Kraken:SOLUSD,2024-05-28T06:09:00Z,166.81,166.81,166.8,166.8,19.43452639
Kraken:SOLUSD,2024-05-28T06:10:00Z,166.81,166.81,166.81,166.81,86.917
Kraken:SOLUSD,2024-05-28T06:13:00Z,166.8,166.8,166.8,166.8,0.39063
Kraken:SOLUSD,2024-05-28T06:14:00Z,166.81,166.81,166.8,166.81,5.89591744
Kraken:SOLUSD,2024-05-28T06:15:00Z,166.84,166.84,166.84,166.84,0.74
Kraken:SOLUSD,2024-05-28T06:16:00Z,166.85,166.94,166.85,166.94,36.36419178
Kraken:SOLUSD,2024-05-28T06:17:00Z,166.94,166.94,166.9,166.9,3.00406723
Kraken:SOLUSD,2024-05-28T06:18:00Z,166.89,166.94,166.82,166.94,2532.55785794
Kraken:SOLUSD,2024-05-28T06:19:00Z,166.93,166.93,166.8,166.8,3393.32611014
Kraken:SOLUSD,2024-05-28T06:20:00Z,166.7,166.7,166.69,166.69,24.30994
Kraken:SOLUSD,2024-05-28T06:21:00Z,166.68,166.68,166.35,166.39,285.30779271
Kraken:SOLUSD,2024-05-28T06:22:00Z,166.45,166.47,166.39,166.39,850.83830062
Kraken:SOLUSD,2024-05-28T06:23:00Z,166.39,166.39,166.28,166.28,748.98107206
Kraken:SOLUSD,2024-05-28T06:24:00Z,166.28,166.28,166.28,166.28,4.71427712
Kraken:SOLUSD,2024-05-28T06:25:00Z,166.28,166.28,166.27,166.27,0.29333
Kraken:SOLUSD,2024-05-28T06:26:00Z,166.27,166.27,166.07,166.07,571.51238632
Kraken:SOLUSD,2024-05-28T06:27:00Z,166.1,166.17,166.1,166.17,0.85718206
Kraken:SOLUSD,2024-05-28T06:28:00Z,166.2,166.21,166.09,166.11,131.0359291
Kraken:SOLUSD,2024-05-28T06:29:00Z,166.12,166.12,166.07,166.07,35.10001802
Kraken:SOLUSD,2024-05-28T06:30:00Z,166.07,166.07,166.04,166.04,649.4329313
Kraken:SOLUSD,2024-05-28T06:31:00Z,166.0,166.01,166.0,166.01,6.9709648
Kraken:SOLUSD,2024-05-28T06:32:00Z,166.0,166.01,166.0,166.01,218.14591097
Kraken:SOLUSD,2024-05-28T06:34:00Z,166.01,166.05,166.01,166.05,25.26307832
Kraken:SOLUSD,2024-05-28T06:35:00Z,166.09,166.18,166.09,166.18,2.39395108
Kraken:SOLUSD,2024-05-28T06:36:00Z,166.19,166.37,166.19,166.36,54.26302871
Kraken:SOLUSD,2024-05-28T06:38:00Z,166.38,166.63,166.38,166.63,613.10238933
Kraken:SOLUSD,2024-05-28T06:39:00Z,166.4,166.4,166.3,166.3,25.20822683
Kraken:SOLUSD,2024-05-28T06:40:00Z,166.42,166.47,166.42,166.47,0.6072
Kraken:SOLUSD,2024-05-28T06:41:00Z,166.47,166.47,166.37,166.37,1.49052984
Kraken:SOLUSD,2024-05-28T06:43:00Z,166.29,166.48,166.29,166.48,36.28604293
Kraken:SOLUSD,2024-05-28T06:44:00Z,166.49,166.74,166.49,166.71,21.33704052
Kraken:SOLUSD,2024-05-28T06:45:00Z,166.75,166.97,166.75,166.83,1425.60260293
Kraken:SOLUSD,2024-05-28T06:46:00Z,166.83,166.88,166.83,166.88,28.7092
Kraken:SOLUSD,2024-05-28T06:47:00Z,166.88,166.88,166.88,166.88,1.2673833
Kraken:SOLUSD,2024-05-28T06:48:00Z,166.81,166.81,166.8,166.8,2.04264689
Kraken:SOLUSD,2024-05-28T06:49:00Z,166.86,166.89,166.86,166.89,9.36459728
Kraken:SOLUSD,2024-05-28T06:50:00Z,166.94,166.95,166.94,166.95,0.20518197
Kraken:SOLUSD,2024-05-28T06:53:00Z,166.96,166.96,166.96,166.96,0.08775
Kraken:SOLUSD,2024-05-28T06:54:00Z,166.95,166.96,166.95,166.96,0.90712
Kraken:SOLUSD,2024-05-28T06:55:00Z,166.96,166.96,166.96,166.96,0.14626
Kraken:SOLUSD,2024-05-28T06:56:00Z,166.95,166.95,166.8,166.8,63.8946
Kraken:SOLUSD,2024-05-28T06:58:00Z,166.8,166.8,166.76,166.76,31.3403299
Kraken:SOLUSD,2024-05-28T06:59:00Z,166.63,166.63,166.62,166.63,46.82112068
Kraken:SOLUSD,2024-05-28T07:00:00Z,166.63,166.63,166.62,166.62,586.02968335
Kraken:SOLUSD,2024-05-28T07:01:00Z,166.63,166.63,166.59,166.6,151.73775411
Kraken:SOLUSD,2024-05-28T07:02:00Z,166.57,166.57,166.53,166.55,10.12202576
Kraken:SOLUSD,2024-05-28T07:03:00Z,166.56,166.56,166.56,166.56,4.60404686
Kraken:SOLUSD,2024-05-28T07:05:00Z,166.46,166.52,166.46,166.52,9.51008323
Kraken:SOLUSD,2024-05-28T07:06:00Z,166.62,166.63,166.62,166.63,5.13003
Kraken:SOLUSD,2024-05-28T07:07:00Z,166.63,166.63,166.63,166.63,115.00264058
Kraken:SOLUSD,2024-05-28T07:08:00Z,166.63,166.63,166.63,166.63,10.26597
Kraken:SOLUSD,2024-05-28T07:09:00Z,166.63,166.63,166.63,166.63,0.02754
Kraken:SOLUSD,2024-05-28T07:10:00Z,166.63,166.63,166.63,166.63,8.91085098
Kraken:SOLUSD,2024-05-28T07:11:00Z,166.63,166.63,166.63,166.63,15.29055
Kraken:SOLUSD,2024-05-28T07:12:00Z,166.63,166.63,166.63,166.63,38.19834507
Kraken:SOLUSD,2024-05-28T07:13:00Z,166.54,166.54,166.43,166.43,0.33743
Kraken:SOLUSD,2024-05-28T07:14:00Z,166.42,166.42,166.34,166.36,3.55807386
Kraken:SOLUSD,2024-05-28T07:15:00Z,166.2,166.2,166.09,166.09,22.78771292
Kraken:SOLUSD,2024-05-28T07:16:00Z,166.18,166.2,166.18,166.2,15.422011
Kraken:SOLUSD,2024-05-28T07:17:00Z,166.17,166.18,166.17,166.18,4.17548
Kraken:SOLUSD,2024-05-28T07:19:00Z,166.15,166.15,165.87,165.89,152.80724394
Kraken:SOLUSD,2024-05-28T07:21:00Z,165.81,165.81,165.81,165.81,3.07213136
Kraken:SOLUSD,2024-05-28T07:22:00Z,165.8,165.8,165.8,165.8,5.11926229
Kraken:SOLUSD,2024-05-28T07:23:00Z,165.8,165.81,165.8,165.81,6.0798148
Kraken:SOLUSD,2024-05-28T07:24:00Z,165.8,165.8,165.8,165.8,38.38956721
Kraken:SOLUSD,2024-05-28T07:25:00Z,165.8,165.8,165.61,165.65,393.20156109
Kraken:SOLUSD,2024-05-28T07:26:00Z,165.61,165.65,165.6,165.65,39.84066129
Kraken:SOLUSD,2024-05-28T07:27:00Z,165.76,165.78,165.76,165.78,1.80974039
Kraken:SOLUSD,2024-05-28T07:28:00Z,165.76,165.76,165.76,165.76,12.04753861
Kraken:SOLUSD,2024-05-28T07:29:00Z,165.74,165.75,165.74,165.75,20.36377896
Kraken:SOLUSD,2024-05-28T07:30:00Z,165.75,165.91,165.75,165.9,150.58267263
Kraken:SOLUSD,2024-05-28T07:31:00Z,165.91,166.02,165.91,166.02,28.96097042
Kraken:SOLUSD,2024-05-28T07:33:00Z,166.12,166.12,166.12,166.12,0.69818761
Kraken:SOLUSD,2024-05-28T07:34:00Z,166.1,166.12,166.1,166.12,2.63249481
Kraken:SOLUSD,2024-05-28T07:35:00Z,166.11,166.26,166.11,166.26,27.46595848
Kraken:SOLUSD,2024-05-28T07:36:00Z,166.23,166.23,166.11,166.11,3.42736
Kraken:SOLUSD,2024-05-28T07:37:00Z,166.11,166.11,165.92,165.92,77.57330364
Kraken:SOLUSD,2024-05-28T07:38:00Z,166.11,166.11,166.11,166.11,0.05554
Kraken:SOLUSD,2024-05-28T07:39:00Z,166.11,166.11,166.11,166.11,19.325
Kraken:SOLUSD,2024-05-28T07:41:00Z,166.27,166.29,166.27,166.28,192.21936
Kraken:SOLUSD,2024-05-28T07:42:00Z,166.23,166.23,166.23,166.23,1
Kraken:SOLUSD,2024-05-28T07:43:00Z,166.28,166.28,166.28,166.28,0.0559
Kraken:SOLUSD,2024-05-28T07:45:00Z,166.3,166.39,166.3,166.39,21.9740909
Kraken:SOLUSD,2024-05-28T07:46:00Z,166.45,166.6,166.45,166.6,201.31377786
Kraken:SOLUSD,2024-05-28T07:47:00Z,166.59,166.59,166.59,166.59,0.06638
Kraken:SOLUSD,2024-05-28T07:48:00Z,166.41,166.41,166.12,166.17,177.00853386
Kraken:SOLUSD,2024-05-28T07:51:00Z,166.11,166.12,166.11,166.12,2.23071364
Kraken:SOLUSD,2024-05-28T07:54:00Z,165.96,165.97,165.96,165.97,9.8885
Kraken:SOLUSD,2024-05-28T07:56:00Z,166.0,166.2,166.0,166.2,300.9336276
Kraken:SOLUSD,2024-05-28T07:57:00Z,166.05,166.05,166.05,166.05,0.1101
Kraken:SOLUSD,2024-05-28T07:58:00Z,166.08,166.08,166.08,166.08,0.135
Kraken:SOLUSD,2024-05-28T08:00:00Z,165.94,165.94,165.77,165.77,27.515828
Kraken:SOLUSD,2024-05-28T08:03:00Z,165.8,165.8,165.8,165.8,1.32669751
Kraken:SOLUSD,2024-05-28T08:04:00Z,165.81,165.88,165.81,165.88,48.90353353
Kraken:SOLUSD,2024-05-28T08:05:00Z,165.93,166.23,165.93,166.23,39.66344795
Kraken:SOLUSD,2024-05-28T08:06:00Z,166.23,166.32,166.23,166.32,4.17731107
Kraken:SOLUSD,2024-05-28T08:07:00Z,166.29,166.32,166.29,166.32,47.70451712
Kraken:SOLUSD,2024-05-28T08:08:00Z,166.33,166.36,166.33,166.36,9.77237192
Kraken:SOLUSD,2024-05-28T08:09:00Z,166.45,166.47,166.45,166.47,1.52675822
Kraken:SOLUSD,2024-05-28T08:10:00Z,166.57,166.59,166.57,166.59,29.42232782
Kraken:SOLUSD,2024-05-28T08:11:00Z,166.6,166.89,166.6,166.89,23.94362856
Kraken:SOLUSD,2024-05-28T08:12:00Z,166.88,166.88,166.88,166.88,0.27667
Kraken:SOLUSD,2024-05-28T08:13:00Z,166.89,167.07,166.89,167.07,229.26376599
Kraken:SOLUSD,2024-05-28T08:14:00Z,167.09,167.09,167.05,167.05,3.60756089
Kraken:SOLUSD,2024-05-28T08:15:00Z,167.05,167.13,167.05,167.13,49.60158547
Kraken:SOLUSD,2024-05-28T08:16:00Z,167.14,167.16,167.14,167.16,0.36134
Kraken:SOLUSD,2024-05-28T08:17:00Z,167.16,167.19,167.14,167.14,14.615719
Kraken:SOLUSD,2024-05-28T08:18:00Z,166.95,166.95,166.77,166.77,2.47933498
Kraken:SOLUSD,2024-05-28T08:19:00Z,166.85,166.85,166.74,166.74,0.99297461
Kraken:SOLUSD,2024-05-28T08:20:00Z,166.71,166.92,166.71,166.89,13.60997999
Kraken:SOLUSD,2024-05-28T08:21:00Z,166.88,166.89,166.88,166.89,0.78073
Kraken:SOLUSD,2024-05-28T08:22:00Z,166.82,166.86,166.82,166.86,0.95177
Kraken:SOLUSD,2024-05-28T08:23:00Z,166.89,166.98,166.89,166.98,6.31317342
Kraken:SOLUSD,2024-05-28T08:24:00Z,167.03,167.14,167.03,167.14,7.32226586
Kraken:SOLUSD,2024-05-28T08:25:00Z,167.14,167.2,167.14,167.2,28.17034
Kraken:SOLUSD,2024-05-28T08:26:00Z,167.19,167.19,167.19,167.19,0.93904527
Kraken:SOLUSD,2024-05-28T08:27:00Z,167.19,167.45,167.19,167.42,121.28015251
Kraken:SOLUSD,2024-05-28T08:28:00Z,167.33,167.33,167.31,167.31,4.63688806
Kraken:SOLUSD,2024-05-28T08:30:00Z,167.25,167.25,167.25,167.25,19.31155
Kraken:SOLUSD,2024-05-28T08:31:00Z,167.24,167.28,167.24,167.28,19.72429595
Kraken:SOLUSD,2024-05-28T08:32:00Z,167.28,167.28,167.24,167.24,106.20544
Kraken:SOLUSD,2024-05-28T08:33:00Z,167.25,167.28,167.25,167.28,29.43744024
Kraken:SOLUSD,2024-05-28T08:34:00Z,167.28,167.35,167.26,167.35,303.6901107
Kraken:SOLUSD,2024-05-28T08:35:00Z,167.3,167.3,167.24,167.24,316.57404796
Kraken:SOLUSD,2024-05-28T08:36:00Z,167.1,167.24,167.1,167.24,4.78075211
Kraken:SOLUSD,2024-05-28T08:37:00Z,167.3,167.3,167.3,167.3,8.51990964
Kraken:SOLUSD,2024-05-28T08:38:00Z,167.3,167.3,167.29,167.29,130.27788
Kraken:SOLUSD,2024-05-28T08:39:00Z,167.32,167.41,167.32,167.4,1.85296716
Kraken:SOLUSD,2024-05-28T08:40:00Z,167.4,167.4,167.4,167.4,0.36826218
Kraken:SOLUSD,2024-05-28T08:41:00Z,167.38,167.38,167.38,167.38,21.27569832
Kraken:SOLUSD,2024-05-28T08:42:00Z,167.41,167.41,167.41,167.41,0.00756
Kraken:SOLUSD,2024-05-28T08:43:00Z,167.42,167.49,167.41,167.49,432.33561306
Kraken:SOLUSD,2024-05-28T08:44:00Z,167.48,167.54,167.48,167.54,8.02883382
Kraken:SOLUSD,2024-05-28T08:45:00Z,167.55,167.63,167.55,167.63,5.63856432
Kraken:SOLUSD,2024-05-28T08:46:00Z,167.6,167.61,167.6,167.61,4.2070932
Kraken:SOLUSD,2024-05-28T08:48:00Z,167.61,167.66,167.61,167.66,13.79200905
Kraken:SOLUSD,2024-05-28T08:49:00Z,167.68,167.77,167.61,167.77,47.76716372
Kraken:SOLUSD,2024-05-28T08:50:00Z,167.74,167.74,167.74,167.74,1358.08
Kraken:SOLUSD,2024-05-28T08:52:00Z,167.74,167.74,167.74,167.74,713.55818761
Kraken:SOLUSD,2024-05-28T08:53:00Z,167.75,167.75,167.75,167.75,37.92619
Kraken:SOLUSD,2024-05-28T08:54:00Z,167.75,167.75,167.75,167.75,4.79290543
Kraken:SOLUSD,2024-05-28T08:55:00Z,167.68,167.68,167.67,167.67,1347.47616397
Kraken:SOLUSD,2024-05-28T08:56:00Z,167.53,167.53,167.49,167.5,294.9838908
Kraken:SOLUSD,2024-05-28T08:57:00Z,167.52,167.53,167.52,167.53,0.5862409
Kraken:SOLUSD,2024-05-28T08:58:00Z,167.58,167.7,167.58,167.7,176.11965652
Kraken:SOLUSD,2024-05-28T09:00:00Z,167.61,167.61,167.35,167.45,771.11747343
Kraken:SOLUSD,2024-05-28T09:02:00Z,167.35,167.36,167.3,167.36,8.38255075
Kraken:SOLUSD,2024-05-28T09:03:00Z,167.3,167.3,167.29,167.3,19.53247489
Kraken:SOLUSD,2024-05-28T09:04:00Z,167.29,167.29,167.22,167.25,5.67879032
Kraken:SOLUSD,2024-05-28T09:05:00Z,167.26,167.26,167.26,167.26,1.17842
Kraken:SOLUSD,2024-05-28T09:06:00Z,167.23,167.23,167.21,167.21,2.14080205
Kraken:SOLUSD,2024-05-28T09:07:00Z,167.21,167.46,167.21,167.44,149.4729855
Kraken:SOLUSD,2024-05-28T09:08:00Z,167.44,167.44,167.25,167.25,4.1823404
Kraken:SOLUSD,2024-05-28T09:09:00Z,167.26,167.5,167.21,167.38,200.45598795
Kraken:SOLUSD,2024-05-28T09:10:00Z,167.48,167.59,167.48,167.59,3.547839
Kraken:SOLUSD,2024-05-28T09:11:00Z,167.6,167.64,167.56,167.56,8.39471721
Kraken:SOLUSD,2024-05-28T09:12:00Z,167.45,167.45,167.37,167.37,21.1945291
Kraken:SOLUSD,2024-05-28T09:13:00Z,167.36,167.38,167.34,167.34,84.97881266
Kraken:SOLUSD,2024-05-28T09:14:00Z,167.34,167.34,167.34,167.34,0.0668
Kraken:SOLUSD,2024-05-28T09:15:00Z,167.3,167.3,167.3,167.3,6
Kraken:SOLUSD,2024-05-28T09:16:00Z,167.34,167.35,167.34,167.34,3.05452676
Kraken:SOLUSD,2024-05-28T09:17:00Z,167.34,167.34,167.18,167.18,6.29543297
Kraken:SOLUSD,2024-05-28T09:18:00Z,167.18,167.18,167.15,167.15,1.3839
Kraken:SOLUSD,2024-05-28T09:20:00Z,167.09,167.09,167.09,167.09,2.99239931
Kraken:SOLUSD,2024-05-28T09:21:00Z,167.08,167.08,167.08,167.08,35.03669355
Kraken:SOLUSD,2024-05-28T09:23:00Z,167.09,167.09,167.09,167.09,36.2671
Kraken:SOLUSD,2024-05-28T09:25:00Z,167.27,167.27,167.24,167.24,2.20419415
Kraken:SOLUSD,2024-05-28T09:26:00Z,167.14,167.14,167.08,167.08,0.97713
Kraken:SOLUSD,2024-05-28T09:27:00Z,167.09,167.09,167.09,167.09,3.9822416
Kraken:SOLUSD,2024-05-28T09:28:00Z,167.08,167.08,167.08,167.08,1.56880618
Kraken:SOLUSD,2024-05-28T09:29:00Z,167.09,167.09,167.08,167.08,24.10924
Kraken:SOLUSD,2024-05-28T09:31:00Z,167.13,167.22,167.13,167.22,0.77180594
Kraken:SOLUSD,2024-05-28T09:32:00Z,167.23,167.39,167.23,167.39,12.05584308
Kraken:SOLUSD,2024-05-28T09:33:00Z,167.39,167.39,167.35,167.35,9.38066566
Kraken:SOLUSD,2024-05-28T09:34:00Z,167.34,167.34,167.34,167.34,4.81208035
Kraken:SOLUSD,2024-05-28T09:35:00Z,167.33,167.34,167.33,167.34,5.16758
Kraken:SOLUSD,2024-05-28T09:36:00Z,167.35,167.35,167.26,167.26,39.91338
Kraken:SOLUSD,2024-05-28T09:37:00Z,167.3,167.36,167.3,167.36,3.764846
Kraken:SOLUSD,2024-05-28T09:38:00Z,167.48,167.48,167.48,167.48,7.98388
Kraken:SOLUSD,2024-05-28T09:39:00Z,167.49,167.62,167.49,167.62,27.38083
Kraken:SOLUSD,2024-05-28T09:40:00Z,167.63,167.72,167.63,167.72,8.55279766
Kraken:SOLUSD,2024-05-28T09:41:00Z,167.75,167.81,167.75,167.81,1004.61924449
Kraken:SOLUSD,2024-05-28T09:42:00Z,167.74,167.75,167.74,167.75,11.54141331
Kraken:SOLUSD,2024-05-28T09:44:00Z,167.75,167.82,167.75,167.82,20.893707
Kraken:SOLUSD,2024-05-28T09:45:00Z,167.81,167.82,167.81,167.82,4.01478102
Kraken:SOLUSD,2024-05-28T09:46:00Z,167.81,167.81,167.72,167.75,46.95187878
Kraken:SOLUSD,2024-05-28T09:47:00Z,167.81,167.81,167.81,167.81,0.04251
Kraken:SOLUSD,2024-05-28T09:48:00Z,167.81,167.81,167.81,167.81,6.29787369
Kraken:SOLUSD,2024-05-28T09:49:00Z,167.81,167.97,167.81,167.95,43.84021795
Kraken:SOLUSD,2024-05-28T09:50:00Z,167.9,167.9,167.9,167.9,15.62956006
Kraken:SOLUSD,2024-05-28T09:51:00Z,167.9,167.98,167.9,167.98,1.96699645
Kraken:SOLUSD,2024-05-28T09:52:00Z,167.94,167.94,167.94,167.94,0.0776
Kraken:SOLUSD,2024-05-28T09:55:00Z,167.95,168.0,167.95,167.99,27.40869751
Kraken:SOLUSD,2024-05-28T09:57:00Z,167.98,167.98,167.96,167.96,76.10931284
Kraken:SOLUSD,2024-05-28T09:58:00Z,167.96,167.96,167.92,167.93,142.92442327
Kraken:SOLUSD,2024-05-28T09:59:00Z,167.82,167.82,167.82,167.82,1.3612
Kraken:SOLUSD,2024-05-28T10:00:00Z,167.81,167.81,167.54,167.57,1.71888115
Kraken:SOLUSD,2024-05-28T10:01:00Z,167.64,167.68,167.64,167.68,1.8144388
Kraken:SOLUSD,2024-05-28T10:02:00Z,167.64,167.68,167.64,167.68,175.46747965
Kraken:SOLUSD,2024-05-28T10:03:00Z,167.69,167.69,167.64,167.64,3.89272
Kraken:SOLUSD,2024-05-28T10:04:00Z,167.68,167.96,167.68,167.96,21.44546793
Kraken:SOLUSD,2024-05-28T10:05:00Z,168.0,168.0,168.0,168.0,56.65639195
Kraken:SOLUSD,2024-05-28T10:06:00Z,168.0,168.3,168.0,168.3,383.45747202
Kraken:SOLUSD,2024-05-28T10:07:00Z,168.3,168.35,168.3,168.35,46.13769011
Kraken:SOLUSD,2024-05-28T10:08:00Z,168.36,168.56,168.36,168.56,16.99165277
Kraken:SOLUSD,2024-05-28T10:09:00Z,168.57,168.6,168.57,168.59,27.46332798
Kraken:SOLUSD,2024-05-28T10:10:00Z,168.48,168.48,168.48,168.48,0.05923524
Kraken:SOLUSD,2024-05-28T10:11:00Z,168.48,168.63,168.48,168.63,60.91935186
Kraken:SOLUSD,2024-05-28T10:12:00Z,168.63,169.18,168.63,169.18,2548.12604763
Kraken:SOLUSD,2024-05-28T10:13:00Z,169.19,169.23,169.19,169.23,206.51213116
Kraken:SOLUSD,2024-05-28T10:14:00Z,169.17,169.17,169.11,169.11,3.564252
Kraken:SOLUSD,2024-05-28T10:15:00Z,169.19,169.44,169.19,169.44,1153.90422077
Kraken:SOLUSD,2024-05-28T10:16:00Z,169.45,169.64,169.45,169.64,121.22158662
Kraken:SOLUSD,2024-05-28T10:17:00Z,169.59,170.06,169.59,170.03,788.97387431
Kraken:SOLUSD,2024-05-28T10:18:00Z,170.05,170.05,169.76,169.76,1037.91118855
Kraken:SOLUSD,2024-05-28T10:19:00Z,169.83,169.83,169.81,169.81,0.19234241
Kraken:SOLUSD,2024-05-28T10:20:00Z,169.68,169.68,169.66,169.66,2.51245604
Kraken:SOLUSD,2024-05-28T10:21:00Z,169.65,169.65,169.22,169.36,3.75080542
Kraken:SOLUSD,2024-05-28T10:22:00Z,169.21,169.27,169.15,169.27,506.76658629
Kraken:SOLUSD,2024-05-28T10:23:00Z,169.28,169.49,169.28,169.49,19.4503948
Kraken:SOLUSD,2024-05-28T10:24:00Z,169.4,169.4,169.34,169.37,17.71969828
Kraken:SOLUSD,2024-05-28T10:25:00Z,169.31,169.31,169.26,169.26,35.65530548
Kraken:SOLUSD,2024-05-28T10:26:00Z,169.22,169.23,169.22,169.23,4.35717519
Kraken:SOLUSD,2024-05-28T10:27:00Z,169.22,169.27,169.22,169.24,195.5496288
Kraken:SOLUSD,2024-05-28T10:28:00Z,169.23,169.23,168.97,168.97,20.91623819
Kraken:SOLUSD,2024-05-28T10:29:00Z,169.17,169.17,168.98,168.99,91.28719709
Kraken:SOLUSD,2024-05-28T10:30:00Z,168.97,169.18,168.97,169.17,38.57330014
Kraken:SOLUSD,2024-05-28T10:31:00Z,169.18,169.26,169.16,169.2,411.83749218
Kraken:SOLUSD,2024-05-28T10:32:00Z,169.24,169.24,169.2,169.2,0.06682
Kraken:SOLUSD,2024-05-28T10:33:00Z,169.19,169.19,168.84,168.84,32.84782217
Kraken:SOLUSD,2024-05-28T10:34:00Z,168.85,168.85,168.6,168.6,48.92404499
Kraken:SOLUSD,2024-05-28T10:35:00Z,168.64,168.72,168.64,168.72,2.9153601
Kraken:SOLUSD,2024-05-28T10:36:00Z,168.69,168.69,168.69,168.69,1.804174
Kraken:SOLUSD,2024-05-28T10:37:00Z,168.69,168.69,168.69,168.69,28.95113
Kraken:SOLUSD,2024-05-28T10:38:00Z,168.63,168.63,168.61,168.62,22.56613025
Kraken:SOLUSD,2024-05-28T10:39:00Z,168.62,168.62,168.59,168.59,1.48953
Kraken:SOLUSD,2024-05-28T10:40:00Z,168.57,168.69,168.57,168.69,16.65802876
Kraken:SOLUSD,2024-05-28T10:41:00Z,168.68,168.92,168.68,168.92,123.56544645
Kraken:SOLUSD,2024-05-28T10:42:00Z,168.94,168.94,168.94,168.94,0.64120228
Kraken:SOLUSD,2024-05-28T10:43:00Z,168.77,168.77,168.61,168.7,202.60866366
Kraken:SOLUSD,2024-05-28T10:44:00Z,168.69,168.69,168.62,168.62,0.9119501
Kraken:SOLUSD,2024-05-28T10:45:00Z,168.61,168.89,168.61,168.89,229.88852872
Kraken:SOLUSD,2024-05-28T10:46:00Z,168.89,168.92,168.89,168.92,3.75960189
Kraken:SOLUSD,2024-05-28T10:47:00Z,169.0,169.0,168.98,168.98,3.11212
Kraken:SOLUSD,2024-05-28T10:48:00Z,169.0,169.02,169.0,169.0,0.48384285
Kraken:SOLUSD,2024-05-28T10:49:00Z,168.97,168.97,168.97,168.97,10.01544496
Kraken:SOLUSD,2024-05-28T10:50:00Z,169.02,169.15,169.02,169.15,7.1850684
Kraken:SOLUSD,2024-05-28T10:51:00Z,169.17,169.18,169.16,169.18,47.81118787
Kraken:SOLUSD,2024-05-28T10:52:00Z,169.19,169.31,169.19,169.31,16.25208778
Kraken:SOLUSD,2024-05-28T10:53:00Z,169.33,169.4,169.33,169.4,10.03575551
Kraken:SOLUSD,2024-05-28T10:54:00Z,169.4,169.48,169.4,169.48,31.77868
Kraken:SOLUSD,2024-05-28T10:55:00Z,169.48,169.49,169.48,169.48,5.07787206
Kraken:SOLUSD,2024-05-28T10:56:00Z,169.48,169.48,169.48,169.48,6.2
Kraken:SOLUSD,2024-05-28T10:57:00Z,169.49,169.49,169.48,169.48,146.17518145
Kraken:SOLUSD,2024-05-28T10:58:00Z,169.47,169.52,169.47,169.52,17.60465704
Kraken:SOLUSD,2024-05-28T10:59:00Z,169.49,169.49,169.47,169.47,29.54852507
Kraken:SOLUSD,2024-05-28T11:00:00Z,169.47,169.48,169.44,169.45,50.44300316
Kraken:SOLUSD,2024-05-28T11:02:00Z,169.52,169.55,169.52,169.54,8.732886
Kraken:SOLUSD,2024-05-28T11:03:00Z,169.64,169.65,169.64,169.64,29.531569
Kraken:SOLUSD,2024-05-28T11:04:00Z,169.4,169.4,169.36,169.36,54.60562089
Kraken:SOLUSD,2024-05-28T11:05:00Z,169.23,169.28,169.23,169.23,24.8765075
Kraken:SOLUSD,2024-05-28T11:06:00Z,169.23,169.32,169.23,169.32,251.02708
Kraken:SOLUSD,2024-05-28T11:07:00Z,169.24,169.24,169.17,169.17,14.80976743
Kraken:SOLUSD,2024-05-28T11:08:00Z,169.18,169.23,169.18,169.23,121.28027756
Kraken:SOLUSD,2024-05-28T11:09:00Z,169.24,169.27,169.24,169.27,17.77630583
Kraken:SOLUSD,2024-05-28T11:10:00Z,169.29,169.3,169.25,169.27,5.14136044
Kraken:SOLUSD,2024-05-28T11:11:00Z,169.29,169.29,169.29,169.29,0.59912569
Kraken:SOLUSD,2024-05-28T11:12:00Z,169.3,169.4,169.3,169.4,26.29789105
Kraken:SOLUSD,2024-05-28T11:13:00Z,169.41,169.48,169.41,169.48,6.2967109
Kraken:SOLUSD,2024-05-28T11:14:00Z,169.48,169.49,169.48,169.49,16.64436157
Kraken:SOLUSD,2024-05-28T11:15:00Z,169.44,169.56,169.43,169.56,2.2231
Kraken:SOLUSD,2024-05-28T11:16:00Z,169.56,169.62,169.56,169.62,19.54229474
Kraken:SOLUSD,2024-05-28T11:17:00Z,169.62,169.69,169.62,169.69,3.82407313
Kraken:SOLUSD,2024-05-28T11:18:00Z,169.76,169.78,169.76,169.78,5.99542864
Kraken:SOLUSD,2024-05-28T11:20:00Z,169.78,169.78,169.78,169.78,0.06079
Kraken:SOLUSD,2024-05-28T11:21:00Z,169.77,169.77,169.75,169.75,36.82680308
Kraken:SOLUSD,2024-05-28T11:22:00Z,169.61,169.73,169.61,169.73,14.90486
Kraken:SOLUSD,2024-05-28T11:23:00Z,169.68,169.68,169.68,169.68,0.873763
Kraken:SOLUSD,2024-05-28T11:24:00Z,169.52,169.55,169.47,169.49,69.66249355
Kraken:SOLUSD,2024-05-28T11:25:00Z,169.46,169.46,169.46,169.46,0.21458451
Kraken:SOLUSD,2024-05-28T11:26:00Z,169.44,169.44,169.24,169.25,6.914578
Kraken:SOLUSD,2024-05-28T11:27:00Z,169.22,169.22,169.22,169.22,11.15476397
Kraken:SOLUSD,2024-05-28T11:28:00Z,169.18,169.18,169.18,169.18,0.58167615
Kraken:SOLUSD,2024-05-28T11:29:00Z,169.2,169.22,169.19,169.19,25.12665728
Kraken:SOLUSD,2024-05-28T11:30:00Z,169.25,169.25,169.05,169.05,0.92038146
Kraken:SOLUSD,2024-05-28T11:31:00Z,169.12,169.13,169.11,169.11,57.48176728
Kraken:SOLUSD,2024-05-28T11:32:00Z,169.04,169.08,169.04,169.06,29.58598
Kraken:SOLUSD,2024-05-28T11:33:00Z,169.03,169.03,168.85,168.85,125.97559836
Kraken:SOLUSD,2024-05-28T11:34:00Z,168.85,168.85,168.72,168.72,14.46703233
Kraken:SOLUSD,2024-05-28T11:35:00Z,168.78,168.85,168.78,168.85,217
Kraken:SOLUSD,2024-05-28T11:36:00Z,168.76,168.76,168.68,168.68,11.32362216
Kraken:SOLUSD,2024-05-28T11:37:00Z,168.67,168.68,168.65,168.68,9.38190687
Kraken:SOLUSD,2024-05-28T11:38:00Z,168.66,168.66,168.65,168.65,2.36144
Kraken:SOLUSD,2024-05-28T11:39:00Z,168.56,168.56,168.46,168.46,2.93268852
Kraken:SOLUSD,2024-05-28T11:40:00Z,168.47,168.47,168.42,168.46,15.67486026
Kraken:SOLUSD,2024-05-28T11:41:00Z,168.57,168.67,168.57,168.67,13.74994784
Kraken:SOLUSD,2024-05-28T11:42:00Z,168.67,168.85,168.67,168.83,7.64624695
Kraken:SOLUSD,2024-05-28T11:43:00Z,168.84,168.86,168.84,168.86,3.48515
Kraken:SOLUSD,2024-05-28T11:44:00Z,168.86,168.87,168.86,168.87,24.43727275
Kraken:SOLUSD,2024-05-28T11:45:00Z,168.87,168.87,168.81,168.81,163.02261931
Kraken:SOLUSD,2024-05-28T11:47:00Z,168.75,168.8,168.75,168.8,1.20556509
Kraken:SOLUSD,2024-05-28T11:48:00Z,168.8,168.8,168.8,168.8,312.34134
Kraken:SOLUSD,2024-05-28T11:49:00Z,168.8,169.05,168.8,169.05,381.16309026
Kraken:SOLUSD,2024-05-28T11:50:00Z,169.06,169.15,169.06,169.15,24.72138507
Kraken:SOLUSD,2024-05-28T11:51:00Z,169.17,169.26,169.17,169.26,2.99582697
Kraken:SOLUSD,2024-05-28T11:52:00Z,169.39,169.66,169.39,169.66,32.36134164
Kraken:SOLUSD,2024-05-28T11:53:00Z,169.5,169.5,169.5,169.5,5.22735
Kraken:SOLUSD,2024-05-28T11:54:00Z,169.49,169.56,169.49,169.56,2.78829143
Kraken:SOLUSD,2024-05-28T11:55:00Z,169.58,169.59,169.58,169.59,3.7713
Kraken:SOLUSD,2024-05-28T11:56:00Z,169.61,169.66,169.61,169.62,5.96614549
Kraken:SOLUSD,2024-05-28T11:57:00Z,169.59,169.59,169.55,169.55,1.38578187
Kraken:SOLUSD,2024-05-28T11:58:00Z,169.56,169.56,169.36,169.36,3.56077131
Kraken:SOLUSD,2024-05-28T12:00:00Z,169.58,169.69,169.57,169.69,78.30082489
Kraken:SOLUSD,2024-05-28T12:02:00Z,169.66,169.67,169.66,169.67,27.55434486
Kraken:SOLUSD,2024-05-28T12:03:00Z,169.67,169.67,169.57,169.57,59.41755187
Kraken:SOLUSD,2024-05-28T12:04:00Z,169.56,169.69,169.56,169.58,16.36449
Kraken:SOLUSD,2024-05-28T12:05:00Z,169.63,169.85,169.63,169.85,10.53629208
Kraken:SOLUSD,2024-05-28T12:06:00Z,169.84,169.85,169.82,169.82,1.48805472
Kraken:SOLUSD,2024-05-28T12:07:00Z,169.81,169.81,169.51,169.51,156.66449921
Kraken:SOLUSD,2024-05-28T12:08:00Z,169.5,169.5,169.47,169.47,4.36934526
Kraken:SOLUSD,2024-05-28T12:09:00Z,169.46,169.53,169.46,169.53,53.55787777
Kraken:SOLUSD,2024-05-28T12:10:00Z,169.52,169.52,169.52,169.52,0.41442
Kraken:SOLUSD,2024-05-28T12:11:00Z,169.42,169.42,169.4,169.4,59.77595871
Kraken:SOLUSD,2024-05-28T12:13:00Z,169.41,169.49,169.41,169.48,25.99396701
Kraken:SOLUSD,2024-05-28T12:14:00Z,169.49,169.51,169.49,169.5,0.63253089
Kraken:SOLUSD,2024-05-28T12:15:00Z,169.5,169.5,169.5,169.5,0.60932
Kraken:SOLUSD,2024-05-28T12:17:00Z,169.52,169.53,169.51,169.53,5.38545028
Kraken:SOLUSD,2024-05-28T12:18:00Z,169.53,169.53,169.42,169.42,2.54406653
Kraken:SOLUSD,2024-05-28T12:19:00Z,169.39,169.56,169.38,169.56,17.42651446
Kraken:SOLUSD,2024-05-28T12:20:00Z,169.5,169.5,169.5,169.5,0.26814
Kraken:SOLUSD,2024-05-28T12:21:00Z,169.5,169.5,169.5,169.5,1.3969
Kraken:SOLUSD,2024-05-28T12:22:00Z,169.5,169.53,169.47,169.47,60.31901782
Kraken:SOLUSD,2024-05-28T12:23:00Z,169.36,169.36,169.35,169.36,131.30422156
Kraken:SOLUSD,2024-05-28T12:24:00Z,169.37,169.5,169.37,169.46,128.55501423
Kraken:SOLUSD,2024-05-28T12:25:00Z,169.47,169.87,169.47,169.87,24.49542375
Kraken:SOLUSD,2024-05-28T12:26:00Z,169.89,169.98,169.89,169.98,12.71507515
Kraken:SOLUSD,2024-05-28T12:27:00Z,169.96,169.96,169.8,169.8,7.15835275
Kraken:SOLUSD,2024-05-28T12:28:00Z,169.82,169.85,169.82,169.85,8.97402714
Kraken:SOLUSD,2024-05-28T12:29:00Z,169.88,169.98,169.88,169.98,2.76177364
Kraken:SOLUSD,2024-05-28T12:30:00Z,170.0,170.11,170.0,170.09,223.84894252
Kraken:SOLUSD,2024-05-28T12:31:00Z,170.13,170.71,170.13,170.71,2424.79562006
Kraken:SOLUSD,2024-05-28T12:32:00Z,170.72,170.87,170.72,170.83,181.6237009
Kraken:SOLUSD,2024-05-28T12:33:00Z,170.8,170.81,170.56,170.61,390.45454273
Kraken:SOLUSD,2024-05-28T12:34:00Z,170.66,171.0,170.66,171.0,138.77977126
Kraken:SOLUSD,2024-05-28T12:35:00Z,171.0,171.01,170.86,170.86,167.56316407
Kraken:SOLUSD,2024-05-28T12:36:00Z,170.81,170.84,170.8,170.84,182.93912388
Kraken:SOLUSD,2024-05-28T12:37:00Z,170.87,171.03,170.87,171.03,13.59213729
Kraken:SOLUSD,2024-05-28T12:38:00Z,171.02,171.07,171.02,171.07,335.81308047
Kraken:SOLUSD,2024-05-28T12:39:00Z,171.08,171.12,171.08,171.12,20.74203047
Kraken:SOLUSD,2024-05-28T12:40:00Z,171.12,171.3,171.12,171.3,215.96880842
Kraken:SOLUSD,2024-05-28T12:41:00Z,171.3,171.5,171.29,171.5,676.70267298
Kraken:SOLUSD,2024-05-28T12:42:00Z,171.51,171.58,171.43,171.43,15.82616035
Kraken:SOLUSD,2024-05-28T12:43:00Z,171.27,171.27,171.07,171.08,249.12756525
Kraken:SOLUSD,2024-05-28T12:44:00Z,171.08,171.08,170.44,170.52,638.83123625
Kraken:SOLUSD,2024-05-28T12:45:00Z,170.5,170.88,170.48,170.88,50.88816961
Kraken:SOLUSD,2024-05-28T12:46:00Z,170.88,171.43,170.88,171.43,323.00990185
Kraken:SOLUSD,2024-05-28T12:47:00Z,171.34,171.34,171.21,171.21,4.69674311
Kraken:SOLUSD,2024-05-28T12:48:00Z,171.21,171.21,171.07,171.07,19.89839226
Kraken:SOLUSD,2024-05-28T12:49:00Z,170.88,170.89,170.87,170.87,1.30614764
Kraken:SOLUSD,2024-05-28T12:50:00Z,170.89,170.89,170.89,170.89,0.53076782
Kraken:SOLUSD,2024-05-28T12:51:00Z,171.04,171.5,171.04,171.45,6280.82093919
Kraken:SOLUSD,2024-05-28T12:52:00Z,171.46,171.84,171.46,171.69,3220.5740088
Kraken:SOLUSD,2024-05-28T12:53:00Z,171.69,171.74,171.67,171.67,44.07259245
Kraken:SOLUSD,2024-05-28T12:54:00Z,171.5,171.5,171.34,171.34,45.81166591
Kraken:SOLUSD,2024-05-28T12:55:00Z,171.33,171.36,171.3,171.3,101.87121903
Kraken:SOLUSD,2024-05-28T12:56:00Z,171.29,171.29,171.12,171.12,1.259925
Kraken:SOLUSD,2024-05-28T12:57:00Z,171.11,171.3,171.11,171.3,29.08855988
Kraken:SOLUSD,2024-05-28T12:58:00Z,171.3,171.37,171.3,171.31,40.56791935
Kraken:SOLUSD,2024-05-28T12:59:00Z,171.31,171.31,171.12,171.12,58.249957
Kraken:SOLUSD,2024-05-28T13:00:00Z,171.13,171.25,171.12,171.25,12.83369082
Kraken:SOLUSD,2024-05-28T13:01:00Z,171.28,171.49,171.28,171.49,49.97301281
Kraken:SOLUSD,2024-05-28T13:02:00Z,171.48,171.49,171.15,171.29,6669.63793863
Kraken:SOLUSD,2024-05-28T13:03:00Z,171.03,171.24,171.03,171.24,993.55528542
Kraken:SOLUSD,2024-05-28T13:04:00Z,171.26,171.72,171.26,171.58,1008.60408356
Kraken:SOLUSD,2024-05-28T13:05:00Z,171.58,171.58,171.5,171.5,53.28829459
Kraken:SOLUSD,2024-05-28T13:06:00Z,171.49,171.6,171.49,171.6,61.25301047
Kraken:SOLUSD,2024-05-28T13:07:00Z,171.58,171.58,171.49,171.49,542.07220876
Kraken:SOLUSD,2024-05-28T13:08:00Z,171.46,171.46,171.2,171.2,134.09422179
Kraken:SOLUSD,2024-05-28T13:09:00Z,171.17,171.17,170.54,170.55,661.88757579
Kraken:SOLUSD,2024-05-28T13:10:00Z,170.55,170.55,170.27,170.31,172.20923783
Kraken:SOLUSD,2024-05-28T13:11:00Z,170.35,170.48,170.34,170.36,736.20030341
Kraken:SOLUSD,2024-05-28T13:12:00Z,170.36,170.59,170.36,170.58,213.51624603
Kraken:SOLUSD,2024-05-28T13:13:00Z,170.59,170.94,170.59,170.94,432.38277173
Kraken:SOLUSD,2024-05-28T13:14:00Z,170.83,170.96,170.81,170.81,595.63660029
Kraken:SOLUSD,2024-05-28T13:15:00Z,170.8,170.91,170.8,170.91,320.3773311
Kraken:SOLUSD,2024-05-28T13:16:00Z,170.92,171.2,170.92,171.2,57.05183784
Kraken:SOLUSD,2024-05-28T13:17:00Z,171.26,171.5,171.26,171.49,772.63285309
Kraken:SOLUSD,2024-05-28T13:18:00Z,171.49,171.58,171.49,171.5,178.5827166
Kraken:SOLUSD,2024-05-28T13:19:00Z,171.51,171.51,171.51,171.51,0.84998
Kraken:SOLUSD,2024-05-28T13:20:00Z,171.51,171.54,171.51,171.54,0.76526626
Kraken:SOLUSD,2024-05-28T13:21:00Z,171.57,172.33,171.57,172.33,3658.47339307
Kraken:SOLUSD,2024-05-28T13:22:00Z,172.33,172.66,172.33,172.45,350.92676226
Kraken:SOLUSD,2024-05-28T13:23:00Z,172.46,172.48,172.3,172.3,2.93781696
Kraken:SOLUSD,2024-05-28T13:24:00Z,172.39,172.67,172.39,172.62,45.25095399
Kraken:SOLUSD,2024-05-28T13:25:00Z,172.61,172.8,172.61,172.8,639.67495396
Kraken:SOLUSD,2024-05-28T13:26:00Z,172.74,172.89,172.74,172.89,309.93422038
Kraken:SOLUSD,2024-05-28T13:27:00Z,172.9,173.0,172.4,172.46,155.86189575
Kraken:SOLUSD,2024-05-28T13:28:00Z,172.45,172.81,172.45,172.71,20.43425586
Kraken:SOLUSD,2024-05-28T13:29:00Z,172.71,172.71,172.51,172.51,99.80134695
Kraken:SOLUSD,2024-05-28T13:30:00Z,172.5,172.5,172.27,172.27,19.14890916
Kraken:SOLUSD,2024-05-28T13:31:00Z,172.27,172.58,172.25,172.58,127.0479227
Kraken:SOLUSD,2024-05-28T13:32:00Z,172.52,172.52,172.0,172.0,7.27756416
Kraken:SOLUSD,2024-05-28T13:33:00Z,172.0,172.0,171.45,171.45,1157.74332778
Kraken:SOLUSD,2024-05-28T13:34:00Z,171.6,171.6,171.51,171.6,143.4519743
Kraken:SOLUSD,2024-05-28T13:35:00Z,171.61,171.61,171.08,171.08,147.76987172
Kraken:SOLUSD,2024-05-28T13:36:00Z,171.06,171.06,170.4,170.4,2289.77998708
Kraken:SOLUSD,2024-05-28T13:37:00Z,170.4,171.06,170.4,171.06,2504.84754978
Kraken:SOLUSD,2024-05-28T13:38:00Z,170.84,170.97,170.67,170.97,190.09204201
Kraken:SOLUSD,2024-05-28T13:39:00Z,171.02,171.02,170.99,170.99,48.09838352
Kraken:SOLUSD,2024-05-28T13:40:00Z,170.99,170.99,170.54,170.84,28.94748048
Kraken:SOLUSD,2024-05-28T13:41:00Z,170.87,171.28,170.87,171.28,133.7968131
Kraken:SOLUSD,2024-05-28T13:42:00Z,171.32,171.79,171.32,171.79,26.97729098
Kraken:SOLUSD,2024-05-28T13:43:00Z,171.76,171.79,171.73,171.79,105.09645783
Kraken:SOLUSD,2024-05-28T13:44:00Z,171.8,171.82,171.46,171.62,28.29213555
Kraken:SOLUSD,2024-05-28T13:45:00Z,171.66,171.66,171.14,171.26,189.67941057
Kraken:SOLUSD,2024-05-28T13:46:00Z,171.26,171.27,170.68,170.68,38.55973095
Kraken:SOLUSD,2024-05-28T13:47:00Z,170.7,171.15,170.64,170.64,28.06311434
Kraken:SOLUSD,2024-05-28T13:48:00Z,170.5,170.78,170.41,170.65,84.39399957
Kraken:SOLUSD,2024-05-28T13:49:00Z,170.71,170.72,170.04,170.04,4302.47307912
Kraken:SOLUSD,2024-05-28T13:50:00Z,170.04,170.4,170.04,170.35,40.79952862
Kraken:SOLUSD,2024-05-28T13:51:00Z,170.41,170.65,170.37,170.65,9.14277327
Kraken:SOLUSD,2024-05-28T13:52:00Z,170.6,170.6,170.39,170.39,1.52490158
Kraken:SOLUSD,2024-05-28T13:53:00Z,170.42,170.55,170.42,170.44,17.40152647
Kraken:SOLUSD,2024-05-28T13:54:00Z,170.25,170.29,170.17,170.29,5.65977877
Kraken:SOLUSD,2024-05-28T13:55:00Z,170.3,170.34,170.3,170.34,0.512446
Kraken:SOLUSD,2024-05-28T13:56:00Z,170.27,170.27,169.67,169.68,114.84312332
Kraken:SOLUSD,2024-05-28T13:57:00Z,169.67,169.67,169.2,169.6,419.26081625
Kraken:SOLUSD,2024-05-28T13:58:00Z,169.6,169.95,169.59,169.59,28.24885229
Kraken:SOLUSD,2024-05-28T13:59:00Z,169.56,169.56,169.18,169.43,278.27609555
Kraken:SOLUSD,2024-05-28T14:00:00Z,169.48,169.48,168.67,168.74,4935.42298403
Kraken:SOLUSD,2024-05-28T14:01:00Z,168.67,168.88,168.67,168.77,30.16318683
Kraken:SOLUSD,2024-05-28T14:02:00Z,168.76,168.85,168.61,168.61,78.79636512
Kraken:SOLUSD,2024-05-28T14:03:00Z,168.68,169.16,168.68,169.16,107.7920977
Kraken:SOLUSD,2024-05-28T14:04:00Z,169.16,169.33,169.16,169.33,91.25669239
Kraken:SOLUSD,2024-05-28T14:05:00Z,169.42,169.42,169.15,169.15,1915.4628156
Kraken:SOLUSD,2024-05-28T14:06:00Z,169.06,169.06,168.84,168.88,1635.4529453
Kraken:SOLUSD,2024-05-28T14:07:00Z,168.98,169.27,168.98,169.25,64.5019025
Kraken:SOLUSD,2024-05-28T14:08:00Z,169.14,169.58,169.13,169.58,105.92190101
Kraken:SOLUSD,2024-05-28T14:09:00Z,169.52,169.72,169.43,169.72,40.0943452
Kraken:SOLUSD,2024-05-28T14:10:00Z,169.69,169.71,169.59,169.7,9.913566
Kraken:SOLUSD,2024-05-28T14:11:00Z,169.72,170.07,169.72,170.07,21.50473665
Kraken:SOLUSD,2024-05-28T14:12:00Z,170.07,170.11,170.07,170.11,7.362029
Kraken:SOLUSD,2024-05-28T14:13:00Z,170.19,170.45,170.19,170.45,8.52480424
Kraken:SOLUSD,2024-05-28T14:14:00Z,170.48,170.61,170.48,170.61,2.76560067
Kraken:SOLUSD,2024-05-28T14:15:00Z,170.58,170.58,170.45,170.49,21.02997056
Kraken:SOLUSD,2024-05-28T14:16:00Z,170.36,170.53,170.36,170.42,7.56271601
Kraken:SOLUSD,2024-05-28T14:17:00Z,170.53,170.62,170.53,170.62,60.33388608
Kraken:SOLUSD,2024-05-28T14:18:00Z,170.62,170.87,170.62,170.87,48.43771024
Kraken:SOLUSD,2024-05-28T14:19:00Z,170.88,171.41,170.88,171.41,71.9127266
Kraken:SOLUSD,2024-05-28T14:20:00Z,171.43,171.68,171.43,171.68,9.82686672
Kraken:SOLUSD,2024-05-28T14:21:00Z,171.7,172.0,171.52,171.62,59.03515954
Kraken:SOLUSD,2024-05-28T14:22:00Z,171.49,171.64,171.42,171.54,410.9586129
Kraken:SOLUSD,2024-05-28T14:23:00Z,171.39,171.39,171.05,171.33,51.06665157
Kraken:SOLUSD,2024-05-28T14:24:00Z,171.24,171.34,171.23,171.24,7.42131
Kraken:SOLUSD,2024-05-28T14:25:00Z,171.23,171.3,171.23,171.23,35.85870493
Kraken:SOLUSD,2024-05-28T14:26:00Z,171.11,171.12,171.11,171.12,0.55826162
Kraken:SOLUSD,2024-05-28T14:27:00Z,171.12,171.12,171.11,171.11,15.20974
Kraken:SOLUSD,2024-05-28T14:28:00Z,171.11,171.11,170.58,170.58,54.64688842
Kraken:SOLUSD,2024-05-28T14:29:00Z,170.57,170.7,170.48,170.7,48.7668091
Kraken:SOLUSD,2024-05-28T14:30:00Z,170.7,170.7,170.58,170.58,256.02037545
Kraken:SOLUSD,2024-05-28T14:31:00Z,170.59,170.87,170.59,170.87,6.52456927
Kraken:SOLUSD,2024-05-28T14:32:00Z,170.87,171.06,170.87,170.99,214.37035395
Kraken:SOLUSD,2024-05-28T14:33:00Z,170.94,170.94,170.61,170.65,30.60051603
Kraken:SOLUSD,2024-05-28T14:34:00Z,170.75,170.93,170.62,170.62,32.06290339
Kraken:SOLUSD,2024-05-28T14:35:00Z,170.61,170.61,169.94,169.94,781.4894476
Kraken:SOLUSD,2024-05-28T14:36:00Z,169.91,169.91,169.62,169.62,10.90165441
Kraken:SOLUSD,2024-05-28T14:37:00Z,169.57,169.57,169.3,169.5,19.45467623
Kraken:SOLUSD,2024-05-28T14:38:00Z,169.55,169.73,169.36,169.36,1047.67943905
Kraken:SOLUSD,2024-05-28T14:39:00Z,169.37,169.52,169.26,169.26,63.78169065
Kraken:SOLUSD,2024-05-28T14:40:00Z,169.2,169.2,168.6,168.61,157.68094815
Kraken:SOLUSD,2024-05-28T14:41:00Z,168.6,168.71,168.03,168.22,450.67570008
Kraken:SOLUSD,2024-05-28T14:42:00Z,168.2,168.2,167.3,167.36,436.10099421
Kraken:SOLUSD,2024-05-28T14:43:00Z,167.33,167.5,167.28,167.5,158.30002213
Kraken:SOLUSD,2024-05-28T14:44:00Z,167.54,168.02,167.54,167.97,946.47576434
Kraken:SOLUSD,2024-05-28T14:45:00Z,167.93,167.93,167.5,167.5,966.04026574
Kraken:SOLUSD,2024-05-28T14:46:00Z,167.29,167.39,167.29,167.39,2.47914123
Kraken:SOLUSD,2024-05-28T14:47:00Z,167.38,167.77,167.38,167.77,45.75351426
Kraken:SOLUSD,2024-05-28T14:48:00Z,167.81,167.81,167.68,167.72,16.70450687
Kraken:SOLUSD,2024-05-28T14:49:00Z,167.76,168.21,167.76,168.21,157.67593692
Kraken:SOLUSD,2024-05-28T14:50:00Z,168.21,168.62,168.21,168.54,63.05940273
Kraken:SOLUSD,2024-05-28T14:51:00Z,168.56,168.67,168.56,168.63,69.40839655
Kraken:SOLUSD,2024-05-28T14:52:00Z,168.59,168.7,168.59,168.64,10.37546358
Kraken:SOLUSD,2024-05-28T14:53:00Z,168.65,168.76,168.64,168.64,53.48061664
Kraken:SOLUSD,2024-05-28T14:54:00Z,168.59,168.86,168.59,168.71,86.72655852
Kraken:SOLUSD,2024-05-28T14:55:00Z,168.7,168.87,168.7,168.87,2.84185212
Kraken:SOLUSD,2024-05-28T14:56:00Z,168.8,168.94,168.8,168.8,26.4913531
Kraken:SOLUSD,2024-05-28T14:57:00Z,168.79,168.79,168.61,168.61,2.706731
Kraken:SOLUSD,2024-05-28T14:58:00Z,168.54,168.63,168.54,168.63,148.51584838
Kraken:SOLUSD,2024-05-28T14:59:00Z,168.63,168.63,168.36,168.39,66.20768598
Kraken:SOLUSD,2024-05-28T15:00:00Z,168.46,168.46,168.43,168.44,22.37513613
Kraken:SOLUSD,2024-05-28T15:01:00Z,168.44,168.65,168.44,168.65,39.68888259
Kraken:SOLUSD,2024-05-28T15:02:00Z,168.73,168.81,168.73,168.81,16.87884207
Kraken:SOLUSD,2024-05-28T15:03:00Z,168.8,168.8,168.08,168.77,2668.94616635
Kraken:SOLUSD,2024-05-28T15:04:00Z,168.76,168.76,168.15,168.34,17.08636232
Kraken:SOLUSD,2024-05-28T15:05:00Z,168.28,168.28,168.28,168.28,0.92057882
Kraken:SOLUSD,2024-05-28T15:06:00Z,168.3,168.3,167.83,167.83,2705.03161791
Kraken:SOLUSD,2024-05-28T15:07:00Z,167.68,167.7,167.67,167.7,20.08775
Kraken:SOLUSD,2024-05-28T15:08:00Z,167.65,167.65,167.61,167.61,118.52181159
Kraken:SOLUSD,2024-05-28T15:09:00Z,167.59,167.63,167.43,167.63,27.46775832
Kraken:SOLUSD,2024-05-28T15:10:00Z,167.63,167.72,167.63,167.67,1.86473095
Kraken:SOLUSD,2024-05-28T15:11:00Z,167.63,168.02,167.63,168.02,250.141223
Kraken:SOLUSD,2024-05-28T15:12:00Z,168.04,168.32,168.04,168.22,14.77578178
Kraken:SOLUSD,2024-05-28T15:13:00Z,168.14,168.32,168.14,168.32,39.55048527
Kraken:SOLUSD,2024-05-28T15:14:00Z,168.32,168.42,168.32,168.42,11.52180133
Kraken:SOLUSD,2024-05-28T15:15:00Z,168.38,168.38,168.31,168.31,30.48026457
Kraken:SOLUSD,2024-05-28T15:16:00Z,168.32,168.33,168.02,168.02,25.77699134
Kraken:SOLUSD,2024-05-28T15:17:00Z,168.03,168.03,168.03,168.03,3.29156
Kraken:SOLUSD,2024-05-28T15:18:00Z,167.81,167.81,167.51,167.57,12.63556123
Kraken:SOLUSD,2024-05-28T15:19:00Z,167.67,167.69,167.56,167.56,54.00658332
Kraken:SOLUSD,2024-05-28T15:20:00Z,167.61,167.61,167.56,167.56,20.62459989
Kraken:SOLUSD,2024-05-28T15:21:00Z,167.47,167.47,167.0,167.09,332.36712817
Kraken:SOLUSD,2024-05-28T15:22:00Z,167.01,167.01,166.81,166.89,2418.96408438
Kraken:SOLUSD,2024-05-28T15:23:00Z,166.9,166.99,166.86,166.99,164.11352542
Kraken:SOLUSD,2024-05-28T15:24:00Z,167.02,167.14,167.02,167.14,9.36142011
Kraken:SOLUSD,2024-05-28T15:25:00Z,167.18,167.29,167.18,167.18,70.25741772
Kraken:SOLUSD,2024-05-28T15:26:00Z,167.17,167.18,167.17,167.18,32.19500171
Kraken:SOLUSD,2024-05-28T15:27:00Z,167.21,167.29,167.21,167.28,2.77206579
Kraken:SOLUSD,2024-05-28T15:28:00Z,167.28,167.29,167.17,167.17,1.37193129
Kraken:SOLUSD,2024-05-28T15:29:00Z,167.14,167.18,167.14,167.17,0.52958118
Kraken:SOLUSD,2024-05-28T15:30:00Z,167.22,167.27,166.71,166.87,56.34411363
Kraken:SOLUSD,2024-05-28T15:31:00Z,167.0,167.28,167.0,167.07,12.34692667
Kraken:SOLUSD,2024-05-28T15:32:00Z,167.06,167.06,166.92,166.92,39.40252939
Kraken:SOLUSD,2024-05-28T15:33:00Z,166.92,166.92,166.88,166.88,11.02929253
Kraken:SOLUSD,2024-05-28T15:34:00Z,166.88,166.91,166.73,166.91,40.50645917
Kraken:SOLUSD,2024-05-28T15:35:00Z,166.91,167.12,166.91,167.12,41.63986197
Kraken:SOLUSD,2024-05-28T15:36:00Z,167.14,167.44,167.14,167.44,41.72517552
Kraken:SOLUSD,2024-05-28T15:37:00Z,167.46,168.0,167.46,168.0,40.63907024
Kraken:SOLUSD,2024-05-28T15:38:00Z,168.0,168.02,168.0,168.0,2.751718
Kraken:SOLUSD,2024-05-28T15:39:00Z,167.99,168.0,167.88,167.88,64.15235603
Kraken:SOLUSD,2024-05-28T15:40:00Z,167.75,168.0,167.74,168.0,105.07778896
Kraken:SOLUSD,2024-05-28T15:41:00Z,167.96,168.0,167.96,168.0,12.04124932
Kraken:SOLUSD,2024-05-28T15:42:00Z,168.0,168.0,167.99,167.99,7.59782613
Kraken:SOLUSD,2024-05-28T15:43:00Z,167.97,168.0,167.97,168.0,356.2588074
Kraken:SOLUSD,2024-05-28T15:44:00Z,168.0,168.0,167.76,168.0,111.86672737
Kraken:SOLUSD,2024-05-28T15:46:00Z,168.0,168.0,167.99,168.0,1033.93295299
Kraken:SOLUSD,2024-05-28T15:48:00Z,168.0,168.4,168.0,168.4,464.87712873
Kraken:SOLUSD,2024-05-28T15:49:00Z,168.37,168.48,168.35,168.36,189.9163827
Kraken:SOLUSD,2024-05-28T15:50:00Z,168.36,168.47,168.36,168.44,48.96694398
Kraken:SOLUSD,2024-05-28T15:51:00Z,168.41,168.45,168.38,168.38,10.0117
Kraken:SOLUSD,2024-05-28T15:52:00Z,168.37,168.45,168.35,168.45,43.67091276
Kraken:SOLUSD,2024-05-28T15:53:00Z,168.37,168.37,168.37,168.37,0.63726703
Kraken:SOLUSD,2024-05-28T15:54:00Z,168.38,168.7,168.38,168.7,143.98494202
Kraken:SOLUSD,2024-05-28T15:55:00Z,168.71,168.71,168.7,168.7,45.423
Kraken:SOLUSD,2024-05-28T15:56:00Z,168.51,168.68,168.51,168.68,578.16136389
Kraken:SOLUSD,2024-05-28T15:57:00Z,168.5,168.5,168.3,168.3,9.40832495
Kraken:SOLUSD,2024-05-28T15:58:00Z,168.3,168.3,168.14,168.14,2.44779
Kraken:SOLUSD,2024-05-28T15:59:00Z,168.14,168.14,168.13,168.13,3.923873
Kraken:SOLUSD,2024-05-28T16:00:00Z,168.0,168.3,168.0,168.3,53.63304986
Kraken:SOLUSD,2024-05-28T16:01:00Z,168.18,168.18,168.16,168.16,2.74973131
Kraken:SOLUSD,2024-05-28T16:02:00Z,168.19,168.35,168.19,168.31,0.496085
Kraken:SOLUSD,2024-05-28T16:03:00Z,168.28,168.31,168.26,168.31,17.07243902
Kraken:SOLUSD,2024-05-28T16:04:00Z,168.31,168.33,168.31,168.33,12.32528364
Kraken:SOLUSD,2024-05-28T16:05:00Z,168.33,168.4,168.12,168.14,139.59165481
Kraken:SOLUSD,2024-05-28T16:06:00Z,168.08,168.08,167.63,167.63,7.58986878
Kraken:SOLUSD,2024-05-28T16:07:00Z,167.66,167.82,167.66,167.82,38.87331917
Kraken:SOLUSD,2024-05-28T16:08:00Z,167.76,167.76,167.76,167.76,0.9
Kraken:SOLUSD,2024-05-28T16:09:00Z,167.74,167.8,167.74,167.8,1.310485
Kraken:SOLUSD,2024-05-28T16:10:00Z,167.79,167.84,167.79,167.84,1.00494311
Kraken:SOLUSD,2024-05-28T16:11:00Z,167.8,167.8,167.74,167.77,726.89114938
Kraken:SOLUSD,2024-05-28T16:12:00Z,167.77,167.8,167.77,167.8,10.35042131
Kraken:SOLUSD,2024-05-28T16:13:00Z,167.81,167.87,167.81,167.87,1.784486
Kraken:SOLUSD,2024-05-28T16:14:00Z,167.87,167.87,167.87,167.87,6.65101
Kraken:SOLUSD,2024-05-28T16:15:00Z,167.71,167.71,167.5,167.51,24.94818265
Kraken:SOLUSD,2024-05-28T16:16:00Z,167.5,167.5,167.0,167.04,823.0245181
Kraken:SOLUSD,2024-05-28T16:17:00Z,167.07,167.17,167.07,167.09,50.81168942
Kraken:SOLUSD,2024-05-28T16:18:00Z,167.12,167.16,167.11,167.15,206.03660286
Kraken:SOLUSD,2024-05-28T16:19:00Z,167.15,167.19,167.11,167.14,808.11421995
Kraken:SOLUSD,2024-05-28T16:20:00Z,167.17,167.2,167.17,167.2,0.58154
Kraken:SOLUSD,2024-05-28T16:21:00Z,167.23,167.23,167.2,167.2,91.06937297
Kraken:SOLUSD,2024-05-28T16:22:00Z,167.14,167.14,167.1,167.1,18.11403555
Kraken:SOLUSD,2024-05-28T16:23:00Z,167.13,167.33,167.13,167.33,7.17032
Kraken:SOLUSD,2024-05-28T16:24:00Z,167.32,167.33,167.25,167.25,24.325
Kraken:SOLUSD,2024-05-28T16:25:00Z,167.23,167.23,166.88,166.88,37.8769147
Kraken:SOLUSD,2024-05-28T16:26:00Z,166.92,167.08,166.92,167.08,449.3709629
Kraken:SOLUSD,2024-05-28T16:27:00Z,167.05,167.05,166.9,166.9,150.81935194
Kraken:SOLUSD,2024-05-28T16:28:00Z,166.94,166.94,166.75,166.75,330.19470621
Kraken:SOLUSD,2024-05-28T16:29:00Z,166.76,166.76,166.68,166.68,120.53202863
Kraken:SOLUSD,2024-05-28T16:30:00Z,166.68,166.68,166.46,166.46,737.71955157
Kraken:SOLUSD,2024-05-28T16:31:00Z,166.45,166.45,166.0,166.07,394.42416012
Kraken:SOLUSD,2024-05-28T16:32:00Z,166.0,166.01,166.0,166.01,126.63568756
Kraken:SOLUSD,2024-05-28T16:33:00Z,166.01,166.32,166.01,166.32,640.48291572
Kraken:SOLUSD,2024-05-28T16:34:00Z,166.32,166.32,166.31,166.31,132.46691
Kraken:SOLUSD,2024-05-28T16:35:00Z,166.24,166.24,166.13,166.14,1.36091
Kraken:SOLUSD,2024-05-28T16:36:00Z,166.14,166.22,166.14,166.22,6.99733774
Kraken:SOLUSD,2024-05-28T16:37:00Z,166.13,166.13,166.08,166.08,105.54698505
Kraken:SOLUSD,2024-05-28T16:38:00Z,166.2,166.23,166.2,166.23,5.69866926
Kraken:SOLUSD,2024-05-28T16:39:00Z,166.23,166.4,166.23,166.4,8.48228859
Kraken:SOLUSD,2024-05-28T16:40:00Z,166.39,166.39,166.39,166.39,0.24039906
Kraken:SOLUSD,2024-05-28T16:41:00Z,166.34,166.51,166.22,166.51,42.35316315
Kraken:SOLUSD,2024-05-28T16:42:00Z,166.53,166.53,166.49,166.49,39.86002119
Kraken:SOLUSD,2024-05-28T16:43:00Z,166.33,166.33,166.26,166.3,39.72158739
Kraken:SOLUSD,2024-05-28T16:44:00Z,166.3,166.3,166.29,166.29,62.31335612
Kraken:SOLUSD,2024-05-28T16:45:00Z,166.26,166.3,166.26,166.3,24.00873193
Kraken:SOLUSD,2024-05-28T16:46:00Z,166.3,166.55,166.3,166.55,208.17070784
Kraken:SOLUSD,2024-05-28T16:47:00Z,166.54,166.54,166.33,166.39,128.56189125
Kraken:SOLUSD,2024-05-28T16:48:00Z,166.44,166.47,166.44,166.47,2.33007812
Kraken:SOLUSD,2024-05-28T16:49:00Z,166.48,166.48,166.48,166.48,0.17583
Kraken:SOLUSD,2024-05-28T16:50:00Z,166.51,166.55,166.51,166.55,0.89582159
Kraken:SOLUSD,2024-05-28T16:51:00Z,166.57,166.99,166.57,166.98,158.58406814
Kraken:SOLUSD,2024-05-28T16:52:00Z,166.98,167.0,166.98,166.99,7.236255
Kraken:SOLUSD,2024-05-28T16:53:00Z,166.99,166.99,166.97,166.97,53.07535833
Kraken:SOLUSD,2024-05-28T16:54:00Z,166.97,167.16,166.78,166.88,4259.85306762
Kraken:SOLUSD,2024-05-28T16:55:00Z,166.96,166.96,166.91,166.92,13.00253769
Kraken:SOLUSD,2024-05-28T16:56:00Z,166.8,166.83,166.67,166.83,10.54453112
Kraken:SOLUSD,2024-05-28T16:57:00Z,166.96,166.98,166.96,166.98,1.84939293
Kraken:SOLUSD,2024-05-28T16:58:00Z,166.95,166.96,166.8,166.8,177.196026
Kraken:SOLUSD,2024-05-28T16:59:00Z,166.62,166.62,166.61,166.62,3.59484883
Kraken:SOLUSD,2024-05-28T17:00:00Z,166.68,166.68,166.61,166.68,46.56321632
Kraken:SOLUSD,2024-05-28T17:01:00Z,166.81,166.81,166.75,166.75,119.82144002
Kraken:SOLUSD,2024-05-28T17:02:00Z,166.67,166.79,166.61,166.79,7.03752871
Kraken:SOLUSD,2024-05-28T17:03:00Z,166.59,166.59,166.59,166.59,5.2904
Kraken:SOLUSD,2024-05-28T17:04:00Z,166.59,166.59,166.58,166.58,19.00007258
Kraken:SOLUSD,2024-05-28T17:05:00Z,166.59,166.59,166.5,166.5,17.90097553
Kraken:SOLUSD,2024-05-28T17:06:00Z,166.5,166.61,166.5,166.61,33.1199
Kraken:SOLUSD,2024-05-28T17:07:00Z,166.6,166.6,166.6,166.6,19.98977
Kraken:SOLUSD,2024-05-28T17:08:00Z,166.67,166.92,166.67,166.92,80.58716097
Kraken:SOLUSD,2024-05-28T17:09:00Z,166.94,167.12,166.94,167.12,50.2995447
Kraken:SOLUSD,2024-05-28T17:10:00Z,167.0,167.0,166.99,166.99,1.21074706
Kraken:SOLUSD,2024-05-28T17:11:00Z,166.89,167.03,166.89,167.03,36.15825327
Kraken:SOLUSD,2024-05-28T17:12:00Z,167.06,167.4,167.03,167.39,169.12237841
Kraken:SOLUSD,2024-05-28T17:13:00Z,167.4,167.4,167.4,167.4,0.43547
Kraken:SOLUSD,2024-05-28T17:14:00Z,167.4,167.42,167.4,167.42,26.40533734
Kraken:SOLUSD,2024-05-28T17:15:00Z,167.43,167.43,167.39,167.4,503.82416601
Kraken:SOLUSD,2024-05-28T17:16:00Z,167.4,167.52,167.4,167.48,534.47821083
Kraken:SOLUSD,2024-05-28T17:17:00Z,167.47,167.47,167.26,167.34,250.290071
Kraken:SOLUSD,2024-05-28T17:18:00Z,167.28,167.36,167.28,167.34,11.29104
Kraken:SOLUSD,2024-05-28T17:19:00Z,167.33,167.33,167.27,167.27,4.69366087
Kraken:SOLUSD,2024-05-28T17:20:00Z,167.29,167.32,167.25,167.25,137.0545217
Kraken:SOLUSD,2024-05-28T17:21:00Z,167.21,167.27,167.21,167.27,3.59884712
Kraken:SOLUSD,2024-05-28T17:22:00Z,167.2,167.2,167.2,167.2,4.04586859
Kraken:SOLUSD,2024-05-28T17:23:00Z,167.2,167.2,167.0,167.0,59.35306475
Kraken:SOLUSD,2024-05-28T17:24:00Z,166.83,166.95,166.83,166.95,2.89278271
Kraken:SOLUSD,2024-05-28T17:26:00Z,167.07,167.07,167.06,167.06,10.972292
Kraken:SOLUSD,2024-05-28T17:27:00Z,167.06,167.21,167.06,167.21,1.410373
Kraken:SOLUSD,2024-05-28T17:28:00Z,167.21,167.21,167.21,167.21,2.55388812
Kraken:SOLUSD,2024-05-28T17:29:00Z,167.22,167.24,167.21,167.23,12.24048247
Kraken:SOLUSD,2024-05-28T17:30:00Z,167.24,167.24,167.07,167.12,54.08582481
Kraken:SOLUSD,2024-05-28T17:32:00Z,167.18,167.23,167.18,167.23,2.10732434
Kraken:SOLUSD,2024-05-28T17:33:00Z,167.25,167.37,167.25,167.37,74.47934686
Kraken:SOLUSD,2024-05-28T17:34:00Z,167.37,167.37,167.37,167.37,21.16072495
Kraken:SOLUSD,2024-05-28T17:35:00Z,167.38,167.48,167.38,167.45,51.80958083
Kraken:SOLUSD,2024-05-28T17:36:00Z,167.46,167.53,167.46,167.53,55.49455431
Kraken:SOLUSD,2024-05-28T17:37:00Z,167.53,167.63,167.53,167.63,18.45750012
Kraken:SOLUSD,2024-05-28T17:38:00Z,167.61,167.61,167.61,167.61,5
Kraken:SOLUSD,2024-05-28T17:39:00Z,167.61,167.62,167.61,167.62,1.85414422
Kraken:SOLUSD,2024-05-28T17:40:00Z,167.62,167.73,167.61,167.68,936.02304696
Kraken:SOLUSD,2024-05-28T17:41:00Z,167.72,167.72,167.61,167.62,16.97478
Kraken:SOLUSD,2024-05-28T17:42:00Z,167.62,167.63,167.51,167.54,741.69123274
Kraken:SOLUSD,2024-05-28T17:43:00Z,167.54,167.55,167.54,167.55,0.03516
Kraken:SOLUSD,2024-05-28T17:44:00Z,167.54,167.54,167.41,167.41,132.90180469
Kraken:SOLUSD,2024-05-28T17:45:00Z,167.39,167.39,167.21,167.21,5.42754887
Kraken:SOLUSD,2024-05-28T17:47:00Z,167.21,167.21,167.2,167.2,0.57615572
Kraken:SOLUSD,2024-05-28T17:48:00Z,167.2,167.21,167.2,167.21,28.07908298
Kraken:SOLUSD,2024-05-28T17:49:00Z,167.2,167.2,167.2,167.2,23.60468356
Kraken:SOLUSD,2024-05-28T17:50:00Z,167.2,167.21,167.17,167.17,10.74152287
Kraken:SOLUSD,2024-05-28T17:51:00Z,167.01,167.01,167.01,167.01,12.55
Kraken:SOLUSD,2024-05-28T17:52:00Z,167.01,167.01,167.01,167.01,1
Kraken:SOLUSD,2024-05-28T17:53:00Z,167.02,167.02,167.02,167.02,15.46055206
Kraken:SOLUSD,2024-05-28T17:55:00Z,167.13,167.13,167.12,167.13,3.3520969
Kraken:SOLUSD,2024-05-28T17:56:00Z,167.12,167.13,167.05,167.05,101.18505882
Kraken:SOLUSD,2024-05-28T17:57:00Z,167.06,167.06,167.06,167.06,21.31999223
Kraken:SOLUSD,2024-05-28T17:58:00Z,167.05,167.06,167.0,167.0,11.40590097
Kraken:SOLUSD,2024-05-28T17:59:00Z,167.0,167.0,166.77,166.79,236.48654994
Kraken:SOLUSD,2024-05-28T18:00:00Z,166.89,167.14,166.89,167.14,35.62913168
Kraken:SOLUSD,2024-05-28T18:01:00Z,167.14,167.14,167.14,167.14,0.19581
Kraken:SOLUSD,2024-05-28T18:02:00Z,167.14,167.14,167.08,167.12,3.7523255
Kraken:SOLUSD,2024-05-28T18:03:00Z,167.13,167.35,167.13,167.35,19.76687657
Kraken:SOLUSD,2024-05-28T18:04:00Z,167.35,167.41,167.34,167.34,234.07630081
Kraken:SOLUSD,2024-05-28T18:05:00Z,167.35,167.35,167.35,167.35,0.76495864
Kraken:SOLUSD,2024-05-28T18:06:00Z,167.35,167.4,167.34,167.34,15.64006504
Kraken:SOLUSD,2024-05-28T18:07:00Z,167.34,167.35,167.33,167.35,34.934777
Kraken:SOLUSD,2024-05-28T18:08:00Z,167.29,167.29,167.25,167.25,0.32720382
Kraken:SOLUSD,2024-05-28T18:09:00Z,167.33,167.33,167.33,167.33,0.17414
Kraken:SOLUSD,2024-05-28T18:10:00Z,167.36,167.36,167.36,167.36,0.11022
Kraken:SOLUSD,2024-05-28T18:11:00Z,167.36,167.43,167.36,167.43,31.04296053
Kraken:SOLUSD,2024-05-28T18:12:00Z,167.43,167.43,167.43,167.43,1.8938318
Kraken:SOLUSD,2024-05-28T18:13:00Z,167.43,167.61,167.43,167.61,58.96514082
Kraken:SOLUSD,2024-05-28T18:14:00Z,167.61,167.74,167.61,167.74,2.38184409
Kraken:SOLUSD,2024-05-28T18:15:00Z,167.61,167.66,167.61,167.66,56.391
Kraken:SOLUSD,2024-05-28T18:16:00Z,167.65,167.65,167.61,167.63,32.59716935
Kraken:SOLUSD,2024-05-28T18:17:00Z,167.63,167.63,167.62,167.62,4.4259586
Kraken:SOLUSD,2024-05-28T18:18:00Z,167.6,167.64,167.5,167.64,70.33188039
Kraken:SOLUSD,2024-05-28T18:19:00Z,167.67,167.75,167.67,167.69,250.49122
Kraken:SOLUSD,2024-05-28T18:20:00Z,167.71,167.74,167.71,167.72,3.54108544
Kraken:SOLUSD,2024-05-28T18:21:00Z,167.71,167.72,167.69,167.69,35.19328088
Kraken:SOLUSD,2024-05-28T18:22:00Z,167.68,167.68,167.46,167.46,989.50625845
Kraken:SOLUSD,2024-05-28T18:23:00Z,167.61,167.63,167.59,167.59,33.65111154
Kraken:SOLUSD,2024-05-28T18:24:00Z,167.59,167.59,167.47,167.47,1.73498
Kraken:SOLUSD,2024-05-28T18:25:00Z,167.45,167.45,167.45,167.45,0.05099999
Kraken:SOLUSD,2024-05-28T18:26:00Z,167.45,167.55,167.45,167.55,21.15613
Kraken:SOLUSD,2024-05-28T18:27:00Z,167.61,167.63,167.61,167.63,1.38330452
Kraken:SOLUSD,2024-05-28T18:28:00Z,167.68,167.7,167.68,167.7,0.21204
Kraken:SOLUSD,2024-05-28T18:29:00Z,167.7,167.72,167.7,167.71,0.67035
Kraken:SOLUSD,2024-05-28T18:30:00Z,167.71,167.71,167.62,167.63,40.02547306
Kraken:SOLUSD,2024-05-28T18:31:00Z,167.7,167.72,167.7,167.7,36.12799308
Kraken:SOLUSD,2024-05-28T18:32:00Z,167.7,167.73,167.7,167.73,11.04127482
Kraken:SOLUSD,2024-05-28T18:33:00Z,167.7,167.72,167.7,167.72,1.81928726
Kraken:SOLUSD,2024-05-28T18:34:00Z,167.69,167.69,167.57,167.57,21.3579
Kraken:SOLUSD,2024-05-28T18:35:00Z,167.56,167.56,167.25,167.26,214.42128538
Kraken:SOLUSD,2024-05-28T18:36:00Z,167.25,167.25,166.76,166.76,16.55576986
Kraken:SOLUSD,2024-05-28T18:37:00Z,166.66,166.66,166.31,166.45,305.81757089
Kraken:SOLUSD,2024-05-28T18:38:00Z,166.4,166.4,166.39,166.39,142.01388481
Kraken:SOLUSD,2024-05-28T18:39:00Z,166.37,166.37,166.05,166.05,62.79899106
Kraken:SOLUSD,2024-05-28T18:40:00Z,166.08,166.36,166.08,166.36,77.95370616
Kraken:SOLUSD,2024-05-28T18:41:00Z,166.37,166.5,166.37,166.49,11.24043371
Kraken:SOLUSD,2024-05-28T18:42:00Z,166.5,166.56,166.36,166.36,67.96682786
Kraken:SOLUSD,2024-05-28T18:43:00Z,166.29,166.58,166.29,166.46,393.86568683
Kraken:SOLUSD,2024-05-28T18:44:00Z,166.33,166.51,166.25,166.51,348.60379277
Kraken:SOLUSD,2024-05-28T18:45:00Z,166.52,166.97,166.52,166.97,16.08868667
Kraken:SOLUSD,2024-05-28T18:46:00Z,166.97,166.97,166.88,166.88,27.88956
Kraken:SOLUSD,2024-05-28T18:47:00Z,166.72,166.82,166.57,166.82,24.30639832
Kraken:SOLUSD,2024-05-28T18:48:00Z,166.81,166.81,166.7,166.81,806.12810959
Kraken:SOLUSD,2024-05-28T18:49:00Z,166.81,166.81,166.81,166.81,5
Kraken:SOLUSD,2024-05-28T18:50:00Z,166.8,166.8,166.6,166.6,69.8813991
Kraken:SOLUSD,2024-05-28T18:51:00Z,166.6,166.6,166.32,166.32,1967.58286681
Kraken:SOLUSD,2024-05-28T18:52:00Z,166.37,166.59,166.37,166.59,13.34624758
Kraken:SOLUSD,2024-05-28T18:53:00Z,166.6,166.6,166.47,166.58,172.65267013
Kraken:SOLUSD,2024-05-28T18:54:00Z,166.59,166.73,166.58,166.73,108.00626237
Kraken:SOLUSD,2024-05-28T18:55:00Z,166.79,167.01,166.74,166.96,830.72266505
Kraken:SOLUSD,2024-05-28T18:56:00Z,166.98,167.01,166.93,166.97,385.38797806
Kraken:SOLUSD,2024-05-28T18:57:00Z,166.98,167.0,166.9,167.0,220.16366442
Kraken:SOLUSD,2024-05-28T18:58:00Z,166.97,167.29,166.97,167.29,34.14172089
Kraken:SOLUSD,2024-05-28T18:59:00Z,167.26,167.45,167.21,167.45,20.66638056
Kraken:SOLUSD,2024-05-28T19:00:00Z,167.45,168.12,167.45,168.02,671.06385309
Kraken:SOLUSD,2024-05-28T19:01:00Z,168.05,168.1,168.01,168.01,35.94084379
Kraken:SOLUSD,2024-05-28T19:02:00Z,167.83,167.98,167.83,167.98,14.57702
Kraken:SOLUSD,2024-05-28T19:03:00Z,167.99,168.04,167.98,168.04,639.42391353
Kraken:SOLUSD,2024-05-28T19:04:00Z,168.02,168.11,168.02,168.07,1.57962
Kraken:SOLUSD,2024-05-28T19:05:00Z,168.12,168.13,168.02,168.02,90.05066006
Kraken:SOLUSD,2024-05-28T19:06:00Z,168.08,168.4,168.08,168.4,400.85924732
Kraken:SOLUSD,2024-05-28T19:07:00Z,168.37,168.4,168.18,168.18,675.16370583
Kraken:SOLUSD,2024-05-28T19:08:00Z,168.11,168.36,168.11,168.36,5.08489879
Kraken:SOLUSD,2024-05-28T19:09:00Z,168.36,168.4,168.36,168.4,18.70148398
Kraken:SOLUSD,2024-05-28T19:10:00Z,168.4,168.4,168.39,168.4,251.77143066
Kraken:SOLUSD,2024-05-28T19:11:00Z,168.4,168.62,168.4,168.62,1790.76928034
Kraken:SOLUSD,2024-05-28T19:12:00Z,168.61,169.01,168.61,169.01,420.3968407
Kraken:SOLUSD,2024-05-28T19:13:00Z,169.01,169.01,168.6,168.6,756.12152796
Kraken:SOLUSD,2024-05-28T19:14:00Z,168.73,168.9,168.73,168.89,42.23357202
Kraken:SOLUSD,2024-05-28T19:15:00Z,168.9,168.9,168.59,168.6,15.46629763
Kraken:SOLUSD,2024-05-28T19:16:00Z,168.6,168.63,168.53,168.59,63.3642605
Kraken:SOLUSD,2024-05-28T19:17:00Z,168.63,168.63,168.62,168.62,0.37249857
Kraken:SOLUSD,2024-05-28T19:18:00Z,168.63,169.03,168.63,169.03,45.19266212
Kraken:SOLUSD,2024-05-28T19:19:00Z,169.04,169.33,169.04,169.33,147.86542921
Kraken:SOLUSD,2024-05-28T19:20:00Z,169.33,169.33,169.26,169.27,100.70735365
Kraken:SOLUSD,2024-05-28T19:21:00Z,169.16,169.16,168.93,169.06,10.77790738
Kraken:SOLUSD,2024-05-28T19:22:00Z,168.88,168.98,168.83,168.94,68.96916175
Kraken:SOLUSD,2024-05-28T19:24:00Z,168.93,169.0,168.93,169.0,3.43410878
Kraken:SOLUSD,2024-05-28T19:25:00Z,169.01,169.31,169.01,169.31,109.28739168
Kraken:SOLUSD,2024-05-28T19:26:00Z,169.21,169.21,169.12,169.12,1.496074
Kraken:SOLUSD,2024-05-28T19:27:00Z,169.12,169.12,169.04,169.11,10.24887309
Kraken:SOLUSD,2024-05-28T19:28:00Z,169.13,169.15,169.12,169.12,19.63579417
Kraken:SOLUSD,2024-05-28T19:29:00Z,169.13,169.26,169.13,169.25,17.74553339
Kraken:SOLUSD,2024-05-28T19:30:00Z,169.16,169.22,169.15,169.22,406.68116201
Kraken:SOLUSD,2024-05-28T19:31:00Z,169.23,169.23,169.22,169.22,0.27985309
Kraken:SOLUSD,2024-05-28T19:32:00Z,169.22,169.22,169.02,169.02,165.09384175
Kraken:SOLUSD,2024-05-28T19:33:00Z,169.03,169.09,169.03,169.09,73.66837343
Kraken:SOLUSD,2024-05-28T19:34:00Z,169.08,169.19,169.07,169.19,26.931208
Kraken:SOLUSD,2024-05-28T19:35:00Z,169.13,169.13,168.92,168.92,96.06630618
Kraken:SOLUSD,2024-05-28T19:36:00Z,169.07,169.07,169.03,169.03,168.09017109
Kraken:SOLUSD,2024-05-28T19:37:00Z,169.07,169.18,169.07,169.18,18.637386
Kraken:SOLUSD,2024-05-28T19:38:00Z,169.18,169.25,169.18,169.18,504.14846628
Kraken:SOLUSD,2024-05-28T19:39:00Z,169.22,169.23,169.22,169.23,3.34643618
Kraken:SOLUSD,2024-05-28T19:40:00Z,169.23,169.44,169.23,169.44,144.55547106
Kraken:SOLUSD,2024-05-28T19:41:00Z,169.42,169.47,169.41,169.47,94.60835339
Kraken:SOLUSD,2024-05-28T19:42:00Z,169.47,169.47,169.46,169.47,168.47979707
Kraken:SOLUSD,2024-05-28T19:43:00Z,169.47,169.75,169.47,169.75,817.49071673
Kraken:SOLUSD,2024-05-28T19:44:00Z,169.66,169.7,169.66,169.66,9.51292283
Kraken:SOLUSD,2024-05-28T19:45:00Z,169.7,169.72,169.7,169.71,8.03213692
Kraken:SOLUSD,2024-05-28T19:46:00Z,169.72,169.78,169.71,169.78,179.82231431
Kraken:SOLUSD,2024-05-28T19:47:00Z,169.78,169.97,169.78,169.97,271.35021325
Kraken:SOLUSD,2024-05-28T19:48:00Z,169.96,170.15,169.96,170.15,1802.4125597
Kraken:SOLUSD,2024-05-28T19:49:00Z,170.08,170.09,170.08,170.09,0.11049088
Kraken:SOLUSD,2024-05-28T19:50:00Z,170.09,170.31,170.09,170.31,178.0622711
Kraken:SOLUSD,2024-05-28T19:51:00Z,170.28,170.49,170.28,170.49,242.17972561
Kraken:SOLUSD,2024-05-28T19:52:00Z,170.49,170.49,170.3,170.38,24.37998767
Kraken:SOLUSD,2024-05-28T19:53:00Z,170.39,170.44,170.26,170.26,54.6235606
Kraken:SOLUSD,2024-05-28T19:54:00Z,170.26,170.26,170.0,170.0,12.28205185
Kraken:SOLUSD,2024-05-28T19:55:00Z,170.0,170.0,169.91,169.92,39.476295
Kraken:SOLUSD,2024-05-28T19:56:00Z,170.01,170.02,170.01,170.02,15.31190115
Kraken:SOLUSD,2024-05-28T19:57:00Z,170.03,170.21,170.03,170.21,54.57483807
Kraken:SOLUSD,2024-05-28T19:58:00Z,170.23,170.38,170.23,170.3,730.71551224
Kraken:SOLUSD,2024-05-28T19:59:00Z,170.31,170.33,170.13,170.13,20.48117695
Kraken:SOLUSD,2024-05-28T20:00:00Z,170.21,170.44,170.21,170.44,352.53755615
Kraken:SOLUSD,2024-05-28T20:01:00Z,170.44,170.44,170.44,170.44,2.02244572
Kraken:SOLUSD,2024-05-28T20:02:00Z,170.43,170.43,170.43,170.43,5
Kraken:SOLUSD,2024-05-28T20:03:00Z,170.44,170.44,170.43,170.43,17.84269384
Kraken:SOLUSD,2024-05-28T20:04:00Z,170.43,170.43,170.13,170.13,108.9284959
Kraken:SOLUSD,2024-05-28T20:05:00Z,170.12,170.12,170.03,170.03,7.72319451
Kraken:SOLUSD,2024-05-28T20:06:00Z,170.02,170.02,170.0,170.0,177.73818202
Kraken:SOLUSD,2024-05-28T20:07:00Z,170.01,170.01,169.92,169.92,55.29491973
Kraken:SOLUSD,2024-05-28T20:08:00Z,169.99,169.99,169.9,169.96,280.56166464
Kraken:SOLUSD,2024-05-28T20:09:00Z,169.93,169.93,169.9,169.9,1.31632853
Kraken:SOLUSD,2024-05-28T20:11:00Z,169.89,169.9,169.89,169.9,21.51414544
Kraken:SOLUSD,2024-05-28T20:12:00Z,169.89,169.9,169.89,169.89,17.74353818
Kraken:SOLUSD,2024-05-28T20:13:00Z,169.9,169.9,169.9,169.9,135.33419236
Kraken:SOLUSD,2024-05-28T20:14:00Z,169.9,169.9,169.9,169.9,0.15285538
Kraken:SOLUSD,2024-05-28T20:15:00Z,169.89,169.9,169.89,169.9,263.18006245
Kraken:SOLUSD,2024-05-28T20:16:00Z,169.9,169.9,169.9,169.9,1095.94408056
Kraken:SOLUSD,2024-05-28T20:17:00Z,169.9,170.1,169.9,170.1,3408.6847215
Kraken:SOLUSD,2024-05-28T20:18:00Z,169.93,169.93,169.74,169.74,29.11271593
Kraken:SOLUSD,2024-05-28T20:19:00Z,169.54,169.54,169.45,169.52,129.23552338
Kraken:SOLUSD,2024-05-28T20:20:00Z,169.52,169.52,169.45,169.5,86.97818957
Kraken:SOLUSD,2024-05-28T20:21:00Z,169.49,169.54,169.49,169.54,783.77710346
Kraken:SOLUSD,2024-05-28T20:22:00Z,169.58,169.7,169.58,169.7,1178.96079125
Kraken:SOLUSD,2024-05-28T20:23:00Z,169.8,169.82,169.77,169.77,26.6526728
Kraken:SOLUSD,2024-05-28T20:24:00Z,169.84,169.95,169.84,169.95,31.99462448
Kraken:SOLUSD,2024-05-28T20:25:00Z,169.97,170.12,169.97,170.05,111.14319823
Kraken:SOLUSD,2024-05-28T20:26:00Z,170.05,170.05,169.91,169.91,19.56024969
Kraken:SOLUSD,2024-05-28T20:27:00Z,169.86,170.0,169.83,169.95,104.06108925
Kraken:SOLUSD,2024-05-28T20:28:00Z,169.91,169.92,169.91,169.92,0.71062323
Kraken:SOLUSD,2024-05-28T20:29:00Z,169.88,169.88,169.69,169.69,2.12565159
Kraken:SOLUSD,2024-05-28T20:30:00Z,169.68,170.01,169.68,170.01,53.44771935
Kraken:SOLUSD,2024-05-28T20:31:00Z,169.9,169.97,169.9,169.97,13.62666164
Kraken:SOLUSD,2024-05-28T20:33:00Z,169.85,169.93,169.85,169.93,1.15921111
Kraken:SOLUSD,2024-05-28T20:34:00Z,169.9,169.9,169.9,169.9,0.29423881
Kraken:SOLUSD,2024-05-28T20:35:00Z,169.89,169.89,169.82,169.86,4.4722912
Kraken:SOLUSD,2024-05-28T20:36:00Z,169.87,169.93,169.86,169.86,243.91902317
Kraken:SOLUSD,2024-05-28T20:37:00Z,169.87,169.87,169.87,169.87,0.05
Kraken:SOLUSD,2024-05-28T20:38:00Z,169.86,169.86,169.58,169.59,51.05824705
Kraken:SOLUSD,2024-05-28T20:39:00Z,169.63,169.63,169.63,169.63,0.07151919
Kraken:SOLUSD,2024-05-28T20:40:00Z,169.61,169.61,169.58,169.59,46.79311
Kraken:SOLUSD,2024-05-28T20:41:00Z,169.63,169.64,169.63,169.64,26.70548
Kraken:SOLUSD,2024-05-28T20:42:00Z,169.61,169.61,169.58,169.58,9.22522328
Kraken:SOLUSD,2024-05-28T20:43:00Z,169.59,169.59,169.59,169.59,1.09653222
Kraken:SOLUSD,2024-05-28T20:44:00Z,169.58,169.59,169.58,169.58,14.02574556
Kraken:SOLUSD,2024-05-28T20:45:00Z,169.59,169.59,169.42,169.42,193.41088478
Kraken:SOLUSD,2024-05-28T20:46:00Z,169.43,169.43,169.36,169.36,15.3533666
Kraken:SOLUSD,2024-05-28T20:47:00Z,169.36,169.38,169.36,169.38,13.31878834
Kraken:SOLUSD,2024-05-28T20:48:00Z,169.39,169.39,169.39,169.39,0.01903
Kraken:SOLUSD,2024-05-28T20:49:00Z,169.38,169.38,169.37,169.38,11.74180516
Kraken:SOLUSD,2024-05-28T20:50:00Z,169.34,169.34,169.23,169.23,203.1627802
Kraken:SOLUSD,2024-05-28T20:51:00Z,169.31,169.31,169.25,169.27,252.1859681
Kraken:SOLUSD,2024-05-28T20:52:00Z,169.28,169.42,169.28,169.41,50.0474
Kraken:SOLUSD,2024-05-28T20:53:00Z,169.41,169.7,169.41,169.6,114.10088198
Kraken:SOLUSD,2024-05-28T20:54:00Z,169.5,169.5,169.5,169.5,5.39519
Kraken:SOLUSD,2024-05-28T20:55:00Z,169.51,169.51,169.51,169.51,3.91843706
Kraken:SOLUSD,2024-05-28T20:56:00Z,169.48,169.48,169.48,169.48,1.31
Kraken:SOLUSD,2024-05-28T20:57:00Z,169.48,169.48,169.27,169.37,31.142044
Kraken:SOLUSD,2024-05-28T21:00:00Z,169.47,169.47,169.47,169.47,0.96283
Kraken:SOLUSD,2024-05-28T21:01:00Z,169.49,169.49,169.45,169.45,37.69116193
Kraken:SOLUSD,2024-05-28T21:02:00Z,169.4,169.4,169.37,169.37,0.82128696
Kraken:SOLUSD,2024-05-28T21:03:00Z,169.34,169.38,169.32,169.38,25.4118193
Kraken:SOLUSD,2024-05-28T21:04:00Z,169.4,169.41,169.4,169.41,2.06525453
Kraken:SOLUSD,2024-05-28T21:05:00Z,169.41,169.41,169.41,169.41,0.58455
Kraken:SOLUSD,2024-05-28T21:07:00Z,169.4,169.45,169.29,169.45,840.13793044
Kraken:SOLUSD,2024-05-28T21:08:00Z,169.34,169.34,169.34,169.34,0.12974559
Kraken:SOLUSD,2024-05-28T21:09:00Z,169.34,169.34,169.34,169.34,0.22818
Kraken:SOLUSD,2024-05-28T21:10:00Z,169.31,169.31,169.17,169.17,1201.09881922
Kraken:SOLUSD,2024-05-28T21:12:00Z,169.24,169.24,168.93,168.93,1233.54011498
Kraken:SOLUSD,2024-05-28T21:13:00Z,168.93,168.93,168.93,168.93,0.75
Kraken:SOLUSD,2024-05-28T21:14:00Z,168.93,168.93,168.91,168.91,123.31417883
Kraken:SOLUSD,2024-05-28T21:17:00Z,169.18,169.27,169.18,169.27,103.46973829
Kraken:SOLUSD,2024-05-28T21:18:00Z,169.25,169.25,169.21,169.21,0.363427
Kraken:SOLUSD,2024-05-28T21:20:00Z,169.23,169.41,169.23,169.41,15.93729902
Kraken:SOLUSD,2024-05-28T21:21:00Z,169.42,169.58,169.42,169.58,71.31034281
Kraken:SOLUSD,2024-05-28T21:22:00Z,169.58,169.58,169.44,169.44,5.32352491
Kraken:SOLUSD,2024-05-28T21:23:00Z,169.44,169.44,169.44,169.44,1.76781
Kraken:SOLUSD,2024-05-28T21:24:00Z,169.44,169.44,169.43,169.43,19.10598999
Kraken:SOLUSD,2024-05-28T21:25:00Z,169.4,169.4,169.18,169.18,7.75582029
Kraken:SOLUSD,2024-05-28T21:26:00Z,169.18,169.18,169.18,169.18,0.01058
Kraken:SOLUSD,2024-05-28T21:27:00Z,169.16,169.16,169.13,169.13,3.06405
Kraken:SOLUSD,2024-05-28T21:28:00Z,169.14,169.14,169.13,169.13,7.70371
Kraken:SOLUSD,2024-05-28T21:29:00Z,169.14,169.14,169.14,169.14,27.9096
Kraken:SOLUSD,2024-05-28T21:30:00Z,169.15,169.15,169.15,169.15,0.12061
Kraken:SOLUSD,2024-05-28T21:31:00Z,169.15,169.32,169.15,169.32,35.24109998
Kraken:SOLUSD,2024-05-28T21:32:00Z,169.34,169.37,169.33,169.37,5.20359191
Kraken:SOLUSD,2024-05-28T21:33:00Z,169.37,169.37,169.33,169.33,24.31148115
Kraken:SOLUSD,2024-05-28T21:34:00Z,169.3,169.3,169.2,169.2,6.25375887
Kraken:SOLUSD,2024-05-28T21:35:00Z,169.2,169.2,169.1,169.1,28.76191735
Kraken:SOLUSD,2024-05-28T21:37:00Z,168.98,168.98,168.98,168.98,0.19437
Kraken:SOLUSD,2024-05-28T21:38:00Z,169.13,169.13,169.13,169.13,1E+1
Kraken:SOLUSD,2024-05-28T21:39:00Z,169.13,169.13,169.12,169.12,13.96964
Kraken:SOLUSD,2024-05-28T21:40:00Z,169.08,169.08,169.08,169.08,2.68468
Kraken:SOLUSD,2024-05-28T21:41:00Z,169.07,169.07,169.07,169.07,0.29573549
Kraken:SOLUSD,2024-05-28T21:42:00Z,169.07,169.07,169.07,169.07,1.682252
Kraken:SOLUSD,2024-05-28T21:44:00Z,169.07,169.07,168.9,168.9,24.98162152
Kraken:SOLUSD,2024-05-28T21:45:00Z,168.89,168.89,168.89,168.89,2.84268
Kraken:SOLUSD,2024-05-28T21:46:00Z,168.88,168.88,168.83,168.83,8.16660428
Kraken:SOLUSD,2024-05-28T21:48:00Z,168.95,168.97,168.95,168.97,101.42378014
Kraken:SOLUSD,2024-05-28T21:49:00Z,168.98,169.02,168.98,169.01,50.31696676
Kraken:SOLUSD,2024-05-28T21:50:00Z,169.01,169.02,169.0,169.02,3.03488603
Kraken:SOLUSD,2024-05-28T21:52:00Z,168.93,168.93,168.93,168.93,0.07095612
Kraken:SOLUSD,2024-05-28T21:53:00Z,168.89,168.89,168.88,168.89,19.91481312
Kraken:SOLUSD,2024-05-28T21:54:00Z,168.89,168.89,168.89,168.89,0.05466
Kraken:SOLUSD,2024-05-28T21:55:00Z,168.88,168.88,168.88,168.88,20.43
Kraken:SOLUSD,2024-05-28T21:56:00Z,168.86,168.86,168.86,168.86,0.36593752
Kraken:SOLUSD,2024-05-28T21:57:00Z,168.85,168.86,168.85,168.86,5.39989394
Kraken:SOLUSD,2024-05-28T21:58:00Z,168.86,168.86,168.85,168.86,7.15438
Kraken:SOLUSD,2024-05-28T22:00:00Z,168.85,168.86,168.85,168.86,5.7347584
Kraken:SOLUSD,2024-05-28T22:01:00Z,168.86,168.86,168.86,168.86,0.63039
Kraken:SOLUSD,2024-05-28T22:02:00Z,168.85,168.85,168.81,168.81,400.87197039
Kraken:SOLUSD,2024-05-28T22:03:00Z,168.84,168.84,168.84,168.84,0.17251
Kraken:SOLUSD,2024-05-28T22:04:00Z,168.83,169.06,168.83,169.06,14.50251883
Kraken:SOLUSD,2024-05-28T22:05:00Z,169.07,169.2,169.07,169.2,144.37189051
Kraken:SOLUSD,2024-05-28T22:06:00Z,169.21,169.25,169.21,169.25,62.27092313
Kraken:SOLUSD,2024-05-28T22:07:00Z,169.26,169.31,169.26,169.31,25.33308884
Kraken:SOLUSD,2024-05-28T22:08:00Z,169.31,169.31,169.31,169.31,4.44521216
Kraken:SOLUSD,2024-05-28T22:09:00Z,169.31,169.31,169.27,169.27,1.3
Kraken:SOLUSD,2024-05-28T22:10:00Z,169.27,169.27,169.24,169.24,20.6331018
Kraken:SOLUSD,2024-05-28T22:11:00Z,169.23,169.23,169.11,169.22,7.91570342
Kraken:SOLUSD,2024-05-28T22:12:00Z,169.23,169.23,169.23,169.23,0.82682
Kraken:SOLUSD,2024-05-28T22:13:00Z,169.23,169.23,169.23,169.23,0.01798
Kraken:SOLUSD,2024-05-28T22:14:00Z,169.23,169.23,169.23,169.23,7.10686
Kraken:SOLUSD,2024-05-28T22:15:00Z,169.22,169.22,169.06,169.06,17.6149396
Kraken:SOLUSD,2024-05-28T22:16:00Z,169.09,169.18,169.09,169.18,3.66409657
Kraken:SOLUSD,2024-05-28T22:17:00Z,169.18,169.19,169.18,169.18,22.59609095
Kraken:SOLUSD,2024-05-28T22:18:00Z,169.2,169.2,169.2,169.2,24.65776
Kraken:SOLUSD,2024-05-28T22:19:00Z,169.2,169.46,169.2,169.46,1999.06034786
Kraken:SOLUSD,2024-05-28T22:20:00Z,169.4,169.4,169.4,169.4,2.61108936
Kraken:SOLUSD,2024-05-28T22:21:00Z,169.41,169.44,169.41,169.44,23.51852193
Kraken:SOLUSD,2024-05-28T22:22:00Z,169.44,169.53,169.44,169.53,2.82219916
Kraken:SOLUSD,2024-05-28T22:23:00Z,169.53,169.54,169.53,169.53,9.56924342
Kraken:SOLUSD,2024-05-28T22:24:00Z,169.51,169.51,169.47,169.48,21.95208006
Kraken:SOLUSD,2024-05-28T22:25:00Z,169.35,169.36,169.35,169.36,3.08996
Kraken:SOLUSD,2024-05-28T22:26:00Z,169.35,169.35,169.22,169.22,35.109
Kraken:SOLUSD,2024-05-28T22:27:00Z,169.2,169.2,169.14,169.14,2.82490557
Kraken:SOLUSD,2024-05-28T22:29:00Z,169.19,169.21,169.19,169.21,18.2371
Kraken:SOLUSD,2024-05-28T22:32:00Z,169.34,169.5,169.34,169.46,12.30556168
Kraken:SOLUSD,2024-05-28T22:33:00Z,169.44,169.44,169.3,169.3,78.66598495
Kraken:SOLUSD,2024-05-28T22:34:00Z,169.44,169.44,169.44,169.44,9.92080234
Kraken:SOLUSD,2024-05-28T22:35:00Z,169.43,169.43,169.43,169.43,0.2
Kraken:SOLUSD,2024-05-28T22:36:00Z,169.41,169.41,169.26,169.32,36.87547453
Kraken:SOLUSD,2024-05-28T22:37:00Z,169.3,169.3,169.2,169.2,214.6335367
Kraken:SOLUSD,2024-05-28T22:38:00Z,169.19,169.2,169.19,169.19,30.72114096
Kraken:SOLUSD,2024-05-28T22:39:00Z,169.08,169.08,169.08,169.08,9.4739142
Kraken:SOLUSD,2024-05-28T22:40:00Z,169.07,169.07,169.07,169.07,5.06570487
Kraken:SOLUSD,2024-05-28T22:41:00Z,169.07,169.07,169.0,169.0,207.91147083
Kraken:SOLUSD,2024-05-28T22:42:00Z,168.99,168.99,168.99,168.99,0.16
Kraken:SOLUSD,2024-05-28T22:44:00Z,169.0,169.0,168.99,168.99,3.37216572
Kraken:SOLUSD,2024-05-28T22:45:00Z,168.99,168.99,168.87,168.87,7.16863063
Kraken:SOLUSD,2024-05-28T22:46:00Z,168.87,168.87,168.86,168.86,0.45317
Kraken:SOLUSD,2024-05-28T22:47:00Z,168.87,168.87,168.86,168.87,0.65202
Kraken:SOLUSD,2024-05-28T22:48:00Z,168.93,168.93,168.93,168.93,0.77048
Kraken:SOLUSD,2024-05-28T22:49:00Z,168.88,168.88,168.88,168.88,2.76691378
Kraken:SOLUSD,2024-05-28T22:51:00Z,168.88,168.98,168.88,168.98,23.25875231
Kraken:SOLUSD,2024-05-28T22:52:00Z,168.93,168.94,168.92,168.94,5.54091824
Kraken:SOLUSD,2024-05-28T22:54:00Z,168.91,168.91,168.91,168.91,0.31424
Kraken:SOLUSD,2024-05-28T22:55:00Z,168.96,168.96,168.96,168.96,0.25
Kraken:SOLUSD,2024-05-28T22:56:00Z,168.96,168.97,168.96,168.96,161.92035015
Kraken:SOLUSD,2024-05-28T22:57:00Z,168.97,169.0,168.97,168.98,29.6040883
Kraken:SOLUSD,2024-05-28T22:58:00Z,168.97,168.97,168.97,168.97,3.16525536
Kraken:SOLUSD,2024-05-28T22:59:00Z,168.97,168.98,168.97,168.98,9.81095986
Kraken:SOLUSD,2024-05-28T23:00:00Z,168.97,168.98,168.97,168.98,88.97746947
Kraken:SOLUSD,2024-05-28T23:01:00Z,168.97,168.98,168.97,168.98,5.25801658
Kraken:SOLUSD,2024-05-28T23:03:00Z,168.98,169.0,168.98,169.0,2.29655517
Kraken:SOLUSD,2024-05-28T23:04:00Z,169.0,169.0,168.97,168.97,46.57697795
Kraken:SOLUSD,2024-05-28T23:05:00Z,168.98,168.98,168.97,168.97,132.58083178
Kraken:SOLUSD,2024-05-28T23:06:00Z,168.97,168.97,168.51,168.51,37.77990728
Kraken:SOLUSD,2024-05-28T23:07:00Z,168.51,168.51,168.51,168.51,0.04239
Kraken:SOLUSD,2024-05-28T23:08:00Z,168.51,168.53,168.51,168.53,49.67557
Kraken:SOLUSD,2024-05-28T23:09:00Z,168.53,168.54,168.53,168.54,0.69072
Kraken:SOLUSD,2024-05-28T23:10:00Z,168.51,168.51,168.51,168.51,0.79966924
Kraken:SOLUSD,2024-05-28T23:11:00Z,168.52,168.52,168.51,168.51,1.94071266
Kraken:SOLUSD,2024-05-28T23:13:00Z,168.5,168.5,168.35,168.36,89.37053
Kraken:SOLUSD,2024-05-28T23:14:00Z,168.36,168.37,168.36,168.37,20.86345798
Kraken:SOLUSD,2024-05-28T23:15:00Z,168.36,168.36,168.3,168.3,33.56222
Kraken:SOLUSD,2024-05-28T23:16:00Z,168.3,168.33,168.22,168.32,15.72496802
Kraken:SOLUSD,2024-05-28T23:17:00Z,168.33,168.33,168.33,168.33,17.82531194
Kraken:SOLUSD,2024-05-28T23:18:00Z,168.33,168.33,168.32,168.33,5.50588615
Kraken:SOLUSD,2024-05-28T23:19:00Z,168.35,168.44,168.35,168.44,0.25
Kraken:SOLUSD,2024-05-28T23:20:00Z,168.43,168.44,168.36,168.41,3.01371422
Kraken:SOLUSD,2024-05-28T23:21:00Z,168.41,168.41,168.39,168.39,7.99379
Kraken:SOLUSD,2024-05-28T23:22:00Z,168.42,168.42,168.42,168.42,6.07306014
Kraken:SOLUSD,2024-05-28T23:23:00Z,168.45,168.46,168.43,168.44,13.81924722
Kraken:SOLUSD,2024-05-28T23:24:00Z,168.45,168.48,168.45,168.48,89.57648383
Kraken:SOLUSD,2024-05-28T23:26:00Z,168.48,168.48,168.48,168.48,4.00068404
Kraken:SOLUSD,2024-05-28T23:27:00Z,168.49,168.5,168.49,168.49,20.4570153
Kraken:SOLUSD,2024-05-28T23:28:00Z,168.5,168.5,168.5,168.5,1.52776855
Kraken:SOLUSD,2024-05-28T23:29:00Z,168.52,168.53,168.52,168.53,0.74254297
Kraken:SOLUSD,2024-05-28T23:30:00Z,168.54,168.54,168.54,168.54,0.45458762
Kraken:SOLUSD,2024-05-28T23:31:00Z,168.55,168.58,168.55,168.57,10.83585
Kraken:SOLUSD,2024-05-28T23:32:00Z,168.58,168.77,168.58,168.77,1.3830813
Kraken:SOLUSD,2024-05-28T23:33:00Z,168.77,168.94,168.77,168.94,30.91704845
Kraken:SOLUSD,2024-05-28T23:34:00Z,168.95,168.95,168.95,168.95,8.66585
Kraken:SOLUSD,2024-05-28T23:35:00Z,168.98,169.09,168.98,169.09,29.58353242
Kraken:SOLUSD,2024-05-28T23:37:00Z,168.95,168.95,168.95,168.95,6.61355
Kraken:SOLUSD,2024-05-28T23:38:00Z,168.95,168.95,168.95,168.95,2.85889
Kraken:SOLUSD,2024-05-28T23:39:00Z,168.84,168.84,168.84,168.84,0.3861
Kraken:SOLUSD,2024-05-28T23:40:00Z,168.84,168.84,168.84,168.84,0.88841507
Kraken:SOLUSD,2024-05-28T23:41:00Z,168.84,168.84,168.8,168.8,23.85796362
Kraken:SOLUSD,2024-05-28T23:42:00Z,168.81,168.81,168.81,168.81,8.7467136
Kraken:SOLUSD,2024-05-28T23:44:00Z,168.9,168.91,168.9,168.91,0.92594
Kraken:SOLUSD,2024-05-28T23:45:00Z,168.95,169.01,168.95,169.01,22.92253
Kraken:SOLUSD,2024-05-28T23:46:00Z,169.0,169.0,169.0,169.0,0.02019
Kraken:SOLUSD,2024-05-28T23:47:00Z,168.95,168.95,168.95,168.95,0.93859071
Kraken:SOLUSD,2024-05-28T23:48:00Z,168.89,168.9,168.89,168.9,2.92834
Kraken:SOLUSD,2024-05-28T23:49:00Z,168.83,168.83,168.83,168.83,3
Kraken:SOLUSD,2024-05-28T23:50:00Z,168.84,168.84,168.84,168.84,0.56687876
Kraken:SOLUSD,2024-05-28T23:51:00Z,168.85,168.87,168.85,168.86,24.8175675
Kraken:SOLUSD,2024-05-28T23:53:00Z,168.81,168.81,168.81,168.81,1.54252
Kraken:SOLUSD,2024-05-28T23:54:00Z,168.8,168.81,168.8,168.81,2.09609992
Kraken:SOLUSD,2024-05-28T23:55:00Z,168.8,168.8,168.8,168.8,0.41125592
Kraken:SOLUSD,2024-05-28T23:56:00Z,168.81,168.81,168.55,168.56,123.5271636
Kraken:SOLUSD,2024-05-28T23:57:00Z,168.56,168.57,168.55,168.57,0.4594265
Kraken:SOLUSD,2024-05-28T23:58:00Z,168.57,168.57,168.57,168.57,15.2375
Kraken:SOLUSD,2024-05-28T23:59:00Z,168.57,168.57,168.56,168.56,0.73559129
