Kraken:EURUSD,2023-05-20T00:00:00Z,1.08047,1.08047,1.08047,1.08047,999.90000991
Kraken:EURUSD,2023-05-20T00:03:00Z,1.08047,1.08047,1.08047,1.08047,155.8551041
Kraken:EURUSD,2023-05-20T00:05:00Z,1.08048,1.08048,1.08048,1.08048,2998.50004304
Kraken:EURUSD,2023-05-20T00:06:00Z,1.0804,1.0804,1.0804,1.0804,199.15718816
Kraken:EURUSD,2023-05-20T00:11:00Z,1.08045,1.08045,1.08045,1.08045,29.25634964
Kraken:EURUSD,2023-05-20T00:12:00Z,1.08035,1.08035,1.08033,1.08033,1999.99999996
Kraken:EURUSD,2023-05-20T00:13:00Z,1.08034,1.08034,1.08034,1.08034,41.910545
Kraken:EURUSD,2023-05-20T00:15:00Z,1.08056,1.08057,1.08035,1.08035,1355.1403201
Kraken:EURUSD,2023-05-20T00:16:00Z,1.08037,1.08037,1.08037,1.08037,49.8
Kraken:EURUSD,2023-05-20T00:17:00Z,1.08048,1.08048,1.08048,1.08048,966.21200762
Kraken:EURUSD,2023-05-20T00:18:00Z,1.08052,1.08052,1.08052,1.08052,969.04064709
Kraken:EURUSD,2023-05-20T00:20:00Z,1.08052,1.08053,1.08045,1.08045,2595.85515186
Kraken:EURUSD,2023-05-20T00:26:00Z,1.08037,1.08037,1.08037,1.08037,7.285707
Kraken:EURUSD,2023-05-20T00:27:00Z,1.08034,1.08036,1.08034,1.08036,4.964
Kraken:EURUSD,2023-05-20T00:32:00Z,1.08049,1.08051,1.08049,1.08051,132.7505579
Kraken:EURUSD,2023-05-20T00:33:00Z,1.08051,1.08051,1.08051,1.08051,110.80779252
Kraken:EURUSD,2023-05-20T00:35:00Z,1.08057,1.08058,1.08057,1.08058,2E+3
Kraken:EURUSD,2023-05-20T00:36:00Z,1.08052,1.08052,1.08052,1.08052,1219.01417835
Kraken:EURUSD,2023-05-20T00:37:00Z,1.08058,1.08058,1.08058,1.08058,1031.50558033
Kraken:EURUSD,2023-05-20T00:38:00Z,1.08049,1.0805,1.08049,1.0805,4484.9899341
Kraken:EURUSD,2023-05-20T00:39:00Z,1.08049,1.08049,1.08049,1.08049,2.465
Kraken:EURUSD,2023-05-20T00:41:00Z,1.08053,1.08053,1.0804,1.08041,3E+3
Kraken:EURUSD,2023-05-20T00:43:00Z,1.08052,1.08052,1.08052,1.08052,48.2798
Kraken:EURUSD,2023-05-20T00:45:00Z,1.08069,1.08069,1.08069,1.08069,999.98993707
Kraken:EURUSD,2023-05-20T00:46:00Z,1.08072,1.08072,1.08072,1.08072,5.95154096
Kraken:EURUSD,2023-05-20T00:47:00Z,1.0807,1.0807,1.0807,1.0807,2E+3
Kraken:EURUSD,2023-05-20T00:50:00Z,1.08069,1.08069,1.08053,1.08053,2090.04134773
Kraken:EURUSD,2023-05-20T00:52:00Z,1.08054,1.08061,1.08054,1.08061,5586.79066865
Kraken:EURUSD,2023-05-20T00:54:00Z,1.08066,1.08067,1.08066,1.08067,18.56387298
Kraken:EURUSD,2023-05-20T00:55:00Z,1.08055,1.08055,1.08049,1.08051,3829.47999063
Kraken:EURUSD,2023-05-20T00:57:00Z,1.08066,1.08066,1.08055,1.08057,2042.42925376
Kraken:EURUSD,2023-05-20T01:02:00Z,1.08054,1.08054,1.08054,1.08054,965.94159245
Kraken:EURUSD,2023-05-20T01:03:00Z,1.08068,1.08068,1.08055,1.08056,2103.56479249
Kraken:EURUSD,2023-05-20T01:04:00Z,1.08053,1.08053,1.08053,1.08053,114.8587263
Kraken:EURUSD,2023-05-20T01:06:00Z,1.08059,1.08059,1.08059,1.08059,1.50000009
Kraken:EURUSD,2023-05-20T01:08:00Z,1.08056,1.08056,1.08056,1.08056,590.1305
Kraken:EURUSD,2023-05-20T01:09:00Z,1.08054,1.08054,1.08052,1.08052,551.66463862
Kraken:EURUSD,2023-05-20T01:11:00Z,1.08065,1.08065,1.08065,1.08065,2E+3
Kraken:EURUSD,2023-05-20T01:12:00Z,1.08053,1.08065,1.08053,1.08065,33.03293001
Kraken:EURUSD,2023-05-20T01:13:00Z,1.08067,1.08067,1.08067,1.08067,2.46967159
Kraken:EURUSD,2023-05-20T01:14:00Z,1.08057,1.08057,1.08057,1.08057,570.18397696
Kraken:EURUSD,2023-05-20T01:15:00Z,1.08067,1.08067,1.08067,1.08067,52.98486131
Kraken:EURUSD,2023-05-20T01:16:00Z,1.08068,1.08069,1.08068,1.08069,5032.20474358
Kraken:EURUSD,2023-05-20T01:19:00Z,1.08059,1.08059,1.08059,1.08059,3999.96618352
Kraken:EURUSD,2023-05-20T01:20:00Z,1.08067,1.08067,1.08067,1.08067,417.63729907
Kraken:EURUSD,2023-05-20T01:23:00Z,1.08073,1.08073,1.08073,1.08073,2E+3
Kraken:EURUSD,2023-05-20T01:24:00Z,1.0807,1.0807,1.0807,1.0807,32.65486149
Kraken:EURUSD,2023-05-20T01:25:00Z,1.08067,1.08067,1.08067,1.08067,389.61677361
Kraken:EURUSD,2023-05-20T01:26:00Z,1.0807,1.0807,1.08064,1.08064,28.50651726
Kraken:EURUSD,2023-05-20T01:27:00Z,1.08068,1.08068,1.08065,1.08065,33.80535645
Kraken:EURUSD,2023-05-20T01:28:00Z,1.08072,1.08072,1.08072,1.08072,1998.50078989
Kraken:EURUSD,2023-05-20T01:29:00Z,1.08075,1.0808,1.08075,1.0808,440.9963024
Kraken:EURUSD,2023-05-20T01:30:00Z,1.0807,1.08071,1.0807,1.08071,67.21344675
Kraken:EURUSD,2023-05-20T01:31:00Z,1.0807,1.08071,1.08063,1.08063,69.4959343
Kraken:EURUSD,2023-05-20T01:33:00Z,1.08079,1.08087,1.08079,1.08086,15118.66508
Kraken:EURUSD,2023-05-20T01:34:00Z,1.08075,1.08075,1.08075,1.08075,27.23489974
Kraken:EURUSD,2023-05-20T01:35:00Z,1.08061,1.08066,1.08061,1.08066,38.29011466
Kraken:EURUSD,2023-05-20T01:36:00Z,1.0806,1.0808,1.0806,1.0808,34.42052079
Kraken:EURUSD,2023-05-20T01:37:00Z,1.08072,1.08072,1.08066,1.08066,242.14726351
Kraken:EURUSD,2023-05-20T01:38:00Z,1.08066,1.08066,1.08066,1.08066,27.33567751
Kraken:EURUSD,2023-05-20T01:39:00Z,1.08074,1.08074,1.08063,1.08063,590.13053164
Kraken:EURUSD,2023-05-20T01:41:00Z,1.08063,1.08064,1.08063,1.08064,43.5708379
Kraken:EURUSD,2023-05-20T01:42:00Z,1.08064,1.08084,1.08064,1.08084,3008.6
Kraken:EURUSD,2023-05-20T01:43:00Z,1.08079,1.08079,1.08079,1.08079,82.48747675
Kraken:EURUSD,2023-05-20T01:44:00Z,1.08066,1.08066,1.08066,1.08066,15.53750559
Kraken:EURUSD,2023-05-20T01:45:00Z,1.08066,1.08081,1.08066,1.08081,45.77667347
Kraken:EURUSD,2023-05-20T01:46:00Z,1.08074,1.08074,1.08074,1.08074,20.25051308
Kraken:EURUSD,2023-05-20T01:49:00Z,1.08061,1.08065,1.08061,1.08065,39.62290155
Kraken:EURUSD,2023-05-20T01:50:00Z,1.08082,1.08082,1.08082,1.08082,29.76751275
Kraken:EURUSD,2023-05-20T01:51:00Z,1.08064,1.08066,1.08064,1.08066,60.08911657
Kraken:EURUSD,2023-05-20T01:53:00Z,1.08062,1.08065,1.08062,1.08065,53.78189372
Kraken:EURUSD,2023-05-20T01:54:00Z,1.08067,1.08067,1.08066,1.08066,122.83119658
Kraken:EURUSD,2023-05-20T01:55:00Z,1.08066,1.08066,1.08066,1.08066,4
Kraken:EURUSD,2023-05-20T02:02:00Z,1.08063,1.08063,1.08063,1.08063,266.309
Kraken:EURUSD,2023-05-20T02:04:00Z,1.08059,1.08071,1.08059,1.08071,1276.40118368
Kraken:EURUSD,2023-05-20T02:05:00Z,1.0807,1.0807,1.0807,1.0807,429.2885646
Kraken:EURUSD,2023-05-20T02:06:00Z,1.08059,1.0806,1.08049,1.08049,874.27743791
Kraken:EURUSD,2023-05-20T02:12:00Z,1.08069,1.08069,1.08069,1.08069,1.02249488
Kraken:EURUSD,2023-05-20T02:14:00Z,1.08068,1.08075,1.08068,1.08075,628.75882613
Kraken:EURUSD,2023-05-20T02:16:00Z,1.08071,1.08071,1.08071,1.08071,1E+3
Kraken:EURUSD,2023-05-20T02:19:00Z,1.08065,1.08066,1.08065,1.08066,32.10563112
Kraken:EURUSD,2023-05-20T02:23:00Z,1.08076,1.08076,1.08076,1.08076,27.22134184
Kraken:EURUSD,2023-05-20T02:25:00Z,1.08059,1.08059,1.08059,1.08059,1.8127854
Kraken:EURUSD,2023-05-20T02:27:00Z,1.08064,1.08064,1.08064,1.08064,71.8854119
Kraken:EURUSD,2023-05-20T02:31:00Z,1.08071,1.08071,1.08071,1.08071,2330.2081546
Kraken:EURUSD,2023-05-20T02:33:00Z,1.08054,1.08054,1.08054,1.08054,10.0268147
Kraken:EURUSD,2023-05-20T02:36:00Z,1.08078,1.08078,1.08078,1.08078,30.15516587
Kraken:EURUSD,2023-05-20T02:40:00Z,1.08061,1.08061,1.08061,1.08061,102.3368
Kraken:EURUSD,2023-05-20T02:43:00Z,1.0806,1.0806,1.0806,1.0806,32.4807
Kraken:EURUSD,2023-05-20T02:45:00Z,1.08067,1.08073,1.08067,1.08073,3336.42449996
Kraken:EURUSD,2023-05-20T02:49:00Z,1.08071,1.08071,1.08067,1.08067,32.07521398
Kraken:EURUSD,2023-05-20T02:51:00Z,1.08061,1.08061,1.08061,1.08061,2.448
Kraken:EURUSD,2023-05-20T02:52:00Z,1.08068,1.08068,1.08068,1.08068,31.66507958
Kraken:EURUSD,2023-05-20T02:54:00Z,1.08079,1.08079,1.08079,1.08079,39.65593024
Kraken:EURUSD,2023-05-20T02:56:00Z,1.08076,1.08076,1.08076,1.08076,32.94056118
Kraken:EURUSD,2023-05-20T02:59:00Z,1.08078,1.0808,1.08062,1.08062,931.68777064
Kraken:EURUSD,2023-05-20T03:02:00Z,1.08071,1.08071,1.08071,1.08071,9.25223442
Kraken:EURUSD,2023-05-20T03:05:00Z,1.08074,1.08074,1.08074,1.08074,31.01681305
Kraken:EURUSD,2023-05-20T03:06:00Z,1.08073,1.08073,1.08069,1.08069,48.99501936
Kraken:EURUSD,2023-05-20T03:07:00Z,1.08064,1.08064,1.08059,1.08064,4316.60600884
Kraken:EURUSD,2023-05-20T03:08:00Z,1.08073,1.08079,1.08061,1.08079,1040.32106852
Kraken:EURUSD,2023-05-20T03:09:00Z,1.08073,1.08073,1.08064,1.08064,583.95480752
Kraken:EURUSD,2023-05-20T03:10:00Z,1.08071,1.08071,1.08058,1.08058,2404.43268988
Kraken:EURUSD,2023-05-20T03:13:00Z,1.08062,1.08077,1.08062,1.08077,5030.31735312
Kraken:EURUSD,2023-05-20T03:14:00Z,1.08068,1.08068,1.08068,1.08068,29.79717103
Kraken:EURUSD,2023-05-20T03:18:00Z,1.08062,1.08063,1.08062,1.08063,96.5301732
Kraken:EURUSD,2023-05-20T03:19:00Z,1.08063,1.08063,1.08063,1.08063,20.463516
Kraken:EURUSD,2023-05-20T03:23:00Z,1.08064,1.08064,1.08064,1.08064,2.465
Kraken:EURUSD,2023-05-20T03:25:00Z,1.08079,1.08079,1.08079,1.08079,32.63275868
Kraken:EURUSD,2023-05-20T03:26:00Z,1.08065,1.08065,1.08061,1.08061,778.08870217
Kraken:EURUSD,2023-05-20T03:27:00Z,1.0808,1.0808,1.0808,1.0808,28.84678698
Kraken:EURUSD,2023-05-20T03:28:00Z,1.08079,1.08079,1.08079,1.08079,29.34175014
Kraken:EURUSD,2023-05-20T03:29:00Z,1.08065,1.08065,1.08065,1.08065,329.0581
Kraken:EURUSD,2023-05-20T03:30:00Z,1.0808,1.0808,1.0808,1.0808,32.63374724
Kraken:EURUSD,2023-05-20T03:32:00Z,1.08066,1.08067,1.08066,1.08067,4497.12151401
Kraken:EURUSD,2023-05-20T03:36:00Z,1.08075,1.08075,1.08075,1.08075,31.74408274
Kraken:EURUSD,2023-05-20T03:38:00Z,1.08065,1.08065,1.08065,1.08065,421.8834
Kraken:EURUSD,2023-05-20T03:40:00Z,1.08072,1.08072,1.08072,1.08072,19.09667231
Kraken:EURUSD,2023-05-20T03:44:00Z,1.08064,1.08064,1.08064,1.08064,14.5042812
Kraken:EURUSD,2023-05-20T03:45:00Z,1.08074,1.08074,1.08074,1.08074,18.93106915
Kraken:EURUSD,2023-05-20T03:47:00Z,1.08082,1.08082,1.08082,1.08082,189.0281453
Kraken:EURUSD,2023-05-20T03:48:00Z,1.08079,1.08079,1.08079,1.08079,33.54738157
Kraken:EURUSD,2023-05-20T03:51:00Z,1.08062,1.08073,1.08062,1.08073,90.17537282
Kraken:EURUSD,2023-05-20T03:54:00Z,1.08077,1.08077,1.08077,1.08077,34.29086378
Kraken:EURUSD,2023-05-20T03:56:00Z,1.08064,1.08064,1.08064,1.08064,94.76449141
Kraken:EURUSD,2023-05-20T03:58:00Z,1.08076,1.08076,1.08063,1.08063,994.10390102
Kraken:EURUSD,2023-05-20T03:59:00Z,1.08066,1.08066,1.08066,1.08066,9.84009506
Kraken:EURUSD,2023-05-20T04:01:00Z,1.08062,1.08062,1.08062,1.08062,4.93
Kraken:EURUSD,2023-05-20T04:02:00Z,1.08075,1.08075,1.08075,1.08075,32.3508546
Kraken:EURUSD,2023-05-20T04:04:00Z,1.08065,1.08065,1.08065,1.08065,15.56500921
Kraken:EURUSD,2023-05-20T04:05:00Z,1.08077,1.08077,1.08077,1.08077,30.67149613
Kraken:EURUSD,2023-05-20T04:06:00Z,1.08066,1.08066,1.08066,1.08066,1.49131086
Kraken:EURUSD,2023-05-20T04:07:00Z,1.08077,1.08077,1.08077,1.08077,2E+3
Kraken:EURUSD,2023-05-20T04:08:00Z,1.08074,1.08083,1.08074,1.08083,644.97091359
Kraken:EURUSD,2023-05-20T04:09:00Z,1.08077,1.08085,1.08077,1.08078,1986.03240416
Kraken:EURUSD,2023-05-20T04:10:00Z,1.0807,1.08071,1.0807,1.08071,22.25485309
Kraken:EURUSD,2023-05-20T04:14:00Z,1.08078,1.08078,1.08067,1.08067,39.35223804
Kraken:EURUSD,2023-05-20T04:15:00Z,1.08077,1.08077,1.08069,1.08069,1396.8816271
Kraken:EURUSD,2023-05-20T04:16:00Z,1.08071,1.08079,1.08071,1.08079,42.49858065
Kraken:EURUSD,2023-05-20T04:17:00Z,1.08078,1.08078,1.08078,1.08078,32.47969861
Kraken:EURUSD,2023-05-20T04:19:00Z,1.08067,1.08078,1.08067,1.08078,48.97166376
Kraken:EURUSD,2023-05-20T04:20:00Z,1.08078,1.08078,1.08078,1.08078,29.26528206
Kraken:EURUSD,2023-05-20T04:21:00Z,1.08078,1.08078,1.08068,1.08068,49.22378286
Kraken:EURUSD,2023-05-20T04:22:00Z,1.08075,1.08075,1.08075,1.08075,2209.846893
Kraken:EURUSD,2023-05-20T04:26:00Z,1.08069,1.08076,1.08063,1.08063,5141.91668254
Kraken:EURUSD,2023-05-20T04:27:00Z,1.08078,1.08078,1.08078,1.08078,30.54020665
Kraken:EURUSD,2023-05-20T04:29:00Z,1.08068,1.08068,1.08068,1.08068,57.4087338
Kraken:EURUSD,2023-05-20T04:30:00Z,1.0808,1.0808,1.08063,1.08063,374.20846614
Kraken:EURUSD,2023-05-20T04:32:00Z,1.0808,1.0808,1.0808,1.0808,32.69226008
Kraken:EURUSD,2023-05-20T04:33:00Z,1.08066,1.08066,1.08065,1.08065,140.34306783
Kraken:EURUSD,2023-05-20T04:34:00Z,1.08066,1.08066,1.08066,1.08066,133.5435228
Kraken:EURUSD,2023-05-20T04:35:00Z,1.08076,1.08076,1.08065,1.08065,937.99020298
Kraken:EURUSD,2023-05-20T04:37:00Z,1.08063,1.08063,1.08063,1.08063,260.52875822
Kraken:EURUSD,2023-05-20T04:39:00Z,1.08067,1.08076,1.08066,1.08076,112.46312836
Kraken:EURUSD,2023-05-20T04:40:00Z,1.08066,1.08076,1.08066,1.08076,50.73029425
Kraken:EURUSD,2023-05-20T04:41:00Z,1.08066,1.08077,1.08066,1.08077,40.26328774
Kraken:EURUSD,2023-05-20T04:42:00Z,1.08066,1.08083,1.08064,1.08064,36.51880376
Kraken:EURUSD,2023-05-20T04:46:00Z,1.08083,1.08083,1.08083,1.08083,25.1
Kraken:EURUSD,2023-05-20T04:48:00Z,1.08079,1.08079,1.08079,1.08079,32.27322813
Kraken:EURUSD,2023-05-20T04:49:00Z,1.08067,1.08067,1.08067,1.08067,15.63242215
Kraken:EURUSD,2023-05-20T04:50:00Z,1.08076,1.08076,1.08076,1.08076,9.31691097
Kraken:EURUSD,2023-05-20T04:51:00Z,1.08065,1.08065,1.08065,1.08065,235.837751
Kraken:EURUSD,2023-05-20T04:52:00Z,1.08066,1.08066,1.08066,1.08066,2.584
Kraken:EURUSD,2023-05-20T04:53:00Z,1.08067,1.08067,1.08067,1.08067,2.618
Kraken:EURUSD,2023-05-20T04:54:00Z,1.08065,1.08065,1.08065,1.08065,257.7433798
Kraken:EURUSD,2023-05-20T04:55:00Z,1.08065,1.08065,1.08065,1.08065,147.78326938
Kraken:EURUSD,2023-05-20T04:56:00Z,1.08075,1.08075,1.08075,1.08075,31.04452075
Kraken:EURUSD,2023-05-20T04:59:00Z,1.08074,1.08074,1.08074,1.08074,47.82832662
Kraken:EURUSD,2023-05-20T05:00:00Z,1.08071,1.08076,1.0807,1.08076,2032.91688181
Kraken:EURUSD,2023-05-20T05:01:00Z,1.08065,1.08082,1.08062,1.08062,2914.83708537
Kraken:EURUSD,2023-05-20T05:02:00Z,1.08074,1.08083,1.08074,1.08083,1610.51787139
Kraken:EURUSD,2023-05-20T05:03:00Z,1.08079,1.08079,1.08079,1.08079,20.11143471
Kraken:EURUSD,2023-05-20T05:11:00Z,1.08068,1.08068,1.08068,1.08068,5
Kraken:EURUSD,2023-05-20T05:12:00Z,1.08077,1.08077,1.08077,1.08077,18.14684196
Kraken:EURUSD,2023-05-20T05:15:00Z,1.08072,1.08072,1.08066,1.08066,297.5888062
Kraken:EURUSD,2023-05-20T05:16:00Z,1.08072,1.08072,1.08072,1.08072,157.0346
Kraken:EURUSD,2023-05-20T05:18:00Z,1.08066,1.08066,1.08066,1.08066,429.33194088
Kraken:EURUSD,2023-05-20T05:20:00Z,1.08065,1.08065,1.08065,1.08065,3.5
Kraken:EURUSD,2023-05-20T05:21:00Z,1.08076,1.08076,1.08076,1.08076,18.25742724
Kraken:EURUSD,2023-05-20T05:22:00Z,1.08079,1.08079,1.08079,1.08079,50.79747222
Kraken:EURUSD,2023-05-20T05:24:00Z,1.08077,1.08077,1.08077,1.08077,29.94316252
Kraken:EURUSD,2023-05-20T05:26:00Z,1.08067,1.08068,1.08067,1.08068,120.18567998
Kraken:EURUSD,2023-05-20T05:28:00Z,1.08064,1.08064,1.08064,1.08064,14.37561
Kraken:EURUSD,2023-05-20T05:32:00Z,1.08075,1.08075,1.08065,1.08065,44.66560267
Kraken:EURUSD,2023-05-20T05:33:00Z,1.08062,1.08062,1.08062,1.08062,203.52584859
Kraken:EURUSD,2023-05-20T05:35:00Z,1.08061,1.08061,1.08061,1.08061,431.99064215
Kraken:EURUSD,2023-05-20T05:37:00Z,1.08063,1.08064,1.08061,1.08064,860.41443311
Kraken:EURUSD,2023-05-20T05:38:00Z,1.08076,1.08077,1.08064,1.08077,5375.23772804
Kraken:EURUSD,2023-05-20T05:39:00Z,1.08077,1.08077,1.0807,1.0807,2429.23226688
Kraken:EURUSD,2023-05-20T05:40:00Z,1.08072,1.08072,1.08064,1.08069,3762.96771287
Kraken:EURUSD,2023-05-20T05:41:00Z,1.08071,1.08072,1.08069,1.08072,11999.93354436
Kraken:EURUSD,2023-05-20T05:42:00Z,1.08063,1.08063,1.08063,1.08063,76.3853
Kraken:EURUSD,2023-05-20T05:47:00Z,1.08066,1.08077,1.08063,1.08077,4116.30445991
Kraken:EURUSD,2023-05-20T05:48:00Z,1.08062,1.08073,1.08062,1.08073,587.11324212
Kraken:EURUSD,2023-05-20T05:49:00Z,1.08067,1.08067,1.08067,1.08067,2E+1
Kraken:EURUSD,2023-05-20T05:51:00Z,1.08078,1.08078,1.08066,1.08066,183.90846052
Kraken:EURUSD,2023-05-20T05:52:00Z,1.08061,1.08061,1.08061,1.08061,102.4006
Kraken:EURUSD,2023-05-20T05:55:00Z,1.08065,1.08065,1.08065,1.08065,227.116656
Kraken:EURUSD,2023-05-20T05:56:00Z,1.08065,1.08065,1.08064,1.08064,7030.61421109
Kraken:EURUSD,2023-05-20T05:57:00Z,1.08061,1.08061,1.08061,1.08061,2804.07953617
Kraken:EURUSD,2023-05-20T05:58:00Z,1.08065,1.08065,1.08065,1.08065,925.36899088
Kraken:EURUSD,2023-05-20T06:00:00Z,1.08061,1.08077,1.08061,1.08063,3058.06192113
Kraken:EURUSD,2023-05-20T06:01:00Z,1.08061,1.08061,1.08061,1.08061,5.31125
Kraken:EURUSD,2023-05-20T06:04:00Z,1.08061,1.08061,1.08061,1.08061,8.75
Kraken:EURUSD,2023-05-20T06:05:00Z,1.08061,1.08061,1.08061,1.08061,8.75
Kraken:EURUSD,2023-05-20T06:06:00Z,1.08063,1.08063,1.08063,1.08063,14
Kraken:EURUSD,2023-05-20T06:07:00Z,1.08061,1.08061,1.08061,1.08061,82.92852359
Kraken:EURUSD,2023-05-20T06:09:00Z,1.08063,1.08077,1.08063,1.08063,758.5228794
Kraken:EURUSD,2023-05-20T06:10:00Z,1.08073,1.08073,1.08073,1.08073,11.36107112
Kraken:EURUSD,2023-05-20T06:12:00Z,1.08062,1.08066,1.08062,1.08064,460.11583592
Kraken:EURUSD,2023-05-20T06:15:00Z,1.08077,1.08078,1.08067,1.08078,85.02828955
Kraken:EURUSD,2023-05-20T06:17:00Z,1.08089,1.08095,1.08089,1.08095,2576.8376207
Kraken:EURUSD,2023-05-20T06:18:00Z,1.08072,1.08083,1.08066,1.08066,2645.40406333
Kraken:EURUSD,2023-05-20T06:19:00Z,1.08068,1.08068,1.08062,1.08062,1023.96230168
Kraken:EURUSD,2023-05-20T06:21:00Z,1.08078,1.08078,1.08078,1.08078,107.84442716
Kraken:EURUSD,2023-05-20T06:23:00Z,1.08084,1.08084,1.08084,1.08084,51.0462048
Kraken:EURUSD,2023-05-20T06:26:00Z,1.08067,1.08067,1.08067,1.08067,40.41708245
Kraken:EURUSD,2023-05-20T06:27:00Z,1.08067,1.08067,1.08067,1.08067,2.482
Kraken:EURUSD,2023-05-20T06:28:00Z,1.08078,1.08078,1.08078,1.08078,32.6181018
Kraken:EURUSD,2023-05-20T06:31:00Z,1.08068,1.08068,1.08068,1.08068,2.499
Kraken:EURUSD,2023-05-20T06:32:00Z,1.08068,1.08068,1.08068,1.08068,377.80499312
Kraken:EURUSD,2023-05-20T06:34:00Z,1.08069,1.08083,1.08069,1.08083,1013.53474154
Kraken:EURUSD,2023-05-20T06:35:00Z,1.08079,1.08079,1.08079,1.08079,251.583092
Kraken:EURUSD,2023-05-20T06:36:00Z,1.08071,1.08071,1.0807,1.0807,557.56521917
Kraken:EURUSD,2023-05-20T06:37:00Z,1.08069,1.08069,1.08067,1.08067,5.15522568
Kraken:EURUSD,2023-05-20T06:38:00Z,1.08073,1.08073,1.08073,1.08073,1999.99999994
Kraken:EURUSD,2023-05-20T06:39:00Z,1.08063,1.08063,1.08063,1.08063,23.0133
Kraken:EURUSD,2023-05-20T06:44:00Z,1.08069,1.08069,1.08066,1.08066,166.19708973
Kraken:EURUSD,2023-05-20T06:47:00Z,1.0807,1.08079,1.08069,1.08069,3678.39170777
Kraken:EURUSD,2023-05-20T06:48:00Z,1.08066,1.08066,1.08066,1.08066,5E+1
Kraken:EURUSD,2023-05-20T06:51:00Z,1.08068,1.08068,1.08068,1.08068,119.24316169
Kraken:EURUSD,2023-05-20T06:53:00Z,1.08063,1.08063,1.08063,1.08063,7.8826
Kraken:EURUSD,2023-05-20T06:55:00Z,1.08083,1.08083,1.08083,1.08083,4.92190871
Kraken:EURUSD,2023-05-20T06:58:00Z,1.08071,1.08071,1.08071,1.08071,4.38137512
Kraken:EURUSD,2023-05-20T06:59:00Z,1.08071,1.08078,1.08071,1.08075,1248.63763019
Kraken:EURUSD,2023-05-20T07:00:00Z,1.08062,1.08062,1.08062,1.08062,1.6
Kraken:EURUSD,2023-05-20T07:07:00Z,1.08076,1.08076,1.08076,1.08076,67.42146221
Kraken:EURUSD,2023-05-20T07:08:00Z,1.08081,1.08081,1.08064,1.08064,1136.99399926
Kraken:EURUSD,2023-05-20T07:12:00Z,1.08075,1.08075,1.08075,1.08075,132.13071916
Kraken:EURUSD,2023-05-20T07:14:00Z,1.08063,1.08063,1.08063,1.08063,8.9242668
Kraken:EURUSD,2023-05-20T07:15:00Z,1.08075,1.08075,1.08075,1.08075,2E+3
Kraken:EURUSD,2023-05-20T07:16:00Z,1.08063,1.08063,1.08063,1.08063,29.217753
Kraken:EURUSD,2023-05-20T07:17:00Z,1.08065,1.08065,1.08065,1.08065,9.8372
Kraken:EURUSD,2023-05-20T07:18:00Z,1.08067,1.08073,1.08067,1.08067,188.33820103
Kraken:EURUSD,2023-05-20T07:23:00Z,1.08073,1.08073,1.08068,1.08068,344.39426999
Kraken:EURUSD,2023-05-20T07:25:00Z,1.08068,1.08075,1.08068,1.08075,2063.82299516
Kraken:EURUSD,2023-05-20T07:29:00Z,1.08071,1.08071,1.08071,1.08071,119.08359248
Kraken:EURUSD,2023-05-20T07:32:00Z,1.08066,1.08066,1.08066,1.08066,148.24391306
Kraken:EURUSD,2023-05-20T07:35:00Z,1.0806,1.0806,1.0806,1.0806,73.8979
Kraken:EURUSD,2023-05-20T07:36:00Z,1.0806,1.0806,1.0806,1.0806,23.0726
Kraken:EURUSD,2023-05-20T07:37:00Z,1.08066,1.08066,1.0806,1.0806,155.92374377
Kraken:EURUSD,2023-05-20T07:38:00Z,1.08071,1.08071,1.0806,1.0806,1395.71543004
Kraken:EURUSD,2023-05-20T07:39:00Z,1.08061,1.08061,1.08061,1.08061,432.46085341
Kraken:EURUSD,2023-05-20T07:40:00Z,1.08052,1.08052,1.08051,1.08051,475.33722873
Kraken:EURUSD,2023-05-20T07:41:00Z,1.08053,1.08053,1.08053,1.08053,2E+3
Kraken:EURUSD,2023-05-20T07:43:00Z,1.08051,1.08051,1.08051,1.08051,7
Kraken:EURUSD,2023-05-20T07:45:00Z,1.08064,1.08067,1.08064,1.08066,6349.6585268
Kraken:EURUSD,2023-05-20T07:48:00Z,1.08058,1.08058,1.08058,1.08058,3.5
Kraken:EURUSD,2023-05-20T07:51:00Z,1.08057,1.08057,1.08054,1.08054,1154.26156551
Kraken:EURUSD,2023-05-20T07:52:00Z,1.08061,1.08061,1.08051,1.08051,113.64596687
Kraken:EURUSD,2023-05-20T07:54:00Z,1.08057,1.08057,1.0805,1.0805,837.50636869
Kraken:EURUSD,2023-05-20T07:55:00Z,1.08059,1.08062,1.08052,1.08062,656.27063229
Kraken:EURUSD,2023-05-20T07:56:00Z,1.08063,1.08063,1.08057,1.08057,363.32415513
Kraken:EURUSD,2023-05-20T07:57:00Z,1.08057,1.08057,1.08057,1.08057,460.34160305
Kraken:EURUSD,2023-05-20T07:58:00Z,1.08056,1.08057,1.08056,1.08057,352.96041784
Kraken:EURUSD,2023-05-20T07:59:00Z,1.08058,1.08061,1.08058,1.08061,1253.96054599
Kraken:EURUSD,2023-05-20T08:00:00Z,1.08059,1.08059,1.08042,1.08042,19423.584522
Kraken:EURUSD,2023-05-20T08:01:00Z,1.08053,1.08054,1.08036,1.08042,1986.59255222
Kraken:EURUSD,2023-05-20T08:02:00Z,1.08055,1.08055,1.08055,1.08055,708.16945074
Kraken:EURUSD,2023-05-20T08:03:00Z,1.08055,1.08055,1.08054,1.08054,187.18632161
Kraken:EURUSD,2023-05-20T08:04:00Z,1.08056,1.08056,1.08046,1.08046,335.69262274
Kraken:EURUSD,2023-05-20T08:05:00Z,1.08058,1.08058,1.08058,1.08058,13.41103851
Kraken:EURUSD,2023-05-20T08:06:00Z,1.08054,1.08057,1.08044,1.08057,1915.03966486
Kraken:EURUSD,2023-05-20T08:07:00Z,1.08059,1.08059,1.08057,1.08057,36.63881199
Kraken:EURUSD,2023-05-20T08:09:00Z,1.08058,1.08058,1.08058,1.08058,331.56388235
Kraken:EURUSD,2023-05-20T08:10:00Z,1.08045,1.08045,1.0804,1.0804,434.87386174
Kraken:EURUSD,2023-05-20T08:12:00Z,1.08046,1.08056,1.08046,1.08056,44.5043681
Kraken:EURUSD,2023-05-20T08:13:00Z,1.08051,1.08056,1.0804,1.08056,364.01909262
Kraken:EURUSD,2023-05-20T08:14:00Z,1.08057,1.08057,1.08047,1.08047,42.02708356
Kraken:EURUSD,2023-05-20T08:15:00Z,1.08057,1.08057,1.08057,1.08057,331.6569033
Kraken:EURUSD,2023-05-20T08:16:00Z,1.08057,1.08057,1.08055,1.08055,648.98402097
Kraken:EURUSD,2023-05-20T08:19:00Z,1.08042,1.08042,1.08042,1.08042,3.5
Kraken:EURUSD,2023-05-20T08:20:00Z,1.08038,1.08038,1.08038,1.08038,3.5
Kraken:EURUSD,2023-05-20T08:21:00Z,1.08047,1.08047,1.08041,1.08041,194.50937805
Kraken:EURUSD,2023-05-20T08:25:00Z,1.08054,1.08055,1.08054,1.08055,3412.2063003
Kraken:EURUSD,2023-05-20T08:28:00Z,1.08042,1.08042,1.08042,1.08042,1E+3
Kraken:EURUSD,2023-05-20T08:29:00Z,1.08041,1.08041,1.08041,1.08041,94.599
Kraken:EURUSD,2023-05-20T08:34:00Z,1.08055,1.08055,1.08055,1.08055,292.63416325
Kraken:EURUSD,2023-05-20T08:35:00Z,1.08059,1.0806,1.08044,1.08044,2541.96562535
Kraken:EURUSD,2023-05-20T08:36:00Z,1.08044,1.08044,1.08041,1.08041,4.5E+3
Kraken:EURUSD,2023-05-20T08:38:00Z,1.0804,1.0804,1.0804,1.0804,88.056
Kraken:EURUSD,2023-05-20T08:40:00Z,1.08054,1.08054,1.08039,1.08039,1032.11450252
Kraken:EURUSD,2023-05-20T08:42:00Z,1.08039,1.08039,1.08035,1.08035,121.67213268
Kraken:EURUSD,2023-05-20T08:44:00Z,1.08058,1.08058,1.08058,1.08058,2E+3
Kraken:EURUSD,2023-05-20T08:46:00Z,1.0804,1.0804,1.0804,1.0804,12.92443442
Kraken:EURUSD,2023-05-20T08:47:00Z,1.08054,1.08054,1.08042,1.08042,136.11387053
Kraken:EURUSD,2023-05-20T08:48:00Z,1.08042,1.08043,1.0804,1.08041,993.07025436
Kraken:EURUSD,2023-05-20T08:51:00Z,1.08043,1.08043,1.08041,1.08041,5.35
Kraken:EURUSD,2023-05-20T08:52:00Z,1.08056,1.08056,1.08047,1.08047,596.0937155
Kraken:EURUSD,2023-05-20T08:53:00Z,1.08047,1.08054,1.08047,1.08054,11579.11153705
Kraken:EURUSD,2023-05-20T08:54:00Z,1.08052,1.08052,1.08039,1.08041,416.28752698
Kraken:EURUSD,2023-05-20T08:56:00Z,1.08055,1.08055,1.08047,1.08054,389.20362299
Kraken:EURUSD,2023-05-20T08:57:00Z,1.0805,1.0805,1.08039,1.08039,251.64117455
Kraken:EURUSD,2023-05-20T08:58:00Z,1.08041,1.08049,1.08041,1.08044,366.46287352
Kraken:EURUSD,2023-05-20T09:00:00Z,1.08054,1.08055,1.08053,1.08053,3.2E+4
Kraken:EURUSD,2023-05-20T09:01:00Z,1.08044,1.08044,1.08044,1.08044,46.3638
Kraken:EURUSD,2023-05-20T09:04:00Z,1.08042,1.08043,1.08039,1.08039,10919.56000306
Kraken:EURUSD,2023-05-20T09:06:00Z,1.08043,1.08043,1.08043,1.08043,5.00000005
Kraken:EURUSD,2023-05-20T09:07:00Z,1.08045,1.08045,1.08045,1.08045,45.69605257
Kraken:EURUSD,2023-05-20T09:08:00Z,1.08039,1.08057,1.08039,1.08057,59.55704944
Kraken:EURUSD,2023-05-20T09:10:00Z,1.08049,1.08049,1.08049,1.08049,12.29618221
Kraken:EURUSD,2023-05-20T09:12:00Z,1.08051,1.08051,1.08051,1.08051,152.55025795
Kraken:EURUSD,2023-05-20T09:13:00Z,1.08047,1.08047,1.08047,1.08047,3.69650457
Kraken:EURUSD,2023-05-20T09:14:00Z,1.0805,1.08054,1.0805,1.08054,202.86361169
Kraken:EURUSD,2023-05-20T09:15:00Z,1.08041,1.08048,1.08041,1.08048,830.26229372
Kraken:EURUSD,2023-05-20T09:16:00Z,1.08035,1.08035,1.08035,1.08035,4.2
Kraken:EURUSD,2023-05-20T09:17:00Z,1.08045,1.08046,1.08045,1.08046,6478.7220258
Kraken:EURUSD,2023-05-20T09:20:00Z,1.08047,1.08047,1.08047,1.08047,14.28432992
Kraken:EURUSD,2023-05-20T09:21:00Z,1.08045,1.08045,1.08027,1.08027,4203.62080001
Kraken:EURUSD,2023-05-20T09:23:00Z,1.08026,1.08026,1.08026,1.08026,303.00685362
Kraken:EURUSD,2023-05-20T09:25:00Z,1.08031,1.08031,1.0803,1.0803,48.32649999
Kraken:EURUSD,2023-05-20T09:26:00Z,1.08045,1.0805,1.08045,1.0805,2395.98466897
Kraken:EURUSD,2023-05-20T09:27:00Z,1.08022,1.08022,1.08012,1.08012,18568.21350294
Kraken:EURUSD,2023-05-20T09:28:00Z,1.08025,1.08025,1.0802,1.0802,18013.72793332
Kraken:EURUSD,2023-05-20T09:29:00Z,1.08015,1.08015,1.08015,1.08015,50.54060744
Kraken:EURUSD,2023-05-20T09:32:00Z,1.08009,1.08021,1.08009,1.08021,180.14169973
Kraken:EURUSD,2023-05-20T09:33:00Z,1.0801,1.0801,1.08009,1.08009,48.5317339
Kraken:EURUSD,2023-05-20T09:34:00Z,1.08037,1.08037,1.08022,1.08025,96.76007287
Kraken:EURUSD,2023-05-20T09:35:00Z,1.08009,1.08009,1.08008,1.08008,45.8992
Kraken:EURUSD,2023-05-20T09:39:00Z,1.08003,1.08003,1.08002,1.08002,52.375
Kraken:EURUSD,2023-05-20T09:40:00Z,1.08001,1.08001,1.08001,1.08001,73.8927
Kraken:EURUSD,2023-05-20T09:41:00Z,1.0801,1.0801,1.0801,1.0801,19.67312636
Kraken:EURUSD,2023-05-20T09:44:00Z,1.08002,1.08002,1.08002,1.08002,2893.90807575
Kraken:EURUSD,2023-05-20T09:45:00Z,1.08007,1.08007,1.08003,1.08003,385.90853
Kraken:EURUSD,2023-05-20T09:46:00Z,1.08016,1.08016,1.08016,1.08016,5.69628573
Kraken:EURUSD,2023-05-20T09:48:00Z,1.08008,1.08008,1.08006,1.08006,291.5122989
Kraken:EURUSD,2023-05-20T09:51:00Z,1.0802,1.08026,1.0802,1.08026,1608.19804281
Kraken:EURUSD,2023-05-20T09:52:00Z,1.08023,1.08023,1.08023,1.08023,26.80873516
Kraken:EURUSD,2023-05-20T09:54:00Z,1.08026,1.08026,1.08026,1.08026,1.6
Kraken:EURUSD,2023-05-20T09:55:00Z,1.08026,1.08026,1.08026,1.08026,3.74067354
Kraken:EURUSD,2023-05-20T09:58:00Z,1.08008,1.08008,1.08008,1.08008,0.5
Kraken:EURUSD,2023-05-20T09:59:00Z,1.08022,1.08031,1.08022,1.08031,33.77161761
Kraken:EURUSD,2023-05-20T10:00:00Z,1.08031,1.08031,1.08009,1.08009,1168.90425797
Kraken:EURUSD,2023-05-20T10:01:00Z,1.08008,1.08008,1.08006,1.08006,1224.91506713
Kraken:EURUSD,2023-05-20T10:02:00Z,1.08018,1.08028,1.08018,1.08028,783.40683759
Kraken:EURUSD,2023-05-20T10:03:00Z,1.08023,1.08023,1.08023,1.08023,252.70076743
Kraken:EURUSD,2023-05-20T10:06:00Z,1.08016,1.08016,1.08016,1.08016,85.40493998
Kraken:EURUSD,2023-05-20T10:07:00Z,1.08012,1.08012,1.08012,1.08012,33.60441432
Kraken:EURUSD,2023-05-20T10:10:00Z,1.08012,1.08012,1.08012,1.08012,360.77972817
Kraken:EURUSD,2023-05-20T10:11:00Z,1.08016,1.08028,1.08016,1.08028,5237.92810421
Kraken:EURUSD,2023-05-20T10:12:00Z,1.08014,1.08014,1.08012,1.08012,71.90472288
Kraken:EURUSD,2023-05-20T10:14:00Z,1.08004,1.08004,1.08004,1.08004,16.4882952
Kraken:EURUSD,2023-05-20T10:16:00Z,1.08027,1.08028,1.08027,1.08028,438.62201741
Kraken:EURUSD,2023-05-20T10:20:00Z,1.08018,1.08018,1.08017,1.08017,2169.00948196
Kraken:EURUSD,2023-05-20T10:24:00Z,1.08027,1.08027,1.08027,1.08027,3.73452933
Kraken:EURUSD,2023-05-20T10:25:00Z,1.08026,1.08026,1.08025,1.08025,87.583025
Kraken:EURUSD,2023-05-20T10:26:00Z,1.08026,1.08026,1.08024,1.08024,281.90127612
Kraken:EURUSD,2023-05-20T10:29:00Z,1.08034,1.08034,1.08034,1.08034,907.85290017
Kraken:EURUSD,2023-05-20T10:31:00Z,1.08026,1.08026,1.08026,1.08026,47.1625
Kraken:EURUSD,2023-05-20T10:32:00Z,1.08025,1.08025,1.08025,1.08025,27.00337884
Kraken:EURUSD,2023-05-20T10:33:00Z,1.08041,1.08041,1.08027,1.08027,468.21
Kraken:EURUSD,2023-05-20T10:34:00Z,1.08026,1.08026,1.08026,1.08026,182.05006202
Kraken:EURUSD,2023-05-20T10:35:00Z,1.08031,1.08032,1.08026,1.0803,1102.19745113
Kraken:EURUSD,2023-05-20T10:36:00Z,1.08029,1.08033,1.08029,1.08033,21.16633834
Kraken:EURUSD,2023-05-20T10:37:00Z,1.08039,1.08039,1.08035,1.08035,163.035377
Kraken:EURUSD,2023-05-20T10:38:00Z,1.0804,1.0804,1.0804,1.0804,9.0909091
Kraken:EURUSD,2023-05-20T10:39:00Z,1.08034,1.08039,1.08027,1.08039,8647.50379016
Kraken:EURUSD,2023-05-20T10:40:00Z,1.08029,1.08029,1.08029,1.08029,1999.99999996
Kraken:EURUSD,2023-05-20T10:42:00Z,1.08028,1.08028,1.08028,1.08028,18.712
Kraken:EURUSD,2023-05-20T10:43:00Z,1.08029,1.08029,1.08029,1.08029,22.8070701
Kraken:EURUSD,2023-05-20T10:44:00Z,1.08035,1.08035,1.08035,1.08035,43.4411
Kraken:EURUSD,2023-05-20T10:47:00Z,1.08026,1.08026,1.08026,1.08026,120.33624767
Kraken:EURUSD,2023-05-20T10:48:00Z,1.08032,1.08032,1.08027,1.08027,2146.43629034
Kraken:EURUSD,2023-05-20T10:49:00Z,1.08027,1.08027,1.08027,1.08027,3.4528582
Kraken:EURUSD,2023-05-20T10:51:00Z,1.08035,1.08036,1.08035,1.08036,21.56589519
Kraken:EURUSD,2023-05-20T10:52:00Z,1.08035,1.08035,1.08035,1.08035,170.40348034
Kraken:EURUSD,2023-05-20T10:53:00Z,1.08029,1.08029,1.08029,1.08029,21.1379409
Kraken:EURUSD,2023-05-20T10:54:00Z,1.08028,1.08028,1.08028,1.08028,181.70270668
Kraken:EURUSD,2023-05-20T10:56:00Z,1.08028,1.08028,1.08028,1.08028,1.0111878
Kraken:EURUSD,2023-05-20T10:57:00Z,1.08029,1.08029,1.08029,1.08029,20.82802865
Kraken:EURUSD,2023-05-20T10:59:00Z,1.08039,1.0804,1.08039,1.0804,11738.60539381
Kraken:EURUSD,2023-05-20T11:00:00Z,1.08037,1.08037,1.08031,1.08031,52.36978997
Kraken:EURUSD,2023-05-20T11:01:00Z,1.08039,1.08039,1.08039,1.08039,279.11521358
Kraken:EURUSD,2023-05-20T11:04:00Z,1.08037,1.08037,1.08036,1.08036,178.33552283
Kraken:EURUSD,2023-05-20T11:05:00Z,1.08034,1.08039,1.08028,1.08037,1038.0054249
Kraken:EURUSD,2023-05-20T11:06:00Z,1.08039,1.08039,1.08039,1.08039,6.1886825
Kraken:EURUSD,2023-05-20T11:07:00Z,1.0803,1.0804,1.08029,1.08037,3095.49504269
Kraken:EURUSD,2023-05-20T11:08:00Z,1.08029,1.08039,1.08029,1.08039,518.22339158
Kraken:EURUSD,2023-05-20T11:09:00Z,1.08036,1.08036,1.08028,1.08029,824.57984964
Kraken:EURUSD,2023-05-20T11:10:00Z,1.08039,1.0804,1.08026,1.08028,48637.81277073
Kraken:EURUSD,2023-05-20T11:11:00Z,1.08034,1.08037,1.08027,1.08036,1028.2179498
Kraken:EURUSD,2023-05-20T11:12:00Z,1.08034,1.08037,1.08034,1.08037,114.29733437
Kraken:EURUSD,2023-05-20T11:13:00Z,1.08037,1.08037,1.08037,1.08037,13.06274702
Kraken:EURUSD,2023-05-20T11:14:00Z,1.08039,1.08039,1.08039,1.08039,461.10722291
Kraken:EURUSD,2023-05-20T11:15:00Z,1.08035,1.08035,1.08027,1.08027,1799.57329341
Kraken:EURUSD,2023-05-20T11:16:00Z,1.08039,1.0804,1.08039,1.0804,3146.01305476
Kraken:EURUSD,2023-05-20T11:17:00Z,1.08044,1.08045,1.08044,1.08045,373.46356083
Kraken:EURUSD,2023-05-20T11:20:00Z,1.08037,1.0804,1.08027,1.08027,2161.25443654
Kraken:EURUSD,2023-05-20T11:21:00Z,1.08039,1.08039,1.08038,1.08038,8.61787069
Kraken:EURUSD,2023-05-20T11:25:00Z,1.08039,1.0804,1.08039,1.0804,2120.82003632
Kraken:EURUSD,2023-05-20T11:26:00Z,1.08035,1.08035,1.08035,1.08035,4.575
Kraken:EURUSD,2023-05-20T11:27:00Z,1.08035,1.08036,1.0802,1.08022,54668.12445862
Kraken:EURUSD,2023-05-20T11:29:00Z,1.08033,1.08037,1.08033,1.08037,1369.54499735
Kraken:EURUSD,2023-05-20T11:30:00Z,1.08038,1.0804,1.08038,1.0804,265.54867475
Kraken:EURUSD,2023-05-20T11:31:00Z,1.0804,1.0804,1.0804,1.0804,438.40068493
Kraken:EURUSD,2023-05-20T11:32:00Z,1.08023,1.08037,1.08023,1.08037,1670.09080197
Kraken:EURUSD,2023-05-20T11:34:00Z,1.08038,1.0804,1.08027,1.0804,4490.50368097
Kraken:EURUSD,2023-05-20T11:35:00Z,1.0804,1.0804,1.08034,1.08034,111.49283958
Kraken:EURUSD,2023-05-20T11:36:00Z,1.08039,1.08039,1.08024,1.08028,466.90492387
Kraken:EURUSD,2023-05-20T11:38:00Z,1.08039,1.08039,1.08039,1.08039,3E+3
Kraken:EURUSD,2023-05-20T11:39:00Z,1.08026,1.08027,1.08026,1.08027,364.77114876
Kraken:EURUSD,2023-05-20T11:40:00Z,1.08035,1.08035,1.08035,1.08035,2327.25094178
Kraken:EURUSD,2023-05-20T11:41:00Z,1.08026,1.08037,1.08026,1.08037,185.23640233
Kraken:EURUSD,2023-05-20T11:42:00Z,1.08028,1.08028,1.08028,1.08028,193.7204856
Kraken:EURUSD,2023-05-20T11:43:00Z,1.08026,1.08028,1.08026,1.08028,135.48368033
Kraken:EURUSD,2023-05-20T11:45:00Z,1.08039,1.08039,1.08039,1.08039,149.41662848
Kraken:EURUSD,2023-05-20T11:46:00Z,1.0804,1.0804,1.0804,1.0804,999.98505138
Kraken:EURUSD,2023-05-20T11:49:00Z,1.08039,1.08039,1.08028,1.08028,95.91650836
Kraken:EURUSD,2023-05-20T11:51:00Z,1.08034,1.08034,1.08026,1.08026,796.5541637
Kraken:EURUSD,2023-05-20T11:52:00Z,1.08026,1.08028,1.08026,1.08028,1138.17191
Kraken:EURUSD,2023-05-20T11:53:00Z,1.08031,1.08032,1.08026,1.08026,634.37719504
Kraken:EURUSD,2023-05-20T11:55:00Z,1.08031,1.08031,1.0802,1.0802,12.70458672
Kraken:EURUSD,2023-05-20T11:57:00Z,1.08018,1.08018,1.08018,1.08018,2.25
Kraken:EURUSD,2023-05-20T11:58:00Z,1.08022,1.08022,1.08022,1.08022,3.75
Kraken:EURUSD,2023-05-20T11:59:00Z,1.08026,1.08026,1.08025,1.08025,231.65972983
Kraken:EURUSD,2023-05-20T12:00:00Z,1.0803,1.0803,1.08021,1.08021,53.92077305
Kraken:EURUSD,2023-05-20T12:01:00Z,1.08017,1.08017,1.08017,1.08017,3.7E+2
Kraken:EURUSD,2023-05-20T12:03:00Z,1.08019,1.08019,1.08019,1.08019,346.37793533
Kraken:EURUSD,2023-05-20T12:05:00Z,1.08023,1.08023,1.08023,1.08023,50.62918509
Kraken:EURUSD,2023-05-20T12:06:00Z,1.08026,1.08026,1.08016,1.08023,382.93119088
Kraken:EURUSD,2023-05-20T12:07:00Z,1.08025,1.08026,1.08015,1.08026,305.16690478
Kraken:EURUSD,2023-05-20T12:08:00Z,1.08021,1.08021,1.08021,1.08021,56.86147959
Kraken:EURUSD,2023-05-20T12:09:00Z,1.08023,1.08025,1.08023,1.08025,450.87095514
Kraken:EURUSD,2023-05-20T12:10:00Z,1.08022,1.08022,1.08021,1.08021,46.81706046
Kraken:EURUSD,2023-05-20T12:12:00Z,1.08023,1.08023,1.08022,1.08022,38.48901836
Kraken:EURUSD,2023-05-20T12:13:00Z,1.08022,1.08033,1.08022,1.08031,385.87913477
Kraken:EURUSD,2023-05-20T12:15:00Z,1.08024,1.08024,1.08015,1.08015,75.7831346
Kraken:EURUSD,2023-05-20T12:16:00Z,1.08026,1.08026,1.08013,1.08023,84.24085076
Kraken:EURUSD,2023-05-20T12:17:00Z,1.08024,1.0803,1.08023,1.08028,3058.77371268
Kraken:EURUSD,2023-05-20T12:20:00Z,1.08023,1.0803,1.08023,1.08028,3330.04224052
Kraken:EURUSD,2023-05-20T12:23:00Z,1.08024,1.08024,1.08024,1.08024,9.25710953
Kraken:EURUSD,2023-05-20T12:24:00Z,1.0802,1.0802,1.08014,1.08014,429.18907323
Kraken:EURUSD,2023-05-20T12:26:00Z,1.08014,1.08014,1.08009,1.08009,24.90963075
Kraken:EURUSD,2023-05-20T12:27:00Z,1.08014,1.08014,1.08014,1.08014,9.25796655
Kraken:EURUSD,2023-05-20T12:28:00Z,1.08014,1.08032,1.08014,1.08032,25008.842143
Kraken:EURUSD,2023-05-20T12:29:00Z,1.08029,1.08029,1.08028,1.08028,143.90504143
Kraken:EURUSD,2023-05-20T12:30:00Z,1.0803,1.08035,1.0803,1.08035,8462.16698122
Kraken:EURUSD,2023-05-20T12:33:00Z,1.08028,1.08032,1.08028,1.08028,2014.76
Kraken:EURUSD,2023-05-20T12:37:00Z,1.08032,1.08032,1.08032,1.08032,228.12083456
Kraken:EURUSD,2023-05-20T12:38:00Z,1.0803,1.0803,1.0803,1.0803,23.00788133
Kraken:EURUSD,2023-05-20T12:44:00Z,1.08019,1.08033,1.08006,1.08033,410.24678495
Kraken:EURUSD,2023-05-20T12:45:00Z,1.08017,1.08017,1.08017,1.08017,10.12500001
Kraken:EURUSD,2023-05-20T12:48:00Z,1.08027,1.08027,1.08027,1.08027,10.82442352
Kraken:EURUSD,2023-05-20T12:49:00Z,1.08031,1.08031,1.08031,1.08031,149.72475746
Kraken:EURUSD,2023-05-20T12:50:00Z,1.08018,1.08018,1.08018,1.08018,4018.03391014
Kraken:EURUSD,2023-05-20T12:52:00Z,1.08032,1.08032,1.08032,1.08032,434.8573464
Kraken:EURUSD,2023-05-20T12:53:00Z,1.08034,1.08039,1.08034,1.08039,358.46395838
Kraken:EURUSD,2023-05-20T12:54:00Z,1.0804,1.0804,1.0804,1.0804,20.46991854
Kraken:EURUSD,2023-05-20T12:55:00Z,1.0804,1.0804,1.0804,1.0804,146.46005056
Kraken:EURUSD,2023-05-20T12:56:00Z,1.08046,1.08047,1.08039,1.08039,258.30859704
Kraken:EURUSD,2023-05-20T12:59:00Z,1.08041,1.08041,1.08041,1.08041,133.58165267
Kraken:EURUSD,2023-05-20T13:00:00Z,1.08046,1.08046,1.08046,1.08046,21.89265815
Kraken:EURUSD,2023-05-20T13:01:00Z,1.0804,1.0804,1.0804,1.0804,152.37600484
Kraken:EURUSD,2023-05-20T13:03:00Z,1.08037,1.08037,1.08029,1.08029,396.20094909
Kraken:EURUSD,2023-05-20T13:04:00Z,1.08045,1.08045,1.08025,1.08044,2207.99380274
Kraken:EURUSD,2023-05-20T13:05:00Z,1.08026,1.08041,1.08021,1.08028,1081.63516036
Kraken:EURUSD,2023-05-20T13:06:00Z,1.08027,1.08038,1.08023,1.08023,981.27963926
Kraken:EURUSD,2023-05-20T13:07:00Z,1.08035,1.08035,1.08035,1.08035,61.03327625
Kraken:EURUSD,2023-05-20T13:09:00Z,1.08036,1.08036,1.08036,1.08036,32.07329038
Kraken:EURUSD,2023-05-20T13:10:00Z,1.08022,1.08037,1.08021,1.08021,736.52426116
Kraken:EURUSD,2023-05-20T13:11:00Z,1.08035,1.08037,1.08023,1.08027,499.39124085
Kraken:EURUSD,2023-05-20T13:12:00Z,1.08027,1.08027,1.08024,1.08027,432.1590001
Kraken:EURUSD,2023-05-20T13:13:00Z,1.08035,1.08035,1.08026,1.08027,833.76565885
Kraken:EURUSD,2023-05-20T13:14:00Z,1.08023,1.08038,1.08023,1.08036,205.89187541
Kraken:EURUSD,2023-05-20T13:15:00Z,1.08037,1.08037,1.08027,1.08027,393.04461436
Kraken:EURUSD,2023-05-20T13:16:00Z,1.08033,1.08033,1.08022,1.08033,363.8078381
Kraken:EURUSD,2023-05-20T13:17:00Z,1.08029,1.08029,1.08029,1.08029,32.17816047
Kraken:EURUSD,2023-05-20T13:18:00Z,1.08039,1.08039,1.08024,1.08024,485.49182899
Kraken:EURUSD,2023-05-20T13:20:00Z,1.08031,1.08031,1.08031,1.08031,77.30007166
Kraken:EURUSD,2023-05-20T13:23:00Z,1.08033,1.08033,1.08025,1.08025,81.47048775
Kraken:EURUSD,2023-05-20T13:25:00Z,1.08035,1.0804,1.08025,1.0804,386.20375812
Kraken:EURUSD,2023-05-20T13:27:00Z,1.08039,1.0804,1.08028,1.0804,1172.62093469
Kraken:EURUSD,2023-05-20T13:28:00Z,1.08032,1.08032,1.08027,1.08027,647.17287595
Kraken:EURUSD,2023-05-20T13:30:00Z,1.08031,1.08031,1.08031,1.08031,4.5
Kraken:EURUSD,2023-05-20T13:31:00Z,1.08035,1.08039,1.08035,1.08039,105.00000003
Kraken:EURUSD,2023-05-20T13:32:00Z,1.08027,1.08027,1.08027,1.08027,107.23964018
Kraken:EURUSD,2023-05-20T13:34:00Z,1.08034,1.08034,1.08027,1.08027,1053.85590331
Kraken:EURUSD,2023-05-20T13:37:00Z,1.08028,1.08028,1.08028,1.08028,9.24992164
Kraken:EURUSD,2023-05-20T13:39:00Z,1.08039,1.0804,1.08024,1.08032,7376.60151713
Kraken:EURUSD,2023-05-20T13:40:00Z,1.08038,1.08038,1.08038,1.08038,28.61872674
Kraken:EURUSD,2023-05-20T13:41:00Z,1.0804,1.0804,1.08039,1.08039,152.78359465
Kraken:EURUSD,2023-05-20T13:42:00Z,1.08031,1.08031,1.08031,1.08031,154.0798659
Kraken:EURUSD,2023-05-20T13:43:00Z,1.08039,1.08039,1.08039,1.08039,39.17603828
Kraken:EURUSD,2023-05-20T13:44:00Z,1.08031,1.08031,1.08031,1.08031,68.8155
Kraken:EURUSD,2023-05-20T13:45:00Z,1.08039,1.08039,1.08039,1.08039,210.85787957
Kraken:EURUSD,2023-05-20T13:46:00Z,1.0803,1.0803,1.0803,1.0803,429.51004635
Kraken:EURUSD,2023-05-20T13:48:00Z,1.08039,1.08039,1.08039,1.08039,28.01229185
Kraken:EURUSD,2023-05-20T13:49:00Z,1.08039,1.08039,1.0803,1.0803,976.52206641
Kraken:EURUSD,2023-05-20T13:51:00Z,1.08039,1.08039,1.08039,1.08039,68.41771097
Kraken:EURUSD,2023-05-20T13:52:00Z,1.0804,1.0804,1.08038,1.08038,327.75756059
Kraken:EURUSD,2023-05-20T13:53:00Z,1.08039,1.08039,1.08039,1.08039,86.69087695
Kraken:EURUSD,2023-05-20T13:54:00Z,1.08038,1.0804,1.08038,1.0804,205.77081053
Kraken:EURUSD,2023-05-20T13:55:00Z,1.08022,1.08033,1.08022,1.08033,10.8558
Kraken:EURUSD,2023-05-20T14:00:00Z,1.0803,1.0803,1.08024,1.08026,137.3888
Kraken:EURUSD,2023-05-20T14:01:00Z,1.08023,1.08025,1.08023,1.08025,486.73220892
Kraken:EURUSD,2023-05-20T14:02:00Z,1.0802,1.0802,1.08019,1.08019,3227.09303832
Kraken:EURUSD,2023-05-20T14:03:00Z,1.08021,1.08021,1.08021,1.08021,2E+3
Kraken:EURUSD,2023-05-20T14:05:00Z,1.08027,1.08027,1.08015,1.08015,11059.74848341
Kraken:EURUSD,2023-05-20T14:06:00Z,1.08023,1.08029,1.08018,1.08018,17625.20633783
Kraken:EURUSD,2023-05-20T14:13:00Z,1.08034,1.08034,1.08024,1.08024,1012.49998884
Kraken:EURUSD,2023-05-20T14:16:00Z,1.08036,1.08036,1.08036,1.08036,116.95823103
Kraken:EURUSD,2023-05-20T14:18:00Z,1.08034,1.08034,1.08029,1.08029,138.686
Kraken:EURUSD,2023-05-20T14:21:00Z,1.0802,1.0802,1.0802,1.0802,7.58
Kraken:EURUSD,2023-05-20T14:22:00Z,1.08038,1.08038,1.08037,1.08037,261.10339122
Kraken:EURUSD,2023-05-20T14:23:00Z,1.08028,1.08028,1.08028,1.08028,129.64725643
Kraken:EURUSD,2023-05-20T14:24:00Z,1.08034,1.08034,1.08022,1.08022,272.72828605
Kraken:EURUSD,2023-05-20T14:26:00Z,1.08026,1.08034,1.08019,1.08026,5963.06775567
Kraken:EURUSD,2023-05-20T14:27:00Z,1.08024,1.08025,1.08024,1.08025,32.1825
Kraken:EURUSD,2023-05-20T14:28:00Z,1.08035,1.08036,1.08035,1.08036,3E+3
Kraken:EURUSD,2023-05-20T14:29:00Z,1.08021,1.08021,1.08021,1.08021,3.5
Kraken:EURUSD,2023-05-20T14:30:00Z,1.08035,1.08035,1.08035,1.08035,28.64831394
Kraken:EURUSD,2023-05-20T14:31:00Z,1.08022,1.08022,1.08019,1.08019,1932.41863374
Kraken:EURUSD,2023-05-20T14:32:00Z,1.08037,1.08037,1.08035,1.08037,4998.26187731
Kraken:EURUSD,2023-05-20T14:33:00Z,1.08037,1.08038,1.08037,1.08037,2999.84005522
Kraken:EURUSD,2023-05-20T14:34:00Z,1.08031,1.08031,1.08028,1.08028,4061.7700788
Kraken:EURUSD,2023-05-20T14:35:00Z,1.08039,1.08039,1.0803,1.0803,546.41035515
Kraken:EURUSD,2023-05-20T14:36:00Z,1.08025,1.08027,1.08023,1.08023,661.53225245
Kraken:EURUSD,2023-05-20T14:37:00Z,1.08024,1.08024,1.08022,1.08022,64.32935273
Kraken:EURUSD,2023-05-20T14:38:00Z,1.0802,1.08037,1.08019,1.08025,434.11582836
Kraken:EURUSD,2023-05-20T14:39:00Z,1.08023,1.08037,1.08023,1.08037,1081.88783652
Kraken:EURUSD,2023-05-20T14:41:00Z,1.08035,1.08035,1.08035,1.08035,23.37939741
Kraken:EURUSD,2023-05-20T14:43:00Z,1.08031,1.08031,1.0802,1.0802,253.98319493
Kraken:EURUSD,2023-05-20T14:44:00Z,1.08023,1.08023,1.08023,1.08023,177.7571735
Kraken:EURUSD,2023-05-20T14:45:00Z,1.08022,1.08022,1.08022,1.08022,13.59260952
Kraken:EURUSD,2023-05-20T14:46:00Z,1.08023,1.08028,1.08023,1.08027,898.92166715
Kraken:EURUSD,2023-05-20T14:47:00Z,1.08029,1.08035,1.08027,1.08035,1151.00979835
Kraken:EURUSD,2023-05-20T14:48:00Z,1.08037,1.08037,1.08032,1.08036,3529.85021321
Kraken:EURUSD,2023-05-20T14:49:00Z,1.08036,1.0804,1.08027,1.08029,6268.09057508
Kraken:EURUSD,2023-05-20T14:50:00Z,1.0804,1.0804,1.08028,1.08029,803.78755637
Kraken:EURUSD,2023-05-20T14:51:00Z,1.0804,1.0804,1.08027,1.08027,5911.97465707
Kraken:EURUSD,2023-05-20T14:52:00Z,1.08028,1.08028,1.08014,1.08018,4277.84664635
Kraken:EURUSD,2023-05-20T14:53:00Z,1.08039,1.0804,1.08027,1.0804,1559.64592703
Kraken:EURUSD,2023-05-20T14:54:00Z,1.08029,1.08032,1.08027,1.08031,367.17275134
Kraken:EURUSD,2023-05-20T14:55:00Z,1.0804,1.0804,1.0804,1.0804,1933.54538518
Kraken:EURUSD,2023-05-20T14:59:00Z,1.08039,1.08042,1.08027,1.08027,6423.2524689
Kraken:EURUSD,2023-05-20T15:00:00Z,1.08036,1.08036,1.08036,1.08036,566.45030401
Kraken:EURUSD,2023-05-20T15:01:00Z,1.08036,1.08036,1.08035,1.08036,1040.22075839
Kraken:EURUSD,2023-05-20T15:03:00Z,1.08035,1.08035,1.08028,1.08032,440.08412448
Kraken:EURUSD,2023-05-20T15:04:00Z,1.08031,1.08031,1.08031,1.08031,6.0553386
Kraken:EURUSD,2023-05-20T15:05:00Z,1.08033,1.08033,1.08033,1.08033,49.32195851
Kraken:EURUSD,2023-05-20T15:07:00Z,1.0803,1.0803,1.08029,1.08029,279.7166237
Kraken:EURUSD,2023-05-20T15:08:00Z,1.0803,1.08033,1.0803,1.0803,708.21359428
Kraken:EURUSD,2023-05-20T15:09:00Z,1.08028,1.08033,1.08027,1.08033,106.72847481
Kraken:EURUSD,2023-05-20T15:10:00Z,1.08028,1.08028,1.08028,1.08028,7
Kraken:EURUSD,2023-05-20T15:11:00Z,1.08033,1.08033,1.08033,1.08033,382.30663614
Kraken:EURUSD,2023-05-20T15:12:00Z,1.08034,1.08047,1.08034,1.08034,1270.69127715
Kraken:EURUSD,2023-05-20T15:13:00Z,1.08043,1.08043,1.08043,1.08043,46.16246491
Kraken:EURUSD,2023-05-20T15:14:00Z,1.08027,1.08041,1.08026,1.08038,1158.23855726
Kraken:EURUSD,2023-05-20T15:15:00Z,1.08042,1.08042,1.0803,1.08038,7861.4755254
Kraken:EURUSD,2023-05-20T15:16:00Z,1.08026,1.08041,1.08025,1.08026,848.12172713
Kraken:EURUSD,2023-05-20T15:17:00Z,1.08041,1.08041,1.08034,1.08037,4630.14626275
Kraken:EURUSD,2023-05-20T15:18:00Z,1.08027,1.08027,1.08026,1.08026,2019.26533917
Kraken:EURUSD,2023-05-20T15:19:00Z,1.08034,1.08034,1.08034,1.08034,984.59745022
Kraken:EURUSD,2023-05-20T15:20:00Z,1.08049,1.0805,1.08048,1.08048,136.43603521
Kraken:EURUSD,2023-05-20T15:22:00Z,1.08033,1.08033,1.08032,1.08032,49.2280871
Kraken:EURUSD,2023-05-20T15:23:00Z,1.08035,1.08048,1.08034,1.08048,269.35942503
Kraken:EURUSD,2023-05-20T15:24:00Z,1.08037,1.08054,1.08037,1.08037,1984.1568362
Kraken:EURUSD,2023-05-20T15:25:00Z,1.08036,1.08036,1.08036,1.08036,0.5
Kraken:EURUSD,2023-05-20T15:26:00Z,1.08032,1.08032,1.08031,1.08031,125.70925592
Kraken:EURUSD,2023-05-20T15:27:00Z,1.08037,1.08037,1.08037,1.08037,128.01498144
Kraken:EURUSD,2023-05-20T15:29:00Z,1.08037,1.08037,1.08037,1.08037,18.38739214
Kraken:EURUSD,2023-05-20T15:30:00Z,1.08037,1.08037,1.08037,1.08037,431.41623054
Kraken:EURUSD,2023-05-20T15:31:00Z,1.08037,1.08037,1.08032,1.08032,766.60257886
Kraken:EURUSD,2023-05-20T15:32:00Z,1.08033,1.08033,1.08032,1.08032,19.61058068
Kraken:EURUSD,2023-05-20T15:33:00Z,1.08039,1.08039,1.08038,1.08038,44.11394115
Kraken:EURUSD,2023-05-20T15:34:00Z,1.08045,1.08045,1.08045,1.08045,249.02847615
Kraken:EURUSD,2023-05-20T15:35:00Z,1.08038,1.08046,1.08031,1.08031,1146.12880055
Kraken:EURUSD,2023-05-20T15:36:00Z,1.08037,1.08037,1.08037,1.08037,6.47405257
Kraken:EURUSD,2023-05-20T15:37:00Z,1.08036,1.08047,1.08033,1.08045,1121.30477754
Kraken:EURUSD,2023-05-20T15:38:00Z,1.08036,1.08045,1.08035,1.08035,1430.94733099
Kraken:EURUSD,2023-05-20T15:39:00Z,1.08036,1.08048,1.08035,1.08048,18540.84711658
Kraken:EURUSD,2023-05-20T15:40:00Z,1.08046,1.08049,1.08045,1.08049,1173.75222229
Kraken:EURUSD,2023-05-20T15:42:00Z,1.0805,1.0805,1.08046,1.08047,299.15463619
Kraken:EURUSD,2023-05-20T15:43:00Z,1.08045,1.08045,1.08044,1.08044,237.27897555
Kraken:EURUSD,2023-05-20T15:44:00Z,1.08048,1.08052,1.08044,1.08052,2743.0210204
Kraken:EURUSD,2023-05-20T15:45:00Z,1.08053,1.08053,1.08045,1.08046,1110.84896185
Kraken:EURUSD,2023-05-20T15:47:00Z,1.08046,1.08054,1.08045,1.08047,161.61282772
Kraken:EURUSD,2023-05-20T15:48:00Z,1.08048,1.08048,1.08046,1.08046,1741.92096024
Kraken:EURUSD,2023-05-20T15:49:00Z,1.08046,1.08047,1.08045,1.08045,194.3714604
Kraken:EURUSD,2023-05-20T15:51:00Z,1.08046,1.08046,1.08045,1.08045,47.90532307
Kraken:EURUSD,2023-05-20T15:52:00Z,1.08047,1.08047,1.08037,1.08037,8187.05179965
Kraken:EURUSD,2023-05-20T15:53:00Z,1.08031,1.08037,1.0803,1.08036,451.14539692
Kraken:EURUSD,2023-05-20T15:54:00Z,1.08036,1.0804,1.08031,1.08032,15840.39453398
Kraken:EURUSD,2023-05-20T15:55:00Z,1.08047,1.08047,1.08035,1.08035,2660.22004286
Kraken:EURUSD,2023-05-20T15:56:00Z,1.08035,1.08045,1.08033,1.08045,31367.17
Kraken:EURUSD,2023-05-20T15:58:00Z,1.08044,1.08044,1.08044,1.08044,3.43026914
Kraken:EURUSD,2023-05-20T16:00:00Z,1.08027,1.08027,1.08026,1.08026,7.9873679
Kraken:EURUSD,2023-05-20T16:03:00Z,1.08036,1.08044,1.08035,1.08044,1343.87537211
Kraken:EURUSD,2023-05-20T16:04:00Z,1.08045,1.08047,1.08045,1.08047,8001.1434327
Kraken:EURUSD,2023-05-20T16:05:00Z,1.08048,1.08048,1.08048,1.08048,44.46504808
Kraken:EURUSD,2023-05-20T16:06:00Z,1.08039,1.08039,1.08037,1.08037,201.35809382
Kraken:EURUSD,2023-05-20T16:07:00Z,1.08039,1.08039,1.08038,1.08038,128.30417623
Kraken:EURUSD,2023-05-20T16:08:00Z,1.08033,1.08033,1.0803,1.0803,1043.31294256
Kraken:EURUSD,2023-05-20T16:10:00Z,1.08039,1.08039,1.08039,1.08039,58.95509434
Kraken:EURUSD,2023-05-20T16:12:00Z,1.08039,1.08039,1.08024,1.08026,9629.31465699
Kraken:EURUSD,2023-05-20T16:13:00Z,1.08023,1.08023,1.08022,1.08022,750.62203218
Kraken:EURUSD,2023-05-20T16:15:00Z,1.08026,1.08026,1.08025,1.08025,228.64934266
Kraken:EURUSD,2023-05-20T16:19:00Z,1.0804,1.0804,1.08038,1.08038,2E+3
Kraken:EURUSD,2023-05-20T16:24:00Z,1.08046,1.08046,1.08039,1.08044,2039.98997295
Kraken:EURUSD,2023-05-20T16:25:00Z,1.08034,1.08034,1.08034,1.08034,3.69900147
Kraken:EURUSD,2023-05-20T16:27:00Z,1.08049,1.08049,1.08049,1.08049,82.63926551
Kraken:EURUSD,2023-05-20T16:29:00Z,1.08023,1.08023,1.08022,1.08022,66.04214397
Kraken:EURUSD,2023-05-20T16:32:00Z,1.08035,1.08035,1.08035,1.08035,4.44750449
Kraken:EURUSD,2023-05-20T16:33:00Z,1.0804,1.08042,1.0804,1.0804,249.09825483
Kraken:EURUSD,2023-05-20T16:34:00Z,1.08042,1.08044,1.08036,1.08044,3748.38657776
Kraken:EURUSD,2023-05-20T16:35:00Z,1.08044,1.08045,1.08044,1.08044,4050.60896937
Kraken:EURUSD,2023-05-20T16:36:00Z,1.08042,1.08043,1.08042,1.08043,58.8461
Kraken:EURUSD,2023-05-20T16:37:00Z,1.08043,1.08043,1.08031,1.08042,524.26427769
Kraken:EURUSD,2023-05-20T16:38:00Z,1.08042,1.08045,1.08041,1.08045,284.34256927
Kraken:EURUSD,2023-05-20T16:39:00Z,1.08044,1.08044,1.08044,1.08044,67.27491136
Kraken:EURUSD,2023-05-20T16:40:00Z,1.08039,1.08039,1.08039,1.08039,41.8055
Kraken:EURUSD,2023-05-20T16:41:00Z,1.08045,1.08045,1.08045,1.08045,13.67467259
Kraken:EURUSD,2023-05-20T16:42:00Z,1.08045,1.08045,1.08045,1.08045,48.83132027
Kraken:EURUSD,2023-05-20T16:43:00Z,1.0804,1.0804,1.08039,1.08039,1187.002571
Kraken:EURUSD,2023-05-20T16:44:00Z,1.08039,1.08039,1.08037,1.08039,1555.93349705
Kraken:EURUSD,2023-05-20T16:45:00Z,1.08045,1.08045,1.08045,1.08045,45.46780224
Kraken:EURUSD,2023-05-20T16:46:00Z,1.08041,1.08041,1.0804,1.0804,2383.2194466
Kraken:EURUSD,2023-05-20T16:51:00Z,1.08042,1.08042,1.08041,1.08041,140.11076623
Kraken:EURUSD,2023-05-20T16:52:00Z,1.08042,1.08042,1.08042,1.08042,144.09127931
Kraken:EURUSD,2023-05-20T16:53:00Z,1.08044,1.08044,1.08035,1.08035,1201.74585155
Kraken:EURUSD,2023-05-20T16:54:00Z,1.08037,1.08037,1.08037,1.08037,249.19242224
Kraken:EURUSD,2023-05-20T16:55:00Z,1.08035,1.08035,1.08035,1.08035,975.37043316
Kraken:EURUSD,2023-05-20T16:56:00Z,1.08029,1.08029,1.08029,1.08029,19.2807
Kraken:EURUSD,2023-05-20T16:57:00Z,1.08031,1.08031,1.08031,1.08031,2.465
Kraken:EURUSD,2023-05-20T16:59:00Z,1.08031,1.08031,1.08031,1.08031,70.47421573
Kraken:EURUSD,2023-05-20T17:00:00Z,1.08034,1.08034,1.0803,1.0803,71.41010704
Kraken:EURUSD,2023-05-20T17:01:00Z,1.08031,1.08037,1.0803,1.0803,8630.71845196
Kraken:EURUSD,2023-05-20T17:02:00Z,1.08033,1.08038,1.08033,1.08035,567.57363336
Kraken:EURUSD,2023-05-20T17:03:00Z,1.08029,1.08033,1.08029,1.08033,3724.3681056
Kraken:EURUSD,2023-05-20T17:04:00Z,1.08036,1.08036,1.08036,1.08036,12.00211038
Kraken:EURUSD,2023-05-20T17:06:00Z,1.08035,1.08035,1.08029,1.08029,368.4767431
Kraken:EURUSD,2023-05-20T17:07:00Z,1.08029,1.0803,1.08029,1.0803,574.85653764
Kraken:EURUSD,2023-05-20T17:08:00Z,1.08037,1.08037,1.08029,1.08029,29.90317008
Kraken:EURUSD,2023-05-20T17:09:00Z,1.08037,1.08038,1.08035,1.08038,837.91462067
Kraken:EURUSD,2023-05-20T17:10:00Z,1.08036,1.08036,1.08029,1.08029,24.0223444
Kraken:EURUSD,2023-05-20T17:11:00Z,1.0803,1.08036,1.0803,1.08036,51.89621977
Kraken:EURUSD,2023-05-20T17:13:00Z,1.0803,1.08031,1.0803,1.08031,1035.59818087
Kraken:EURUSD,2023-05-20T17:16:00Z,1.08029,1.08029,1.08029,1.08029,2990.54882187
Kraken:EURUSD,2023-05-20T17:17:00Z,1.08034,1.08035,1.08034,1.08035,523.59454035
Kraken:EURUSD,2023-05-20T17:18:00Z,1.0803,1.0803,1.0803,1.0803,9.21078
Kraken:EURUSD,2023-05-20T17:19:00Z,1.08039,1.08039,1.08039,1.08039,102.93228258
Kraken:EURUSD,2023-05-20T17:25:00Z,1.08034,1.08042,1.08034,1.08042,576.12025413
Kraken:EURUSD,2023-05-20T17:27:00Z,1.0804,1.0804,1.08033,1.08034,156.81665063
Kraken:EURUSD,2023-05-20T17:28:00Z,1.08034,1.08041,1.08034,1.08041,1058.10037411
Kraken:EURUSD,2023-05-20T17:31:00Z,1.08034,1.08034,1.08034,1.08034,36.62476626
Kraken:EURUSD,2023-05-20T17:32:00Z,1.08034,1.08034,1.08034,1.08034,7.9571
Kraken:EURUSD,2023-05-20T17:34:00Z,1.08036,1.08036,1.08032,1.08032,1093.94294422
Kraken:EURUSD,2023-05-20T17:35:00Z,1.08034,1.08043,1.08033,1.08042,4855.25178336
Kraken:EURUSD,2023-05-20T17:36:00Z,1.08031,1.08039,1.08031,1.08039,660.5906782
Kraken:EURUSD,2023-05-20T17:37:00Z,1.08033,1.08044,1.08033,1.08044,6126.8891171
Kraken:EURUSD,2023-05-20T17:38:00Z,1.08043,1.08043,1.08043,1.08043,10274.65503113
Kraken:EURUSD,2023-05-20T17:39:00Z,1.08037,1.08037,1.08037,1.08037,67.5983
Kraken:EURUSD,2023-05-20T17:40:00Z,1.08034,1.08036,1.08034,1.08036,510.86716834
Kraken:EURUSD,2023-05-20T17:42:00Z,1.08044,1.08045,1.0804,1.08043,9028.39057834
Kraken:EURUSD,2023-05-20T17:43:00Z,1.08038,1.08054,1.08038,1.08053,24017.85649389
Kraken:EURUSD,2023-05-20T17:44:00Z,1.08037,1.08063,1.08037,1.08059,73865.49927564
Kraken:EURUSD,2023-05-20T17:45:00Z,1.08044,1.08049,1.08039,1.08045,25769.12309768
Kraken:EURUSD,2023-05-20T17:46:00Z,1.08051,1.08072,1.08043,1.08052,32965.8133806
Kraken:EURUSD,2023-05-20T17:47:00Z,1.08052,1.08054,1.08043,1.08043,7530.74537673
Kraken:EURUSD,2023-05-20T17:48:00Z,1.08048,1.08064,1.0804,1.08046,2389.52747244
Kraken:EURUSD,2023-05-20T17:49:00Z,1.08053,1.08065,1.08044,1.08044,5188.92542538
Kraken:EURUSD,2023-05-20T17:50:00Z,1.08064,1.08065,1.08046,1.0806,30852.95066868
Kraken:EURUSD,2023-05-20T17:52:00Z,1.08046,1.08046,1.08044,1.08044,2E+3
Kraken:EURUSD,2023-05-20T17:53:00Z,1.08055,1.0806,1.08055,1.08059,1631.3379735
Kraken:EURUSD,2023-05-20T17:54:00Z,1.0807,1.0807,1.0807,1.0807,57.65824
Kraken:EURUSD,2023-05-20T17:56:00Z,1.08067,1.08074,1.08058,1.08074,12341.97186915
Kraken:EURUSD,2023-05-20T17:57:00Z,1.08054,1.08064,1.08053,1.08063,4760.05266951
Kraken:EURUSD,2023-05-20T17:58:00Z,1.08074,1.08074,1.08074,1.08074,25.32736828
Kraken:EURUSD,2023-05-20T17:59:00Z,1.08055,1.08127,1.08039,1.08089,213021.4362187201
Kraken:EURUSD,2023-05-20T18:00:00Z,1.08104,1.08129,1.08086,1.08101,168508.12544145
Kraken:EURUSD,2023-05-20T18:01:00Z,1.08087,1.08102,1.08087,1.08102,118.17693687
Kraken:EURUSD,2023-05-20T18:02:00Z,1.08098,1.08122,1.08098,1.08105,6108.74107497
Kraken:EURUSD,2023-05-20T18:03:00Z,1.08105,1.08121,1.08089,1.08105,13063.33165951
Kraken:EURUSD,2023-05-20T18:04:00Z,1.08093,1.08105,1.08093,1.08105,9848.60820803
Kraken:EURUSD,2023-05-20T18:05:00Z,1.08096,1.08105,1.08095,1.08105,1907.5917826
Kraken:EURUSD,2023-05-20T18:06:00Z,1.08105,1.08105,1.08091,1.08101,2371.56515593
Kraken:EURUSD,2023-05-20T18:07:00Z,1.08096,1.08106,1.08095,1.08105,14543.56256184
Kraken:EURUSD,2023-05-20T18:08:00Z,1.08105,1.08122,1.08099,1.08105,3068.13714894
Kraken:EURUSD,2023-05-20T18:09:00Z,1.081,1.0811,1.08099,1.0811,384.54647109
Kraken:EURUSD,2023-05-20T18:10:00Z,1.08104,1.08111,1.081,1.08104,2039.26244004
Kraken:EURUSD,2023-05-20T18:11:00Z,1.08104,1.08104,1.081,1.08102,1142.08218225
Kraken:EURUSD,2023-05-20T18:12:00Z,1.08105,1.08105,1.08105,1.08105,5511.22710066
Kraken:EURUSD,2023-05-20T18:13:00Z,1.08102,1.08102,1.08101,1.08101,93.57619807
Kraken:EURUSD,2023-05-20T18:14:00Z,1.081,1.08113,1.08099,1.08105,171.50049218
Kraken:EURUSD,2023-05-20T18:15:00Z,1.08111,1.08113,1.081,1.08113,3193.59503955
Kraken:EURUSD,2023-05-20T18:16:00Z,1.08097,1.081,1.08093,1.08094,103521.20051644
Kraken:EURUSD,2023-05-20T18:17:00Z,1.08076,1.08086,1.08076,1.08085,101.60557869
Kraken:EURUSD,2023-05-20T18:19:00Z,1.08078,1.08079,1.08077,1.08078,2563.97038022
Kraken:EURUSD,2023-05-20T18:20:00Z,1.0809,1.0809,1.08088,1.08088,172.42046199
Kraken:EURUSD,2023-05-20T18:21:00Z,1.08081,1.08081,1.08081,1.08081,183.40927881
Kraken:EURUSD,2023-05-20T18:22:00Z,1.08071,1.08072,1.08071,1.08072,8.48437839
Kraken:EURUSD,2023-05-20T18:23:00Z,1.08091,1.08091,1.08091,1.08091,3.74823065
Kraken:EURUSD,2023-05-20T18:25:00Z,1.08067,1.08072,1.08066,1.08071,88.99419779
Kraken:EURUSD,2023-05-20T18:26:00Z,1.08089,1.08089,1.08088,1.08088,4E+3
Kraken:EURUSD,2023-05-20T18:28:00Z,1.08076,1.08076,1.08075,1.08075,50.9310785
Kraken:EURUSD,2023-05-20T18:29:00Z,1.0809,1.0809,1.0809,1.0809,3.85391803
Kraken:EURUSD,2023-05-20T18:30:00Z,1.0809,1.0809,1.0809,1.0809,9.0680101
Kraken:EURUSD,2023-05-20T18:31:00Z,1.08071,1.0809,1.0807,1.08087,3094.67348929
Kraken:EURUSD,2023-05-20T18:33:00Z,1.08069,1.08069,1.08068,1.08069,791.728988
Kraken:EURUSD,2023-05-20T18:34:00Z,1.08072,1.08072,1.08071,1.08071,91.4889181
Kraken:EURUSD,2023-05-20T18:36:00Z,1.08069,1.08069,1.08067,1.08067,56.23834223
Kraken:EURUSD,2023-05-20T18:37:00Z,1.08087,1.08088,1.08087,1.08088,103.55233624
Kraken:EURUSD,2023-05-20T18:38:00Z,1.08079,1.08079,1.08079,1.08079,196.0733155
Kraken:EURUSD,2023-05-20T18:39:00Z,1.08075,1.08075,1.08064,1.08064,1867.70347752
Kraken:EURUSD,2023-05-20T18:41:00Z,1.08079,1.08079,1.08079,1.08079,13.33401859
Kraken:EURUSD,2023-05-20T18:42:00Z,1.08085,1.08085,1.08063,1.08064,2224.31031459
Kraken:EURUSD,2023-05-20T18:43:00Z,1.0808,1.0808,1.0808,1.0808,43.45301628
Kraken:EURUSD,2023-05-20T18:44:00Z,1.08065,1.08065,1.08063,1.08063,310.7688
Kraken:EURUSD,2023-05-20T18:45:00Z,1.08062,1.08074,1.08061,1.08074,779.65739877
Kraken:EURUSD,2023-05-20T18:46:00Z,1.08067,1.08067,1.08067,1.08067,24.2144618
Kraken:EURUSD,2023-05-20T18:47:00Z,1.08072,1.08073,1.08072,1.08073,23.01835561
Kraken:EURUSD,2023-05-20T18:50:00Z,1.08065,1.08065,1.08062,1.08062,2180.09222
Kraken:EURUSD,2023-05-20T18:52:00Z,1.08064,1.08071,1.08061,1.08061,889.7196099
Kraken:EURUSD,2023-05-20T18:53:00Z,1.08065,1.08065,1.08062,1.08062,959.11575282
Kraken:EURUSD,2023-05-20T18:54:00Z,1.08065,1.08065,1.0806,1.0806,10704.2424903
Kraken:EURUSD,2023-05-20T18:57:00Z,1.08062,1.08062,1.08062,1.08062,1401.9746899
Kraken:EURUSD,2023-05-20T18:58:00Z,1.08064,1.08064,1.0806,1.0806,3676.22856
Kraken:EURUSD,2023-05-20T19:02:00Z,1.08081,1.08081,1.08061,1.08062,7596.08860661
Kraken:EURUSD,2023-05-20T19:03:00Z,1.0808,1.08085,1.08062,1.08064,4075.04332416
Kraken:EURUSD,2023-05-20T19:04:00Z,1.08064,1.08084,1.08064,1.08084,2047.63031581
Kraken:EURUSD,2023-05-20T19:05:00Z,1.08082,1.08092,1.08082,1.08089,19757.2322811
Kraken:EURUSD,2023-05-20T19:06:00Z,1.0809,1.0809,1.08079,1.08085,2159.8593452
Kraken:EURUSD,2023-05-20T19:07:00Z,1.08085,1.08085,1.08079,1.08079,6063.51448112
Kraken:EURUSD,2023-05-20T19:08:00Z,1.08079,1.0811,1.08079,1.0811,22496.94235271
Kraken:EURUSD,2023-05-20T19:09:00Z,1.08098,1.08098,1.08098,1.08098,584.68644
Kraken:EURUSD,2023-05-20T19:10:00Z,1.08088,1.081,1.08086,1.081,1617.43096238
Kraken:EURUSD,2023-05-20T19:11:00Z,1.08099,1.08108,1.08094,1.08098,4382.39452981
Kraken:EURUSD,2023-05-20T19:12:00Z,1.08088,1.08125,1.08087,1.08094,83287.5098154
Kraken:EURUSD,2023-05-20T19:13:00Z,1.08084,1.08097,1.08071,1.08071,23128.09726732
Kraken:EURUSD,2023-05-20T19:14:00Z,1.081,1.081,1.08092,1.08092,791.4985652
Kraken:EURUSD,2023-05-20T19:15:00Z,1.08108,1.08111,1.08108,1.08111,178.91254699
Kraken:EURUSD,2023-05-20T19:16:00Z,1.08108,1.08108,1.08071,1.08071,7706.81020178
Kraken:EURUSD,2023-05-20T19:18:00Z,1.08104,1.08107,1.08098,1.081,1552.95080625
Kraken:EURUSD,2023-05-20T19:20:00Z,1.08096,1.08106,1.08091,1.08106,27.08554658
Kraken:EURUSD,2023-05-20T19:21:00Z,1.08112,1.08112,1.08112,1.08112,15.0691875
Kraken:EURUSD,2023-05-20T19:22:00Z,1.08109,1.08113,1.08109,1.08109,332.03406549
Kraken:EURUSD,2023-05-20T19:23:00Z,1.08108,1.08108,1.08108,1.08108,51.08
Kraken:EURUSD,2023-05-20T19:24:00Z,1.08106,1.08106,1.08094,1.08094,1377.35745391
Kraken:EURUSD,2023-05-20T19:25:00Z,1.08099,1.08099,1.08083,1.08083,5656.6955002
Kraken:EURUSD,2023-05-20T19:26:00Z,1.08105,1.08105,1.08104,1.08104,2999.99858626
Kraken:EURUSD,2023-05-20T19:27:00Z,1.08102,1.08103,1.08102,1.08103,146.4655713
Kraken:EURUSD,2023-05-20T19:29:00Z,1.08104,1.08104,1.08096,1.08096,13.99382855
Kraken:EURUSD,2023-05-20T19:31:00Z,1.08101,1.08101,1.08101,1.08101,183.48009774
Kraken:EURUSD,2023-05-20T19:32:00Z,1.08106,1.08106,1.08106,1.08106,27.09895842
Kraken:EURUSD,2023-05-20T19:35:00Z,1.08104,1.08104,1.0809,1.0809,77.49813512
Kraken:EURUSD,2023-05-20T19:36:00Z,1.08096,1.08096,1.08096,1.08096,123
Kraken:EURUSD,2023-05-20T19:40:00Z,1.08102,1.08102,1.08102,1.08102,245.14426254
Kraken:EURUSD,2023-05-20T19:41:00Z,1.08082,1.08093,1.08082,1.08093,276.17082001
Kraken:EURUSD,2023-05-20T19:42:00Z,1.08096,1.08096,1.08096,1.08096,2.5358015
Kraken:EURUSD,2023-05-20T19:44:00Z,1.08085,1.08086,1.08085,1.08085,2348.0924679
Kraken:EURUSD,2023-05-20T19:45:00Z,1.08079,1.08096,1.08079,1.08086,230.36028526
Kraken:EURUSD,2023-05-20T19:46:00Z,1.08086,1.08086,1.08086,1.08086,10.4518
Kraken:EURUSD,2023-05-20T19:48:00Z,1.081,1.081,1.081,1.081,107.28451335
Kraken:EURUSD,2023-05-20T19:49:00Z,1.08095,1.08095,1.08082,1.08082,1883.03265524
Kraken:EURUSD,2023-05-20T19:50:00Z,1.08099,1.08099,1.08099,1.08099,150.66128042
Kraken:EURUSD,2023-05-20T19:51:00Z,1.081,1.081,1.081,1.081,199.82478073
Kraken:EURUSD,2023-05-20T19:52:00Z,1.08101,1.08101,1.08101,1.08101,292.31886248
Kraken:EURUSD,2023-05-20T19:53:00Z,1.08079,1.08095,1.08079,1.08095,5.87698674
Kraken:EURUSD,2023-05-20T19:54:00Z,1.08095,1.08095,1.08095,1.08095,53.4687
Kraken:EURUSD,2023-05-20T19:55:00Z,1.08096,1.08096,1.08083,1.08083,761.3324001
Kraken:EURUSD,2023-05-20T19:56:00Z,1.08102,1.08102,1.08086,1.08086,411.57884482
Kraken:EURUSD,2023-05-20T19:57:00Z,1.08102,1.08102,1.08102,1.08102,180.95344364
Kraken:EURUSD,2023-05-20T19:59:00Z,1.081,1.081,1.081,1.081,11.7266
Kraken:EURUSD,2023-05-20T20:00:00Z,1.08101,1.08101,1.08101,1.08101,274.50660741
Kraken:EURUSD,2023-05-20T20:03:00Z,1.08101,1.08101,1.081,1.081,1167.1948053
Kraken:EURUSD,2023-05-20T20:04:00Z,1.081,1.08109,1.08094,1.08109,254.81935336
Kraken:EURUSD,2023-05-20T20:05:00Z,1.08096,1.08096,1.08086,1.08087,285.7626829
Kraken:EURUSD,2023-05-20T20:06:00Z,1.08099,1.08102,1.08091,1.08091,513.15476754
Kraken:EURUSD,2023-05-20T20:07:00Z,1.08098,1.08098,1.08098,1.08098,2.26461174
Kraken:EURUSD,2023-05-20T20:08:00Z,1.08099,1.08099,1.08099,1.08099,279.03962409
Kraken:EURUSD,2023-05-20T20:09:00Z,1.08081,1.08089,1.08081,1.08089,180.41869
Kraken:EURUSD,2023-05-20T20:10:00Z,1.08099,1.08105,1.08082,1.08096,4690.39720653
Kraken:EURUSD,2023-05-20T20:12:00Z,1.08106,1.08106,1.08106,1.08106,133.33996314
Kraken:EURUSD,2023-05-20T20:14:00Z,1.08106,1.08106,1.08106,1.08106,172.17602352
Kraken:EURUSD,2023-05-20T20:15:00Z,1.08101,1.08102,1.08101,1.08102,197.91575809
Kraken:EURUSD,2023-05-20T20:16:00Z,1.08105,1.08109,1.08105,1.08109,1112.14584261
Kraken:EURUSD,2023-05-20T20:17:00Z,1.08098,1.08098,1.08098,1.08098,3.7997964
Kraken:EURUSD,2023-05-20T20:18:00Z,1.08105,1.0811,1.08105,1.0811,1306.52939243
Kraken:EURUSD,2023-05-20T20:19:00Z,1.08105,1.08105,1.08105,1.08105,168.1669673
Kraken:EURUSD,2023-05-20T20:20:00Z,1.08105,1.08105,1.08105,1.08105,758.42567715
Kraken:EURUSD,2023-05-20T20:21:00Z,1.08102,1.08106,1.08101,1.08105,893.8474558
Kraken:EURUSD,2023-05-20T20:22:00Z,1.08113,1.08113,1.08113,1.08113,200.87668252
Kraken:EURUSD,2023-05-20T20:26:00Z,1.08099,1.08099,1.08098,1.08098,962.30218928
Kraken:EURUSD,2023-05-20T20:27:00Z,1.08103,1.08103,1.08103,1.08103,1
Kraken:EURUSD,2023-05-20T20:30:00Z,1.0811,1.0811,1.0811,1.0811,84.53454811
Kraken:EURUSD,2023-05-20T20:32:00Z,1.08117,1.08117,1.08117,1.08117,4.34815986
Kraken:EURUSD,2023-05-20T20:33:00Z,1.08106,1.08108,1.08105,1.08106,176.34049339
Kraken:EURUSD,2023-05-20T20:34:00Z,1.08109,1.08109,1.08109,1.08109,77.80897056
Kraken:EURUSD,2023-05-20T20:35:00Z,1.0811,1.0811,1.0811,1.0811,158.9155835
Kraken:EURUSD,2023-05-20T20:37:00Z,1.081,1.081,1.081,1.081,28.84310823
Kraken:EURUSD,2023-05-20T20:38:00Z,1.08106,1.08112,1.08106,1.08112,77.71701593
Kraken:EURUSD,2023-05-20T20:40:00Z,1.08103,1.08103,1.08103,1.08103,8.8778133
Kraken:EURUSD,2023-05-20T20:41:00Z,1.08109,1.08109,1.08109,1.08109,243.6060301
Kraken:EURUSD,2023-05-20T20:43:00Z,1.08097,1.08097,1.08097,1.08097,3.325
Kraken:EURUSD,2023-05-20T20:44:00Z,1.08095,1.081,1.08093,1.081,997.04182958
Kraken:EURUSD,2023-05-20T20:45:00Z,1.081,1.081,1.081,1.081,91.0353
Kraken:EURUSD,2023-05-20T20:47:00Z,1.08114,1.08114,1.08099,1.08099,2.01E+3
Kraken:EURUSD,2023-05-20T20:50:00Z,1.08109,1.08109,1.08109,1.08109,113.57516508
Kraken:EURUSD,2023-05-20T20:53:00Z,1.08115,1.08121,1.08115,1.08121,4624.47154409
Kraken:EURUSD,2023-05-20T20:54:00Z,1.08102,1.08102,1.08102,1.08102,929.89480561
Kraken:EURUSD,2023-05-20T20:55:00Z,1.08106,1.08106,1.08106,1.08106,17.40754444
Kraken:EURUSD,2023-05-20T20:56:00Z,1.081,1.081,1.081,1.081,61.91944895
Kraken:EURUSD,2023-05-20T20:57:00Z,1.08104,1.08112,1.08103,1.08112,1164.60933223
Kraken:EURUSD,2023-05-20T20:58:00Z,1.08099,1.08099,1.08099,1.08099,888.87341
Kraken:EURUSD,2023-05-20T20:59:00Z,1.081,1.081,1.081,1.081,100.154394
Kraken:EURUSD,2023-05-20T21:00:00Z,1.08101,1.08101,1.08101,1.08101,1685.86404474
Kraken:EURUSD,2023-05-20T21:01:00Z,1.08099,1.081,1.0808,1.08081,51040.87763704
Kraken:EURUSD,2023-05-20T21:02:00Z,1.08098,1.08099,1.0808,1.0808,10181.56000385
Kraken:EURUSD,2023-05-20T21:03:00Z,1.0809,1.0809,1.0808,1.0809,606.88188677
Kraken:EURUSD,2023-05-20T21:05:00Z,1.08082,1.08082,1.08079,1.08079,32418.7549831
Kraken:EURUSD,2023-05-20T21:06:00Z,1.0808,1.08091,1.08074,1.08074,3221.98273027
Kraken:EURUSD,2023-05-20T21:08:00Z,1.08095,1.08095,1.08072,1.08094,1676.91103757
Kraken:EURUSD,2023-05-20T21:09:00Z,1.08092,1.08092,1.08075,1.08076,449.73951
Kraken:EURUSD,2023-05-20T21:10:00Z,1.08088,1.0809,1.08088,1.08088,154.02224854
Kraken:EURUSD,2023-05-20T21:11:00Z,1.0809,1.0809,1.0809,1.0809,433.13026181
Kraken:EURUSD,2023-05-20T21:13:00Z,1.08087,1.08087,1.08087,1.08087,6.1285224
Kraken:EURUSD,2023-05-20T21:14:00Z,1.08078,1.08078,1.08078,1.08078,36.675
Kraken:EURUSD,2023-05-20T21:15:00Z,1.08092,1.08092,1.0809,1.0809,144.66561561
Kraken:EURUSD,2023-05-20T21:17:00Z,1.08091,1.08091,1.08085,1.08085,358.93240304
Kraken:EURUSD,2023-05-20T21:18:00Z,1.08087,1.08087,1.08087,1.08087,429.24014127
Kraken:EURUSD,2023-05-20T21:20:00Z,1.08092,1.08092,1.08092,1.08092,23.42125226
Kraken:EURUSD,2023-05-20T21:21:00Z,1.08092,1.08093,1.08077,1.08077,315.64260145
Kraken:EURUSD,2023-05-20T21:22:00Z,1.0809,1.0809,1.0809,1.0809,104.49986122
Kraken:EURUSD,2023-05-20T21:24:00Z,1.08082,1.08082,1.08082,1.08082,91.6188
Kraken:EURUSD,2023-05-20T21:25:00Z,1.08089,1.08089,1.08078,1.08079,2204.02201411
Kraken:EURUSD,2023-05-20T21:26:00Z,1.08091,1.08091,1.08091,1.08091,92.99938487
Kraken:EURUSD,2023-05-20T21:27:00Z,1.081,1.08126,1.08097,1.08126,68155.7267597
Kraken:EURUSD,2023-05-20T21:29:00Z,1.08102,1.08102,1.08091,1.08091,551.95647266
Kraken:EURUSD,2023-05-20T21:30:00Z,1.08103,1.08103,1.08103,1.08103,5E+1
Kraken:EURUSD,2023-05-20T21:31:00Z,1.0809,1.0809,1.0809,1.0809,37.5
Kraken:EURUSD,2023-05-20T21:34:00Z,1.08111,1.08111,1.08092,1.08092,554.314589
Kraken:EURUSD,2023-05-20T21:36:00Z,1.081,1.081,1.081,1.081,48.24375577
Kraken:EURUSD,2023-05-20T21:38:00Z,1.08092,1.08092,1.08092,1.08092,6.2226
Kraken:EURUSD,2023-05-20T21:39:00Z,1.08112,1.08114,1.08091,1.08114,35639.31432067
Kraken:EURUSD,2023-05-20T21:40:00Z,1.08097,1.08097,1.08097,1.08097,169.37027469
Kraken:EURUSD,2023-05-20T21:41:00Z,1.0809,1.0809,1.0809,1.0809,677.85
Kraken:EURUSD,2023-05-20T21:42:00Z,1.0809,1.0809,1.0809,1.0809,0.5
Kraken:EURUSD,2023-05-20T21:43:00Z,1.08097,1.081,1.08081,1.08081,1132.8885477
Kraken:EURUSD,2023-05-20T21:49:00Z,1.08084,1.08101,1.08084,1.08101,69.7011491
Kraken:EURUSD,2023-05-20T21:59:00Z,1.08085,1.08085,1.08085,1.08085,94.9516533
Kraken:EURUSD,2023-05-20T22:00:00Z,1.08084,1.08093,1.08084,1.08093,669.10174565
Kraken:EURUSD,2023-05-20T22:01:00Z,1.08094,1.08094,1.08094,1.08094,226.60858418
Kraken:EURUSD,2023-05-20T22:02:00Z,1.08105,1.08105,1.08105,1.08105,3.22131261
Kraken:EURUSD,2023-05-20T22:03:00Z,1.08089,1.08089,1.08081,1.08081,99.95584239
Kraken:EURUSD,2023-05-20T22:05:00Z,1.08091,1.08091,1.0808,1.0808,19647.89180179
Kraken:EURUSD,2023-05-20T22:06:00Z,1.08089,1.08089,1.08089,1.08089,207.46505194
Kraken:EURUSD,2023-05-20T22:08:00Z,1.08087,1.08087,1.08087,1.08087,6.64011398
Kraken:EURUSD,2023-05-20T22:09:00Z,1.08078,1.08078,1.08078,1.08078,14.1056
Kraken:EURUSD,2023-05-20T22:11:00Z,1.08078,1.08078,1.08078,1.08078,63.4693671
Kraken:EURUSD,2023-05-20T22:15:00Z,1.08085,1.08091,1.08085,1.08091,95.4588
Kraken:EURUSD,2023-05-20T22:16:00Z,1.08095,1.08095,1.08095,1.08095,216.60655501
Kraken:EURUSD,2023-05-20T22:18:00Z,1.08087,1.08087,1.08068,1.08068,136.59860473
Kraken:EURUSD,2023-05-20T22:21:00Z,1.08081,1.08083,1.0808,1.08083,3093.43161711
Kraken:EURUSD,2023-05-20T22:22:00Z,1.08075,1.08075,1.08074,1.08074,668.95743333
Kraken:EURUSD,2023-05-20T22:24:00Z,1.08075,1.08075,1.08075,1.08075,83.61363855
Kraken:EURUSD,2023-05-20T22:26:00Z,1.08074,1.08074,1.08074,1.08074,150.2341
Kraken:EURUSD,2023-05-20T22:27:00Z,1.08074,1.08074,1.08074,1.08074,999.99999999
Kraken:EURUSD,2023-05-20T22:28:00Z,1.08086,1.08086,1.08086,1.08086,158.43216972
Kraken:EURUSD,2023-05-20T22:29:00Z,1.08074,1.08074,1.08074,1.08074,1703.06438181
Kraken:EURUSD,2023-05-20T22:30:00Z,1.08074,1.08074,1.08074,1.08074,429.33545533
Kraken:EURUSD,2023-05-20T22:32:00Z,1.08079,1.08079,1.08079,1.08079,8.09093348
Kraken:EURUSD,2023-05-20T22:34:00Z,1.08074,1.08079,1.08074,1.08079,563.71805435
Kraken:EURUSD,2023-05-20T22:38:00Z,1.08065,1.08091,1.08065,1.08091,4016.41872055
Kraken:EURUSD,2023-05-20T22:39:00Z,1.08085,1.08085,1.08085,1.08085,29.70868736
Kraken:EURUSD,2023-05-20T22:42:00Z,1.08071,1.08071,1.08071,1.08071,358.09789
Kraken:EURUSD,2023-05-20T22:44:00Z,1.08089,1.08089,1.08087,1.08087,1000.90138713
Kraken:EURUSD,2023-05-20T22:45:00Z,1.08086,1.08086,1.08086,1.08086,11.5326
Kraken:EURUSD,2023-05-20T22:46:00Z,1.08086,1.0809,1.08086,1.0809,348.46598078
Kraken:EURUSD,2023-05-20T22:47:00Z,1.08089,1.08089,1.08079,1.08088,1433.39935603
Kraken:EURUSD,2023-05-20T22:49:00Z,1.08067,1.08067,1.08066,1.08066,95.97
Kraken:EURUSD,2023-05-20T22:52:00Z,1.08089,1.08089,1.08089,1.08089,133.65183403
Kraken:EURUSD,2023-05-20T22:53:00Z,1.08088,1.08088,1.08088,1.08088,4.26961222
Kraken:EURUSD,2023-05-20T22:55:00Z,1.08085,1.08085,1.08085,1.08085,126.83045749
Kraken:EURUSD,2023-05-20T22:57:00Z,1.08083,1.08083,1.08079,1.08079,1512.2346992
Kraken:EURUSD,2023-05-20T23:05:00Z,1.08069,1.08069,1.08069,1.08069,0.5
Kraken:EURUSD,2023-05-20T23:07:00Z,1.08071,1.08071,1.08071,1.08071,2558.55032997
Kraken:EURUSD,2023-05-20T23:14:00Z,1.0808,1.0808,1.08077,1.08077,43.17639678
Kraken:EURUSD,2023-05-20T23:15:00Z,1.08066,1.08066,1.08065,1.08066,7405.94059238
Kraken:EURUSD,2023-05-20T23:20:00Z,1.08076,1.08076,1.08065,1.08065,125.71612499
Kraken:EURUSD,2023-05-20T23:24:00Z,1.08078,1.08078,1.08077,1.08077,142.08980808
Kraken:EURUSD,2023-05-20T23:26:00Z,1.08069,1.08069,1.08069,1.08069,2998.99999917
Kraken:EURUSD,2023-05-20T23:31:00Z,1.08078,1.08078,1.08078,1.08078,50.1068
Kraken:EURUSD,2023-05-20T23:33:00Z,1.08075,1.08077,1.08075,1.08077,370.14249701
Kraken:EURUSD,2023-05-20T23:36:00Z,1.08075,1.08075,1.08075,1.08075,8.6471442
Kraken:EURUSD,2023-05-20T23:37:00Z,1.08081,1.08086,1.08057,1.08057,234.512107
Kraken:EURUSD,2023-05-20T23:42:00Z,1.08078,1.08078,1.08078,1.08078,2939.46726
Kraken:EURUSD,2023-05-20T23:43:00Z,1.08073,1.08073,1.08073,1.08073,44.3506
Kraken:EURUSD,2023-05-20T23:44:00Z,1.08072,1.08072,1.08072,1.08072,104.17882456
Kraken:EURUSD,2023-05-20T23:46:00Z,1.08074,1.08074,1.08074,1.08074,9.2546
Kraken:EURUSD,2023-05-20T23:47:00Z,1.08078,1.08078,1.08078,1.08078,212.95840791
Kraken:EURUSD,2023-05-20T23:48:00Z,1.08074,1.08078,1.08074,1.08078,30.68223682
Kraken:EURUSD,2023-05-20T23:49:00Z,1.08075,1.08078,1.08075,1.08078,184.49963726
Kraken:EURUSD,2023-05-20T23:52:00Z,1.08072,1.08072,1.08072,1.08072,118.31081425
Kraken:EURUSD,2023-05-20T23:56:00Z,1.08079,1.08079,1.08079,1.08079,751.45302038
Kraken:EURUSD,2023-05-20T23:57:00Z,1.08079,1.08083,1.08077,1.08081,32910.64985
