Kraken:LTCUSD,2022-09-19T00:00:00Z,52.66,52.7,52.66,52.7,0.18937938
Kraken:LTCUSD,2022-09-19T00:01:00Z,52.7,52.81,52.7,52.81,0.69026003
Kraken:LTCUSD,2022-09-19T00:02:00Z,52.81,52.84,52.81,52.84,0.67654
Kraken:LTCUSD,2022-09-19T00:03:00Z,52.84,52.84,52.84,52.84,4.90487944
Kraken:LTCUSD,2022-09-19T00:04:00Z,52.86,52.89,52.86,52.89,1.58764576
Kraken:LTCUSD,2022-09-19T00:05:00Z,52.89,52.89,52.89,52.89,2.74612038
Kraken:LTCUSD,2022-09-19T00:08:00Z,52.84,52.84,52.83,52.83,18.95066183
Kraken:LTCUSD,2022-09-19T00:11:00Z,52.8,52.84,52.8,52.84,189.24862231
Kraken:LTCUSD,2022-09-19T00:12:00Z,52.8,52.8,52.8,52.8,42.886
Kraken:LTCUSD,2022-09-19T00:15:00Z,52.84,52.84,52.84,52.84,0.51738379
Kraken:LTCUSD,2022-09-19T00:16:00Z,52.87,52.87,52.87,52.87,1.2320212
Kraken:LTCUSD,2022-09-19T00:20:00Z,52.92,53.1,52.92,53.1,89.50252589
Kraken:LTCUSD,2022-09-19T00:21:00Z,53.1,53.16,53.1,53.16,0.75414332
Kraken:LTCUSD,2022-09-19T00:22:00Z,53.21,53.21,53.21,53.21,0.15812793
Kraken:LTCUSD,2022-09-19T00:24:00Z,53.19,53.19,53.19,53.19,0.3974287
Kraken:LTCUSD,2022-09-19T00:25:00Z,53.12,53.12,53.12,53.12,7.79138246
Kraken:LTCUSD,2022-09-19T00:27:00Z,53.21,53.21,53.21,53.21,0.19587
Kraken:LTCUSD,2022-09-19T00:28:00Z,53.2,53.23,53.15,53.23,3.85802858
Kraken:LTCUSD,2022-09-19T00:29:00Z,53.24,53.24,53.24,53.24,0.5515393
Kraken:LTCUSD,2022-09-19T00:31:00Z,53.32,53.35,53.32,53.35,42.82233609
Kraken:LTCUSD,2022-09-19T00:32:00Z,53.35,53.35,53.34,53.35,48.43276228
Kraken:LTCUSD,2022-09-19T00:33:00Z,53.36,53.38,53.36,53.38,36.83333362
Kraken:LTCUSD,2022-09-19T00:34:00Z,53.4,53.42,53.4,53.42,1.1545267
Kraken:LTCUSD,2022-09-19T00:38:00Z,53.4,53.44,53.4,53.44,2.08371018
Kraken:LTCUSD,2022-09-19T00:39:00Z,53.43,53.43,53.43,53.43,4.43229897
Kraken:LTCUSD,2022-09-19T00:40:00Z,53.45,53.46,53.45,53.46,4.69732791
Kraken:LTCUSD,2022-09-19T00:42:00Z,53.46,53.49,53.46,53.49,1.28700345
Kraken:LTCUSD,2022-09-19T00:45:00Z,53.48,53.59,53.48,53.59,18.12349084
Kraken:LTCUSD,2022-09-19T00:46:00Z,53.59,53.66,53.59,53.66,0.62024086
Kraken:LTCUSD,2022-09-19T00:47:00Z,53.69,53.69,53.69,53.69,0.66153665
Kraken:LTCUSD,2022-09-19T00:48:00Z,53.69,53.7,53.69,53.69,4.12956555
Kraken:LTCUSD,2022-09-19T00:50:00Z,53.6,53.6,53.6,53.6,1.44681438
Kraken:LTCUSD,2022-09-19T00:51:00Z,53.57,53.69,53.57,53.69,1.17618289
Kraken:LTCUSD,2022-09-19T00:52:00Z,53.69,53.7,53.69,53.7,0.35632493
Kraken:LTCUSD,2022-09-19T00:55:00Z,53.61,53.61,53.61,53.61,4.41741716
Kraken:LTCUSD,2022-09-19T00:57:00Z,53.65,53.67,53.63,53.63,8.57966044
Kraken:LTCUSD,2022-09-19T00:58:00Z,53.62,53.64,53.62,53.64,58.21086447
Kraken:LTCUSD,2022-09-19T01:01:00Z,53.63,53.63,53.63,53.63,0.14437605
Kraken:LTCUSD,2022-09-19T01:04:00Z,53.6,53.6,53.6,53.6,0.3567241
Kraken:LTCUSD,2022-09-19T01:05:00Z,53.6,53.6,53.6,53.6,0.16887844
Kraken:LTCUSD,2022-09-19T01:07:00Z,53.61,53.61,53.61,53.61,10.40555659
Kraken:LTCUSD,2022-09-19T01:08:00Z,53.58,53.58,53.58,53.58,4.58889
Kraken:LTCUSD,2022-09-19T01:11:00Z,53.64,53.64,53.63,53.64,15.8493192
Kraken:LTCUSD,2022-09-19T01:14:00Z,53.61,53.61,53.61,53.61,1.29258042
Kraken:LTCUSD,2022-09-19T01:16:00Z,53.6,53.6,53.6,53.6,0.35698529
Kraken:LTCUSD,2022-09-19T01:19:00Z,53.54,53.55,53.54,53.55,4.5441303
Kraken:LTCUSD,2022-09-19T01:22:00Z,53.57,53.6,53.57,53.6,5.40805548
Kraken:LTCUSD,2022-09-19T01:24:00Z,53.49,53.49,53.48,53.48,3.4417348
Kraken:LTCUSD,2022-09-19T01:26:00Z,53.45,53.45,53.45,53.45,0.38440244
Kraken:LTCUSD,2022-09-19T01:27:00Z,53.45,53.45,53.45,53.45,0.60770381
Kraken:LTCUSD,2022-09-19T01:29:00Z,53.45,53.45,53.45,53.45,0.841514
Kraken:LTCUSD,2022-09-19T01:30:00Z,53.39,53.39,53.39,53.39,1.09953235
Kraken:LTCUSD,2022-09-19T01:31:00Z,53.36,53.36,53.36,53.36,31.22188906
Kraken:LTCUSD,2022-09-19T01:32:00Z,53.26,53.26,53.14,53.14,8.51318341
Kraken:LTCUSD,2022-09-19T01:33:00Z,53.2,53.2,53.2,53.2,0.02171745
Kraken:LTCUSD,2022-09-19T01:34:00Z,53.13,53.13,53.13,53.13,0.09410879
Kraken:LTCUSD,2022-09-19T01:40:00Z,53.14,53.14,53.14,53.14,1.42663889
Kraken:LTCUSD,2022-09-19T01:42:00Z,53.17,53.23,53.17,53.23,71.83296923
Kraken:LTCUSD,2022-09-19T01:43:00Z,53.23,53.23,53.23,53.23,13.01447
Kraken:LTCUSD,2022-09-19T01:45:00Z,53.28,53.28,53.28,53.28,5.21359565
Kraken:LTCUSD,2022-09-19T01:46:00Z,53.29,53.31,53.29,53.31,3.66121755
Kraken:LTCUSD,2022-09-19T01:50:00Z,53.33,53.33,53.27,53.27,8.61884383
Kraken:LTCUSD,2022-09-19T01:54:00Z,53.28,53.28,53.28,53.28,1.70792207
Kraken:LTCUSD,2022-09-19T01:55:00Z,53.25,53.25,53.25,53.25,1.30154309
Kraken:LTCUSD,2022-09-19T02:00:00Z,53.28,53.28,53.27,53.27,10.58991943
Kraken:LTCUSD,2022-09-19T02:05:00Z,53.27,53.27,53.18,53.18,15.06543962
Kraken:LTCUSD,2022-09-19T02:06:00Z,53.25,53.25,53.25,53.25,0.844
Kraken:LTCUSD,2022-09-19T02:14:00Z,53.06,53.11,53.06,53.11,1.04088242
Kraken:LTCUSD,2022-09-19T02:16:00Z,53.02,53.02,52.43,52.43,417.25953984
Kraken:LTCUSD,2022-09-19T02:17:00Z,52.33,52.33,51.71,51.88,482.92883652
Kraken:LTCUSD,2022-09-19T02:18:00Z,52.03,52.47,52.03,52.38,218.60297211
Kraken:LTCUSD,2022-09-19T02:19:00Z,52.14,52.14,52.14,52.14,0.48584478
Kraken:LTCUSD,2022-09-19T02:20:00Z,52.14,52.15,52.14,52.15,23.21979077
Kraken:LTCUSD,2022-09-19T02:22:00Z,52.18,52.18,52.18,52.18,16.82
Kraken:LTCUSD,2022-09-19T02:23:00Z,52.18,52.18,52.18,52.18,0.009
Kraken:LTCUSD,2022-09-19T02:26:00Z,52.08,52.17,52.08,52.17,2.78705923
Kraken:LTCUSD,2022-09-19T02:28:00Z,52.1,52.17,52.1,52.17,0.41698033
Kraken:LTCUSD,2022-09-19T02:29:00Z,52.21,52.23,52.21,52.23,20.25667088
Kraken:LTCUSD,2022-09-19T02:31:00Z,52.14,52.14,52.14,52.14,0.09589567
Kraken:LTCUSD,2022-09-19T02:32:00Z,52.18,52.24,52.18,52.24,50.75004419
Kraken:LTCUSD,2022-09-19T02:33:00Z,52.27,52.3,52.27,52.3,38.40281562
Kraken:LTCUSD,2022-09-19T02:35:00Z,52.13,52.15,52.13,52.15,0.55907193
Kraken:LTCUSD,2022-09-19T02:36:00Z,52.31,52.35,52.31,52.35,0.78691091
Kraken:LTCUSD,2022-09-19T02:38:00Z,52.22,52.22,52.2,52.2,379.45127188
Kraken:LTCUSD,2022-09-19T02:40:00Z,52.0,52.0,51.97,51.97,2.864
Kraken:LTCUSD,2022-09-19T02:42:00Z,51.94,51.94,51.94,51.94,0.72741288
Kraken:LTCUSD,2022-09-19T02:43:00Z,52.05,52.05,52.05,52.05,0.1816
Kraken:LTCUSD,2022-09-19T02:45:00Z,52.04,52.04,52.04,52.04,0.4165
Kraken:LTCUSD,2022-09-19T02:46:00Z,51.95,51.95,51.95,51.95,10.24209276
Kraken:LTCUSD,2022-09-19T02:47:00Z,52.01,52.01,52.01,52.01,46.57179634
Kraken:LTCUSD,2022-09-19T02:48:00Z,52.1,52.1,52.1,52.1,0.1233
Kraken:LTCUSD,2022-09-19T02:49:00Z,52.1,52.17,52.1,52.17,40.27198108
Kraken:LTCUSD,2022-09-19T02:51:00Z,52.16,52.28,52.16,52.28,4.88988684
Kraken:LTCUSD,2022-09-19T02:54:00Z,52.19,52.19,52.19,52.19,2.15169494
Kraken:LTCUSD,2022-09-19T02:55:00Z,52.21,52.26,52.21,52.26,3.94611872
Kraken:LTCUSD,2022-09-19T02:59:00Z,52.25,52.25,52.25,52.25,0.44895939
Kraken:LTCUSD,2022-09-19T03:00:00Z,52.22,52.22,52.22,52.22,0.32619
Kraken:LTCUSD,2022-09-19T03:01:00Z,52.22,52.22,52.14,52.14,10.12497994
Kraken:LTCUSD,2022-09-19T03:02:00Z,52.16,52.16,52.16,52.16,1.33843383
Kraken:LTCUSD,2022-09-19T03:04:00Z,52.17,52.17,52.17,52.17,1.033378
Kraken:LTCUSD,2022-09-19T03:05:00Z,52.17,52.17,52.17,52.17,66.870622
Kraken:LTCUSD,2022-09-19T03:10:00Z,52.2,52.2,52.17,52.17,0.77087976
Kraken:LTCUSD,2022-09-19T03:11:00Z,52.19,52.19,52.19,52.19,1.97252028
Kraken:LTCUSD,2022-09-19T03:13:00Z,52.17,52.17,52.17,52.17,1.68
Kraken:LTCUSD,2022-09-19T03:15:00Z,52.24,52.29,52.24,52.29,15.00250707
Kraken:LTCUSD,2022-09-19T03:18:00Z,52.27,52.27,52.27,52.27,0.53216
Kraken:LTCUSD,2022-09-19T03:20:00Z,52.21,52.21,51.45,51.65,820.4560892
Kraken:LTCUSD,2022-09-19T03:21:00Z,51.65,51.65,50.16,50.46,3074.92457628
Kraken:LTCUSD,2022-09-19T03:22:00Z,50.48,50.59,50.41,50.55,214.05639994
Kraken:LTCUSD,2022-09-19T03:23:00Z,50.55,50.55,50.44,50.44,48.91430301
Kraken:LTCUSD,2022-09-19T03:24:00Z,50.35,50.35,50.35,50.35,3.36
Kraken:LTCUSD,2022-09-19T03:25:00Z,50.45,50.45,50.45,50.45,0.44569342
Kraken:LTCUSD,2022-09-19T03:26:00Z,50.48,50.48,50.48,50.48,0.20737
Kraken:LTCUSD,2022-09-19T03:27:00Z,50.48,50.52,50.39,50.44,128.31173326
Kraken:LTCUSD,2022-09-19T03:28:00Z,50.46,50.46,50.44,50.44,52.39018211
Kraken:LTCUSD,2022-09-19T03:29:00Z,50.38,50.38,50.35,50.35,104.25066
Kraken:LTCUSD,2022-09-19T03:30:00Z,50.45,50.45,50.41,50.41,9.75788242
Kraken:LTCUSD,2022-09-19T03:32:00Z,50.45,50.45,50.42,50.42,71.56
Kraken:LTCUSD,2022-09-19T03:33:00Z,50.46,50.47,50.46,50.47,0.74726808
Kraken:LTCUSD,2022-09-19T03:34:00Z,50.52,50.58,50.52,50.58,2.16454388
Kraken:LTCUSD,2022-09-19T03:35:00Z,50.59,50.67,50.59,50.67,11.18992
Kraken:LTCUSD,2022-09-19T03:36:00Z,50.67,50.68,50.67,50.68,4.28095659
Kraken:LTCUSD,2022-09-19T03:37:00Z,50.69,50.74,50.69,50.74,1.3080014
Kraken:LTCUSD,2022-09-19T03:38:00Z,50.79,50.81,50.79,50.81,0.49222287
Kraken:LTCUSD,2022-09-19T03:39:00Z,50.8,50.89,50.8,50.89,7.09690564
Kraken:LTCUSD,2022-09-19T03:40:00Z,50.89,50.89,50.84,50.84,50.07334693
Kraken:LTCUSD,2022-09-19T03:42:00Z,50.95,50.98,50.95,50.98,0.69117368
Kraken:LTCUSD,2022-09-19T03:44:00Z,50.96,50.96,50.69,50.69,176.33080493
Kraken:LTCUSD,2022-09-19T03:45:00Z,50.81,50.99,50.81,50.99,0.83368129
Kraken:LTCUSD,2022-09-19T03:46:00Z,50.99,51.04,50.99,51.04,3.7973872
Kraken:LTCUSD,2022-09-19T03:47:00Z,51.06,51.13,51.06,51.13,4.1808395
Kraken:LTCUSD,2022-09-19T03:48:00Z,51.13,51.16,51.13,51.16,1.14945738
Kraken:LTCUSD,2022-09-19T03:49:00Z,51.23,51.24,51.23,51.24,23.57688612
Kraken:LTCUSD,2022-09-19T03:50:00Z,51.26,51.28,51.26,51.28,0.66217981
Kraken:LTCUSD,2022-09-19T03:51:00Z,51.23,51.24,51.23,51.24,39.02439024
Kraken:LTCUSD,2022-09-19T03:53:00Z,51.17,51.22,51.17,51.22,18.45501849
Kraken:LTCUSD,2022-09-19T03:57:00Z,51.19,51.19,51.19,51.19,0.657894
Kraken:LTCUSD,2022-09-19T04:00:00Z,51.2,51.2,51.2,51.2,69.456
Kraken:LTCUSD,2022-09-19T04:02:00Z,51.11,51.11,51.11,51.11,33.089311
Kraken:LTCUSD,2022-09-19T04:03:00Z,51.16,51.17,51.16,51.17,1.05918393
Kraken:LTCUSD,2022-09-19T04:04:00Z,51.2,51.21,51.2,51.21,1.85000418
Kraken:LTCUSD,2022-09-19T04:05:00Z,51.22,51.22,51.22,51.22,28.57375
Kraken:LTCUSD,2022-09-19T04:06:00Z,51.23,51.23,51.23,51.23,0.24004541
Kraken:LTCUSD,2022-09-19T04:07:00Z,51.25,51.26,51.25,51.26,7.80993994
Kraken:LTCUSD,2022-09-19T04:08:00Z,51.28,51.28,51.28,51.28,0.3740497
Kraken:LTCUSD,2022-09-19T04:09:00Z,51.28,51.28,51.28,51.28,2.1687222
Kraken:LTCUSD,2022-09-19T04:10:00Z,51.26,51.26,51.26,51.26,15.47338438
Kraken:LTCUSD,2022-09-19T04:13:00Z,51.21,51.21,51.21,51.21,0.68346026
Kraken:LTCUSD,2022-09-19T04:15:00Z,51.22,51.23,51.2,51.2,82.55713651
Kraken:LTCUSD,2022-09-19T04:17:00Z,51.26,51.26,51.25,51.25,1.0775426
Kraken:LTCUSD,2022-09-19T04:18:00Z,51.27,51.27,51.27,51.27,3.13759916
Kraken:LTCUSD,2022-09-19T04:19:00Z,51.29,51.31,51.29,51.31,2.26425307
Kraken:LTCUSD,2022-09-19T04:20:00Z,51.31,51.34,51.31,51.34,0.87401307
Kraken:LTCUSD,2022-09-19T04:21:00Z,51.39,51.39,51.39,51.39,0.20495895
Kraken:LTCUSD,2022-09-19T04:22:00Z,51.39,51.41,51.39,51.41,1.3567976
Kraken:LTCUSD,2022-09-19T04:23:00Z,51.41,51.41,51.41,51.41,61.76
Kraken:LTCUSD,2022-09-19T04:25:00Z,51.41,51.41,51.4,51.4,13.13836999
Kraken:LTCUSD,2022-09-19T04:27:00Z,51.32,51.32,51.32,51.32,72.88724388
Kraken:LTCUSD,2022-09-19T04:29:00Z,51.32,51.32,51.29,51.32,5.60112702
Kraken:LTCUSD,2022-09-19T04:30:00Z,51.33,51.33,51.33,51.33,1
Kraken:LTCUSD,2022-09-19T04:34:00Z,51.24,51.24,51.24,51.24,0.24722182
Kraken:LTCUSD,2022-09-19T04:36:00Z,51.24,51.25,51.24,51.25,5.34198741
Kraken:LTCUSD,2022-09-19T04:37:00Z,51.22,51.22,51.22,51.22,12.80478495
Kraken:LTCUSD,2022-09-19T04:39:00Z,51.23,51.23,51.23,51.23,3
Kraken:LTCUSD,2022-09-19T04:41:00Z,51.28,51.28,51.26,51.26,11.260228
Kraken:LTCUSD,2022-09-19T04:45:00Z,51.31,51.31,51.31,51.31,1.63789473
Kraken:LTCUSD,2022-09-19T04:47:00Z,51.31,51.31,51.31,51.31,0.35855497
Kraken:LTCUSD,2022-09-19T04:48:00Z,51.31,51.31,51.31,51.31,1.5657576
Kraken:LTCUSD,2022-09-19T04:49:00Z,51.26,51.26,51.26,51.26,8.8668
Kraken:LTCUSD,2022-09-19T04:50:00Z,51.29,51.36,51.29,51.31,112.93234309
Kraken:LTCUSD,2022-09-19T04:53:00Z,51.37,51.37,51.37,51.37,0.15078901
Kraken:LTCUSD,2022-09-19T04:54:00Z,51.41,51.42,51.41,51.42,1.01536011
Kraken:LTCUSD,2022-09-19T04:56:00Z,51.44,51.44,51.44,51.44,0.06507756
Kraken:LTCUSD,2022-09-19T04:57:00Z,51.37,51.37,51.37,51.37,0.57171203
Kraken:LTCUSD,2022-09-19T05:02:00Z,51.38,51.38,51.38,51.38,0.918453
Kraken:LTCUSD,2022-09-19T05:03:00Z,51.39,51.39,51.39,51.39,2
Kraken:LTCUSD,2022-09-19T05:04:00Z,51.41,51.41,51.41,51.41,1.96923566
Kraken:LTCUSD,2022-09-19T05:05:00Z,51.41,51.42,51.41,51.42,7.96668647
Kraken:LTCUSD,2022-09-19T05:07:00Z,51.44,51.46,51.44,51.46,3.63393946
Kraken:LTCUSD,2022-09-19T05:09:00Z,51.46,51.46,51.46,51.46,9.66319
Kraken:LTCUSD,2022-09-19T05:10:00Z,51.45,51.46,51.45,51.46,21.13476599
Kraken:LTCUSD,2022-09-19T05:15:00Z,51.48,51.49,51.48,51.49,25.17877352
Kraken:LTCUSD,2022-09-19T05:21:00Z,51.5,51.5,51.5,51.5,0.69897067
Kraken:LTCUSD,2022-09-19T05:22:00Z,51.51,51.53,51.51,51.53,58.75860118
Kraken:LTCUSD,2022-09-19T05:27:00Z,51.49,51.49,51.49,51.49,0.12837444
Kraken:LTCUSD,2022-09-19T05:31:00Z,51.48,51.49,51.48,51.49,1.10025614
Kraken:LTCUSD,2022-09-19T05:32:00Z,51.49,51.5,51.49,51.5,28.74282913
Kraken:LTCUSD,2022-09-19T05:33:00Z,51.43,51.43,51.43,51.43,4.25
Kraken:LTCUSD,2022-09-19T05:34:00Z,51.45,51.45,51.45,51.45,0.14742793
Kraken:LTCUSD,2022-09-19T05:40:00Z,51.47,51.47,51.47,51.47,0.54794101
Kraken:LTCUSD,2022-09-19T05:44:00Z,51.45,51.54,51.45,51.54,63.09003497
Kraken:LTCUSD,2022-09-19T05:46:00Z,51.53,51.53,51.53,51.53,0.3
Kraken:LTCUSD,2022-09-19T05:49:00Z,51.44,51.49,51.44,51.49,29.80790676
Kraken:LTCUSD,2022-09-19T05:50:00Z,51.48,51.48,51.48,51.48,8.41270279
Kraken:LTCUSD,2022-09-19T05:52:00Z,51.49,51.49,51.49,51.49,1.06513
Kraken:LTCUSD,2022-09-19T05:53:00Z,51.46,51.46,50.96,51.01,1629.59298692
Kraken:LTCUSD,2022-09-19T05:54:00Z,50.96,51.03,50.91,50.91,213.73768893
Kraken:LTCUSD,2022-09-19T05:57:00Z,50.96,51.1,50.96,51.1,127.67826256
Kraken:LTCUSD,2022-09-19T05:58:00Z,51.03,51.03,50.51,50.51,601.01258195
Kraken:LTCUSD,2022-09-19T05:59:00Z,50.5,50.76,50.5,50.69,318.18290767
Kraken:LTCUSD,2022-09-19T06:00:00Z,50.71,50.81,50.71,50.81,117.14515496
Kraken:LTCUSD,2022-09-19T06:01:00Z,50.91,51.04,50.91,51.04,3.91063027
Kraken:LTCUSD,2022-09-19T06:02:00Z,51.07,51.1,51.07,51.1,3.85778596
Kraken:LTCUSD,2022-09-19T06:03:00Z,51.13,51.2,51.13,51.2,26.95003927
Kraken:LTCUSD,2022-09-19T06:04:00Z,51.15,51.18,51.15,51.18,1.47247601
Kraken:LTCUSD,2022-09-19T06:05:00Z,51.2,51.2,51.2,51.2,0.13497351
Kraken:LTCUSD,2022-09-19T06:10:00Z,50.93,50.93,50.93,50.93,7.28318121
Kraken:LTCUSD,2022-09-19T06:13:00Z,50.93,50.93,50.92,50.92,1.62697275
Kraken:LTCUSD,2022-09-19T06:15:00Z,50.73,50.82,50.73,50.82,0.38629297
Kraken:LTCUSD,2022-09-19T06:16:00Z,50.83,50.86,50.82,50.86,0.91878385
Kraken:LTCUSD,2022-09-19T06:17:00Z,50.87,50.87,50.87,50.87,4
Kraken:LTCUSD,2022-09-19T06:18:00Z,50.87,50.9,50.87,50.87,99.31616235
Kraken:LTCUSD,2022-09-19T06:20:00Z,50.81,50.84,50.81,50.82,1.74383763
Kraken:LTCUSD,2022-09-19T06:25:00Z,50.76,50.78,50.76,50.78,0.54789126
Kraken:LTCUSD,2022-09-19T06:26:00Z,50.85,50.85,50.85,50.85,2.46
Kraken:LTCUSD,2022-09-19T06:27:00Z,50.91,50.93,50.81,50.81,1.96709937
Kraken:LTCUSD,2022-09-19T06:28:00Z,50.81,50.81,50.81,50.81,0.13776815
Kraken:LTCUSD,2022-09-19T06:29:00Z,50.66,50.66,50.66,50.66,0.69618461
Kraken:LTCUSD,2022-09-19T06:30:00Z,50.72,50.75,50.72,50.75,19.75800039
Kraken:LTCUSD,2022-09-19T06:31:00Z,50.77,50.77,50.77,50.77,0.07634744
Kraken:LTCUSD,2022-09-19T06:32:00Z,50.67,50.7,50.67,50.7,39.52405012
Kraken:LTCUSD,2022-09-19T06:34:00Z,50.75,50.75,50.75,50.75,0.1
Kraken:LTCUSD,2022-09-19T06:35:00Z,50.74,50.74,50.74,50.74,0.03159243
Kraken:LTCUSD,2022-09-19T06:36:00Z,50.7,50.7,50.69,50.69,7.17765521
Kraken:LTCUSD,2022-09-19T06:38:00Z,50.58,50.58,50.58,50.58,0.04968591
Kraken:LTCUSD,2022-09-19T06:41:00Z,50.56,50.56,50.56,50.56,3
Kraken:LTCUSD,2022-09-19T06:43:00Z,50.52,50.53,50.52,50.53,22.64632
Kraken:LTCUSD,2022-09-19T06:44:00Z,50.53,50.53,50.31,50.31,220.0375367
Kraken:LTCUSD,2022-09-19T06:45:00Z,50.48,50.48,50.48,50.48,7.81426316
Kraken:LTCUSD,2022-09-19T06:47:00Z,50.58,50.73,50.58,50.68,31.97571097
Kraken:LTCUSD,2022-09-19T06:48:00Z,50.74,50.74,50.74,50.74,2.4
Kraken:LTCUSD,2022-09-19T06:51:00Z,50.72,50.72,50.72,50.72,0.15768699
Kraken:LTCUSD,2022-09-19T06:52:00Z,50.68,50.68,50.68,50.68,0.89765
Kraken:LTCUSD,2022-09-19T06:53:00Z,50.64,50.64,50.64,50.64,0.69242303
Kraken:LTCUSD,2022-09-19T06:54:00Z,50.56,50.63,50.56,50.63,0.19373045
Kraken:LTCUSD,2022-09-19T06:56:00Z,50.6,50.65,50.6,50.65,3.36221115
Kraken:LTCUSD,2022-09-19T06:57:00Z,50.71,50.71,50.71,50.71,1.90033167
Kraken:LTCUSD,2022-09-19T06:58:00Z,50.66,50.66,50.63,50.63,5.94807652
Kraken:LTCUSD,2022-09-19T07:01:00Z,50.61,50.62,50.61,50.62,38.9323497
Kraken:LTCUSD,2022-09-19T07:02:00Z,50.55,50.56,50.55,50.56,17.32324702
Kraken:LTCUSD,2022-09-19T07:03:00Z,50.56,50.56,50.55,50.55,0.24338872
Kraken:LTCUSD,2022-09-19T07:05:00Z,50.46,50.49,50.46,50.49,3.65250512
Kraken:LTCUSD,2022-09-19T07:06:00Z,50.42,50.43,50.4,50.41,141.50003702
Kraken:LTCUSD,2022-09-19T07:07:00Z,50.31,50.31,50.31,50.31,0.30157381
Kraken:LTCUSD,2022-09-19T07:08:00Z,50.42,50.45,50.42,50.44,5.01374686
Kraken:LTCUSD,2022-09-19T07:09:00Z,50.4,50.4,50.4,50.4,21.48
Kraken:LTCUSD,2022-09-19T07:10:00Z,50.41,50.41,50.41,50.41,0.19746029
Kraken:LTCUSD,2022-09-19T07:11:00Z,50.41,50.41,50.4,50.4,1.20033665
Kraken:LTCUSD,2022-09-19T07:12:00Z,50.43,50.43,50.43,50.43,2.93162569
Kraken:LTCUSD,2022-09-19T07:14:00Z,50.44,50.44,50.44,50.44,7.8
Kraken:LTCUSD,2022-09-19T07:15:00Z,50.45,50.45,50.45,50.45,2
Kraken:LTCUSD,2022-09-19T07:16:00Z,50.46,50.62,50.46,50.62,2.35690908
Kraken:LTCUSD,2022-09-19T07:17:00Z,50.6,50.62,50.6,50.62,104.48305799
Kraken:LTCUSD,2022-09-19T07:20:00Z,50.57,50.59,50.57,50.59,3.29985593
Kraken:LTCUSD,2022-09-19T07:21:00Z,50.58,50.58,50.58,50.58,0.15266272
Kraken:LTCUSD,2022-09-19T07:23:00Z,50.45,50.46,50.31,50.34,373.52643257
Kraken:LTCUSD,2022-09-19T07:24:00Z,50.37,50.38,50.31,50.31,38.82110931
Kraken:LTCUSD,2022-09-19T07:25:00Z,50.32,50.32,50.25,50.25,21.72615566
Kraken:LTCUSD,2022-09-19T07:27:00Z,50.27,50.27,50.27,50.27,48.678
Kraken:LTCUSD,2022-09-19T07:28:00Z,50.32,50.33,50.32,50.33,0.73404916
Kraken:LTCUSD,2022-09-19T07:32:00Z,50.42,50.43,50.42,50.42,11.40448225
Kraken:LTCUSD,2022-09-19T07:34:00Z,50.37,50.37,50.37,50.37,0.03719697
Kraken:LTCUSD,2022-09-19T07:36:00Z,50.36,50.36,50.32,50.32,449.82340889
Kraken:LTCUSD,2022-09-19T07:38:00Z,50.41,50.42,50.41,50.42,1.06638307
Kraken:LTCUSD,2022-09-19T07:41:00Z,50.46,50.46,50.46,50.46,0.12763886
Kraken:LTCUSD,2022-09-19T07:42:00Z,50.47,50.51,50.47,50.51,1.87567825
Kraken:LTCUSD,2022-09-19T07:43:00Z,50.57,50.64,50.57,50.64,1.77393026
Kraken:LTCUSD,2022-09-19T07:44:00Z,50.64,50.7,50.64,50.7,20.38179262
Kraken:LTCUSD,2022-09-19T07:45:00Z,50.7,50.7,50.7,50.7,0.27069306
Kraken:LTCUSD,2022-09-19T07:46:00Z,50.72,50.77,50.72,50.77,1.61720498
Kraken:LTCUSD,2022-09-19T07:48:00Z,50.77,50.77,50.76,50.76,32.37945784
Kraken:LTCUSD,2022-09-19T07:49:00Z,50.76,50.76,50.76,50.76,45.84554216
Kraken:LTCUSD,2022-09-19T07:52:00Z,50.81,50.85,50.81,50.85,2.45171981
Kraken:LTCUSD,2022-09-19T07:53:00Z,50.86,50.86,50.82,50.82,29.05266078
Kraken:LTCUSD,2022-09-19T07:58:00Z,50.78,50.78,50.78,50.78,0.7890667
Kraken:LTCUSD,2022-09-19T07:59:00Z,50.78,50.78,50.78,50.78,0.16921
Kraken:LTCUSD,2022-09-19T08:01:00Z,50.78,50.78,50.78,50.78,5.65
Kraken:LTCUSD,2022-09-19T08:05:00Z,50.65,50.68,50.65,50.68,32.14111957
Kraken:LTCUSD,2022-09-19T08:06:00Z,50.68,50.7,50.68,50.7,63.01607694
Kraken:LTCUSD,2022-09-19T08:08:00Z,50.71,50.77,50.71,50.77,5.84909272
Kraken:LTCUSD,2022-09-19T08:12:00Z,50.78,50.78,50.78,50.78,0.03
Kraken:LTCUSD,2022-09-19T08:13:00Z,50.78,50.78,50.78,50.78,5.63457069
Kraken:LTCUSD,2022-09-19T08:14:00Z,50.78,50.78,50.77,50.78,113.51015752
Kraken:LTCUSD,2022-09-19T08:15:00Z,50.8,50.8,50.8,50.8,1.39529425
Kraken:LTCUSD,2022-09-19T08:18:00Z,50.71,50.71,50.71,50.71,3
Kraken:LTCUSD,2022-09-19T08:19:00Z,50.74,50.74,50.74,50.74,0.5
Kraken:LTCUSD,2022-09-19T08:20:00Z,50.74,50.74,50.74,50.74,0.91319717
Kraken:LTCUSD,2022-09-19T08:21:00Z,50.67,50.67,50.67,50.67,6.3
Kraken:LTCUSD,2022-09-19T08:22:00Z,50.71,50.71,50.71,50.71,0.03
Kraken:LTCUSD,2022-09-19T08:28:00Z,50.63,50.64,50.63,50.64,49.393
Kraken:LTCUSD,2022-09-19T08:29:00Z,50.7,50.7,50.7,50.7,0.03
Kraken:LTCUSD,2022-09-19T08:31:00Z,50.58,50.6,50.58,50.6,1.15924
Kraken:LTCUSD,2022-09-19T08:32:00Z,50.58,50.58,50.57,50.57,1.01
Kraken:LTCUSD,2022-09-19T08:33:00Z,50.62,50.64,50.62,50.64,1.56979995
Kraken:LTCUSD,2022-09-19T08:37:00Z,50.59,50.63,50.58,50.63,57.25725242
Kraken:LTCUSD,2022-09-19T08:38:00Z,50.64,50.76,50.64,50.76,299.80420922
Kraken:LTCUSD,2022-09-19T08:39:00Z,50.73,50.73,50.69,50.69,75.08614137
Kraken:LTCUSD,2022-09-19T08:40:00Z,50.64,50.64,50.64,50.64,23.07911926
Kraken:LTCUSD,2022-09-19T08:41:00Z,50.66,50.66,50.66,50.66,0.03
Kraken:LTCUSD,2022-09-19T08:43:00Z,50.61,50.61,50.61,50.61,101.99295988
Kraken:LTCUSD,2022-09-19T08:44:00Z,50.58,50.6,50.58,50.6,112.04197906
Kraken:LTCUSD,2022-09-19T08:45:00Z,50.56,50.56,50.56,50.56,2.01153085
Kraken:LTCUSD,2022-09-19T08:46:00Z,50.49,50.49,50.49,50.49,6.55076
Kraken:LTCUSD,2022-09-19T08:47:00Z,50.49,50.49,50.49,50.49,0.04761635
Kraken:LTCUSD,2022-09-19T08:49:00Z,50.44,50.51,50.44,50.51,63.82885012
Kraken:LTCUSD,2022-09-19T08:50:00Z,50.52,50.52,50.52,50.52,0.33260768
Kraken:LTCUSD,2022-09-19T08:55:00Z,50.45,50.45,50.45,50.45,3.77993739
Kraken:LTCUSD,2022-09-19T08:59:00Z,50.4,50.4,50.4,50.4,0.69977604
Kraken:LTCUSD,2022-09-19T09:02:00Z,50.36,50.36,50.36,50.36,3.86281073
Kraken:LTCUSD,2022-09-19T09:03:00Z,50.4,50.41,50.37,50.41,105.171
Kraken:LTCUSD,2022-09-19T09:04:00Z,50.41,50.43,50.41,50.43,0.58218573
Kraken:LTCUSD,2022-09-19T09:07:00Z,50.43,50.43,50.43,50.43,0.1782
Kraken:LTCUSD,2022-09-19T09:12:00Z,50.41,50.41,50.41,50.41,1.24782186
Kraken:LTCUSD,2022-09-19T09:13:00Z,50.44,50.44,50.44,50.44,0.03
Kraken:LTCUSD,2022-09-19T09:15:00Z,50.44,50.44,50.43,50.43,12.57423518
Kraken:LTCUSD,2022-09-19T09:19:00Z,50.38,50.43,50.38,50.43,86.70345038
Kraken:LTCUSD,2022-09-19T09:20:00Z,50.44,50.55,50.44,50.55,0.49122503
Kraken:LTCUSD,2022-09-19T09:23:00Z,50.49,50.49,50.44,50.49,1.22558424
Kraken:LTCUSD,2022-09-19T09:24:00Z,50.5,50.5,50.5,50.5,0.03
Kraken:LTCUSD,2022-09-19T09:28:00Z,50.52,50.52,50.51,50.51,62.43621755
Kraken:LTCUSD,2022-09-19T09:30:00Z,50.51,50.51,50.51,50.51,10.88041995
Kraken:LTCUSD,2022-09-19T09:31:00Z,50.51,50.51,50.51,50.51,0.07904802
Kraken:LTCUSD,2022-09-19T09:32:00Z,50.55,50.55,50.55,50.55,0.03
Kraken:LTCUSD,2022-09-19T09:33:00Z,50.54,50.54,50.54,50.54,0.32838773
Kraken:LTCUSD,2022-09-19T09:37:00Z,50.57,50.57,50.57,50.57,0.03
Kraken:LTCUSD,2022-09-19T09:39:00Z,50.54,50.54,50.54,50.54,108.063
Kraken:LTCUSD,2022-09-19T09:40:00Z,50.57,50.63,50.57,50.63,5.8755708
Kraken:LTCUSD,2022-09-19T09:41:00Z,50.64,50.79,50.64,50.79,2.20548696
Kraken:LTCUSD,2022-09-19T09:42:00Z,50.69,50.71,50.69,50.71,0.54
Kraken:LTCUSD,2022-09-19T09:45:00Z,50.71,50.71,50.71,50.71,0.66396788
Kraken:LTCUSD,2022-09-19T09:46:00Z,50.72,50.73,50.72,50.73,10.10070828
Kraken:LTCUSD,2022-09-19T09:47:00Z,50.75,50.75,50.7,50.7,0.17787066
Kraken:LTCUSD,2022-09-19T09:49:00Z,50.68,50.68,50.68,50.68,1
Kraken:LTCUSD,2022-09-19T09:50:00Z,50.68,50.68,50.68,50.68,0.0801105
Kraken:LTCUSD,2022-09-19T09:51:00Z,50.69,50.69,50.69,50.69,12.36636916
Kraken:LTCUSD,2022-09-19T09:52:00Z,50.73,50.73,50.73,50.73,0.28199723
Kraken:LTCUSD,2022-09-19T09:53:00Z,50.74,50.79,50.74,50.79,81.13955565
Kraken:LTCUSD,2022-09-19T09:54:00Z,50.79,50.84,50.79,50.84,33.50081173
Kraken:LTCUSD,2022-09-19T09:55:00Z,50.89,50.89,50.89,50.89,0.03
Kraken:LTCUSD,2022-09-19T09:58:00Z,50.9,50.92,50.9,50.92,18.74475208
Kraken:LTCUSD,2022-09-19T10:00:00Z,50.87,50.87,50.86,50.86,0.72408071
Kraken:LTCUSD,2022-09-19T10:07:00Z,50.81,50.81,50.81,50.81,0.58762336
Kraken:LTCUSD,2022-09-19T10:08:00Z,50.79,50.79,50.79,50.79,30.72767934
Kraken:LTCUSD,2022-09-19T10:11:00Z,50.79,50.79,50.79,50.79,2.99586532
Kraken:LTCUSD,2022-09-19T10:12:00Z,50.78,50.82,50.78,50.82,2.52
Kraken:LTCUSD,2022-09-19T10:13:00Z,50.8,50.8,50.8,50.8,0.24961722
Kraken:LTCUSD,2022-09-19T10:14:00Z,50.78,50.78,50.78,50.78,49.28574
Kraken:LTCUSD,2022-09-19T10:15:00Z,50.8,50.8,50.8,50.8,0.03
Kraken:LTCUSD,2022-09-19T10:16:00Z,50.8,50.8,50.8,50.8,0.03937783
Kraken:LTCUSD,2022-09-19T10:17:00Z,50.83,50.83,50.83,50.83,0.03
Kraken:LTCUSD,2022-09-19T10:22:00Z,50.85,50.85,50.85,50.85,0.03
Kraken:LTCUSD,2022-09-19T10:23:00Z,50.85,50.85,50.85,50.85,185.991
Kraken:LTCUSD,2022-09-19T10:24:00Z,50.91,50.96,50.91,50.96,2.4728
Kraken:LTCUSD,2022-09-19T10:25:00Z,50.96,50.98,50.96,50.98,93.99021766
Kraken:LTCUSD,2022-09-19T10:26:00Z,51.01,51.02,51.01,51.02,0.64375977
Kraken:LTCUSD,2022-09-19T10:27:00Z,51.03,51.1,51.03,51.1,4.53000615
Kraken:LTCUSD,2022-09-19T10:28:00Z,51.16,51.16,51.16,51.16,1.57010948
Kraken:LTCUSD,2022-09-19T10:29:00Z,51.13,51.17,51.13,51.17,0.06
Kraken:LTCUSD,2022-09-19T10:33:00Z,51.19,51.23,51.19,51.23,66.25802839
Kraken:LTCUSD,2022-09-19T10:34:00Z,51.2,51.25,51.2,51.25,30.22017212
Kraken:LTCUSD,2022-09-19T10:35:00Z,51.22,51.24,51.22,51.24,1.32182391
Kraken:LTCUSD,2022-09-19T10:36:00Z,51.29,51.35,51.29,51.35,3.85565214
Kraken:LTCUSD,2022-09-19T10:37:00Z,51.35,51.41,51.35,51.36,22.64564731
Kraken:LTCUSD,2022-09-19T10:38:00Z,51.4,51.4,51.4,51.4,0.1052
Kraken:LTCUSD,2022-09-19T10:40:00Z,51.4,51.43,51.39,51.39,95.08174454
Kraken:LTCUSD,2022-09-19T10:41:00Z,51.39,51.46,51.39,51.46,364.89351742
Kraken:LTCUSD,2022-09-19T10:44:00Z,51.45,51.54,51.45,51.54,224.218856
Kraken:LTCUSD,2022-09-19T10:45:00Z,51.55,51.55,51.49,51.49,21.4288854
Kraken:LTCUSD,2022-09-19T10:46:00Z,51.49,51.49,51.49,51.49,0.03
Kraken:LTCUSD,2022-09-19T10:47:00Z,51.46,51.47,51.46,51.47,1.33604547
Kraken:LTCUSD,2022-09-19T10:48:00Z,51.42,51.52,51.42,51.52,0.50255237
Kraken:LTCUSD,2022-09-19T10:49:00Z,51.53,51.53,51.51,51.51,2.1128708
Kraken:LTCUSD,2022-09-19T10:50:00Z,51.55,51.55,51.55,51.55,0.03
Kraken:LTCUSD,2022-09-19T10:51:00Z,51.56,51.56,51.56,51.56,1.00240573
Kraken:LTCUSD,2022-09-19T10:52:00Z,51.58,51.58,51.58,51.58,0.03
Kraken:LTCUSD,2022-09-19T10:54:00Z,51.58,51.58,51.58,51.58,0.20345094
Kraken:LTCUSD,2022-09-19T10:55:00Z,51.58,51.58,51.58,51.58,0.45510567
Kraken:LTCUSD,2022-09-19T10:56:00Z,51.61,51.61,51.6,51.6,6.03
Kraken:LTCUSD,2022-09-19T10:57:00Z,51.61,51.64,51.61,51.64,0.13662339
Kraken:LTCUSD,2022-09-19T10:59:00Z,51.63,51.65,51.63,51.65,1.33290952
Kraken:LTCUSD,2022-09-19T11:00:00Z,51.63,51.65,51.63,51.63,0.81250798
Kraken:LTCUSD,2022-09-19T11:02:00Z,51.48,51.48,51.44,51.44,246.40000017
Kraken:LTCUSD,2022-09-19T11:03:00Z,51.5,51.56,51.5,51.56,0.06
Kraken:LTCUSD,2022-09-19T11:06:00Z,51.54,51.63,51.54,51.63,2.29760098
Kraken:LTCUSD,2022-09-19T11:07:00Z,51.63,51.68,51.63,51.67,3.66229357
Kraken:LTCUSD,2022-09-19T11:08:00Z,51.6,51.6,51.6,51.6,1.89388071
Kraken:LTCUSD,2022-09-19T11:11:00Z,51.38,51.38,51.38,51.38,13.26002139
Kraken:LTCUSD,2022-09-19T11:12:00Z,51.41,51.41,51.41,51.41,0.03
Kraken:LTCUSD,2022-09-19T11:15:00Z,51.39,51.43,51.36,51.36,31.771
Kraken:LTCUSD,2022-09-19T11:18:00Z,51.23,51.23,51.04,51.06,231.11290318
Kraken:LTCUSD,2022-09-19T11:19:00Z,51.04,51.05,51.04,51.04,0.42029639
Kraken:LTCUSD,2022-09-19T11:20:00Z,51.06,51.06,51.02,51.02,0.54
Kraken:LTCUSD,2022-09-19T11:21:00Z,51.1,51.1,51.1,51.1,0.03
Kraken:LTCUSD,2022-09-19T11:23:00Z,51.07,51.07,51.07,51.07,1.35033125
Kraken:LTCUSD,2022-09-19T11:30:00Z,50.95,50.95,50.95,50.95,2.8972
Kraken:LTCUSD,2022-09-19T11:32:00Z,50.94,50.94,50.91,50.91,0.23391042
Kraken:LTCUSD,2022-09-19T11:34:00Z,50.92,50.92,50.92,50.92,6.64803682
Kraken:LTCUSD,2022-09-19T11:35:00Z,50.92,50.92,50.92,50.92,52.28775476
Kraken:LTCUSD,2022-09-19T11:36:00Z,50.92,50.92,50.92,50.92,0.68977105
Kraken:LTCUSD,2022-09-19T11:37:00Z,50.97,50.97,50.97,50.97,0.03
Kraken:LTCUSD,2022-09-19T11:38:00Z,51.0,51.0,51.0,51.0,0.03
Kraken:LTCUSD,2022-09-19T11:39:00Z,51.0,51.0,50.99,50.99,40.08871223
Kraken:LTCUSD,2022-09-19T11:40:00Z,51.0,51.06,51.0,51.06,5.75915966
Kraken:LTCUSD,2022-09-19T11:41:00Z,51.07,51.09,51.07,51.09,1.09476162
Kraken:LTCUSD,2022-09-19T11:43:00Z,51.04,51.04,51.04,51.04,0.70151809
Kraken:LTCUSD,2022-09-19T11:44:00Z,51.05,51.06,51.05,51.06,10.3678236
Kraken:LTCUSD,2022-09-19T11:45:00Z,51.05,51.06,51.05,51.06,5.43425658
Kraken:LTCUSD,2022-09-19T11:46:00Z,51.06,51.06,51.06,51.06,18.7
Kraken:LTCUSD,2022-09-19T11:47:00Z,51.06,51.13,51.06,51.13,0.03939982
Kraken:LTCUSD,2022-09-19T11:50:00Z,51.16,51.22,51.16,51.22,1.04845884
Kraken:LTCUSD,2022-09-19T11:51:00Z,51.23,51.23,51.23,51.23,0.24839659
Kraken:LTCUSD,2022-09-19T11:52:00Z,51.21,51.21,51.21,51.21,0.1
Kraken:LTCUSD,2022-09-19T11:53:00Z,51.21,51.21,51.2,51.2,5.17240773
Kraken:LTCUSD,2022-09-19T11:54:00Z,51.21,51.24,51.21,51.24,34.407
Kraken:LTCUSD,2022-09-19T11:55:00Z,51.26,51.26,51.22,51.22,3.85479737
Kraken:LTCUSD,2022-09-19T11:57:00Z,51.17,51.19,51.17,51.19,0.12603698
Kraken:LTCUSD,2022-09-19T11:58:00Z,51.21,51.21,51.21,51.21,0.03
Kraken:LTCUSD,2022-09-19T11:59:00Z,51.26,51.26,51.26,51.26,0.03
Kraken:LTCUSD,2022-09-19T12:00:00Z,51.25,51.25,51.25,51.25,10.52765602
Kraken:LTCUSD,2022-09-19T12:02:00Z,51.16,51.16,51.16,51.16,0.12400468
Kraken:LTCUSD,2022-09-19T12:03:00Z,51.18,51.18,51.18,51.18,0.03
Kraken:LTCUSD,2022-09-19T12:06:00Z,51.21,51.21,51.21,51.21,0.03
Kraken:LTCUSD,2022-09-19T12:07:00Z,51.2,51.2,51.2,51.2,1.67425098
Kraken:LTCUSD,2022-09-19T12:09:00Z,51.21,51.21,51.21,51.21,2
Kraken:LTCUSD,2022-09-19T12:10:00Z,51.22,51.23,51.22,51.23,0.38472941
Kraken:LTCUSD,2022-09-19T12:11:00Z,51.24,51.31,51.24,51.31,3.18860648
Kraken:LTCUSD,2022-09-19T12:12:00Z,51.3,51.3,51.3,51.3,1.09026964
Kraken:LTCUSD,2022-09-19T12:13:00Z,51.25,51.3,51.25,51.3,0.44730131
Kraken:LTCUSD,2022-09-19T12:17:00Z,51.12,51.12,51.12,51.12,8.06766373
Kraken:LTCUSD,2022-09-19T12:19:00Z,51.1,51.1,51.1,51.1,3.8303706
Kraken:LTCUSD,2022-09-19T12:20:00Z,51.13,51.16,51.13,51.16,0.2376493
Kraken:LTCUSD,2022-09-19T12:21:00Z,51.16,51.16,51.16,51.16,0.04080336
Kraken:LTCUSD,2022-09-19T12:23:00Z,51.2,51.2,51.2,51.2,0.03
Kraken:LTCUSD,2022-09-19T12:24:00Z,51.19,51.19,51.19,51.19,0.51
Kraken:LTCUSD,2022-09-19T12:25:00Z,51.22,51.22,51.22,51.22,0.03
Kraken:LTCUSD,2022-09-19T12:26:00Z,51.22,51.22,51.22,51.22,0.06945816
Kraken:LTCUSD,2022-09-19T12:33:00Z,51.12,51.15,51.12,51.15,10.68912
Kraken:LTCUSD,2022-09-19T12:34:00Z,51.14,51.14,51.14,51.14,0.07469299
Kraken:LTCUSD,2022-09-19T12:36:00Z,51.15,51.15,51.15,51.15,112.47775592
Kraken:LTCUSD,2022-09-19T12:37:00Z,51.19,51.19,51.19,51.19,0.03
Kraken:LTCUSD,2022-09-19T12:38:00Z,51.2,51.2,51.2,51.2,0.92132373
Kraken:LTCUSD,2022-09-19T12:39:00Z,51.2,51.24,51.2,51.24,5.65178842
Kraken:LTCUSD,2022-09-19T12:40:00Z,51.25,51.28,51.25,51.28,1.06164971
Kraken:LTCUSD,2022-09-19T12:43:00Z,51.26,51.38,51.26,51.38,10.74800034
Kraken:LTCUSD,2022-09-19T12:44:00Z,51.4,51.4,51.4,51.4,2.88970902
Kraken:LTCUSD,2022-09-19T12:47:00Z,51.37,51.37,51.36,51.36,32.04542409
Kraken:LTCUSD,2022-09-19T12:48:00Z,51.34,51.38,51.34,51.38,0.06
Kraken:LTCUSD,2022-09-19T12:50:00Z,51.38,51.43,51.38,51.43,34.36642581
Kraken:LTCUSD,2022-09-19T12:51:00Z,51.4,51.4,51.4,51.4,4.76462932
Kraken:LTCUSD,2022-09-19T12:55:00Z,51.35,51.35,51.35,51.35,0.20419
Kraken:LTCUSD,2022-09-19T12:56:00Z,51.37,51.37,51.37,51.37,0.03
Kraken:LTCUSD,2022-09-19T12:57:00Z,51.37,51.4,51.37,51.4,0.51234208
Kraken:LTCUSD,2022-09-19T12:59:00Z,51.4,51.4,51.4,51.4,35.94329491
Kraken:LTCUSD,2022-09-19T13:00:00Z,51.43,51.47,51.43,51.47,2.58599153
Kraken:LTCUSD,2022-09-19T13:02:00Z,51.42,51.42,51.42,51.42,0.5
Kraken:LTCUSD,2022-09-19T13:03:00Z,51.49,51.49,51.49,51.49,2.04660261
Kraken:LTCUSD,2022-09-19T13:05:00Z,51.45,51.45,51.45,51.45,0.73259582
Kraken:LTCUSD,2022-09-19T13:06:00Z,51.4,51.45,51.4,51.45,4.642
Kraken:LTCUSD,2022-09-19T13:07:00Z,51.43,51.43,51.3,51.33,344.68787347
Kraken:LTCUSD,2022-09-19T13:08:00Z,51.28,51.28,51.22,51.22,9.23
Kraken:LTCUSD,2022-09-19T13:09:00Z,51.23,51.23,51.23,51.23,0.03
Kraken:LTCUSD,2022-09-19T13:10:00Z,51.22,51.22,51.22,51.22,0.03
Kraken:LTCUSD,2022-09-19T13:11:00Z,51.2,51.2,51.2,51.2,1.6131755
Kraken:LTCUSD,2022-09-19T13:13:00Z,51.18,51.2,51.18,51.2,1.03
Kraken:LTCUSD,2022-09-19T13:14:00Z,51.17,51.17,51.17,51.17,19.15762295
Kraken:LTCUSD,2022-09-19T13:15:00Z,51.2,51.2,51.2,51.2,0.03
Kraken:LTCUSD,2022-09-19T13:16:00Z,51.17,51.17,51.16,51.16,10.74828
Kraken:LTCUSD,2022-09-19T13:17:00Z,51.16,51.16,51.16,51.16,0.02174
Kraken:LTCUSD,2022-09-19T13:18:00Z,51.16,51.16,51.11,51.11,23.03615268
Kraken:LTCUSD,2022-09-19T13:19:00Z,51.08,51.08,51.0,51.0,21.93232944
Kraken:LTCUSD,2022-09-19T13:20:00Z,51.06,51.06,51.05,51.06,0.59662362
Kraken:LTCUSD,2022-09-19T13:21:00Z,51.08,51.08,51.08,51.08,0.03
Kraken:LTCUSD,2022-09-19T13:23:00Z,51.08,51.1,51.08,51.1,3.29626992
Kraken:LTCUSD,2022-09-19T13:25:00Z,51.1,51.1,51.1,51.1,3.26626992
Kraken:LTCUSD,2022-09-19T13:26:00Z,51.11,51.16,51.11,51.16,2.3858279
Kraken:LTCUSD,2022-09-19T13:29:00Z,51.17,51.22,51.17,51.22,6.75868878
Kraken:LTCUSD,2022-09-19T13:30:00Z,51.23,51.23,51.23,51.23,0.06504112
Kraken:LTCUSD,2022-09-19T13:31:00Z,51.25,51.27,51.25,51.27,0.06
Kraken:LTCUSD,2022-09-19T13:32:00Z,51.27,51.3,51.27,51.3,4.1780914
Kraken:LTCUSD,2022-09-19T13:33:00Z,51.26,51.29,51.26,51.29,27.03
Kraken:LTCUSD,2022-09-19T13:34:00Z,51.35,51.35,51.35,51.35,0.03
Kraken:LTCUSD,2022-09-19T13:35:00Z,51.35,51.35,51.35,51.35,0.24875259
Kraken:LTCUSD,2022-09-19T13:36:00Z,51.36,51.45,51.36,51.45,8.89235493
Kraken:LTCUSD,2022-09-19T13:38:00Z,51.36,51.39,51.36,51.39,4.13714945
Kraken:LTCUSD,2022-09-19T13:39:00Z,51.38,51.38,51.38,51.38,74.03
Kraken:LTCUSD,2022-09-19T13:40:00Z,51.4,51.6,51.4,51.6,37.37769452
Kraken:LTCUSD,2022-09-19T13:41:00Z,51.68,51.74,51.68,51.74,0.06
Kraken:LTCUSD,2022-09-19T13:42:00Z,51.76,51.84,51.76,51.84,0.87791513
Kraken:LTCUSD,2022-09-19T13:43:00Z,51.79,51.88,51.79,51.88,29.82915285
Kraken:LTCUSD,2022-09-19T13:44:00Z,51.86,51.86,51.74,51.74,54.06003663
Kraken:LTCUSD,2022-09-19T13:45:00Z,51.76,51.92,51.76,51.92,5.72267957
Kraken:LTCUSD,2022-09-19T13:46:00Z,51.82,51.82,51.82,51.82,2.99586532
Kraken:LTCUSD,2022-09-19T13:47:00Z,51.9,51.92,51.88,51.88,293.99259814
Kraken:LTCUSD,2022-09-19T13:48:00Z,51.87,51.87,51.84,51.84,1.03210623
Kraken:LTCUSD,2022-09-19T13:49:00Z,51.91,51.97,51.91,51.97,5.43491864
Kraken:LTCUSD,2022-09-19T13:50:00Z,51.96,51.96,51.96,51.96,10.17948978
Kraken:LTCUSD,2022-09-19T13:51:00Z,51.98,52.05,51.98,52.05,0.70412625
Kraken:LTCUSD,2022-09-19T13:52:00Z,52.04,52.04,52.04,52.04,1.96957035
Kraken:LTCUSD,2022-09-19T13:53:00Z,52.05,52.05,52.05,52.05,0.10483031
Kraken:LTCUSD,2022-09-19T13:54:00Z,52.09,52.17,52.09,52.17,3.17278614
Kraken:LTCUSD,2022-09-19T13:56:00Z,52.18,52.22,52.18,52.22,4.31561259
Kraken:LTCUSD,2022-09-19T13:57:00Z,52.2,52.2,52.2,52.2,0.20257037
Kraken:LTCUSD,2022-09-19T14:00:00Z,52.15,52.15,52.03,52.03,22.07395082
Kraken:LTCUSD,2022-09-19T14:01:00Z,51.98,51.98,51.89,51.9,38.93955324
Kraken:LTCUSD,2022-09-19T14:02:00Z,51.87,51.94,51.87,51.94,7.18124776
Kraken:LTCUSD,2022-09-19T14:03:00Z,51.94,52.04,51.94,52.04,2.25137188
Kraken:LTCUSD,2022-09-19T14:05:00Z,52.09,52.12,52.09,52.12,0.42587847
Kraken:LTCUSD,2022-09-19T14:06:00Z,52.17,52.19,52.17,52.19,30.80781841
Kraken:LTCUSD,2022-09-19T14:10:00Z,52.01,52.05,52.01,52.05,3.59887951
Kraken:LTCUSD,2022-09-19T14:11:00Z,52.04,52.15,52.04,52.15,5.13423311
Kraken:LTCUSD,2022-09-19T14:12:00Z,52.13,52.22,52.13,52.22,13.3806167
Kraken:LTCUSD,2022-09-19T14:13:00Z,52.23,52.26,52.23,52.24,0.51744868
Kraken:LTCUSD,2022-09-19T14:14:00Z,52.25,52.25,52.25,52.25,6.03
Kraken:LTCUSD,2022-09-19T14:15:00Z,52.26,52.41,52.26,52.41,1E+3
Kraken:LTCUSD,2022-09-19T14:16:00Z,52.44,52.48,52.41,52.41,102.14225389
Kraken:LTCUSD,2022-09-19T14:17:00Z,52.45,52.5,52.45,52.46,8.38619483
Kraken:LTCUSD,2022-09-19T14:18:00Z,52.49,52.55,52.49,52.55,2.00688584
Kraken:LTCUSD,2022-09-19T14:19:00Z,52.54,52.54,52.54,52.54,11.83731274
Kraken:LTCUSD,2022-09-19T14:20:00Z,52.49,52.49,52.48,52.48,34.415
Kraken:LTCUSD,2022-09-19T14:22:00Z,52.48,52.48,52.4,52.4,50.89599999
Kraken:LTCUSD,2022-09-19T14:23:00Z,52.4,52.4,52.4,52.4,1.61731749
Kraken:LTCUSD,2022-09-19T14:24:00Z,52.43,52.52,52.43,52.52,1.713557
Kraken:LTCUSD,2022-09-19T14:25:00Z,52.58,52.58,52.58,52.58,0.03
Kraken:LTCUSD,2022-09-19T14:26:00Z,52.57,52.63,52.57,52.63,88.50114426
Kraken:LTCUSD,2022-09-19T14:27:00Z,52.59,52.59,52.59,52.59,9.65744335
Kraken:LTCUSD,2022-09-19T14:28:00Z,52.56,52.58,52.56,52.57,25.80216211
Kraken:LTCUSD,2022-09-19T14:29:00Z,52.63,52.63,52.61,52.61,0.71483769
Kraken:LTCUSD,2022-09-19T14:30:00Z,52.58,52.58,52.58,52.58,0.03
Kraken:LTCUSD,2022-09-19T14:31:00Z,52.51,52.54,52.51,52.51,32.51
Kraken:LTCUSD,2022-09-19T14:32:00Z,52.51,52.54,52.51,52.51,2.20314949
Kraken:LTCUSD,2022-09-19T14:33:00Z,52.53,52.53,52.53,52.53,0.03
Kraken:LTCUSD,2022-09-19T14:34:00Z,52.51,52.56,52.51,52.56,0.3169
Kraken:LTCUSD,2022-09-19T14:35:00Z,52.57,52.63,52.57,52.62,3.79561889
Kraken:LTCUSD,2022-09-19T14:36:00Z,52.68,52.72,52.68,52.72,5.86534727
Kraken:LTCUSD,2022-09-19T14:37:00Z,52.78,52.8,52.77,52.8,113.76
Kraken:LTCUSD,2022-09-19T14:38:00Z,52.79,52.8,52.59,52.59,220.61560687
Kraken:LTCUSD,2022-09-19T14:39:00Z,52.52,52.52,52.52,52.52,0.33290595
Kraken:LTCUSD,2022-09-19T14:41:00Z,52.51,52.56,52.51,52.56,20.03
Kraken:LTCUSD,2022-09-19T14:42:00Z,52.56,52.73,52.56,52.73,3.03303557
Kraken:LTCUSD,2022-09-19T14:44:00Z,52.72,52.72,52.72,52.72,0.03
Kraken:LTCUSD,2022-09-19T14:45:00Z,52.77,52.77,52.77,52.77,0.03
Kraken:LTCUSD,2022-09-19T14:49:00Z,52.54,52.56,52.47,52.5,100.41527066
Kraken:LTCUSD,2022-09-19T14:51:00Z,52.48,52.49,52.45,52.46,96.68846833
Kraken:LTCUSD,2022-09-19T14:52:00Z,52.49,52.56,52.49,52.51,68.7895675
Kraken:LTCUSD,2022-09-19T14:53:00Z,52.4,52.4,52.37,52.37,29.43563627
Kraken:LTCUSD,2022-09-19T14:54:00Z,52.4,52.42,52.4,52.42,0.06
Kraken:LTCUSD,2022-09-19T14:57:00Z,52.35,52.35,52.35,52.35,4
Kraken:LTCUSD,2022-09-19T14:58:00Z,52.35,52.35,52.35,52.35,1.57644119
Kraken:LTCUSD,2022-09-19T14:59:00Z,52.37,52.37,52.37,52.37,0.03
Kraken:LTCUSD,2022-09-19T15:01:00Z,52.36,52.36,52.36,52.36,77.2033
Kraken:LTCUSD,2022-09-19T15:02:00Z,52.37,52.44,52.37,52.44,1.49630322
Kraken:LTCUSD,2022-09-19T15:07:00Z,52.38,52.38,52.36,52.36,100.42492385
Kraken:LTCUSD,2022-09-19T15:08:00Z,52.39,52.41,52.39,52.41,0.06
Kraken:LTCUSD,2022-09-19T15:10:00Z,52.42,52.48,52.42,52.48,106.50530107
Kraken:LTCUSD,2022-09-19T15:12:00Z,52.5,52.5,52.5,52.5,0.03
Kraken:LTCUSD,2022-09-19T15:16:00Z,52.42,52.49,52.42,52.49,114.9664
Kraken:LTCUSD,2022-09-19T15:19:00Z,52.48,52.48,52.46,52.46,30.48833864
Kraken:LTCUSD,2022-09-19T15:20:00Z,52.46,52.46,52.46,52.46,49.49401135
Kraken:LTCUSD,2022-09-19T15:22:00Z,52.29,52.29,52.2,52.23,15.38209173
Kraken:LTCUSD,2022-09-19T15:23:00Z,52.26,52.26,52.26,52.26,0.03
Kraken:LTCUSD,2022-09-19T15:25:00Z,52.2,52.2,52.15,52.15,10.2541
Kraken:LTCUSD,2022-09-19T15:26:00Z,52.23,52.28,52.23,52.28,0.09
Kraken:LTCUSD,2022-09-19T15:31:00Z,52.23,52.23,52.18,52.19,56.69012877
Kraken:LTCUSD,2022-09-19T15:32:00Z,52.19,52.19,52.17,52.17,0.54
Kraken:LTCUSD,2022-09-19T15:34:00Z,52.14,52.14,52.14,52.14,0.07377914
Kraken:LTCUSD,2022-09-19T15:37:00Z,51.97,51.97,51.91,51.91,94.66595975
Kraken:LTCUSD,2022-09-19T15:38:00Z,51.87,51.89,51.87,51.89,0.19717791
Kraken:LTCUSD,2022-09-19T15:39:00Z,51.91,51.91,51.91,51.91,0.03
Kraken:LTCUSD,2022-09-19T15:40:00Z,51.95,51.98,51.95,51.98,19.25285893
Kraken:LTCUSD,2022-09-19T15:41:00Z,52.0,52.04,52.0,52.04,0.25060769
Kraken:LTCUSD,2022-09-19T15:42:00Z,52.03,52.03,52.03,52.03,1.90439916
Kraken:LTCUSD,2022-09-19T15:43:00Z,52.02,52.02,52.02,52.02,1.31937492
Kraken:LTCUSD,2022-09-19T15:44:00Z,52.04,52.04,52.04,52.04,0.03
Kraken:LTCUSD,2022-09-19T15:45:00Z,52.06,52.08,52.06,52.08,5.37508022
Kraken:LTCUSD,2022-09-19T15:46:00Z,52.08,52.08,52.07,52.07,10.93206398
Kraken:LTCUSD,2022-09-19T15:47:00Z,52.09,52.09,52.09,52.09,0.187872
Kraken:LTCUSD,2022-09-19T15:48:00Z,52.12,52.12,52.12,52.12,0.03
Kraken:LTCUSD,2022-09-19T15:49:00Z,52.13,52.13,52.1,52.11,14.42615733
Kraken:LTCUSD,2022-09-19T15:52:00Z,52.13,52.13,52.13,52.13,0.03
Kraken:LTCUSD,2022-09-19T15:55:00Z,52.08,52.08,52.08,52.08,0.732803
Kraken:LTCUSD,2022-09-19T15:56:00Z,52.05,52.05,52.03,52.03,212.3483
Kraken:LTCUSD,2022-09-19T15:59:00Z,52.01,52.01,52.01,52.01,1.88052986
Kraken:LTCUSD,2022-09-19T16:00:00Z,51.99,52.0,51.99,52.0,8.9
Kraken:LTCUSD,2022-09-19T16:01:00Z,51.99,51.99,51.99,51.99,1.188509
Kraken:LTCUSD,2022-09-19T16:02:00Z,51.99,52.0,51.99,51.99,1.03044694
Kraken:LTCUSD,2022-09-19T16:03:00Z,52.02,52.03,52.02,52.03,19.69987434
Kraken:LTCUSD,2022-09-19T16:05:00Z,52.03,52.03,52.02,52.02,123.41224
Kraken:LTCUSD,2022-09-19T16:06:00Z,52.02,52.02,52.02,52.02,15.75347952
Kraken:LTCUSD,2022-09-19T16:07:00Z,51.94,52.09,51.94,52.09,94.79989109
Kraken:LTCUSD,2022-09-19T16:09:00Z,52.13,52.14,52.12,52.13,3.09535553
Kraken:LTCUSD,2022-09-19T16:10:00Z,52.12,52.12,52.12,52.12,2E+1
Kraken:LTCUSD,2022-09-19T16:12:00Z,52.12,52.12,52.05,52.08,44.43
Kraken:LTCUSD,2022-09-19T16:13:00Z,52.04,52.06,52.04,52.06,1.90313415
Kraken:LTCUSD,2022-09-19T16:14:00Z,52.07,52.07,52.07,52.07,0.52335762
Kraken:LTCUSD,2022-09-19T16:15:00Z,52.05,52.08,52.05,52.08,2.02254
Kraken:LTCUSD,2022-09-19T16:17:00Z,52.07,52.08,52.05,52.05,2.71515367
Kraken:LTCUSD,2022-09-19T16:18:00Z,52.08,52.08,52.08,52.08,0.03
Kraken:LTCUSD,2022-09-19T16:23:00Z,51.97,51.97,51.97,51.97,0.09160275
Kraken:LTCUSD,2022-09-19T16:24:00Z,52.0,52.0,52.0,52.0,0.03
Kraken:LTCUSD,2022-09-19T16:27:00Z,51.98,51.98,51.82,51.82,371.6027239
Kraken:LTCUSD,2022-09-19T16:28:00Z,51.86,51.88,51.86,51.88,1.16415912
Kraken:LTCUSD,2022-09-19T16:29:00Z,51.83,51.85,51.83,51.84,1.28626299
Kraken:LTCUSD,2022-09-19T16:30:00Z,51.86,51.86,51.86,51.86,0.03
Kraken:LTCUSD,2022-09-19T16:31:00Z,51.91,52.0,51.91,52.0,4.22695487
Kraken:LTCUSD,2022-09-19T16:32:00Z,52.0,52.0,51.99,51.99,3.66545541
Kraken:LTCUSD,2022-09-19T16:33:00Z,51.97,51.97,51.97,51.97,0.03078647
Kraken:LTCUSD,2022-09-19T16:35:00Z,52.01,52.01,52.01,52.01,6.69711564
Kraken:LTCUSD,2022-09-19T16:40:00Z,51.94,51.94,51.94,51.94,0.165974
Kraken:LTCUSD,2022-09-19T16:43:00Z,51.93,51.93,51.93,51.93,1.93973998
Kraken:LTCUSD,2022-09-19T16:45:00Z,51.94,51.98,51.94,51.98,1.018626
Kraken:LTCUSD,2022-09-19T16:47:00Z,51.93,51.93,51.93,51.93,150.73834093
Kraken:LTCUSD,2022-09-19T16:48:00Z,51.93,51.93,51.93,51.93,66.78365907
Kraken:LTCUSD,2022-09-19T16:49:00Z,51.86,51.86,51.86,51.86,1.35
Kraken:LTCUSD,2022-09-19T16:50:00Z,51.93,51.94,51.93,51.94,1.85202429
Kraken:LTCUSD,2022-09-19T16:51:00Z,51.96,52.01,51.96,52.01,1.22458097
Kraken:LTCUSD,2022-09-19T16:53:00Z,52.01,52.05,52.01,52.05,0.23155478
Kraken:LTCUSD,2022-09-19T16:54:00Z,52.05,52.16,52.05,52.15,72.62026891
Kraken:LTCUSD,2022-09-19T16:56:00Z,52.17,52.19,52.17,52.19,0.92129642
Kraken:LTCUSD,2022-09-19T16:57:00Z,52.2,52.2,52.2,52.2,53.97744792
Kraken:LTCUSD,2022-09-19T16:58:00Z,52.2,52.2,52.2,52.2,0.21138856
Kraken:LTCUSD,2022-09-19T16:59:00Z,52.23,52.23,52.2,52.2,0.22660694
Kraken:LTCUSD,2022-09-19T17:01:00Z,52.18,52.18,52.18,52.18,37.6
Kraken:LTCUSD,2022-09-19T17:04:00Z,52.19,52.19,52.19,52.19,0.94207063
Kraken:LTCUSD,2022-09-19T17:05:00Z,52.18,52.18,52.18,52.18,9.14261157
Kraken:LTCUSD,2022-09-19T17:06:00Z,52.18,52.18,52.18,52.18,0.96865624
Kraken:LTCUSD,2022-09-19T17:07:00Z,52.19,52.19,52.19,52.19,0.20982937
Kraken:LTCUSD,2022-09-19T17:08:00Z,52.2,52.2,52.2,52.2,0.0451
Kraken:LTCUSD,2022-09-19T17:13:00Z,52.19,52.2,52.19,52.19,10.57326174
Kraken:LTCUSD,2022-09-19T17:14:00Z,52.24,52.26,52.24,52.26,2.26636636
Kraken:LTCUSD,2022-09-19T17:16:00Z,52.24,52.24,52.24,52.24,4.94875382
Kraken:LTCUSD,2022-09-19T17:17:00Z,52.23,52.23,52.23,52.23,107.429
Kraken:LTCUSD,2022-09-19T17:20:00Z,52.08,52.08,52.08,52.08,1.54910216
Kraken:LTCUSD,2022-09-19T17:21:00Z,52.08,52.08,52.08,52.08,18.38189784
Kraken:LTCUSD,2022-09-19T17:22:00Z,52.03,52.1,52.03,52.1,1.18269999
Kraken:LTCUSD,2022-09-19T17:23:00Z,52.04,52.04,52.04,52.04,151.72224409
Kraken:LTCUSD,2022-09-19T17:24:00Z,52.05,52.05,51.96,51.98,337.05550812
Kraken:LTCUSD,2022-09-19T17:25:00Z,52.01,52.02,51.98,51.98,5.23029175
Kraken:LTCUSD,2022-09-19T17:26:00Z,52.0,52.0,52.0,52.0,0.03
Kraken:LTCUSD,2022-09-19T17:27:00Z,52.02,52.02,52.02,52.02,0.03
Kraken:LTCUSD,2022-09-19T17:28:00Z,51.99,51.99,51.98,51.98,8.28624349
Kraken:LTCUSD,2022-09-19T17:30:00Z,51.94,51.94,51.94,51.94,0.06828645
Kraken:LTCUSD,2022-09-19T17:31:00Z,51.94,51.96,51.94,51.96,0.23
Kraken:LTCUSD,2022-09-19T17:32:00Z,51.94,51.96,51.93,51.96,4.2839067
Kraken:LTCUSD,2022-09-19T17:33:00Z,51.95,51.95,51.95,51.95,1.22444376
Kraken:LTCUSD,2022-09-19T17:34:00Z,51.77,51.77,51.75,51.75,1.41393952
Kraken:LTCUSD,2022-09-19T17:35:00Z,51.75,51.76,51.75,51.76,1.78939907
Kraken:LTCUSD,2022-09-19T17:36:00Z,51.73,51.73,51.73,51.73,2.05075376
Kraken:LTCUSD,2022-09-19T17:37:00Z,51.68,51.68,51.67,51.67,0.78786312
Kraken:LTCUSD,2022-09-19T17:38:00Z,51.6,51.6,51.56,51.59,43.73823375
Kraken:LTCUSD,2022-09-19T17:39:00Z,51.56,51.59,51.53,51.59,124.1353
Kraken:LTCUSD,2022-09-19T17:40:00Z,51.62,51.64,51.6,51.64,2.00282889
Kraken:LTCUSD,2022-09-19T17:41:00Z,51.66,51.66,51.66,51.66,0.03
Kraken:LTCUSD,2022-09-19T17:44:00Z,51.6,51.62,51.6,51.62,56.29937068
Kraken:LTCUSD,2022-09-19T17:45:00Z,51.63,51.68,51.63,51.68,6.31968992
Kraken:LTCUSD,2022-09-19T17:47:00Z,51.68,51.71,51.68,51.71,2.68415082
Kraken:LTCUSD,2022-09-19T17:48:00Z,51.72,51.72,51.72,51.72,0.55511117
Kraken:LTCUSD,2022-09-19T17:50:00Z,51.72,51.78,51.72,51.78,6.36589071
Kraken:LTCUSD,2022-09-19T17:51:00Z,51.78,51.78,51.78,51.78,9.63878694
Kraken:LTCUSD,2022-09-19T17:53:00Z,51.78,51.78,51.78,51.78,1.53804558
Kraken:LTCUSD,2022-09-19T17:54:00Z,51.81,51.83,51.81,51.83,0.06
Kraken:LTCUSD,2022-09-19T17:55:00Z,51.83,51.83,51.83,51.83,0.03800733
Kraken:LTCUSD,2022-09-19T17:56:00Z,51.84,51.9,51.84,51.9,4.43966911
Kraken:LTCUSD,2022-09-19T17:57:00Z,51.86,51.86,51.86,51.86,1.33811035
Kraken:LTCUSD,2022-09-19T17:58:00Z,51.82,51.82,51.82,51.82,131.664
Kraken:LTCUSD,2022-09-19T17:59:00Z,51.8,51.8,51.74,51.74,2.63021687
Kraken:LTCUSD,2022-09-19T18:02:00Z,51.67,51.73,51.67,51.73,1.1901
Kraken:LTCUSD,2022-09-19T18:04:00Z,51.71,51.71,51.69,51.7,49.94849235
Kraken:LTCUSD,2022-09-19T18:05:00Z,51.68,51.68,51.68,51.68,0.6817106
Kraken:LTCUSD,2022-09-19T18:07:00Z,51.67,51.67,51.67,51.67,11.19167157
Kraken:LTCUSD,2022-09-19T18:08:00Z,51.66,51.66,51.66,51.66,13.15
Kraken:LTCUSD,2022-09-19T18:11:00Z,51.67,51.68,51.66,51.66,8.19937933
Kraken:LTCUSD,2022-09-19T18:14:00Z,51.61,51.61,51.61,51.61,0.94326067
Kraken:LTCUSD,2022-09-19T18:16:00Z,51.58,51.63,51.58,51.63,2.37022582
Kraken:LTCUSD,2022-09-19T18:17:00Z,51.63,51.65,51.63,51.65,1.03015952
Kraken:LTCUSD,2022-09-19T18:18:00Z,51.68,51.7,51.68,51.7,0.57555925
Kraken:LTCUSD,2022-09-19T18:19:00Z,51.69,51.69,51.63,51.63,1.13072534
Kraken:LTCUSD,2022-09-19T18:20:00Z,51.67,51.68,51.66,51.68,18.57
Kraken:LTCUSD,2022-09-19T18:22:00Z,51.68,51.68,51.67,51.67,0.65716994
Kraken:LTCUSD,2022-09-19T18:23:00Z,51.66,51.66,51.61,51.61,174.374
Kraken:LTCUSD,2022-09-19T18:24:00Z,51.42,51.42,51.39,51.39,48.49168413
Kraken:LTCUSD,2022-09-19T18:25:00Z,51.34,51.37,51.34,51.37,3.37478311
Kraken:LTCUSD,2022-09-19T18:26:00Z,51.4,51.42,51.34,51.34,12.184715
Kraken:LTCUSD,2022-09-19T18:27:00Z,51.34,51.34,51.31,51.34,20.94838
Kraken:LTCUSD,2022-09-19T18:28:00Z,51.35,51.35,51.35,51.35,0.72865
Kraken:LTCUSD,2022-09-19T18:29:00Z,51.34,51.34,51.34,51.34,0.425903
Kraken:LTCUSD,2022-09-19T18:30:00Z,51.31,51.42,51.31,51.42,40.22088918
Kraken:LTCUSD,2022-09-19T18:31:00Z,51.43,51.48,51.43,51.48,1.07639755
Kraken:LTCUSD,2022-09-19T18:32:00Z,51.48,51.58,51.48,51.58,4.4456364
Kraken:LTCUSD,2022-09-19T18:33:00Z,51.62,51.62,51.62,51.62,2.08981811
Kraken:LTCUSD,2022-09-19T18:34:00Z,51.6,51.6,51.6,51.6,0.24771857
Kraken:LTCUSD,2022-09-19T18:35:00Z,51.61,51.61,51.61,51.61,13.8262001
Kraken:LTCUSD,2022-09-19T18:36:00Z,51.58,51.58,51.58,51.58,1.10313
Kraken:LTCUSD,2022-09-19T18:37:00Z,51.6,51.6,51.6,51.6,2.69093257
Kraken:LTCUSD,2022-09-19T18:38:00Z,51.59,51.68,51.59,51.68,1.66591656
Kraken:LTCUSD,2022-09-19T18:40:00Z,51.68,51.68,51.68,51.68,9.36964611
Kraken:LTCUSD,2022-09-19T18:41:00Z,51.68,51.68,51.68,51.68,22.83567
Kraken:LTCUSD,2022-09-19T18:42:00Z,51.69,51.72,51.69,51.72,7.32875401
Kraken:LTCUSD,2022-09-19T18:43:00Z,51.74,51.74,51.74,51.74,0.03
Kraken:LTCUSD,2022-09-19T18:44:00Z,51.71,51.71,51.71,51.71,0.03494488
Kraken:LTCUSD,2022-09-19T18:45:00Z,51.74,51.74,51.74,51.74,0.03
Kraken:LTCUSD,2022-09-19T18:46:00Z,51.78,51.78,51.77,51.77,6.20831
Kraken:LTCUSD,2022-09-19T18:49:00Z,51.74,51.74,51.74,51.74,1.44697
Kraken:LTCUSD,2022-09-19T18:51:00Z,51.76,51.76,51.76,51.76,0.03
Kraken:LTCUSD,2022-09-19T18:53:00Z,51.74,51.77,51.74,51.77,2.09
Kraken:LTCUSD,2022-09-19T18:56:00Z,51.81,51.81,51.81,51.81,0.03
Kraken:LTCUSD,2022-09-19T18:57:00Z,51.81,51.84,51.81,51.84,1.28596839
Kraken:LTCUSD,2022-09-19T18:59:00Z,51.85,51.88,51.85,51.88,3.94708841
Kraken:LTCUSD,2022-09-19T19:00:00Z,51.89,51.9,51.89,51.9,0.94824815
Kraken:LTCUSD,2022-09-19T19:01:00Z,51.91,52.01,51.91,52.01,5.3098091
Kraken:LTCUSD,2022-09-19T19:02:00Z,52.06,52.09,52.06,52.09,1.91221232
Kraken:LTCUSD,2022-09-19T19:03:00Z,52.1,52.17,52.1,52.17,1.31371423
Kraken:LTCUSD,2022-09-19T19:04:00Z,52.17,52.25,52.17,52.25,13.13262107
Kraken:LTCUSD,2022-09-19T19:05:00Z,52.18,52.18,52.18,52.18,0.718014
Kraken:LTCUSD,2022-09-19T19:06:00Z,52.16,52.16,52.16,52.16,4.88861572
Kraken:LTCUSD,2022-09-19T19:07:00Z,52.16,52.16,52.16,52.16,72.67638428
Kraken:LTCUSD,2022-09-19T19:09:00Z,52.14,52.14,52.14,52.14,8.166
Kraken:LTCUSD,2022-09-19T19:10:00Z,52.17,52.25,52.16,52.25,5.57517569
Kraken:LTCUSD,2022-09-19T19:11:00Z,52.25,52.44,52.25,52.44,2.13935316
Kraken:LTCUSD,2022-09-19T19:12:00Z,52.44,52.45,52.44,52.44,0.95610389
Kraken:LTCUSD,2022-09-19T19:13:00Z,52.45,52.52,52.45,52.52,48.09890177
Kraken:LTCUSD,2022-09-19T19:14:00Z,52.5,52.5,52.39,52.39,156.3296038
Kraken:LTCUSD,2022-09-19T19:15:00Z,52.33,52.33,52.33,52.33,0.08206188
Kraken:LTCUSD,2022-09-19T19:16:00Z,52.33,52.33,52.33,52.33,1.0649
Kraken:LTCUSD,2022-09-19T19:17:00Z,52.33,52.4,52.33,52.4,0.81030447
Kraken:LTCUSD,2022-09-19T19:18:00Z,52.37,52.37,52.37,52.37,1.8812711
Kraken:LTCUSD,2022-09-19T19:19:00Z,52.32,52.32,52.32,52.32,0.80982416
Kraken:LTCUSD,2022-09-19T19:22:00Z,52.28,52.28,52.28,52.28,0.430547
Kraken:LTCUSD,2022-09-19T19:24:00Z,52.23,52.23,52.23,52.23,0.09381692
Kraken:LTCUSD,2022-09-19T19:25:00Z,52.26,52.29,52.26,52.29,0.06
Kraken:LTCUSD,2022-09-19T19:26:00Z,52.28,52.28,52.28,52.28,0.31341
Kraken:LTCUSD,2022-09-19T19:27:00Z,52.3,52.3,52.3,52.3,0.03
Kraken:LTCUSD,2022-09-19T19:30:00Z,52.23,52.28,52.23,52.28,1.17729999
Kraken:LTCUSD,2022-09-19T19:32:00Z,52.28,52.31,52.28,52.31,1.33658239
Kraken:LTCUSD,2022-09-19T19:34:00Z,52.31,52.37,52.31,52.37,0.0300516
Kraken:LTCUSD,2022-09-19T19:35:00Z,52.33,52.33,52.33,52.33,0.03508231
Kraken:LTCUSD,2022-09-19T19:36:00Z,52.35,52.37,52.35,52.37,2.06
Kraken:LTCUSD,2022-09-19T19:37:00Z,52.29,52.34,52.29,52.34,1.53815386
Kraken:LTCUSD,2022-09-19T19:38:00Z,52.38,52.51,52.37,52.51,41.04206686
Kraken:LTCUSD,2022-09-19T19:39:00Z,52.51,52.54,52.51,52.54,0.446431
Kraken:LTCUSD,2022-09-19T19:40:00Z,52.48,52.59,52.48,52.59,21.53082209
Kraken:LTCUSD,2022-09-19T19:42:00Z,52.59,52.61,52.59,52.61,1.17234575
Kraken:LTCUSD,2022-09-19T19:43:00Z,52.58,52.59,52.55,52.59,1.4727768
Kraken:LTCUSD,2022-09-19T19:44:00Z,52.62,52.64,52.62,52.64,3.31372304
Kraken:LTCUSD,2022-09-19T19:45:00Z,52.64,52.64,52.64,52.64,44.00513848
Kraken:LTCUSD,2022-09-19T19:46:00Z,52.54,52.54,52.54,52.54,14.50695818
Kraken:LTCUSD,2022-09-19T19:49:00Z,52.53,52.53,52.52,52.52,12.63323182
Kraken:LTCUSD,2022-09-19T19:50:00Z,52.52,52.52,52.4,52.4,71.50998327
Kraken:LTCUSD,2022-09-19T19:51:00Z,52.42,52.46,52.42,52.46,0.06
Kraken:LTCUSD,2022-09-19T19:52:00Z,52.46,52.46,52.45,52.45,1.87165319
Kraken:LTCUSD,2022-09-19T19:54:00Z,52.46,52.5,52.46,52.5,0.03001407
Kraken:LTCUSD,2022-09-19T19:55:00Z,52.5,52.5,52.5,52.5,1.1439
Kraken:LTCUSD,2022-09-19T19:56:00Z,52.54,52.54,52.54,52.54,0.03
Kraken:LTCUSD,2022-09-19T19:57:00Z,52.58,52.58,52.58,52.58,0.03
Kraken:LTCUSD,2022-09-19T19:58:00Z,52.58,52.6,52.58,52.6,1.90258751
Kraken:LTCUSD,2022-09-19T19:59:00Z,52.59,52.59,52.59,52.59,0.088
Kraken:LTCUSD,2022-09-19T20:00:00Z,52.56,52.64,52.56,52.64,59.88705976
Kraken:LTCUSD,2022-09-19T20:01:00Z,52.65,52.76,52.65,52.76,1.21385809
Kraken:LTCUSD,2022-09-19T20:02:00Z,52.77,52.77,52.77,52.77,0.03
Kraken:LTCUSD,2022-09-19T20:03:00Z,52.62,52.66,52.61,52.66,7.87396056
Kraken:LTCUSD,2022-09-19T20:04:00Z,52.65,52.65,52.64,52.64,43.121
Kraken:LTCUSD,2022-09-19T20:05:00Z,52.6,52.6,52.6,52.6,26.93
Kraken:LTCUSD,2022-09-19T20:07:00Z,52.57,52.57,52.51,52.57,208.45794233
Kraken:LTCUSD,2022-09-19T20:08:00Z,52.59,52.59,52.59,52.59,0.03
Kraken:LTCUSD,2022-09-19T20:09:00Z,52.63,52.63,52.63,52.63,0.03
Kraken:LTCUSD,2022-09-19T20:13:00Z,52.6,52.6,52.6,52.6,12.5
Kraken:LTCUSD,2022-09-19T20:14:00Z,52.49,52.49,52.49,52.49,1.71387296
Kraken:LTCUSD,2022-09-19T20:15:00Z,52.47,52.47,52.47,52.47,2
Kraken:LTCUSD,2022-09-19T20:20:00Z,52.43,52.43,52.43,52.43,5
Kraken:LTCUSD,2022-09-19T20:21:00Z,52.43,52.43,52.43,52.43,101.376
Kraken:LTCUSD,2022-09-19T20:22:00Z,52.37,52.37,52.37,52.37,1.0582065
Kraken:LTCUSD,2022-09-19T20:25:00Z,52.39,52.39,52.39,52.39,0.03
Kraken:LTCUSD,2022-09-19T20:26:00Z,52.37,52.39,52.37,52.39,3.91103581
Kraken:LTCUSD,2022-09-19T20:28:00Z,52.35,52.37,52.35,52.37,5.81370248
Kraken:LTCUSD,2022-09-19T20:30:00Z,52.38,52.38,52.38,52.38,2.70976546
Kraken:LTCUSD,2022-09-19T20:33:00Z,52.36,52.36,52.36,52.36,1E+1
Kraken:LTCUSD,2022-09-19T20:34:00Z,52.35,52.35,52.35,52.35,35
Kraken:LTCUSD,2022-09-19T20:35:00Z,52.38,52.38,52.38,52.38,0.03
Kraken:LTCUSD,2022-09-19T20:36:00Z,52.38,52.38,52.38,52.38,0.1506
Kraken:LTCUSD,2022-09-19T20:38:00Z,52.38,52.41,52.38,52.4,9.65101829
Kraken:LTCUSD,2022-09-19T20:39:00Z,52.4,52.4,52.4,52.4,0.29
Kraken:LTCUSD,2022-09-19T20:40:00Z,52.36,52.37,52.36,52.36,6.57609145
Kraken:LTCUSD,2022-09-19T20:41:00Z,52.36,52.36,52.36,52.36,62.95625142
Kraken:LTCUSD,2022-09-19T20:42:00Z,52.36,52.36,52.36,52.36,7.9845364
Kraken:LTCUSD,2022-09-19T20:43:00Z,52.36,52.36,52.36,52.36,46.90014218
Kraken:LTCUSD,2022-09-19T20:44:00Z,52.27,52.27,52.27,52.27,2.57666882
Kraken:LTCUSD,2022-09-19T20:45:00Z,52.32,52.33,52.3,52.33,14.40683978
Kraken:LTCUSD,2022-09-19T20:48:00Z,52.35,52.41,52.35,52.41,0.39495058
Kraken:LTCUSD,2022-09-19T20:50:00Z,52.32,52.34,52.31,52.32,48.77406045
Kraken:LTCUSD,2022-09-19T20:51:00Z,52.34,52.34,52.34,52.34,0.03
Kraken:LTCUSD,2022-09-19T20:52:00Z,52.36,52.36,52.35,52.35,0.75349941
Kraken:LTCUSD,2022-09-19T20:53:00Z,52.36,52.39,52.36,52.39,2.32881334
Kraken:LTCUSD,2022-09-19T20:54:00Z,52.4,52.42,52.4,52.42,0.36611215
Kraken:LTCUSD,2022-09-19T20:55:00Z,52.41,52.41,52.41,52.41,8.59148009
Kraken:LTCUSD,2022-09-19T20:56:00Z,52.41,52.41,52.35,52.35,81.48133685
Kraken:LTCUSD,2022-09-19T20:59:00Z,52.26,52.26,52.26,52.26,0.89029294
Kraken:LTCUSD,2022-09-19T21:00:00Z,52.24,52.31,52.24,52.31,1.809248
Kraken:LTCUSD,2022-09-19T21:03:00Z,52.36,52.36,52.36,52.36,0.03
Kraken:LTCUSD,2022-09-19T21:04:00Z,52.38,52.38,52.32,52.32,0.507313
Kraken:LTCUSD,2022-09-19T21:05:00Z,52.29,52.29,52.29,52.29,11.2545339
Kraken:LTCUSD,2022-09-19T21:06:00Z,52.3,52.3,52.3,52.3,4
Kraken:LTCUSD,2022-09-19T21:07:00Z,52.32,52.32,52.32,52.32,0.0627654
Kraken:LTCUSD,2022-09-19T21:10:00Z,52.32,52.32,52.32,52.32,4.258736
Kraken:LTCUSD,2022-09-19T21:11:00Z,52.33,52.33,52.33,52.33,0.19109497
Kraken:LTCUSD,2022-09-19T21:13:00Z,52.32,52.32,52.32,52.32,15.853264
Kraken:LTCUSD,2022-09-19T21:15:00Z,52.27,52.28,52.27,52.28,0.24145899
Kraken:LTCUSD,2022-09-19T21:17:00Z,52.33,52.34,52.33,52.34,0.4122368
Kraken:LTCUSD,2022-09-19T21:18:00Z,52.34,52.36,52.34,52.36,8.88917043
Kraken:LTCUSD,2022-09-19T21:20:00Z,52.41,52.46,52.41,52.46,0.65467098
Kraken:LTCUSD,2022-09-19T21:21:00Z,52.46,52.48,52.46,52.48,4.62472693
Kraken:LTCUSD,2022-09-19T21:22:00Z,52.54,52.66,52.54,52.62,6.38165954
Kraken:LTCUSD,2022-09-19T21:26:00Z,52.5,52.5,52.41,52.41,205.11589231
Kraken:LTCUSD,2022-09-19T21:27:00Z,52.4,52.4,52.4,52.4,0.34075341
Kraken:LTCUSD,2022-09-19T21:35:00Z,52.3,52.3,52.3,52.3,46.8592527
Kraken:LTCUSD,2022-09-19T21:37:00Z,52.33,52.35,52.33,52.35,22.21387516
Kraken:LTCUSD,2022-09-19T21:38:00Z,52.36,52.44,52.36,52.44,3.16072016
Kraken:LTCUSD,2022-09-19T21:39:00Z,52.44,52.49,52.44,52.49,2.64982216
Kraken:LTCUSD,2022-09-19T21:40:00Z,52.53,52.53,52.53,52.53,0.03
Kraken:LTCUSD,2022-09-19T21:42:00Z,52.53,52.53,52.53,52.53,3
Kraken:LTCUSD,2022-09-19T21:45:00Z,52.54,52.54,52.54,52.54,0.03
Kraken:LTCUSD,2022-09-19T21:46:00Z,52.53,52.54,52.53,52.54,5.66496426
Kraken:LTCUSD,2022-09-19T21:50:00Z,52.46,52.46,52.46,52.46,94.898
Kraken:LTCUSD,2022-09-19T21:51:00Z,52.44,52.44,52.38,52.42,24.46534672
Kraken:LTCUSD,2022-09-19T21:53:00Z,52.46,52.46,52.46,52.46,0.03
Kraken:LTCUSD,2022-09-19T21:54:00Z,52.46,52.47,52.46,52.46,52.92984441
Kraken:LTCUSD,2022-09-19T21:55:00Z,52.48,52.48,52.48,52.48,0.03
Kraken:LTCUSD,2022-09-19T21:57:00Z,52.47,52.47,52.47,52.47,2
Kraken:LTCUSD,2022-09-19T21:59:00Z,52.42,52.49,52.42,52.46,10.01083191
Kraken:LTCUSD,2022-09-19T22:00:00Z,52.5,52.5,52.5,52.5,0.03
Kraken:LTCUSD,2022-09-19T22:01:00Z,52.52,52.52,52.52,52.52,0.03
Kraken:LTCUSD,2022-09-19T22:02:00Z,52.48,52.48,52.48,52.48,5.3
Kraken:LTCUSD,2022-09-19T22:04:00Z,52.4,52.4,52.4,52.4,1.05
Kraken:LTCUSD,2022-09-19T22:05:00Z,52.37,52.37,52.37,52.37,5.23888803
Kraken:LTCUSD,2022-09-19T22:06:00Z,52.4,52.4,52.38,52.38,0.71296942
Kraken:LTCUSD,2022-09-19T22:07:00Z,52.37,52.44,52.37,52.44,28.53500359
Kraken:LTCUSD,2022-09-19T22:10:00Z,52.45,52.45,52.45,52.45,0.24332842
Kraken:LTCUSD,2022-09-19T22:11:00Z,52.47,52.51,52.47,52.51,0.11246
Kraken:LTCUSD,2022-09-19T22:12:00Z,52.5,52.5,52.5,52.5,4.45540589
Kraken:LTCUSD,2022-09-19T22:13:00Z,52.55,52.55,52.55,52.55,0.03
Kraken:LTCUSD,2022-09-19T22:14:00Z,52.57,52.57,52.55,52.57,4.16674657
Kraken:LTCUSD,2022-09-19T22:15:00Z,52.56,52.56,52.56,52.56,9.276
Kraken:LTCUSD,2022-09-19T22:17:00Z,52.55,52.55,52.44,52.44,96.91432978
Kraken:LTCUSD,2022-09-19T22:18:00Z,52.48,52.53,52.48,52.53,0.09
Kraken:LTCUSD,2022-09-19T22:19:00Z,52.52,52.55,52.52,52.55,1.96652
Kraken:LTCUSD,2022-09-19T22:20:00Z,52.55,52.55,52.55,52.55,0.53657553
Kraken:LTCUSD,2022-09-19T22:24:00Z,52.55,52.55,52.55,52.55,1
Kraken:LTCUSD,2022-09-19T22:25:00Z,52.49,52.49,52.49,52.49,2.74256771
Kraken:LTCUSD,2022-09-19T22:26:00Z,52.49,52.49,52.39,52.39,72.23784156
Kraken:LTCUSD,2022-09-19T22:29:00Z,52.36,52.36,52.36,52.36,0.09549274
Kraken:LTCUSD,2022-09-19T22:30:00Z,52.36,52.39,52.36,52.39,2.05093186
Kraken:LTCUSD,2022-09-19T22:31:00Z,52.41,52.41,52.41,52.41,0.23394078
Kraken:LTCUSD,2022-09-19T22:32:00Z,52.38,52.38,52.38,52.38,2.83148962
Kraken:LTCUSD,2022-09-19T22:33:00Z,52.33,52.33,52.33,52.33,0.17635275
Kraken:LTCUSD,2022-09-19T22:34:00Z,52.35,52.35,52.35,52.35,0.03
Kraken:LTCUSD,2022-09-19T22:35:00Z,52.35,52.35,52.35,52.35,0.40023293
Kraken:LTCUSD,2022-09-19T22:36:00Z,52.38,52.38,52.38,52.38,0.34382377
Kraken:LTCUSD,2022-09-19T22:38:00Z,52.4,52.4,52.4,52.4,0.80866133
Kraken:LTCUSD,2022-09-19T22:39:00Z,52.37,52.37,52.37,52.37,0.50884
Kraken:LTCUSD,2022-09-19T22:40:00Z,52.42,52.42,52.42,52.42,0.03
Kraken:LTCUSD,2022-09-19T22:41:00Z,52.47,52.48,52.47,52.48,2.90911005
Kraken:LTCUSD,2022-09-19T22:42:00Z,52.5,52.5,52.47,52.47,0.44017538
Kraken:LTCUSD,2022-09-19T22:44:00Z,52.46,52.46,52.46,52.46,1.49612849
Kraken:LTCUSD,2022-09-19T22:45:00Z,52.39,52.43,52.39,52.43,7.76332585
Kraken:LTCUSD,2022-09-19T22:47:00Z,52.45,52.45,52.45,52.45,0.03
Kraken:LTCUSD,2022-09-19T22:48:00Z,52.47,52.47,52.47,52.47,0.03
Kraken:LTCUSD,2022-09-19T22:50:00Z,52.46,52.49,52.46,52.49,0.38682828
Kraken:LTCUSD,2022-09-19T22:51:00Z,52.47,52.48,52.45,52.45,90.65503462
Kraken:LTCUSD,2022-09-19T22:52:00Z,52.47,52.53,52.47,52.53,0.37485307
Kraken:LTCUSD,2022-09-19T22:53:00Z,52.53,52.54,52.53,52.54,0.36523823
Kraken:LTCUSD,2022-09-19T22:54:00Z,52.58,52.58,52.58,52.58,0.18661633
Kraken:LTCUSD,2022-09-19T22:55:00Z,52.58,52.61,52.58,52.6,4.0418238
Kraken:LTCUSD,2022-09-19T22:56:00Z,52.61,52.78,52.61,52.78,138.24357927
Kraken:LTCUSD,2022-09-19T22:58:00Z,52.8,52.8,52.8,52.8,0.04806107
Kraken:LTCUSD,2022-09-19T23:00:00Z,52.67,52.7,52.67,52.7,12.731
Kraken:LTCUSD,2022-09-19T23:01:00Z,52.72,52.76,52.72,52.76,9.06958355
Kraken:LTCUSD,2022-09-19T23:02:00Z,52.7,52.71,52.7,52.71,2.83859378
Kraken:LTCUSD,2022-09-19T23:03:00Z,52.73,52.73,52.73,52.73,0.03
Kraken:LTCUSD,2022-09-19T23:07:00Z,52.68,52.68,52.59,52.61,69.31364686
Kraken:LTCUSD,2022-09-19T23:08:00Z,52.62,52.62,52.62,52.62,0.03
Kraken:LTCUSD,2022-09-19T23:09:00Z,52.6,52.6,52.6,52.6,3.29601056
Kraken:LTCUSD,2022-09-19T23:10:00Z,52.57,52.57,52.57,52.57,1.081
Kraken:LTCUSD,2022-09-19T23:12:00Z,52.59,52.59,52.59,52.59,2
Kraken:LTCUSD,2022-09-19T23:14:00Z,52.54,52.54,52.49,52.53,151.21068551
Kraken:LTCUSD,2022-09-19T23:15:00Z,52.55,52.57,52.49,52.49,102.81763353
Kraken:LTCUSD,2022-09-19T23:16:00Z,52.5,52.52,52.5,52.52,0.47284275
Kraken:LTCUSD,2022-09-19T23:17:00Z,52.52,52.53,52.52,52.53,8.74223983
Kraken:LTCUSD,2022-09-19T23:20:00Z,52.54,52.54,52.42,52.42,13.31802493
Kraken:LTCUSD,2022-09-19T23:21:00Z,52.44,52.44,52.44,52.44,1.83360947
Kraken:LTCUSD,2022-09-19T23:22:00Z,52.5,52.5,52.5,52.5,2.65106686
Kraken:LTCUSD,2022-09-19T23:23:00Z,52.54,52.54,52.54,52.54,0.17952
Kraken:LTCUSD,2022-09-19T23:25:00Z,52.54,52.61,52.54,52.61,8.70796385
Kraken:LTCUSD,2022-09-19T23:26:00Z,52.59,52.6,52.57,52.57,0.57
Kraken:LTCUSD,2022-09-19T23:27:00Z,52.62,52.62,52.62,52.62,0.03
Kraken:LTCUSD,2022-09-19T23:28:00Z,52.62,52.62,52.62,52.62,0.16584308
Kraken:LTCUSD,2022-09-19T23:29:00Z,52.65,52.65,52.65,52.65,0.03
Kraken:LTCUSD,2022-09-19T23:31:00Z,52.67,52.67,52.67,52.67,0.03
Kraken:LTCUSD,2022-09-19T23:34:00Z,52.63,52.68,52.63,52.68,0.29885335
Kraken:LTCUSD,2022-09-19T23:35:00Z,52.62,52.62,52.62,52.62,46.944
Kraken:LTCUSD,2022-09-19T23:36:00Z,52.69,52.69,52.69,52.69,0.27003016
Kraken:LTCUSD,2022-09-19T23:37:00Z,52.73,52.76,52.73,52.76,3.87737578
Kraken:LTCUSD,2022-09-19T23:38:00Z,52.76,52.8,52.76,52.79,2.32228213
Kraken:LTCUSD,2022-09-19T23:39:00Z,52.78,52.81,52.78,52.81,0.06
Kraken:LTCUSD,2022-09-19T23:41:00Z,52.79,52.79,52.79,52.79,16.0802704
Kraken:LTCUSD,2022-09-19T23:42:00Z,52.78,52.8,52.78,52.8,3.74464785
Kraken:LTCUSD,2022-09-19T23:43:00Z,52.82,52.82,52.82,52.82,0.03
Kraken:LTCUSD,2022-09-19T23:45:00Z,52.81,52.81,52.81,52.81,50.48395
Kraken:LTCUSD,2022-09-19T23:46:00Z,52.82,52.88,52.82,52.88,47.2169
Kraken:LTCUSD,2022-09-19T23:47:00Z,52.88,52.88,52.88,52.88,1.01377203
Kraken:LTCUSD,2022-09-19T23:48:00Z,52.89,52.91,52.89,52.91,1.18115858
Kraken:LTCUSD,2022-09-19T23:50:00Z,52.9,52.9,52.9,52.9,2.03029418
Kraken:LTCUSD,2022-09-19T23:51:00Z,52.83,52.85,52.83,52.85,20.91473878
Kraken:LTCUSD,2022-09-19T23:52:00Z,52.87,52.87,52.87,52.87,0.03
Kraken:LTCUSD,2022-09-19T23:53:00Z,52.89,52.89,52.89,52.89,0.03
Kraken:LTCUSD,2022-09-19T23:54:00Z,52.85,52.92,52.85,52.92,0.82654
Kraken:LTCUSD,2022-09-19T23:57:00Z,52.91,52.93,52.91,52.93,39.133
Kraken:LTCUSD,2022-09-19T23:58:00Z,52.83,52.85,52.83,52.85,78.33718029
Kraken:LTCUSD,2022-09-19T23:59:00Z,52.89,52.92,52.88,52.92,1.00327213
