Kraken:EURUSD,2023-01-28T00:00:00Z,1.0867,1.08682,1.08668,1.08671,3043.86836131
Kraken:EURUSD,2023-01-28T00:01:00Z,1.08671,1.08683,1.0867,1.08683,3920.50497192
Kraken:EURUSD,2023-01-28T00:02:00Z,1.08672,1.0868,1.08669,1.0868,5346.41140542
Kraken:EURUSD,2023-01-28T00:03:00Z,1.0868,1.08683,1.0868,1.08683,6325.24369112
Kraken:EURUSD,2023-01-28T00:04:00Z,1.08683,1.08684,1.08674,1.08674,224.41810038
Kraken:EURUSD,2023-01-28T00:05:00Z,1.08674,1.08674,1.08674,1.08674,196.91893154
Kraken:EURUSD,2023-01-28T00:06:00Z,1.0868,1.08683,1.08666,1.08671,823.82803922
Kraken:EURUSD,2023-01-28T00:07:00Z,1.08675,1.08675,1.08675,1.08675,12.4349
Kraken:EURUSD,2023-01-28T00:08:00Z,1.0868,1.08684,1.08668,1.08668,2690.59087017
Kraken:EURUSD,2023-01-28T00:09:00Z,1.0867,1.08679,1.0867,1.08671,723.28280081
Kraken:EURUSD,2023-01-28T00:10:00Z,1.08672,1.08683,1.0867,1.0867,2221.96045018
Kraken:EURUSD,2023-01-28T00:11:00Z,1.08682,1.08691,1.0867,1.0868,32124.52012229
Kraken:EURUSD,2023-01-28T00:12:00Z,1.08676,1.08676,1.08672,1.08672,479.82660025
Kraken:EURUSD,2023-01-28T00:14:00Z,1.08687,1.08687,1.08675,1.08675,1783.6052997
Kraken:EURUSD,2023-01-28T00:15:00Z,1.08675,1.08675,1.0867,1.0867,2442.99866043
Kraken:EURUSD,2023-01-28T00:16:00Z,1.08687,1.08693,1.08675,1.08677,44982.91669201
Kraken:EURUSD,2023-01-28T00:17:00Z,1.08671,1.08672,1.08669,1.08669,1781.5951682
Kraken:EURUSD,2023-01-28T00:18:00Z,1.08669,1.08669,1.08666,1.08668,1263.49592736
Kraken:EURUSD,2023-01-28T00:19:00Z,1.08667,1.08667,1.08667,1.08667,4E+3
Kraken:EURUSD,2023-01-28T00:20:00Z,1.08669,1.08688,1.08669,1.08671,246.70470444
Kraken:EURUSD,2023-01-28T00:21:00Z,1.08668,1.08689,1.08668,1.08673,3014.85258648
Kraken:EURUSD,2023-01-28T00:22:00Z,1.08674,1.08674,1.08672,1.08672,140.4454348
Kraken:EURUSD,2023-01-28T00:23:00Z,1.08671,1.08688,1.08671,1.08688,582.53804454
Kraken:EURUSD,2023-01-28T00:24:00Z,1.08672,1.08688,1.08672,1.08688,483.77914111
Kraken:EURUSD,2023-01-28T00:25:00Z,1.08671,1.08672,1.08671,1.08672,500.65765572
Kraken:EURUSD,2023-01-28T00:26:00Z,1.08675,1.08675,1.08675,1.08675,11.44084
Kraken:EURUSD,2023-01-28T00:27:00Z,1.08671,1.08672,1.08671,1.08672,984.46562264
Kraken:EURUSD,2023-01-28T00:28:00Z,1.08672,1.08688,1.08671,1.08674,771.41849035
Kraken:EURUSD,2023-01-28T00:29:00Z,1.08688,1.08688,1.08672,1.08676,707.7534515
Kraken:EURUSD,2023-01-28T00:30:00Z,1.08673,1.08673,1.08673,1.08673,6.26356132
Kraken:EURUSD,2023-01-28T00:31:00Z,1.08671,1.08689,1.08671,1.08675,1717.51231246
Kraken:EURUSD,2023-01-28T00:32:00Z,1.08673,1.08688,1.08673,1.08688,247.3849242
Kraken:EURUSD,2023-01-28T00:33:00Z,1.08675,1.08677,1.08675,1.08677,219.93238541
Kraken:EURUSD,2023-01-28T00:34:00Z,1.08677,1.08677,1.08667,1.08668,604.75501228
Kraken:EURUSD,2023-01-28T00:35:00Z,1.08672,1.08672,1.08672,1.08672,2296.31554513
Kraken:EURUSD,2023-01-28T00:36:00Z,1.08673,1.08689,1.08671,1.08671,3527.85085129
Kraken:EURUSD,2023-01-28T00:37:00Z,1.08688,1.0869,1.08669,1.08689,2878.75072478
Kraken:EURUSD,2023-01-28T00:38:00Z,1.08688,1.08689,1.08679,1.08679,4036.03917401
Kraken:EURUSD,2023-01-28T00:39:00Z,1.08689,1.08689,1.08681,1.08688,3183.43174402
Kraken:EURUSD,2023-01-28T00:40:00Z,1.08682,1.08689,1.08681,1.08688,2100.66962621
Kraken:EURUSD,2023-01-28T00:41:00Z,1.08682,1.0869,1.08681,1.08689,7727.7108074
Kraken:EURUSD,2023-01-28T00:42:00Z,1.08689,1.0869,1.0868,1.0868,5967.46235935
Kraken:EURUSD,2023-01-28T00:43:00Z,1.0868,1.08692,1.0868,1.08682,7693.15338368
Kraken:EURUSD,2023-01-28T00:44:00Z,1.08691,1.08692,1.08681,1.08692,5958.11925613
Kraken:EURUSD,2023-01-28T00:45:00Z,1.08682,1.08693,1.0868,1.08691,2940.06824133
Kraken:EURUSD,2023-01-28T00:46:00Z,1.08681,1.08691,1.0868,1.08684,3166.81199153
Kraken:EURUSD,2023-01-28T00:47:00Z,1.08683,1.08692,1.08683,1.0869,6695.92183825
Kraken:EURUSD,2023-01-28T00:48:00Z,1.08692,1.08692,1.08682,1.08692,360.81391796
Kraken:EURUSD,2023-01-28T00:49:00Z,1.08691,1.08692,1.08682,1.08692,3372.33204527
Kraken:EURUSD,2023-01-28T00:50:00Z,1.08691,1.08692,1.08682,1.08685,4575.57936397
Kraken:EURUSD,2023-01-28T00:51:00Z,1.08682,1.08682,1.08682,1.08682,7.46212552
Kraken:EURUSD,2023-01-28T00:52:00Z,1.08682,1.08691,1.08682,1.08682,4396.75409709
Kraken:EURUSD,2023-01-28T00:53:00Z,1.08691,1.08692,1.08683,1.08692,919.88915959
Kraken:EURUSD,2023-01-28T00:54:00Z,1.08684,1.08692,1.08684,1.08691,666.20019639
Kraken:EURUSD,2023-01-28T00:55:00Z,1.08692,1.08692,1.08682,1.08682,2224.07584636
Kraken:EURUSD,2023-01-28T00:56:00Z,1.08692,1.08692,1.08692,1.08692,37.86690832
Kraken:EURUSD,2023-01-28T00:58:00Z,1.08691,1.08692,1.08691,1.08692,164.15431811
Kraken:EURUSD,2023-01-28T00:59:00Z,1.08681,1.08691,1.08681,1.08691,81.94991804
Kraken:EURUSD,2023-01-28T01:00:00Z,1.08681,1.08681,1.08681,1.08681,4876.64828775
Kraken:EURUSD,2023-01-28T01:01:00Z,1.08691,1.08691,1.08683,1.08688,5729.73286899
Kraken:EURUSD,2023-01-28T01:03:00Z,1.08691,1.08693,1.08691,1.08693,28865.67103202
Kraken:EURUSD,2023-01-28T01:05:00Z,1.08692,1.08693,1.08683,1.08683,5045.25165149
Kraken:EURUSD,2023-01-28T01:06:00Z,1.0869,1.08694,1.08683,1.08683,6485.52467142
Kraken:EURUSD,2023-01-28T01:07:00Z,1.08693,1.08694,1.08693,1.08694,3161.66375289
Kraken:EURUSD,2023-01-28T01:08:00Z,1.08684,1.0869,1.08683,1.08683,1316.74919064
Kraken:EURUSD,2023-01-28T01:09:00Z,1.0869,1.08694,1.08684,1.08684,1838.00173789
Kraken:EURUSD,2023-01-28T01:10:00Z,1.08684,1.08694,1.08684,1.08684,509.44297126
Kraken:EURUSD,2023-01-28T01:11:00Z,1.08685,1.08694,1.08684,1.08687,11798.61176797
Kraken:EURUSD,2023-01-28T01:12:00Z,1.08695,1.08696,1.08688,1.08688,717.79143278
Kraken:EURUSD,2023-01-28T01:13:00Z,1.08696,1.08696,1.08693,1.08693,4367.77081392
Kraken:EURUSD,2023-01-28T01:14:00Z,1.08696,1.08696,1.08695,1.08695,451.21970341
Kraken:EURUSD,2023-01-28T01:15:00Z,1.08696,1.08696,1.08695,1.08696,2256.90493324
Kraken:EURUSD,2023-01-28T01:16:00Z,1.08691,1.08691,1.08688,1.08688,4829.78538
Kraken:EURUSD,2023-01-28T01:17:00Z,1.08687,1.08687,1.08687,1.08687,105.175792
Kraken:EURUSD,2023-01-28T01:18:00Z,1.08696,1.08696,1.08686,1.08686,1534.32564785
Kraken:EURUSD,2023-01-28T01:20:00Z,1.08695,1.08696,1.08689,1.08696,3370.39097162
Kraken:EURUSD,2023-01-28T01:21:00Z,1.08697,1.08697,1.08689,1.0869,10831.28568899
Kraken:EURUSD,2023-01-28T01:22:00Z,1.0869,1.08697,1.08684,1.08684,4604.20257988
Kraken:EURUSD,2023-01-28T01:23:00Z,1.08686,1.08686,1.08685,1.08685,5364.3443
Kraken:EURUSD,2023-01-28T01:24:00Z,1.08695,1.08695,1.08695,1.08695,32.96359354
Kraken:EURUSD,2023-01-28T01:25:00Z,1.08697,1.08698,1.08696,1.08698,1142.63270421
Kraken:EURUSD,2023-01-28T01:26:00Z,1.08698,1.08698,1.08697,1.08698,853.30701766
Kraken:EURUSD,2023-01-28T01:27:00Z,1.0869,1.0869,1.08688,1.08688,117.0198563
Kraken:EURUSD,2023-01-28T01:28:00Z,1.08688,1.08688,1.08688,1.08688,95.89812008
Kraken:EURUSD,2023-01-28T01:30:00Z,1.08687,1.08687,1.08687,1.08687,958.75651655
Kraken:EURUSD,2023-01-28T01:32:00Z,1.0869,1.08698,1.0869,1.08698,28786.31002283
Kraken:EURUSD,2023-01-28T01:33:00Z,1.08697,1.08698,1.08691,1.08698,1932.47688786
Kraken:EURUSD,2023-01-28T01:34:00Z,1.08691,1.08691,1.08691,1.08691,486.56857281
Kraken:EURUSD,2023-01-28T01:35:00Z,1.08691,1.08691,1.08691,1.08691,18.514872
Kraken:EURUSD,2023-01-28T01:36:00Z,1.08691,1.08691,1.08691,1.08691,42.5829
Kraken:EURUSD,2023-01-28T01:37:00Z,1.08698,1.08699,1.08692,1.08698,2456.72392397
Kraken:EURUSD,2023-01-28T01:38:00Z,1.08699,1.08701,1.08699,1.08701,18035.46933289
Kraken:EURUSD,2023-01-28T01:39:00Z,1.08701,1.08701,1.08701,1.08701,2193.95859
Kraken:EURUSD,2023-01-28T01:40:00Z,1.087,1.08701,1.087,1.08701,64.83070694
Kraken:EURUSD,2023-01-28T01:41:00Z,1.08699,1.087,1.08699,1.08699,1151.9700278
Kraken:EURUSD,2023-01-28T01:42:00Z,1.08694,1.08694,1.08694,1.08694,2123.20195993
Kraken:EURUSD,2023-01-28T01:43:00Z,1.08701,1.08701,1.08694,1.08694,27.18369778
Kraken:EURUSD,2023-01-28T01:44:00Z,1.08701,1.08701,1.08701,1.08701,7760.77275301
Kraken:EURUSD,2023-01-28T01:45:00Z,1.08701,1.08701,1.08701,1.08701,2137.67536636
Kraken:EURUSD,2023-01-28T01:46:00Z,1.08693,1.08693,1.08692,1.08692,890.48431708
Kraken:EURUSD,2023-01-28T01:47:00Z,1.08694,1.08694,1.08694,1.08694,60.73900139
Kraken:EURUSD,2023-01-28T01:48:00Z,1.08693,1.08693,1.08693,1.08693,109.7373528
Kraken:EURUSD,2023-01-28T01:49:00Z,1.087,1.08701,1.0869,1.087,5674.94578606
Kraken:EURUSD,2023-01-28T01:50:00Z,1.08691,1.08699,1.0869,1.0869,2520.44360855
Kraken:EURUSD,2023-01-28T01:51:00Z,1.08698,1.08699,1.08698,1.08698,1093.87669144
Kraken:EURUSD,2023-01-28T01:52:00Z,1.08692,1.08699,1.08691,1.08698,1784.13201702
Kraken:EURUSD,2023-01-28T01:53:00Z,1.08691,1.08691,1.0869,1.0869,530.7516
Kraken:EURUSD,2023-01-28T01:54:00Z,1.0869,1.08699,1.0869,1.08699,1122.93438019
Kraken:EURUSD,2023-01-28T01:55:00Z,1.08698,1.08698,1.08691,1.08698,1686.70903682
Kraken:EURUSD,2023-01-28T01:56:00Z,1.08698,1.08698,1.08691,1.08691,129.99358184
Kraken:EURUSD,2023-01-28T01:57:00Z,1.08699,1.087,1.08699,1.087,2772.97613705
Kraken:EURUSD,2023-01-28T01:58:00Z,1.08694,1.08694,1.08694,1.08694,132.08256787
Kraken:EURUSD,2023-01-28T01:59:00Z,1.08691,1.08691,1.08691,1.08691,13.95166113
Kraken:EURUSD,2023-01-28T02:00:00Z,1.08693,1.08693,1.08693,1.08693,46.51753102
Kraken:EURUSD,2023-01-28T02:01:00Z,1.08693,1.08693,1.08693,1.08693,217.39514041
Kraken:EURUSD,2023-01-28T02:02:00Z,1.08693,1.08701,1.08693,1.08701,1021.93276952
Kraken:EURUSD,2023-01-28T02:03:00Z,1.08701,1.08701,1.08694,1.08701,2858.84449281
Kraken:EURUSD,2023-01-28T02:04:00Z,1.087,1.087,1.08692,1.08692,2960.67264475
Kraken:EURUSD,2023-01-28T02:07:00Z,1.08701,1.08701,1.087,1.08701,594.63713557
Kraken:EURUSD,2023-01-28T02:08:00Z,1.08701,1.08701,1.08694,1.08694,13400.931628
Kraken:EURUSD,2023-01-28T02:10:00Z,1.08691,1.087,1.0869,1.0869,1189.26384465
Kraken:EURUSD,2023-01-28T02:11:00Z,1.0869,1.087,1.08687,1.08699,1669.01623573
Kraken:EURUSD,2023-01-28T02:12:00Z,1.08698,1.08698,1.08688,1.08688,1904.20498597
Kraken:EURUSD,2023-01-28T02:13:00Z,1.08697,1.08702,1.08697,1.08702,1050.60536854
Kraken:EURUSD,2023-01-28T02:14:00Z,1.08699,1.08699,1.08689,1.08689,6222.56510912
Kraken:EURUSD,2023-01-28T02:15:00Z,1.08687,1.087,1.08687,1.087,429.50261905
Kraken:EURUSD,2023-01-28T02:16:00Z,1.087,1.087,1.08685,1.08685,4044.68928856
Kraken:EURUSD,2023-01-28T02:17:00Z,1.087,1.087,1.08686,1.08686,3229.83149529
Kraken:EURUSD,2023-01-28T02:18:00Z,1.0869,1.08704,1.0869,1.08704,12152.46843282
Kraken:EURUSD,2023-01-28T02:19:00Z,1.08705,1.08705,1.08693,1.08703,20005.95001973
Kraken:EURUSD,2023-01-28T02:21:00Z,1.08703,1.08706,1.08693,1.08706,52244.4125754
Kraken:EURUSD,2023-01-28T02:23:00Z,1.08691,1.08704,1.08685,1.08698,8733.21196166
Kraken:EURUSD,2023-01-28T02:24:00Z,1.087,1.08702,1.087,1.087,995.57560678
Kraken:EURUSD,2023-01-28T02:25:00Z,1.08686,1.08703,1.08686,1.087,2440.93267427
Kraken:EURUSD,2023-01-28T02:26:00Z,1.08688,1.08689,1.08688,1.08689,493.95778491
Kraken:EURUSD,2023-01-28T02:27:00Z,1.08691,1.08692,1.08689,1.08689,1346.24237643
Kraken:EURUSD,2023-01-28T02:28:00Z,1.08693,1.08693,1.08688,1.08688,11909.55394037
Kraken:EURUSD,2023-01-28T02:29:00Z,1.08686,1.08686,1.08685,1.08685,3204.90145924
Kraken:EURUSD,2023-01-28T02:31:00Z,1.08678,1.08685,1.08678,1.08685,40.78516261
Kraken:EURUSD,2023-01-28T02:32:00Z,1.08685,1.08707,1.08685,1.08691,58758.82931431
Kraken:EURUSD,2023-01-28T02:33:00Z,1.08691,1.08692,1.08691,1.08691,9121.86584132
Kraken:EURUSD,2023-01-28T02:34:00Z,1.08691,1.08691,1.08691,1.08691,556.07465199
Kraken:EURUSD,2023-01-28T02:35:00Z,1.08691,1.08702,1.08691,1.08692,143.55860772
Kraken:EURUSD,2023-01-28T02:38:00Z,1.08704,1.08705,1.08693,1.08704,2463.44926538
Kraken:EURUSD,2023-01-28T02:39:00Z,1.08702,1.08704,1.08699,1.08703,285.99323322
Kraken:EURUSD,2023-01-28T02:40:00Z,1.08703,1.08704,1.08703,1.08704,33.67945933
Kraken:EURUSD,2023-01-28T02:41:00Z,1.08694,1.08704,1.08692,1.08692,249.04027252
Kraken:EURUSD,2023-01-28T02:43:00Z,1.08703,1.08703,1.08694,1.08695,716.68426723
Kraken:EURUSD,2023-01-28T02:45:00Z,1.08693,1.08693,1.08693,1.08693,41.971396
Kraken:EURUSD,2023-01-28T02:46:00Z,1.08693,1.08693,1.08692,1.08692,995.7450582
Kraken:EURUSD,2023-01-28T02:47:00Z,1.08691,1.08691,1.08691,1.08691,7.06204584
Kraken:EURUSD,2023-01-28T02:49:00Z,1.08703,1.08703,1.08692,1.08693,69.30534996
Kraken:EURUSD,2023-01-28T02:50:00Z,1.0869,1.0869,1.0869,1.0869,73.3586679
Kraken:EURUSD,2023-01-28T02:52:00Z,1.08691,1.08691,1.0869,1.0869,524.20905418
Kraken:EURUSD,2023-01-28T02:53:00Z,1.08691,1.08691,1.08684,1.08684,204.91644823
Kraken:EURUSD,2023-01-28T02:54:00Z,1.08691,1.08701,1.0869,1.08701,987.84687463
Kraken:EURUSD,2023-01-28T02:55:00Z,1.0869,1.0869,1.08688,1.0869,404.91994439
Kraken:EURUSD,2023-01-28T02:57:00Z,1.0869,1.0869,1.0869,1.0869,18.7066
Kraken:EURUSD,2023-01-28T02:58:00Z,1.0869,1.08691,1.0869,1.08691,539.98741925
Kraken:EURUSD,2023-01-28T02:59:00Z,1.08691,1.08691,1.08686,1.08686,26375.40634703
Kraken:EURUSD,2023-01-28T03:00:00Z,1.08687,1.0869,1.08681,1.0869,2013.8022179
Kraken:EURUSD,2023-01-28T03:01:00Z,1.0869,1.0869,1.08686,1.08686,2114.46665653
Kraken:EURUSD,2023-01-28T03:05:00Z,1.08688,1.08688,1.08688,1.08688,80.1513684
Kraken:EURUSD,2023-01-28T03:08:00Z,1.08683,1.0869,1.08681,1.0869,1154.00532064
Kraken:EURUSD,2023-01-28T03:09:00Z,1.08683,1.08683,1.08682,1.08682,39.66203903
Kraken:EURUSD,2023-01-28T03:10:00Z,1.0869,1.0869,1.0869,1.0869,521.33342533
Kraken:EURUSD,2023-01-28T03:11:00Z,1.08683,1.08689,1.08683,1.08686,1468.54855143
Kraken:EURUSD,2023-01-28T03:12:00Z,1.08686,1.08686,1.08681,1.08681,4813.87749663
Kraken:EURUSD,2023-01-28T03:13:00Z,1.08678,1.0868,1.08678,1.0868,476.9069405
Kraken:EURUSD,2023-01-28T03:15:00Z,1.08677,1.08681,1.0867,1.0867,57.24705102
Kraken:EURUSD,2023-01-28T03:16:00Z,1.08668,1.08668,1.08668,1.08668,94.8339711
Kraken:EURUSD,2023-01-28T03:17:00Z,1.08677,1.08685,1.08677,1.08685,618.2687645
Kraken:EURUSD,2023-01-28T03:18:00Z,1.08678,1.08679,1.08676,1.08676,2556.32801719
Kraken:EURUSD,2023-01-28T03:19:00Z,1.08678,1.08679,1.08678,1.08679,1281.66211466
Kraken:EURUSD,2023-01-28T03:20:00Z,1.0868,1.0868,1.0868,1.0868,477.15761482
Kraken:EURUSD,2023-01-28T03:21:00Z,1.08678,1.08685,1.08678,1.08679,6199.87681641
Kraken:EURUSD,2023-01-28T03:22:00Z,1.0868,1.0868,1.08678,1.08678,1911.56165686
Kraken:EURUSD,2023-01-28T03:24:00Z,1.08677,1.08678,1.08677,1.08678,22.7388
Kraken:EURUSD,2023-01-28T03:25:00Z,1.08667,1.08667,1.08667,1.08667,19.35120664
Kraken:EURUSD,2023-01-28T03:27:00Z,1.08669,1.08669,1.08669,1.08669,13.48
Kraken:EURUSD,2023-01-28T03:36:00Z,1.08671,1.08673,1.08664,1.08664,560.07199492
Kraken:EURUSD,2023-01-28T03:37:00Z,1.08659,1.08659,1.08659,1.08659,85.16981651
Kraken:EURUSD,2023-01-28T03:41:00Z,1.08667,1.08667,1.08667,1.08667,8.635356
Kraken:EURUSD,2023-01-28T03:42:00Z,1.08673,1.08673,1.08673,1.08673,102.00536896
Kraken:EURUSD,2023-01-28T03:43:00Z,1.08678,1.08678,1.08678,1.08678,9.2014023
Kraken:EURUSD,2023-01-28T03:45:00Z,1.08665,1.08665,1.08665,1.08665,12.3079797
Kraken:EURUSD,2023-01-28T03:46:00Z,1.08685,1.08686,1.08667,1.08667,3271.05640367
Kraken:EURUSD,2023-01-28T03:48:00Z,1.08685,1.08685,1.08685,1.08685,48.05851249
Kraken:EURUSD,2023-01-28T03:50:00Z,1.08672,1.08674,1.08672,1.08673,2810.05335957
Kraken:EURUSD,2023-01-28T03:51:00Z,1.08674,1.08674,1.08674,1.08674,588.22277492
Kraken:EURUSD,2023-01-28T03:53:00Z,1.08671,1.08671,1.08666,1.08666,199.17713749
Kraken:EURUSD,2023-01-28T03:55:00Z,1.08665,1.0868,1.08664,1.08668,2471.97501721
Kraken:EURUSD,2023-01-28T03:59:00Z,1.0868,1.0868,1.0868,1.0868,44.22031652
Kraken:EURUSD,2023-01-28T04:00:00Z,1.08685,1.08685,1.08685,1.08685,731.27354911
Kraken:EURUSD,2023-01-28T04:01:00Z,1.08671,1.08671,1.08671,1.08671,441.79599993
Kraken:EURUSD,2023-01-28T04:02:00Z,1.08678,1.08685,1.08674,1.08685,722.48113285
Kraken:EURUSD,2023-01-28T04:03:00Z,1.08675,1.08685,1.08671,1.08671,5339.07575266
Kraken:EURUSD,2023-01-28T04:04:00Z,1.08663,1.08679,1.08663,1.08679,2990.50635301
Kraken:EURUSD,2023-01-28T04:05:00Z,1.08669,1.0868,1.08665,1.08665,933.47873933
Kraken:EURUSD,2023-01-28T04:07:00Z,1.08679,1.08679,1.08679,1.08679,275.62691324
Kraken:EURUSD,2023-01-28T04:08:00Z,1.08666,1.08679,1.08666,1.08679,606.99452329
Kraken:EURUSD,2023-01-28T04:09:00Z,1.08679,1.0868,1.08662,1.08679,1482.76991083
Kraken:EURUSD,2023-01-28T04:10:00Z,1.08678,1.08678,1.08678,1.08678,26.53899729
Kraken:EURUSD,2023-01-28T04:11:00Z,1.08679,1.08679,1.08674,1.08674,45.78720602
Kraken:EURUSD,2023-01-28T04:12:00Z,1.08679,1.08679,1.08679,1.08679,26.02104275
Kraken:EURUSD,2023-01-28T04:13:00Z,1.08679,1.08684,1.08679,1.08684,2476.19297254
Kraken:EURUSD,2023-01-28T04:15:00Z,1.08673,1.08686,1.08673,1.08685,2520.66741162
Kraken:EURUSD,2023-01-28T04:16:00Z,1.0868,1.0868,1.0868,1.0868,70.65834607
Kraken:EURUSD,2023-01-28T04:17:00Z,1.08674,1.08674,1.08674,1.08674,8.0696
Kraken:EURUSD,2023-01-28T04:18:00Z,1.08686,1.08686,1.08686,1.08686,28.95349907
Kraken:EURUSD,2023-01-28T04:19:00Z,1.0868,1.0868,1.08673,1.08673,584.61993673
Kraken:EURUSD,2023-01-28T04:20:00Z,1.08686,1.08686,1.08686,1.08686,4E+3
Kraken:EURUSD,2023-01-28T04:22:00Z,1.08686,1.08686,1.08686,1.08686,66.60128691
Kraken:EURUSD,2023-01-28T04:24:00Z,1.08682,1.08682,1.08682,1.08682,254.2874
Kraken:EURUSD,2023-01-28T04:25:00Z,1.0868,1.0868,1.0868,1.0868,1083.96076917
Kraken:EURUSD,2023-01-28T04:26:00Z,1.08686,1.08695,1.08686,1.08695,3031.26292243
Kraken:EURUSD,2023-01-28T04:27:00Z,1.08682,1.08682,1.0868,1.08681,486.93136949
Kraken:EURUSD,2023-01-28T04:28:00Z,1.08682,1.08682,1.0868,1.0868,464.1769003
Kraken:EURUSD,2023-01-28T04:29:00Z,1.08691,1.08691,1.08677,1.08678,582.51735302
Kraken:EURUSD,2023-01-28T04:30:00Z,1.08677,1.08677,1.08677,1.08677,179.02805768
Kraken:EURUSD,2023-01-28T04:33:00Z,1.08677,1.08677,1.08677,1.08677,165.12150683
Kraken:EURUSD,2023-01-28T04:34:00Z,1.08679,1.0868,1.08679,1.0868,374.23257373
Kraken:EURUSD,2023-01-28T04:35:00Z,1.08679,1.08679,1.08678,1.08678,459.47372075
Kraken:EURUSD,2023-01-28T04:36:00Z,1.08678,1.08678,1.08672,1.08672,796.44561005
Kraken:EURUSD,2023-01-28T04:37:00Z,1.08675,1.08676,1.08675,1.08676,91.52590405
Kraken:EURUSD,2023-01-28T04:38:00Z,1.08678,1.08678,1.08678,1.08678,14.83384388
Kraken:EURUSD,2023-01-28T04:39:00Z,1.08675,1.08676,1.08675,1.08676,739.92717235
Kraken:EURUSD,2023-01-28T04:40:00Z,1.08679,1.08679,1.08675,1.08675,389.9797547
Kraken:EURUSD,2023-01-28T04:41:00Z,1.0867,1.0867,1.0867,1.0867,1912.27993067
Kraken:EURUSD,2023-01-28T04:43:00Z,1.08674,1.08674,1.08674,1.08674,531.83976584
Kraken:EURUSD,2023-01-28T04:48:00Z,1.08687,1.08687,1.08687,1.08687,30.19091519
Kraken:EURUSD,2023-01-28T04:50:00Z,1.08677,1.08678,1.08677,1.08678,1922.75524024
Kraken:EURUSD,2023-01-28T04:51:00Z,1.08674,1.08687,1.08674,1.08674,9638.80198828
Kraken:EURUSD,2023-01-28T04:52:00Z,1.08676,1.08688,1.08671,1.08671,19331.14096712
Kraken:EURUSD,2023-01-28T04:53:00Z,1.08673,1.08686,1.08671,1.08671,19099.02120959
Kraken:EURUSD,2023-01-28T04:54:00Z,1.08672,1.08686,1.08671,1.0868,29587.86107228
Kraken:EURUSD,2023-01-28T04:55:00Z,1.0869,1.08691,1.08674,1.08674,9796.71591403
Kraken:EURUSD,2023-01-28T04:56:00Z,1.08675,1.08686,1.08675,1.08686,705.80000598
Kraken:EURUSD,2023-01-28T04:57:00Z,1.08686,1.08686,1.08686,1.08686,74.70474578
Kraken:EURUSD,2023-01-28T04:59:00Z,1.08688,1.08689,1.08688,1.08689,1919.75438241
Kraken:EURUSD,2023-01-28T05:00:00Z,1.08679,1.08679,1.08678,1.08679,554.6392353
Kraken:EURUSD,2023-01-28T05:01:00Z,1.08686,1.08686,1.08677,1.08677,2541.58954553
Kraken:EURUSD,2023-01-28T05:02:00Z,1.08673,1.08685,1.08673,1.08676,590.96861836
Kraken:EURUSD,2023-01-28T05:03:00Z,1.08679,1.0868,1.08678,1.0868,5255.54278031
Kraken:EURUSD,2023-01-28T05:04:00Z,1.0868,1.08683,1.0868,1.08683,140.31075963
Kraken:EURUSD,2023-01-28T05:05:00Z,1.08694,1.08694,1.08686,1.08686,1387.29682895
Kraken:EURUSD,2023-01-28T05:06:00Z,1.08684,1.08684,1.08681,1.08681,1227.02591191
Kraken:EURUSD,2023-01-28T05:07:00Z,1.0868,1.0868,1.0868,1.0868,3711.54096853
Kraken:EURUSD,2023-01-28T05:08:00Z,1.08692,1.08692,1.08691,1.08691,959.13642674
Kraken:EURUSD,2023-01-28T05:09:00Z,1.0869,1.08695,1.08681,1.08693,2230.58955393
Kraken:EURUSD,2023-01-28T05:10:00Z,1.08695,1.08695,1.08693,1.08695,1835.56568384
Kraken:EURUSD,2023-01-28T05:11:00Z,1.08695,1.08696,1.08683,1.08691,9065.94888113
Kraken:EURUSD,2023-01-28T05:12:00Z,1.087,1.087,1.08698,1.08699,13798.11785348
Kraken:EURUSD,2023-01-28T05:13:00Z,1.08699,1.08707,1.08694,1.08707,11417.08776537
Kraken:EURUSD,2023-01-28T05:15:00Z,1.08707,1.08707,1.087,1.087,393.64264669
Kraken:EURUSD,2023-01-28T05:16:00Z,1.08707,1.08707,1.087,1.087,253.57284601
Kraken:EURUSD,2023-01-28T05:17:00Z,1.087,1.087,1.08691,1.08691,2965.00078886
Kraken:EURUSD,2023-01-28T05:18:00Z,1.08698,1.08698,1.0869,1.0869,1541.30688726
Kraken:EURUSD,2023-01-28T05:19:00Z,1.0869,1.0869,1.08685,1.08685,1002.27983588
Kraken:EURUSD,2023-01-28T05:20:00Z,1.08699,1.08699,1.08685,1.08686,10991.09829252
Kraken:EURUSD,2023-01-28T05:21:00Z,1.08685,1.08699,1.08685,1.08686,1130.2017326
Kraken:EURUSD,2023-01-28T05:22:00Z,1.08683,1.08695,1.08683,1.08695,356.27485366
Kraken:EURUSD,2023-01-28T05:23:00Z,1.08694,1.08694,1.08694,1.08694,139.83009479
Kraken:EURUSD,2023-01-28T05:24:00Z,1.08695,1.08695,1.08684,1.08685,255.73390794
Kraken:EURUSD,2023-01-28T05:25:00Z,1.08685,1.08686,1.08685,1.08686,267.09421456
Kraken:EURUSD,2023-01-28T05:26:00Z,1.08685,1.08685,1.08683,1.08683,1922.13434618
Kraken:EURUSD,2023-01-28T05:27:00Z,1.08682,1.08683,1.08682,1.08683,4173.74064216
Kraken:EURUSD,2023-01-28T05:28:00Z,1.08684,1.08698,1.08683,1.08698,2035.64979326
Kraken:EURUSD,2023-01-28T05:29:00Z,1.08695,1.08698,1.08684,1.08698,2919.00185959
Kraken:EURUSD,2023-01-28T05:30:00Z,1.08685,1.08686,1.08684,1.08684,672.16052337
Kraken:EURUSD,2023-01-28T05:31:00Z,1.08685,1.08698,1.08684,1.08685,1686.95109842
Kraken:EURUSD,2023-01-28T05:32:00Z,1.08686,1.08695,1.08686,1.08695,84.76624683
Kraken:EURUSD,2023-01-28T05:34:00Z,1.08698,1.08698,1.08698,1.08698,3916.46571234
Kraken:EURUSD,2023-01-28T05:35:00Z,1.08687,1.08687,1.08687,1.08687,35.1366
Kraken:EURUSD,2023-01-28T05:36:00Z,1.08686,1.08686,1.08686,1.08686,496.45019319
Kraken:EURUSD,2023-01-28T05:37:00Z,1.08686,1.08686,1.08684,1.08684,17.31873392
Kraken:EURUSD,2023-01-28T05:38:00Z,1.08685,1.08685,1.08685,1.08685,1376.92758838
Kraken:EURUSD,2023-01-28T05:39:00Z,1.08684,1.08684,1.08684,1.08684,123.4482
Kraken:EURUSD,2023-01-28T05:40:00Z,1.0869,1.0869,1.08683,1.08683,3834.95255119
Kraken:EURUSD,2023-01-28T05:41:00Z,1.0869,1.0869,1.0869,1.0869,436.88831251
Kraken:EURUSD,2023-01-28T05:42:00Z,1.0869,1.0869,1.0869,1.0869,20.10712114
Kraken:EURUSD,2023-01-28T05:43:00Z,1.0869,1.0869,1.08683,1.08683,9831.42848611
Kraken:EURUSD,2023-01-28T05:44:00Z,1.08682,1.08688,1.08682,1.08688,2496.00309778
Kraken:EURUSD,2023-01-28T05:45:00Z,1.08688,1.08688,1.08682,1.08682,6691.64009948
Kraken:EURUSD,2023-01-28T05:46:00Z,1.08686,1.08688,1.08682,1.08682,8130.97558419
Kraken:EURUSD,2023-01-28T05:47:00Z,1.08682,1.08695,1.08682,1.08695,4548.87473566
Kraken:EURUSD,2023-01-28T05:48:00Z,1.08695,1.08695,1.08683,1.08683,1398.06823227
Kraken:EURUSD,2023-01-28T05:49:00Z,1.08695,1.08695,1.08692,1.08693,1204.36514287
Kraken:EURUSD,2023-01-28T05:50:00Z,1.08694,1.08694,1.0869,1.0869,2342.75983026
Kraken:EURUSD,2023-01-28T05:51:00Z,1.08686,1.08694,1.08685,1.08694,1433.0421891
Kraken:EURUSD,2023-01-28T05:52:00Z,1.08685,1.08695,1.08685,1.08695,1321.68938351
Kraken:EURUSD,2023-01-28T05:53:00Z,1.08687,1.08687,1.08686,1.08686,790.56504712
Kraken:EURUSD,2023-01-28T05:57:00Z,1.08691,1.08691,1.08689,1.08689,679.65847342
Kraken:EURUSD,2023-01-28T05:59:00Z,1.08695,1.08695,1.08685,1.08685,171.47522407
Kraken:EURUSD,2023-01-28T06:00:00Z,1.08697,1.08698,1.08697,1.08698,6E+2
Kraken:EURUSD,2023-01-28T06:01:00Z,1.08685,1.08697,1.08685,1.08685,159.8742996
Kraken:EURUSD,2023-01-28T06:02:00Z,1.08685,1.08693,1.08685,1.08693,1483.51406435
Kraken:EURUSD,2023-01-28T06:03:00Z,1.08684,1.08684,1.08684,1.08684,78.83106235
Kraken:EURUSD,2023-01-28T06:04:00Z,1.08684,1.08695,1.08684,1.08695,234.20302545
Kraken:EURUSD,2023-01-28T06:05:00Z,1.08684,1.08684,1.08683,1.08683,331.60034963
Kraken:EURUSD,2023-01-28T06:06:00Z,1.08684,1.08684,1.08683,1.08683,106.60831865
Kraken:EURUSD,2023-01-28T06:07:00Z,1.08693,1.08693,1.08684,1.08684,262.62387871
Kraken:EURUSD,2023-01-28T06:08:00Z,1.0869,1.0869,1.08683,1.08683,266.70002275
Kraken:EURUSD,2023-01-28T06:09:00Z,1.0869,1.0869,1.08684,1.08684,185.10807792
Kraken:EURUSD,2023-01-28T06:10:00Z,1.08684,1.08684,1.08684,1.08684,19.0756
Kraken:EURUSD,2023-01-28T06:11:00Z,1.08695,1.08695,1.08695,1.08695,258.85401718
Kraken:EURUSD,2023-01-28T06:12:00Z,1.08696,1.08697,1.08683,1.08697,1369.3204011
Kraken:EURUSD,2023-01-28T06:13:00Z,1.08696,1.08698,1.08684,1.08684,5555.31628912
Kraken:EURUSD,2023-01-28T06:14:00Z,1.08685,1.08695,1.08684,1.08684,3712.08268033
Kraken:EURUSD,2023-01-28T06:15:00Z,1.08683,1.08683,1.08682,1.08682,1740.45867312
Kraken:EURUSD,2023-01-28T06:16:00Z,1.08682,1.08682,1.08682,1.08682,960.74759818
Kraken:EURUSD,2023-01-28T06:17:00Z,1.0869,1.0869,1.08683,1.08683,225.73953955
Kraken:EURUSD,2023-01-28T06:18:00Z,1.0869,1.0869,1.08684,1.0869,707.33972198
Kraken:EURUSD,2023-01-28T06:19:00Z,1.08682,1.08692,1.08682,1.08692,4403.30096572
Kraken:EURUSD,2023-01-28T06:21:00Z,1.08683,1.08683,1.08683,1.08683,16.78744605
Kraken:EURUSD,2023-01-28T06:22:00Z,1.08691,1.08691,1.08683,1.08683,2507.30057302
Kraken:EURUSD,2023-01-28T06:23:00Z,1.08683,1.08683,1.08683,1.08683,28.51307128
Kraken:EURUSD,2023-01-28T06:24:00Z,1.08692,1.08692,1.08681,1.08681,6607.59753534
Kraken:EURUSD,2023-01-28T06:25:00Z,1.08681,1.08682,1.08681,1.08681,29080.95724169
Kraken:EURUSD,2023-01-28T06:26:00Z,1.08681,1.08692,1.08681,1.08681,9635.29049365
Kraken:EURUSD,2023-01-28T06:27:00Z,1.08681,1.08682,1.08681,1.08682,2868.36
Kraken:EURUSD,2023-01-28T06:28:00Z,1.08682,1.08702,1.08681,1.08702,16744.28497187
Kraken:EURUSD,2023-01-28T06:29:00Z,1.08694,1.08694,1.08694,1.08694,37.39875454
Kraken:EURUSD,2023-01-28T06:30:00Z,1.08693,1.08693,1.08681,1.08681,836.32708926
Kraken:EURUSD,2023-01-28T06:31:00Z,1.08691,1.08692,1.08681,1.08681,145.44912
Kraken:EURUSD,2023-01-28T06:32:00Z,1.08681,1.08681,1.08681,1.08681,371.3114363
Kraken:EURUSD,2023-01-28T06:33:00Z,1.08682,1.08682,1.08681,1.08681,2085.42797964
Kraken:EURUSD,2023-01-28T06:34:00Z,1.08681,1.08682,1.08681,1.08681,4175.27090023
Kraken:EURUSD,2023-01-28T06:35:00Z,1.08681,1.08681,1.08681,1.08681,2425.0850894
Kraken:EURUSD,2023-01-28T06:36:00Z,1.08682,1.08693,1.08682,1.08693,21.86276233
Kraken:EURUSD,2023-01-28T06:37:00Z,1.08681,1.08681,1.08681,1.08681,5999.99427892
Kraken:EURUSD,2023-01-28T06:38:00Z,1.08694,1.08694,1.08681,1.08681,25.5325834
Kraken:EURUSD,2023-01-28T06:39:00Z,1.08692,1.08692,1.08681,1.08681,20918.08540305
Kraken:EURUSD,2023-01-28T06:40:00Z,1.08691,1.08691,1.0869,1.0869,1592.8798924
Kraken:EURUSD,2023-01-28T06:41:00Z,1.08695,1.08695,1.08695,1.08695,1073.82979897
Kraken:EURUSD,2023-01-28T06:42:00Z,1.08693,1.08694,1.08693,1.08693,467.25208734
Kraken:EURUSD,2023-01-28T06:43:00Z,1.0869,1.0869,1.0869,1.0869,34.89781229
Kraken:EURUSD,2023-01-28T06:44:00Z,1.08695,1.08697,1.08688,1.08688,3157.13268919
Kraken:EURUSD,2023-01-28T06:45:00Z,1.08688,1.08688,1.08673,1.08673,12305.0539661
Kraken:EURUSD,2023-01-28T06:46:00Z,1.08687,1.08688,1.08673,1.08673,2055.72091646
Kraken:EURUSD,2023-01-28T06:47:00Z,1.08674,1.08687,1.08674,1.08687,2266.43953434
Kraken:EURUSD,2023-01-28T06:48:00Z,1.08687,1.08687,1.08687,1.08687,76.51890288
Kraken:EURUSD,2023-01-28T06:49:00Z,1.08687,1.0869,1.08687,1.0869,70.41870404
Kraken:EURUSD,2023-01-28T06:50:00Z,1.08686,1.08686,1.08674,1.08674,362.2151247
Kraken:EURUSD,2023-01-28T06:51:00Z,1.08673,1.08686,1.08673,1.08686,2907.02544793
Kraken:EURUSD,2023-01-28T06:52:00Z,1.08675,1.08675,1.08675,1.08675,59.99337474
Kraken:EURUSD,2023-01-28T06:53:00Z,1.08687,1.08687,1.08672,1.08686,2673.00428274
Kraken:EURUSD,2023-01-28T06:54:00Z,1.08684,1.08685,1.08673,1.08674,2470.39673876
Kraken:EURUSD,2023-01-28T06:55:00Z,1.08688,1.08688,1.08688,1.08688,7.47092595
Kraken:EURUSD,2023-01-28T06:56:00Z,1.08688,1.08689,1.08688,1.08689,44.09301131
Kraken:EURUSD,2023-01-28T06:57:00Z,1.08673,1.08674,1.08673,1.08674,4E+3
Kraken:EURUSD,2023-01-28T06:58:00Z,1.08689,1.08702,1.08689,1.08702,9291.00885497
Kraken:EURUSD,2023-01-28T06:59:00Z,1.08694,1.08694,1.08694,1.08694,1916.9167547
Kraken:EURUSD,2023-01-28T07:00:00Z,1.0869,1.08701,1.0869,1.08698,599.32290289
Kraken:EURUSD,2023-01-28T07:01:00Z,1.0869,1.08693,1.0869,1.08693,4101.57173118
Kraken:EURUSD,2023-01-28T07:02:00Z,1.0869,1.0869,1.0869,1.0869,29.45663682
Kraken:EURUSD,2023-01-28T07:03:00Z,1.0869,1.08693,1.08682,1.08692,2253.35456128
Kraken:EURUSD,2023-01-28T07:04:00Z,1.08692,1.08692,1.08691,1.08691,389.2819457
Kraken:EURUSD,2023-01-28T07:05:00Z,1.08693,1.08693,1.08693,1.08693,288.0682949
Kraken:EURUSD,2023-01-28T07:06:00Z,1.08695,1.08695,1.08692,1.08695,244.98884726
Kraken:EURUSD,2023-01-28T07:07:00Z,1.08692,1.08692,1.08682,1.08682,1211.55262903
Kraken:EURUSD,2023-01-28T07:08:00Z,1.08683,1.08683,1.08683,1.08683,5.7525
Kraken:EURUSD,2023-01-28T07:10:00Z,1.08691,1.08691,1.0868,1.0868,4713.74388374
Kraken:EURUSD,2023-01-28T07:11:00Z,1.08692,1.08694,1.08673,1.08673,7159.36662875
Kraken:EURUSD,2023-01-28T07:12:00Z,1.08687,1.08689,1.08675,1.08688,2221.59401058
Kraken:EURUSD,2023-01-28T07:13:00Z,1.08688,1.08689,1.08676,1.08676,979.91625791
Kraken:EURUSD,2023-01-28T07:14:00Z,1.08679,1.0869,1.08675,1.0869,2821.84901496
Kraken:EURUSD,2023-01-28T07:15:00Z,1.08696,1.08696,1.08676,1.08676,870.58732257
Kraken:EURUSD,2023-01-28T07:16:00Z,1.08678,1.08686,1.08674,1.08674,638.41580812
Kraken:EURUSD,2023-01-28T07:17:00Z,1.08679,1.08695,1.08679,1.08695,249.49569997
Kraken:EURUSD,2023-01-28T07:18:00Z,1.08693,1.08694,1.08679,1.0868,5001.52445867
Kraken:EURUSD,2023-01-28T07:20:00Z,1.08681,1.08687,1.08674,1.08687,162.06260117
Kraken:EURUSD,2023-01-28T07:21:00Z,1.08675,1.08675,1.08667,1.08675,49159.71498889
Kraken:EURUSD,2023-01-28T07:22:00Z,1.08675,1.08675,1.0867,1.08674,5841.77992827
Kraken:EURUSD,2023-01-28T07:23:00Z,1.08673,1.08679,1.08673,1.08679,518.81548154
Kraken:EURUSD,2023-01-28T07:24:00Z,1.08675,1.0869,1.08671,1.0869,4279.01834776
Kraken:EURUSD,2023-01-28T07:25:00Z,1.08673,1.08673,1.08671,1.08671,3659.1459
Kraken:EURUSD,2023-01-28T07:26:00Z,1.08671,1.08674,1.08671,1.08674,248.88407117
Kraken:EURUSD,2023-01-28T07:27:00Z,1.08684,1.08684,1.08671,1.08671,116.26600674
Kraken:EURUSD,2023-01-28T07:28:00Z,1.08671,1.08688,1.08671,1.08688,2215.29988632
Kraken:EURUSD,2023-01-28T07:29:00Z,1.08687,1.08695,1.08671,1.08674,8482.37907662
Kraken:EURUSD,2023-01-28T07:30:00Z,1.08673,1.0868,1.08671,1.0868,1001.69236193
Kraken:EURUSD,2023-01-28T07:31:00Z,1.0868,1.08684,1.0868,1.08684,6.0494958
Kraken:EURUSD,2023-01-28T07:32:00Z,1.08671,1.08688,1.0867,1.08671,912.98386859
Kraken:EURUSD,2023-01-28T07:33:00Z,1.08673,1.0868,1.08673,1.08679,13436.84417725
Kraken:EURUSD,2023-01-28T07:34:00Z,1.08679,1.08679,1.08662,1.08678,41270.56687337
Kraken:EURUSD,2023-01-28T07:35:00Z,1.08678,1.08679,1.08659,1.08661,15565.32844848
Kraken:EURUSD,2023-01-28T07:36:00Z,1.08678,1.08679,1.08678,1.08678,1073.5687722
Kraken:EURUSD,2023-01-28T07:37:00Z,1.08678,1.08679,1.08678,1.08679,196.67474663
Kraken:EURUSD,2023-01-28T07:38:00Z,1.08679,1.08679,1.08679,1.08679,1473.08918142
Kraken:EURUSD,2023-01-28T07:39:00Z,1.0867,1.08674,1.0867,1.08674,4757.13882245
Kraken:EURUSD,2023-01-28T07:40:00Z,1.08671,1.08678,1.08671,1.08678,1142.05594821
Kraken:EURUSD,2023-01-28T07:41:00Z,1.08671,1.08671,1.08671,1.08671,63.6113
Kraken:EURUSD,2023-01-28T07:42:00Z,1.08678,1.08678,1.08678,1.08678,150.19729526
Kraken:EURUSD,2023-01-28T07:43:00Z,1.08678,1.08679,1.08671,1.08679,2062.87827696
Kraken:EURUSD,2023-01-28T07:44:00Z,1.08678,1.08678,1.0867,1.08678,335.4140202
Kraken:EURUSD,2023-01-28T07:45:00Z,1.08678,1.0868,1.08671,1.0868,1013.1520448
Kraken:EURUSD,2023-01-28T07:46:00Z,1.08679,1.08679,1.08679,1.08679,307.01681097
Kraken:EURUSD,2023-01-28T07:47:00Z,1.08679,1.08679,1.08678,1.08679,1491.39670114
Kraken:EURUSD,2023-01-28T07:48:00Z,1.08678,1.08695,1.08678,1.08695,9435.17436975
Kraken:EURUSD,2023-01-28T07:49:00Z,1.08696,1.08698,1.08696,1.08696,1198.50599237
Kraken:EURUSD,2023-01-28T07:50:00Z,1.08695,1.08695,1.08695,1.08695,9.88899999
Kraken:EURUSD,2023-01-28T07:51:00Z,1.08696,1.08703,1.08696,1.08703,8114.82317674
Kraken:EURUSD,2023-01-28T07:52:00Z,1.08702,1.08707,1.08702,1.08706,36169.98624615
Kraken:EURUSD,2023-01-28T07:53:00Z,1.08707,1.08707,1.08706,1.08706,1297.70153312
Kraken:EURUSD,2023-01-28T07:54:00Z,1.08706,1.08706,1.08705,1.08706,1415.22636083
Kraken:EURUSD,2023-01-28T07:55:00Z,1.08705,1.08706,1.08705,1.08706,612.16437147
Kraken:EURUSD,2023-01-28T07:56:00Z,1.08707,1.08707,1.08703,1.08706,7147.75027895
Kraken:EURUSD,2023-01-28T07:57:00Z,1.08701,1.08701,1.087,1.087,960.84329058
Kraken:EURUSD,2023-01-28T08:00:00Z,1.08704,1.08704,1.08704,1.08704,313.63445687
Kraken:EURUSD,2023-01-28T08:01:00Z,1.08701,1.08701,1.08701,1.08701,1002.86887884
Kraken:EURUSD,2023-01-28T08:02:00Z,1.08702,1.08702,1.08702,1.08702,990.47207961
Kraken:EURUSD,2023-01-28T08:03:00Z,1.08701,1.08701,1.087,1.087,73.67321052
Kraken:EURUSD,2023-01-28T08:04:00Z,1.08702,1.08702,1.087,1.087,6655.28900886
Kraken:EURUSD,2023-01-28T08:05:00Z,1.087,1.087,1.08698,1.08699,8266.88337705
Kraken:EURUSD,2023-01-28T08:06:00Z,1.08699,1.08699,1.08699,1.08699,98.69139603
Kraken:EURUSD,2023-01-28T08:07:00Z,1.08699,1.08699,1.08696,1.08696,3177.31717346
Kraken:EURUSD,2023-01-28T08:08:00Z,1.08695,1.08695,1.08687,1.08695,8000.85288435
Kraken:EURUSD,2023-01-28T08:09:00Z,1.08698,1.087,1.08695,1.087,38533.63595942
Kraken:EURUSD,2023-01-28T08:11:00Z,1.08698,1.08698,1.08698,1.08698,13.78866216
Kraken:EURUSD,2023-01-28T08:12:00Z,1.08695,1.08698,1.08695,1.08698,1105.29201953
Kraken:EURUSD,2023-01-28T08:13:00Z,1.08698,1.08698,1.08695,1.08695,46.93566199
Kraken:EURUSD,2023-01-28T08:15:00Z,1.08699,1.08699,1.08699,1.08699,27.34339782
Kraken:EURUSD,2023-01-28T08:16:00Z,1.08698,1.08698,1.08697,1.08697,34.83469994
Kraken:EURUSD,2023-01-28T08:17:00Z,1.08695,1.08699,1.08695,1.08699,2912.26758698
Kraken:EURUSD,2023-01-28T08:18:00Z,1.08696,1.08697,1.08696,1.08697,34.99713023
Kraken:EURUSD,2023-01-28T08:19:00Z,1.08685,1.08696,1.08685,1.08696,56.83574882
Kraken:EURUSD,2023-01-28T08:21:00Z,1.08697,1.08698,1.08697,1.08698,164.9016717
Kraken:EURUSD,2023-01-28T08:23:00Z,1.08696,1.08697,1.08696,1.08696,980.92968796
Kraken:EURUSD,2023-01-28T08:24:00Z,1.08684,1.08684,1.08682,1.08682,656.87954117
Kraken:EURUSD,2023-01-28T08:25:00Z,1.08685,1.08685,1.08685,1.08685,13.99677968
Kraken:EURUSD,2023-01-28T08:26:00Z,1.08684,1.08684,1.08684,1.08684,183.73537699
Kraken:EURUSD,2023-01-28T08:27:00Z,1.08683,1.08683,1.08683,1.08683,9.2E+2
Kraken:EURUSD,2023-01-28T08:28:00Z,1.08684,1.08697,1.08684,1.08697,5826.59717203
Kraken:EURUSD,2023-01-28T08:30:00Z,1.08684,1.08702,1.08683,1.08685,7172.27139831
Kraken:EURUSD,2023-01-28T08:32:00Z,1.087,1.08702,1.087,1.08702,30.31111717
Kraken:EURUSD,2023-01-28T08:33:00Z,1.08692,1.08692,1.08691,1.08692,287.59658566
Kraken:EURUSD,2023-01-28T08:34:00Z,1.08701,1.08703,1.08701,1.08703,240.14792764
Kraken:EURUSD,2023-01-28T08:36:00Z,1.08701,1.08701,1.08692,1.08692,86.64440481
Kraken:EURUSD,2023-01-28T08:37:00Z,1.08704,1.08704,1.08692,1.08692,36.72116714
Kraken:EURUSD,2023-01-28T08:38:00Z,1.08701,1.08702,1.08701,1.08702,1919.04782799
Kraken:EURUSD,2023-01-28T08:40:00Z,1.08701,1.08703,1.087,1.08702,874.47559178
Kraken:EURUSD,2023-01-28T08:41:00Z,1.08691,1.08701,1.08691,1.08701,4352.98
Kraken:EURUSD,2023-01-28T08:42:00Z,1.08703,1.08703,1.08703,1.08703,10.42970295
Kraken:EURUSD,2023-01-28T08:43:00Z,1.087,1.08702,1.08692,1.08702,1050.3314391
Kraken:EURUSD,2023-01-28T08:44:00Z,1.08702,1.08702,1.08702,1.08702,538.93630475
Kraken:EURUSD,2023-01-28T08:45:00Z,1.08701,1.08701,1.08701,1.08701,7.03526186
Kraken:EURUSD,2023-01-28T08:46:00Z,1.08701,1.08701,1.08693,1.08693,1431.55853909
Kraken:EURUSD,2023-01-28T08:47:00Z,1.08701,1.08702,1.08683,1.08699,17254.43250551
Kraken:EURUSD,2023-01-28T08:48:00Z,1.08698,1.08698,1.08686,1.08697,3039.47054745
Kraken:EURUSD,2023-01-28T08:49:00Z,1.08698,1.08699,1.08696,1.08696,2990.1774984
Kraken:EURUSD,2023-01-28T08:50:00Z,1.08698,1.08699,1.08686,1.08698,319.79687796
Kraken:EURUSD,2023-01-28T08:51:00Z,1.08698,1.08698,1.08684,1.08684,1300.0218269
Kraken:EURUSD,2023-01-28T08:52:00Z,1.08697,1.08697,1.08696,1.08697,3033.85285276
Kraken:EURUSD,2023-01-28T08:53:00Z,1.08688,1.08698,1.08686,1.08697,8718.96539945
Kraken:EURUSD,2023-01-28T08:54:00Z,1.08697,1.087,1.08697,1.087,2137.29079125
Kraken:EURUSD,2023-01-28T08:55:00Z,1.08698,1.08699,1.08698,1.08699,256.68210174
Kraken:EURUSD,2023-01-28T08:57:00Z,1.087,1.087,1.087,1.087,426.36783243
Kraken:EURUSD,2023-01-28T08:58:00Z,1.08695,1.08699,1.08695,1.08699,2187.42544379
Kraken:EURUSD,2023-01-28T08:59:00Z,1.08698,1.08708,1.08698,1.08705,36730.49584194
Kraken:EURUSD,2023-01-28T09:00:00Z,1.08705,1.08707,1.08705,1.08705,842.32035972
Kraken:EURUSD,2023-01-28T09:01:00Z,1.08705,1.08705,1.08705,1.08705,3695.40481767
Kraken:EURUSD,2023-01-28T09:02:00Z,1.08705,1.08707,1.08705,1.08707,2206.62678409
Kraken:EURUSD,2023-01-28T09:03:00Z,1.08707,1.08707,1.08705,1.08705,7779.0575393
Kraken:EURUSD,2023-01-28T09:04:00Z,1.08706,1.08706,1.08705,1.08705,6849.98834528
Kraken:EURUSD,2023-01-28T09:05:00Z,1.08702,1.08702,1.08702,1.08702,370.0065955
Kraken:EURUSD,2023-01-28T09:06:00Z,1.08702,1.08704,1.08702,1.08704,140.12715292
Kraken:EURUSD,2023-01-28T09:07:00Z,1.08702,1.08707,1.087,1.08707,8130.79507206
Kraken:EURUSD,2023-01-28T09:08:00Z,1.08705,1.08705,1.08701,1.08701,11271.24741185
Kraken:EURUSD,2023-01-28T09:09:00Z,1.08692,1.08704,1.08692,1.087,1769.432225
Kraken:EURUSD,2023-01-28T09:10:00Z,1.087,1.08702,1.08699,1.08699,2221.30512703
Kraken:EURUSD,2023-01-28T09:11:00Z,1.08692,1.08692,1.08691,1.08691,426.99645784
Kraken:EURUSD,2023-01-28T09:12:00Z,1.08696,1.08707,1.0869,1.08705,11794.12248903
Kraken:EURUSD,2023-01-28T09:13:00Z,1.08705,1.08705,1.08685,1.087,26280.34669706
Kraken:EURUSD,2023-01-28T09:14:00Z,1.087,1.087,1.08688,1.08698,902.44327967
Kraken:EURUSD,2023-01-28T09:15:00Z,1.08698,1.08698,1.08698,1.08698,103.66354486
Kraken:EURUSD,2023-01-28T09:16:00Z,1.08687,1.08704,1.08687,1.08704,5352.40205609
Kraken:EURUSD,2023-01-28T09:17:00Z,1.08703,1.08703,1.0867,1.08696,43478.90840282
Kraken:EURUSD,2023-01-28T09:18:00Z,1.0868,1.0868,1.0868,1.0868,205.90297251
Kraken:EURUSD,2023-01-28T09:20:00Z,1.08675,1.0869,1.08674,1.08674,468.913932
Kraken:EURUSD,2023-01-28T09:21:00Z,1.08681,1.08696,1.0868,1.08682,893.11693614
Kraken:EURUSD,2023-01-28T09:22:00Z,1.0868,1.0868,1.0868,1.0868,855.8602
Kraken:EURUSD,2023-01-28T09:23:00Z,1.08695,1.08696,1.08695,1.08695,3987.87072052
Kraken:EURUSD,2023-01-28T09:25:00Z,1.0869,1.0869,1.0869,1.0869,172.43472258
Kraken:EURUSD,2023-01-28T09:26:00Z,1.08678,1.08689,1.08677,1.08689,4616.52933319
Kraken:EURUSD,2023-01-28T09:27:00Z,1.08675,1.08681,1.08675,1.08681,237.47484194
Kraken:EURUSD,2023-01-28T09:28:00Z,1.08681,1.08681,1.08675,1.08675,111.19423936
Kraken:EURUSD,2023-01-28T09:29:00Z,1.08675,1.08678,1.08675,1.08678,53.79688319
Kraken:EURUSD,2023-01-28T09:30:00Z,1.08675,1.08675,1.08675,1.08675,9.2315
Kraken:EURUSD,2023-01-28T09:31:00Z,1.0867,1.0867,1.0867,1.0867,28.98415598
Kraken:EURUSD,2023-01-28T09:32:00Z,1.08686,1.08686,1.08686,1.08686,384.32118209
Kraken:EURUSD,2023-01-28T09:33:00Z,1.08677,1.08689,1.08677,1.08679,4130.58738223
Kraken:EURUSD,2023-01-28T09:34:00Z,1.08673,1.08679,1.08673,1.08679,532.19216273
Kraken:EURUSD,2023-01-28T09:35:00Z,1.08673,1.08674,1.08673,1.08674,1671.24049606
Kraken:EURUSD,2023-01-28T09:37:00Z,1.08678,1.08679,1.08678,1.08679,144.72602505
Kraken:EURUSD,2023-01-28T09:38:00Z,1.08687,1.08687,1.08687,1.08687,708.20677725
Kraken:EURUSD,2023-01-28T09:39:00Z,1.08693,1.08693,1.08693,1.08693,319.81406345
Kraken:EURUSD,2023-01-28T09:40:00Z,1.08674,1.08695,1.08674,1.08695,1143.53056068
Kraken:EURUSD,2023-01-28T09:41:00Z,1.08683,1.0869,1.08683,1.0869,206.03045725
Kraken:EURUSD,2023-01-28T09:42:00Z,1.0869,1.0869,1.0869,1.0869,51.20682675
Kraken:EURUSD,2023-01-28T09:43:00Z,1.0869,1.0869,1.0869,1.0869,429.62311
Kraken:EURUSD,2023-01-28T09:44:00Z,1.08684,1.08695,1.08684,1.08695,731.91700847
Kraken:EURUSD,2023-01-28T09:45:00Z,1.0869,1.0869,1.08689,1.08689,29.17321785
Kraken:EURUSD,2023-01-28T09:46:00Z,1.08689,1.0869,1.08684,1.08685,2428.71345473
Kraken:EURUSD,2023-01-28T09:47:00Z,1.08691,1.08691,1.0869,1.0869,973.46491984
Kraken:EURUSD,2023-01-28T09:52:00Z,1.08681,1.08692,1.08681,1.08692,120.52309485
Kraken:EURUSD,2023-01-28T09:53:00Z,1.08681,1.08681,1.08681,1.08681,446.03336728
Kraken:EURUSD,2023-01-28T09:54:00Z,1.08674,1.0868,1.08674,1.0868,181.2197766
Kraken:EURUSD,2023-01-28T09:55:00Z,1.08682,1.08694,1.08682,1.08694,633.08534045
Kraken:EURUSD,2023-01-28T09:56:00Z,1.08693,1.08693,1.08674,1.0868,648.1660043
Kraken:EURUSD,2023-01-28T09:57:00Z,1.08681,1.08681,1.08681,1.08681,1129.0041809
Kraken:EURUSD,2023-01-28T09:59:00Z,1.08691,1.08691,1.08691,1.08691,374.11229998
Kraken:EURUSD,2023-01-28T10:00:00Z,1.08692,1.08692,1.08692,1.08692,317.35682952
Kraken:EURUSD,2023-01-28T10:01:00Z,1.08682,1.08692,1.08682,1.08692,678.94072636
Kraken:EURUSD,2023-01-28T10:02:00Z,1.08681,1.08682,1.08681,1.08682,1100.6467
Kraken:EURUSD,2023-01-28T10:03:00Z,1.08681,1.08682,1.08681,1.08682,85.43181974
Kraken:EURUSD,2023-01-28T10:05:00Z,1.08681,1.08681,1.08681,1.08681,962.488111
Kraken:EURUSD,2023-01-28T10:07:00Z,1.08682,1.08682,1.08681,1.08681,426.89955347
Kraken:EURUSD,2023-01-28T10:08:00Z,1.0868,1.08689,1.08676,1.08689,447.79717816
Kraken:EURUSD,2023-01-28T10:09:00Z,1.0867,1.08679,1.0867,1.08679,394.43189828
Kraken:EURUSD,2023-01-28T10:10:00Z,1.08679,1.0868,1.08676,1.0868,216.46474953
Kraken:EURUSD,2023-01-28T10:11:00Z,1.08673,1.08685,1.08672,1.0868,406.18486779
Kraken:EURUSD,2023-01-28T10:12:00Z,1.0868,1.0868,1.0868,1.0868,296.70307324
Kraken:EURUSD,2023-01-28T10:13:00Z,1.08681,1.08681,1.08679,1.08679,1392.92519588
Kraken:EURUSD,2023-01-28T10:15:00Z,1.08675,1.08675,1.08674,1.08674,1598.69253976
Kraken:EURUSD,2023-01-28T10:17:00Z,1.08673,1.08688,1.08673,1.08688,192.42395157
Kraken:EURUSD,2023-01-28T10:18:00Z,1.08687,1.08687,1.08674,1.08676,420.46371378
Kraken:EURUSD,2023-01-28T10:19:00Z,1.08679,1.08679,1.08671,1.08671,660.0359424
Kraken:EURUSD,2023-01-28T10:20:00Z,1.08677,1.08677,1.08664,1.08664,941.40610586
Kraken:EURUSD,2023-01-28T10:21:00Z,1.08661,1.08677,1.08661,1.08677,2311.45241836
Kraken:EURUSD,2023-01-28T10:22:00Z,1.08685,1.08685,1.08668,1.08669,61314.26451354
Kraken:EURUSD,2023-01-28T10:23:00Z,1.08666,1.08679,1.08662,1.08662,58859.76538196
Kraken:EURUSD,2023-01-28T10:24:00Z,1.08678,1.08678,1.08657,1.08676,74133.00034632
Kraken:EURUSD,2023-01-28T10:25:00Z,1.08675,1.08675,1.08675,1.08675,339.57994014
Kraken:EURUSD,2023-01-28T10:26:00Z,1.08676,1.08676,1.08676,1.08676,83.05777367
Kraken:EURUSD,2023-01-28T10:27:00Z,1.08662,1.08662,1.08662,1.08662,11.34812537
Kraken:EURUSD,2023-01-28T10:28:00Z,1.08662,1.08676,1.08662,1.08676,2060.48007809
Kraken:EURUSD,2023-01-28T10:29:00Z,1.08677,1.08677,1.08677,1.08677,551.54246068
Kraken:EURUSD,2023-01-28T10:31:00Z,1.08676,1.08676,1.08676,1.08676,199.41573061
Kraken:EURUSD,2023-01-28T10:32:00Z,1.08669,1.08669,1.08669,1.08669,6.85061977
Kraken:EURUSD,2023-01-28T10:33:00Z,1.08669,1.08669,1.08669,1.08669,210.95951927
Kraken:EURUSD,2023-01-28T10:35:00Z,1.08661,1.08662,1.08661,1.08661,679.15443967
Kraken:EURUSD,2023-01-28T10:36:00Z,1.08663,1.08669,1.08663,1.08669,877.91922728
Kraken:EURUSD,2023-01-28T10:37:00Z,1.08661,1.08663,1.08661,1.08663,4935.49804437
Kraken:EURUSD,2023-01-28T10:38:00Z,1.08669,1.08674,1.08664,1.08674,793.29076318
Kraken:EURUSD,2023-01-28T10:39:00Z,1.08663,1.08673,1.08663,1.08673,2781.54242144
Kraken:EURUSD,2023-01-28T10:40:00Z,1.08665,1.08665,1.08665,1.08665,90.44262728
Kraken:EURUSD,2023-01-28T10:42:00Z,1.0867,1.0867,1.0867,1.0867,408.64800605
Kraken:EURUSD,2023-01-28T10:43:00Z,1.0867,1.08672,1.08665,1.08672,112.27330881
Kraken:EURUSD,2023-01-28T10:44:00Z,1.0867,1.0867,1.08666,1.0867,1302.35480167
Kraken:EURUSD,2023-01-28T10:45:00Z,1.0867,1.0867,1.0867,1.0867,1643.59857017
Kraken:EURUSD,2023-01-28T10:46:00Z,1.08666,1.0867,1.08665,1.08665,347.34081007
Kraken:EURUSD,2023-01-28T10:47:00Z,1.08665,1.08669,1.08664,1.08664,1466.38464025
Kraken:EURUSD,2023-01-28T10:48:00Z,1.08664,1.0867,1.08664,1.0867,58.11060219
Kraken:EURUSD,2023-01-28T10:49:00Z,1.08669,1.08669,1.08669,1.08669,88.06136064
Kraken:EURUSD,2023-01-28T10:50:00Z,1.08665,1.0867,1.08664,1.0867,190.48329599
Kraken:EURUSD,2023-01-28T10:51:00Z,1.0866,1.08669,1.0866,1.08669,1156.8846863
Kraken:EURUSD,2023-01-28T10:52:00Z,1.0867,1.08676,1.08663,1.08676,14263.10399576
Kraken:EURUSD,2023-01-28T10:53:00Z,1.08676,1.08687,1.08676,1.08687,13254.20573234
Kraken:EURUSD,2023-01-28T10:54:00Z,1.08683,1.08683,1.08683,1.08683,13770.05653
Kraken:EURUSD,2023-01-28T10:55:00Z,1.08695,1.08695,1.08693,1.08693,29.21123181
Kraken:EURUSD,2023-01-28T10:56:00Z,1.08687,1.08687,1.08687,1.08687,17.0314757
Kraken:EURUSD,2023-01-28T10:59:00Z,1.08684,1.08684,1.08683,1.08684,1255.40022173
Kraken:EURUSD,2023-01-28T11:00:00Z,1.08683,1.08683,1.08659,1.0867,10386.62620423
Kraken:EURUSD,2023-01-28T11:02:00Z,1.08658,1.0866,1.08658,1.0866,91.8384952
Kraken:EURUSD,2023-01-28T11:03:00Z,1.08668,1.08668,1.08659,1.08659,989.93467595
Kraken:EURUSD,2023-01-28T11:04:00Z,1.08659,1.08668,1.08659,1.08659,4883.54758583
Kraken:EURUSD,2023-01-28T11:05:00Z,1.08662,1.08668,1.08662,1.08668,712.13620271
Kraken:EURUSD,2023-01-28T11:06:00Z,1.08663,1.08664,1.08663,1.08663,997.25655071
Kraken:EURUSD,2023-01-28T11:07:00Z,1.08665,1.08665,1.08665,1.08665,61.39244466
Kraken:EURUSD,2023-01-28T11:08:00Z,1.08659,1.0866,1.08659,1.0866,236.07802804
Kraken:EURUSD,2023-01-28T11:09:00Z,1.0866,1.08668,1.0866,1.08662,521.61299841
Kraken:EURUSD,2023-01-28T11:10:00Z,1.08662,1.08662,1.08662,1.08662,604.5006534
Kraken:EURUSD,2023-01-28T11:11:00Z,1.08667,1.08668,1.08663,1.08666,4390.0654832
Kraken:EURUSD,2023-01-28T11:12:00Z,1.08667,1.08668,1.08667,1.08668,83.11155023
Kraken:EURUSD,2023-01-28T11:13:00Z,1.08666,1.08668,1.08666,1.08668,1006.59045087
Kraken:EURUSD,2023-01-28T11:14:00Z,1.08663,1.08663,1.08659,1.08659,11618.17634003
Kraken:EURUSD,2023-01-28T11:15:00Z,1.0866,1.0866,1.08658,1.08659,6883.68426021
Kraken:EURUSD,2023-01-28T11:17:00Z,1.08668,1.08669,1.08662,1.08662,1788.96728144
Kraken:EURUSD,2023-01-28T11:18:00Z,1.08668,1.08669,1.08664,1.08664,5800.4527589
Kraken:EURUSD,2023-01-28T11:19:00Z,1.08663,1.08669,1.08663,1.08669,459.00754417
Kraken:EURUSD,2023-01-28T11:20:00Z,1.08669,1.08669,1.08664,1.08664,563.37818567
Kraken:EURUSD,2023-01-28T11:21:00Z,1.08669,1.0867,1.08669,1.0867,1894.00977831
Kraken:EURUSD,2023-01-28T11:22:00Z,1.08664,1.08664,1.08664,1.08664,1999.99999999
Kraken:EURUSD,2023-01-28T11:23:00Z,1.08669,1.08669,1.08664,1.08668,39.19348302
Kraken:EURUSD,2023-01-28T11:24:00Z,1.08664,1.08668,1.08664,1.08668,921.35772539
Kraken:EURUSD,2023-01-28T11:25:00Z,1.08668,1.0867,1.08667,1.08667,5930.52129069
Kraken:EURUSD,2023-01-28T11:26:00Z,1.08664,1.0867,1.08663,1.0867,1430.31471164
Kraken:EURUSD,2023-01-28T11:27:00Z,1.08672,1.08673,1.08672,1.08673,580.62195048
Kraken:EURUSD,2023-01-28T11:28:00Z,1.08677,1.08678,1.08677,1.08678,323.34711044
Kraken:EURUSD,2023-01-28T11:29:00Z,1.08673,1.08673,1.08673,1.08673,365.74260975
Kraken:EURUSD,2023-01-28T11:30:00Z,1.08675,1.08675,1.08675,1.08675,20.6594893
Kraken:EURUSD,2023-01-28T11:31:00Z,1.08675,1.08675,1.08673,1.08673,39.55612505
Kraken:EURUSD,2023-01-28T11:32:00Z,1.08672,1.08674,1.08672,1.08674,578.77309892
Kraken:EURUSD,2023-01-28T11:33:00Z,1.08675,1.08677,1.08663,1.08663,4387.18648573
Kraken:EURUSD,2023-01-28T11:34:00Z,1.08663,1.08678,1.08663,1.08678,456.94878989
Kraken:EURUSD,2023-01-28T11:35:00Z,1.08661,1.08661,1.08661,1.08661,99.99990797
Kraken:EURUSD,2023-01-28T11:36:00Z,1.08661,1.08679,1.08661,1.08679,1867.24841978
Kraken:EURUSD,2023-01-28T11:37:00Z,1.08679,1.08679,1.08679,1.08679,957.77427101
Kraken:EURUSD,2023-01-28T11:40:00Z,1.08678,1.08678,1.08678,1.08678,481.66900172
Kraken:EURUSD,2023-01-28T11:41:00Z,1.08678,1.08679,1.08674,1.08674,687.80687586
Kraken:EURUSD,2023-01-28T11:42:00Z,1.08679,1.0868,1.08673,1.08679,1473.93032945
Kraken:EURUSD,2023-01-28T11:43:00Z,1.08675,1.08675,1.08673,1.08673,3416.17985637
Kraken:EURUSD,2023-01-28T11:44:00Z,1.0868,1.08707,1.08674,1.08674,58985.52554873
Kraken:EURUSD,2023-01-28T11:45:00Z,1.08699,1.08699,1.08683,1.08683,137.78069289
Kraken:EURUSD,2023-01-28T11:46:00Z,1.08682,1.08682,1.08681,1.08682,951.51388604
Kraken:EURUSD,2023-01-28T11:47:00Z,1.08681,1.08681,1.08681,1.08681,12.5423
Kraken:EURUSD,2023-01-28T11:48:00Z,1.08682,1.08682,1.08681,1.08681,44.47322978
Kraken:EURUSD,2023-01-28T11:49:00Z,1.08681,1.08681,1.08681,1.08681,346.2515
Kraken:EURUSD,2023-01-28T11:51:00Z,1.08682,1.08694,1.08682,1.08694,230.3988607
Kraken:EURUSD,2023-01-28T11:52:00Z,1.08693,1.08693,1.08693,1.08693,12.26141517
Kraken:EURUSD,2023-01-28T11:53:00Z,1.08682,1.08682,1.08681,1.08682,292.00866911
Kraken:EURUSD,2023-01-28T11:54:00Z,1.08681,1.08696,1.08681,1.08684,240.63932616
Kraken:EURUSD,2023-01-28T11:55:00Z,1.08682,1.08682,1.08682,1.08682,123.6888
Kraken:EURUSD,2023-01-28T11:56:00Z,1.08682,1.08682,1.08681,1.08681,105.66525188
Kraken:EURUSD,2023-01-28T11:57:00Z,1.08681,1.08681,1.08681,1.08681,122.1112665
Kraken:EURUSD,2023-01-28T11:58:00Z,1.08682,1.08682,1.08682,1.08682,11.79046008
Kraken:EURUSD,2023-01-28T11:59:00Z,1.08681,1.08683,1.08681,1.08682,1822.63476877
Kraken:EURUSD,2023-01-28T12:00:00Z,1.0869,1.0869,1.08673,1.08673,1058.23713351
Kraken:EURUSD,2023-01-28T12:01:00Z,1.08689,1.08689,1.0868,1.0868,1000.69176488
Kraken:EURUSD,2023-01-28T12:02:00Z,1.08687,1.08687,1.08672,1.08672,1764.55591171
Kraken:EURUSD,2023-01-28T12:03:00Z,1.08673,1.08673,1.08673,1.08673,5.4462
Kraken:EURUSD,2023-01-28T12:04:00Z,1.0867,1.08688,1.0867,1.08685,23653.58226603
Kraken:EURUSD,2023-01-28T12:05:00Z,1.08685,1.08687,1.08668,1.08668,254.21077938
Kraken:EURUSD,2023-01-28T12:06:00Z,1.08666,1.0868,1.08662,1.08664,1544.32751918
Kraken:EURUSD,2023-01-28T12:07:00Z,1.08664,1.08665,1.08664,1.08665,372.04204925
Kraken:EURUSD,2023-01-28T12:09:00Z,1.08679,1.08679,1.08664,1.08678,755.36758128
Kraken:EURUSD,2023-01-28T12:12:00Z,1.08668,1.08668,1.08656,1.08656,3072.55611237
Kraken:EURUSD,2023-01-28T12:14:00Z,1.08662,1.08662,1.08659,1.08659,4026.59999996
Kraken:EURUSD,2023-01-28T12:16:00Z,1.08678,1.08678,1.08677,1.08677,224.66171736
Kraken:EURUSD,2023-01-28T12:17:00Z,1.08663,1.08663,1.08663,1.08663,610.2236615
Kraken:EURUSD,2023-01-28T12:18:00Z,1.08667,1.08678,1.08665,1.08666,2638.81756854
Kraken:EURUSD,2023-01-28T12:19:00Z,1.08666,1.08678,1.08662,1.08662,4761.47458454
Kraken:EURUSD,2023-01-28T12:20:00Z,1.08668,1.08668,1.08664,1.08665,1679.35762832
Kraken:EURUSD,2023-01-28T12:22:00Z,1.08669,1.08669,1.08663,1.08665,2132.21950733
Kraken:EURUSD,2023-01-28T12:23:00Z,1.08665,1.08665,1.08665,1.08665,167.55641657
Kraken:EURUSD,2023-01-28T12:25:00Z,1.08658,1.0868,1.08658,1.08665,10996.87283939
Kraken:EURUSD,2023-01-28T12:26:00Z,1.08667,1.08667,1.08667,1.08667,35.1246402
Kraken:EURUSD,2023-01-28T12:27:00Z,1.08669,1.08679,1.08665,1.08677,1687.00778728
Kraken:EURUSD,2023-01-28T12:28:00Z,1.08663,1.08679,1.08661,1.08661,283.24181343
Kraken:EURUSD,2023-01-28T12:29:00Z,1.08676,1.08679,1.08664,1.08664,1985.78525389
Kraken:EURUSD,2023-01-28T12:30:00Z,1.08664,1.08677,1.0866,1.0866,290.9525177
Kraken:EURUSD,2023-01-28T12:31:00Z,1.08661,1.08677,1.0866,1.08664,4948.11066666
Kraken:EURUSD,2023-01-28T12:32:00Z,1.08664,1.08664,1.08664,1.08664,193.33753587
Kraken:EURUSD,2023-01-28T12:33:00Z,1.08664,1.08664,1.08661,1.08661,120.82427
Kraken:EURUSD,2023-01-28T12:34:00Z,1.0866,1.0866,1.0866,1.0866,4984.37170214
Kraken:EURUSD,2023-01-28T12:35:00Z,1.08659,1.08664,1.08659,1.08664,251.60682945
Kraken:EURUSD,2023-01-28T12:36:00Z,1.08664,1.08664,1.08664,1.08664,233.63673217
Kraken:EURUSD,2023-01-28T12:37:00Z,1.08665,1.08665,1.0866,1.0866,776.5411985
Kraken:EURUSD,2023-01-28T12:38:00Z,1.08664,1.08666,1.08664,1.08665,884.76518864
Kraken:EURUSD,2023-01-28T12:39:00Z,1.08666,1.08666,1.08664,1.08664,793.30142507
Kraken:EURUSD,2023-01-28T12:40:00Z,1.08665,1.08675,1.08661,1.08675,11219.73896071
Kraken:EURUSD,2023-01-28T12:41:00Z,1.08662,1.08662,1.08662,1.08662,2351.78437585
Kraken:EURUSD,2023-01-28T12:42:00Z,1.08663,1.08674,1.08659,1.08659,2517.96209904
Kraken:EURUSD,2023-01-28T12:44:00Z,1.08662,1.08662,1.08661,1.08661,2018.17783234
Kraken:EURUSD,2023-01-28T12:45:00Z,1.08665,1.08666,1.08665,1.08665,1070.10180057
Kraken:EURUSD,2023-01-28T12:46:00Z,1.08661,1.08661,1.08661,1.08661,27.75484277
Kraken:EURUSD,2023-01-28T12:47:00Z,1.08675,1.08675,1.08662,1.08662,25.55914162
Kraken:EURUSD,2023-01-28T12:48:00Z,1.08675,1.08682,1.08675,1.0868,10692.37295344
Kraken:EURUSD,2023-01-28T12:49:00Z,1.0868,1.0868,1.0868,1.0868,819.30215285
Kraken:EURUSD,2023-01-28T12:50:00Z,1.08691,1.08691,1.08691,1.08691,63.67916228
Kraken:EURUSD,2023-01-28T12:51:00Z,1.08693,1.08693,1.08693,1.08693,22.18263757
Kraken:EURUSD,2023-01-28T12:52:00Z,1.0868,1.0868,1.08674,1.08674,7839.46632592
Kraken:EURUSD,2023-01-28T12:53:00Z,1.08695,1.08697,1.08695,1.08696,6883.81652129
Kraken:EURUSD,2023-01-28T12:54:00Z,1.08694,1.08694,1.08692,1.08694,22915.04473571
Kraken:EURUSD,2023-01-28T12:55:00Z,1.087,1.087,1.08682,1.08682,1039.28717538
Kraken:EURUSD,2023-01-28T12:56:00Z,1.08691,1.087,1.08691,1.08694,1142.58868134
Kraken:EURUSD,2023-01-28T12:57:00Z,1.08701,1.08703,1.08699,1.08702,65.46756926
Kraken:EURUSD,2023-01-28T12:58:00Z,1.08703,1.08703,1.08703,1.08703,9.74830501
Kraken:EURUSD,2023-01-28T12:59:00Z,1.08704,1.08707,1.08704,1.08707,25062.82456855
Kraken:EURUSD,2023-01-28T13:00:00Z,1.08701,1.08707,1.08681,1.08706,35428.12946383
Kraken:EURUSD,2023-01-28T13:01:00Z,1.08705,1.08705,1.08699,1.087,10971.37896066
Kraken:EURUSD,2023-01-28T13:02:00Z,1.087,1.08706,1.08699,1.08706,28208.58711469
Kraken:EURUSD,2023-01-28T13:03:00Z,1.08706,1.08706,1.0869,1.08705,39586.6985853
Kraken:EURUSD,2023-01-28T13:04:00Z,1.08705,1.08705,1.08685,1.08686,49941.75522233
Kraken:EURUSD,2023-01-28T13:05:00Z,1.08681,1.08683,1.08678,1.08683,744.83250363
Kraken:EURUSD,2023-01-28T13:06:00Z,1.08684,1.08697,1.08684,1.08696,741.77844081
Kraken:EURUSD,2023-01-28T13:07:00Z,1.08696,1.08699,1.08664,1.08689,78112.40245797
Kraken:EURUSD,2023-01-28T13:08:00Z,1.08687,1.08687,1.08671,1.08684,4998.96338003
Kraken:EURUSD,2023-01-28T13:09:00Z,1.08683,1.08688,1.08672,1.08672,480.70669781
Kraken:EURUSD,2023-01-28T13:10:00Z,1.08689,1.08694,1.08689,1.08693,11999.54326729
Kraken:EURUSD,2023-01-28T13:11:00Z,1.08703,1.08703,1.08703,1.08703,118.84869782
Kraken:EURUSD,2023-01-28T13:12:00Z,1.08693,1.08693,1.08693,1.08693,20.7876
Kraken:EURUSD,2023-01-28T13:13:00Z,1.08697,1.087,1.08693,1.08698,1458.36498088
Kraken:EURUSD,2023-01-28T13:14:00Z,1.08698,1.08698,1.08698,1.08698,449.97221437
Kraken:EURUSD,2023-01-28T13:15:00Z,1.08693,1.08694,1.08693,1.08694,1183.6602131
Kraken:EURUSD,2023-01-28T13:16:00Z,1.08693,1.08698,1.08693,1.08698,1412.91313862
Kraken:EURUSD,2023-01-28T13:17:00Z,1.08694,1.08694,1.08671,1.08671,18767.14617301
Kraken:EURUSD,2023-01-28T13:18:00Z,1.08667,1.0867,1.08667,1.0867,480.85170179
Kraken:EURUSD,2023-01-28T13:19:00Z,1.08667,1.08669,1.08667,1.08669,888.84436209
Kraken:EURUSD,2023-01-28T13:20:00Z,1.08668,1.08668,1.08668,1.08668,102.35000183
Kraken:EURUSD,2023-01-28T13:21:00Z,1.08668,1.08669,1.08668,1.08669,440.31507957
Kraken:EURUSD,2023-01-28T13:22:00Z,1.08661,1.08666,1.08661,1.08666,193.87285013
Kraken:EURUSD,2023-01-28T13:23:00Z,1.0866,1.08664,1.0866,1.08664,5811.38923652
Kraken:EURUSD,2023-01-28T13:24:00Z,1.08664,1.08664,1.08662,1.08662,900.98097314
Kraken:EURUSD,2023-01-28T13:25:00Z,1.08664,1.08687,1.08664,1.08687,14614.39920967
Kraken:EURUSD,2023-01-28T13:26:00Z,1.08682,1.08683,1.08671,1.08671,8442.37338606
Kraken:EURUSD,2023-01-28T13:27:00Z,1.08683,1.08683,1.08665,1.08665,439.69126733
Kraken:EURUSD,2023-01-28T13:28:00Z,1.08664,1.08664,1.08663,1.08664,326.63332432
Kraken:EURUSD,2023-01-28T13:29:00Z,1.08663,1.08663,1.08662,1.08663,748.41053493
Kraken:EURUSD,2023-01-28T13:30:00Z,1.08679,1.08684,1.08664,1.08684,2502.43239864
Kraken:EURUSD,2023-01-28T13:32:00Z,1.08663,1.08681,1.08663,1.08681,11867.15451451
Kraken:EURUSD,2023-01-28T13:33:00Z,1.08671,1.08685,1.08671,1.08682,7096.84756917
Kraken:EURUSD,2023-01-28T13:34:00Z,1.08664,1.08664,1.08664,1.08664,109.0092228
Kraken:EURUSD,2023-01-28T13:35:00Z,1.08664,1.0868,1.08663,1.0868,1060.13972983
Kraken:EURUSD,2023-01-28T13:36:00Z,1.08664,1.08664,1.08661,1.08661,309.88314953
Kraken:EURUSD,2023-01-28T13:37:00Z,1.08686,1.08686,1.08661,1.0868,14705.52090139
Kraken:EURUSD,2023-01-28T13:38:00Z,1.08662,1.08662,1.08662,1.08662,16.3752
Kraken:EURUSD,2023-01-28T13:39:00Z,1.08661,1.08663,1.08661,1.08662,2042.18267731
Kraken:EURUSD,2023-01-28T13:40:00Z,1.08662,1.08662,1.08661,1.08661,4309.13913104
Kraken:EURUSD,2023-01-28T13:41:00Z,1.08662,1.08662,1.08661,1.08661,2305.46715968
Kraken:EURUSD,2023-01-28T13:43:00Z,1.08661,1.08661,1.08661,1.08661,90.63166861
Kraken:EURUSD,2023-01-28T13:45:00Z,1.08661,1.08674,1.08661,1.08674,1160.37372114
Kraken:EURUSD,2023-01-28T13:46:00Z,1.08662,1.08675,1.08661,1.08675,168.74214497
Kraken:EURUSD,2023-01-28T13:47:00Z,1.08662,1.08662,1.08661,1.08661,7350.4147619
Kraken:EURUSD,2023-01-28T13:48:00Z,1.08662,1.08662,1.08661,1.08661,92.91086358
Kraken:EURUSD,2023-01-28T13:50:00Z,1.08661,1.08661,1.08661,1.08661,1999.99704665
Kraken:EURUSD,2023-01-28T13:51:00Z,1.08661,1.08661,1.08661,1.08661,66.72127074
Kraken:EURUSD,2023-01-28T13:52:00Z,1.08661,1.08661,1.08661,1.08661,3199.12025745
Kraken:EURUSD,2023-01-28T13:53:00Z,1.0866,1.08661,1.0866,1.08661,1388.12912662
Kraken:EURUSD,2023-01-28T13:54:00Z,1.08661,1.08675,1.08661,1.08661,1448.51911095
Kraken:EURUSD,2023-01-28T13:56:00Z,1.08678,1.08679,1.08661,1.08661,952.26392488
Kraken:EURUSD,2023-01-28T13:58:00Z,1.0866,1.0866,1.08646,1.08646,105232.8046
Kraken:EURUSD,2023-01-28T14:02:00Z,1.08646,1.08646,1.08646,1.08646,427.12485924
Kraken:EURUSD,2023-01-28T14:06:00Z,1.08646,1.08659,1.08646,1.08659,746.54477238
Kraken:EURUSD,2023-01-28T14:07:00Z,1.0866,1.0866,1.0866,1.0866,6.75483158
Kraken:EURUSD,2023-01-28T14:08:00Z,1.0866,1.0866,1.08649,1.08649,357.57383662
Kraken:EURUSD,2023-01-28T14:09:00Z,1.08648,1.08657,1.08647,1.08647,1679.48354113
Kraken:EURUSD,2023-01-28T14:10:00Z,1.08649,1.08649,1.08649,1.08649,115.6106884
Kraken:EURUSD,2023-01-28T14:11:00Z,1.08649,1.08649,1.08649,1.08649,133.717405
Kraken:EURUSD,2023-01-28T14:12:00Z,1.08648,1.08649,1.08648,1.08649,2226.5021147
Kraken:EURUSD,2023-01-28T14:13:00Z,1.08648,1.08657,1.08648,1.08649,452.62891055
Kraken:EURUSD,2023-01-28T14:15:00Z,1.08648,1.08648,1.08648,1.08648,960.12693809
Kraken:EURUSD,2023-01-28T14:16:00Z,1.08646,1.08646,1.08646,1.08646,2005.517
Kraken:EURUSD,2023-01-28T14:18:00Z,1.08646,1.08646,1.08646,1.08646,24.46828194
Kraken:EURUSD,2023-01-28T14:19:00Z,1.08646,1.08646,1.08646,1.08646,23.47863704
Kraken:EURUSD,2023-01-28T14:20:00Z,1.08646,1.08646,1.08646,1.08646,1716.74328986
Kraken:EURUSD,2023-01-28T14:21:00Z,1.08646,1.08646,1.08646,1.08646,36.39351738
Kraken:EURUSD,2023-01-28T14:22:00Z,1.08646,1.08647,1.08646,1.08646,1068.37125656
Kraken:EURUSD,2023-01-28T14:23:00Z,1.08648,1.08648,1.08648,1.08648,5050.10495574
Kraken:EURUSD,2023-01-28T14:24:00Z,1.08648,1.08648,1.08647,1.08647,3458.75373913
Kraken:EURUSD,2023-01-28T14:25:00Z,1.08646,1.08649,1.08646,1.08646,6125.34055102
Kraken:EURUSD,2023-01-28T14:26:00Z,1.08649,1.08649,1.08646,1.08646,2378.14706166
Kraken:EURUSD,2023-01-28T14:27:00Z,1.08646,1.08646,1.08646,1.08646,427.16052
Kraken:EURUSD,2023-01-28T14:28:00Z,1.08658,1.08658,1.08658,1.08658,66.5782547
Kraken:EURUSD,2023-01-28T14:30:00Z,1.08647,1.08647,1.08647,1.08647,1931.98247535
Kraken:EURUSD,2023-01-28T14:32:00Z,1.08647,1.08647,1.08647,1.08647,188.68874096
Kraken:EURUSD,2023-01-28T14:33:00Z,1.08658,1.08659,1.08658,1.08659,1920.84534184
Kraken:EURUSD,2023-01-28T14:34:00Z,1.08647,1.08659,1.08647,1.08659,64.71108131
Kraken:EURUSD,2023-01-28T14:35:00Z,1.08659,1.08659,1.08658,1.08658,155.73220297
Kraken:EURUSD,2023-01-28T14:36:00Z,1.08649,1.08658,1.08648,1.08649,1448.01533584
Kraken:EURUSD,2023-01-28T14:37:00Z,1.08647,1.08658,1.08647,1.08658,266.86113012
Kraken:EURUSD,2023-01-28T14:38:00Z,1.08658,1.08658,1.08647,1.08648,10298.85482451
Kraken:EURUSD,2023-01-28T14:39:00Z,1.08648,1.08648,1.08648,1.08648,169.78892646
Kraken:EURUSD,2023-01-28T14:40:00Z,1.08656,1.08656,1.08647,1.08647,2998.75835229
Kraken:EURUSD,2023-01-28T14:41:00Z,1.08647,1.08649,1.08646,1.08647,6350.15866531
Kraken:EURUSD,2023-01-28T14:42:00Z,1.08647,1.08657,1.08641,1.08641,464.18067756
Kraken:EURUSD,2023-01-28T14:43:00Z,1.08646,1.08646,1.08646,1.08646,370.02771183
Kraken:EURUSD,2023-01-28T14:44:00Z,1.08646,1.08646,1.08646,1.08646,295.5665
Kraken:EURUSD,2023-01-28T14:45:00Z,1.08646,1.08646,1.08646,1.08646,426.96635641
Kraken:EURUSD,2023-01-28T14:46:00Z,1.08646,1.08646,1.08645,1.08645,1806.24829645
Kraken:EURUSD,2023-01-28T14:47:00Z,1.08646,1.08646,1.08644,1.08645,20744.13515429
Kraken:EURUSD,2023-01-28T14:48:00Z,1.08645,1.08645,1.08643,1.08643,18365.99673341
Kraken:EURUSD,2023-01-28T14:49:00Z,1.08643,1.08643,1.08642,1.08642,4562.28378292
Kraken:EURUSD,2023-01-28T14:50:00Z,1.08642,1.08643,1.08642,1.08643,848.15725166
Kraken:EURUSD,2023-01-28T14:52:00Z,1.08642,1.08642,1.08642,1.08642,758.51582049
Kraken:EURUSD,2023-01-28T14:53:00Z,1.08643,1.08643,1.08642,1.08642,921.18465408
Kraken:EURUSD,2023-01-28T14:54:00Z,1.08642,1.08642,1.08642,1.08642,206.16644314
Kraken:EURUSD,2023-01-28T14:55:00Z,1.08642,1.08642,1.08642,1.08642,17.22418585
Kraken:EURUSD,2023-01-28T14:58:00Z,1.08642,1.08645,1.0864,1.08642,13613.80644882
Kraken:EURUSD,2023-01-28T14:59:00Z,1.08642,1.08646,1.08641,1.08641,6651.18194108
Kraken:EURUSD,2023-01-28T15:00:00Z,1.08647,1.08648,1.0864,1.0864,43501.24968707
Kraken:EURUSD,2023-01-28T15:01:00Z,1.0864,1.0869,1.08639,1.08681,86801.11547125
Kraken:EURUSD,2023-01-28T15:02:00Z,1.0866,1.08662,1.0866,1.08661,4767.1595281
Kraken:EURUSD,2023-01-28T15:03:00Z,1.08662,1.08662,1.08662,1.08662,1715.94324228
Kraken:EURUSD,2023-01-28T15:04:00Z,1.0866,1.08661,1.0866,1.0866,1874.68955422
Kraken:EURUSD,2023-01-28T15:05:00Z,1.08661,1.08661,1.0866,1.08661,1145.45250816
Kraken:EURUSD,2023-01-28T15:06:00Z,1.0866,1.0866,1.0866,1.0866,307.15878578
Kraken:EURUSD,2023-01-28T15:07:00Z,1.0866,1.08661,1.0866,1.0866,3418.45440525
Kraken:EURUSD,2023-01-28T15:08:00Z,1.08651,1.08668,1.08651,1.08668,1262.14598591
Kraken:EURUSD,2023-01-28T15:09:00Z,1.08663,1.08663,1.08655,1.08655,11558.3333321
Kraken:EURUSD,2023-01-28T15:10:00Z,1.08655,1.08661,1.0865,1.08661,1974.53719249
Kraken:EURUSD,2023-01-28T15:11:00Z,1.0866,1.08677,1.08655,1.08677,3463.3557211
Kraken:EURUSD,2023-01-28T15:12:00Z,1.08663,1.0868,1.08662,1.0868,4606.18140903
Kraken:EURUSD,2023-01-28T15:13:00Z,1.08665,1.08665,1.08665,1.08665,1918.87107939
Kraken:EURUSD,2023-01-28T15:14:00Z,1.0867,1.08688,1.0867,1.08688,37813.77919687
Kraken:EURUSD,2023-01-28T15:15:00Z,1.08673,1.08673,1.08671,1.08671,3514.72580555
Kraken:EURUSD,2023-01-28T15:17:00Z,1.08672,1.08672,1.08672,1.08672,1904.68191821
Kraken:EURUSD,2023-01-28T15:18:00Z,1.08673,1.0869,1.08671,1.0869,13180.74745103
Kraken:EURUSD,2023-01-28T15:19:00Z,1.08692,1.08692,1.08681,1.08681,1550.38951444
Kraken:EURUSD,2023-01-28T15:20:00Z,1.08683,1.08683,1.08681,1.08681,2497.21347189
Kraken:EURUSD,2023-01-28T15:21:00Z,1.08681,1.08689,1.08674,1.08689,2630.87409583
Kraken:EURUSD,2023-01-28T15:22:00Z,1.08675,1.0869,1.08674,1.0869,3022.13936119
Kraken:EURUSD,2023-01-28T15:23:00Z,1.08689,1.08689,1.08689,1.08689,9.20056307
Kraken:EURUSD,2023-01-28T15:25:00Z,1.08683,1.08691,1.08683,1.08691,996.44648652
Kraken:EURUSD,2023-01-28T15:26:00Z,1.08691,1.08692,1.0867,1.08671,37532.27630006
Kraken:EURUSD,2023-01-28T15:27:00Z,1.08688,1.08688,1.08665,1.08685,39752.23734086
Kraken:EURUSD,2023-01-28T15:28:00Z,1.08685,1.08685,1.08684,1.08684,76.20099869
Kraken:EURUSD,2023-01-28T15:29:00Z,1.08685,1.08687,1.08685,1.08687,83.76442226
Kraken:EURUSD,2023-01-28T15:30:00Z,1.08685,1.08686,1.08685,1.08686,426.99967668
Kraken:EURUSD,2023-01-28T15:31:00Z,1.08685,1.08688,1.08685,1.08688,95.23991911
Kraken:EURUSD,2023-01-28T15:32:00Z,1.08689,1.08689,1.08681,1.08684,5242.44983756
Kraken:EURUSD,2023-01-28T15:33:00Z,1.08687,1.08688,1.08684,1.08684,7481.15829838
Kraken:EURUSD,2023-01-28T15:34:00Z,1.08687,1.08687,1.08687,1.08687,87.38008263
Kraken:EURUSD,2023-01-28T15:35:00Z,1.08689,1.08689,1.08687,1.08687,897.7499598
Kraken:EURUSD,2023-01-28T15:36:00Z,1.08686,1.08686,1.08685,1.08685,1686.83538793
Kraken:EURUSD,2023-01-28T15:37:00Z,1.08684,1.08688,1.08684,1.08688,822.45360527
Kraken:EURUSD,2023-01-28T15:38:00Z,1.08684,1.08684,1.08684,1.08684,27.77838045
Kraken:EURUSD,2023-01-28T15:39:00Z,1.08688,1.08689,1.08688,1.08689,128.69437895
Kraken:EURUSD,2023-01-28T15:40:00Z,1.08685,1.08689,1.08685,1.08688,5726.81313708
Kraken:EURUSD,2023-01-28T15:41:00Z,1.08688,1.08689,1.08687,1.08689,2054.62893377
Kraken:EURUSD,2023-01-28T15:42:00Z,1.08688,1.08689,1.08688,1.08689,1623.78576719
Kraken:EURUSD,2023-01-28T15:43:00Z,1.08689,1.0869,1.08689,1.0869,8775.60517406
Kraken:EURUSD,2023-01-28T15:44:00Z,1.0869,1.08692,1.0869,1.0869,10669.33378305
Kraken:EURUSD,2023-01-28T15:45:00Z,1.08691,1.08693,1.0869,1.08693,41902.34887553
Kraken:EURUSD,2023-01-28T15:46:00Z,1.08697,1.08697,1.08696,1.08697,8667.93069332
Kraken:EURUSD,2023-01-28T15:47:00Z,1.08697,1.08697,1.08696,1.08697,1680.00218319
Kraken:EURUSD,2023-01-28T15:48:00Z,1.08697,1.08697,1.08697,1.08697,367.1182515
Kraken:EURUSD,2023-01-28T15:49:00Z,1.08697,1.08698,1.08655,1.08697,98121.9975376
Kraken:EURUSD,2023-01-28T15:51:00Z,1.08699,1.08699,1.08697,1.08697,1322.87465591
Kraken:EURUSD,2023-01-28T15:52:00Z,1.08697,1.08697,1.08697,1.08697,3810.12385737
Kraken:EURUSD,2023-01-28T15:53:00Z,1.08696,1.08696,1.08696,1.08696,40.17610121
Kraken:EURUSD,2023-01-28T15:54:00Z,1.08698,1.08698,1.08696,1.08696,963.92249432
Kraken:EURUSD,2023-01-28T15:55:00Z,1.08696,1.08696,1.0869,1.08696,5608.77868369
Kraken:EURUSD,2023-01-28T15:56:00Z,1.08696,1.087,1.08696,1.087,36838.29543758
Kraken:EURUSD,2023-01-28T15:57:00Z,1.08701,1.08708,1.08674,1.08702,153353.49713903
Kraken:EURUSD,2023-01-28T15:58:00Z,1.08706,1.08709,1.08701,1.08703,16360.89409456
Kraken:EURUSD,2023-01-28T15:59:00Z,1.08703,1.08711,1.08702,1.08711,17266.44408026
Kraken:EURUSD,2023-01-28T16:00:00Z,1.08702,1.08711,1.08702,1.0871,8766.88030653
Kraken:EURUSD,2023-01-28T16:01:00Z,1.08711,1.08711,1.08708,1.08708,442.8476693
Kraken:EURUSD,2023-01-28T16:02:00Z,1.0871,1.0871,1.0871,1.0871,2870.88760539
Kraken:EURUSD,2023-01-28T16:03:00Z,1.08709,1.08709,1.08709,1.08709,33.88883412
Kraken:EURUSD,2023-01-28T16:06:00Z,1.08709,1.08709,1.08708,1.08708,50.88551132
Kraken:EURUSD,2023-01-28T16:07:00Z,1.08709,1.08709,1.08709,1.08709,140.8341825
Kraken:EURUSD,2023-01-28T16:08:00Z,1.08709,1.0871,1.08706,1.08707,10164.06506951
Kraken:EURUSD,2023-01-28T16:09:00Z,1.08707,1.08707,1.08707,1.08707,1215.62554431
Kraken:EURUSD,2023-01-28T16:10:00Z,1.08707,1.08708,1.08706,1.08706,990.16348908
Kraken:EURUSD,2023-01-28T16:11:00Z,1.08706,1.08706,1.08701,1.08701,295.07933914
Kraken:EURUSD,2023-01-28T16:12:00Z,1.08704,1.08705,1.08699,1.08699,4955.76010808
Kraken:EURUSD,2023-01-28T16:13:00Z,1.08699,1.08699,1.08695,1.08695,1895.1577609
Kraken:EURUSD,2023-01-28T16:17:00Z,1.08695,1.08698,1.08689,1.08689,1751.76984792
Kraken:EURUSD,2023-01-28T16:18:00Z,1.08697,1.08698,1.08697,1.08698,2755.75560176
Kraken:EURUSD,2023-01-28T16:19:00Z,1.08683,1.08686,1.08683,1.08685,1409.94307784
Kraken:EURUSD,2023-01-28T16:20:00Z,1.08698,1.08698,1.08698,1.08698,52.25165136
Kraken:EURUSD,2023-01-28T16:22:00Z,1.08696,1.08698,1.08696,1.08698,68.82180833
Kraken:EURUSD,2023-01-28T16:23:00Z,1.08688,1.08688,1.08688,1.08688,32.0838547
Kraken:EURUSD,2023-01-28T16:24:00Z,1.08698,1.08698,1.08688,1.08688,913.30420975
Kraken:EURUSD,2023-01-28T16:25:00Z,1.08698,1.08699,1.08689,1.08698,2059.79231766
Kraken:EURUSD,2023-01-28T16:26:00Z,1.08687,1.08699,1.08687,1.08699,426.1029743
Kraken:EURUSD,2023-01-28T16:27:00Z,1.08699,1.08699,1.08688,1.08688,2062.78102024
Kraken:EURUSD,2023-01-28T16:28:00Z,1.08699,1.087,1.08699,1.087,483.27973884
Kraken:EURUSD,2023-01-28T16:29:00Z,1.08686,1.087,1.08686,1.08691,1419.56371508
Kraken:EURUSD,2023-01-28T16:34:00Z,1.08691,1.08691,1.08691,1.08691,425.82167704
Kraken:EURUSD,2023-01-28T16:35:00Z,1.08685,1.08685,1.08683,1.08683,1133.80187202
Kraken:EURUSD,2023-01-28T16:36:00Z,1.08684,1.08686,1.08681,1.08686,1718.90189557
Kraken:EURUSD,2023-01-28T16:38:00Z,1.08684,1.08684,1.08684,1.08684,426.92576644
Kraken:EURUSD,2023-01-28T16:39:00Z,1.08682,1.08682,1.08682,1.08682,4199.26732366
Kraken:EURUSD,2023-01-28T16:40:00Z,1.08697,1.08697,1.08697,1.08697,533.15607061
Kraken:EURUSD,2023-01-28T16:42:00Z,1.08701,1.08701,1.08701,1.08701,29.20782697
Kraken:EURUSD,2023-01-28T16:43:00Z,1.0869,1.0869,1.08689,1.0869,4872.2459111
Kraken:EURUSD,2023-01-28T16:44:00Z,1.08689,1.0869,1.08682,1.08689,1768.60136905
Kraken:EURUSD,2023-01-28T16:45:00Z,1.08683,1.08683,1.08682,1.08682,402.29791652
Kraken:EURUSD,2023-01-28T16:46:00Z,1.08688,1.08688,1.08682,1.08682,170.84239623
Kraken:EURUSD,2023-01-28T16:48:00Z,1.08688,1.08688,1.08688,1.08688,5.34327616
Kraken:EURUSD,2023-01-28T16:49:00Z,1.08688,1.08688,1.08688,1.08688,139.61163804
Kraken:EURUSD,2023-01-28T16:50:00Z,1.08688,1.08688,1.08682,1.08682,407.36989488
Kraken:EURUSD,2023-01-28T16:51:00Z,1.08688,1.08688,1.08688,1.08688,178.40425995
Kraken:EURUSD,2023-01-28T16:52:00Z,1.08699,1.08699,1.08699,1.08699,13.65865371
Kraken:EURUSD,2023-01-28T16:53:00Z,1.08683,1.08683,1.08683,1.08683,18.40043
Kraken:EURUSD,2023-01-28T16:54:00Z,1.08697,1.08697,1.08697,1.08697,183.56311581
Kraken:EURUSD,2023-01-28T16:55:00Z,1.08683,1.08683,1.08683,1.08683,18.51623
Kraken:EURUSD,2023-01-28T16:58:00Z,1.08685,1.08685,1.08685,1.08685,485.5689
Kraken:EURUSD,2023-01-28T16:59:00Z,1.08685,1.08685,1.08685,1.08685,19.8577224
Kraken:EURUSD,2023-01-28T17:00:00Z,1.08681,1.08682,1.08681,1.08682,3943.95840131
Kraken:EURUSD,2023-01-28T17:01:00Z,1.08683,1.08683,1.08683,1.08683,258.45963519
Kraken:EURUSD,2023-01-28T17:02:00Z,1.08684,1.08684,1.08684,1.08684,349.91928559
Kraken:EURUSD,2023-01-28T17:03:00Z,1.0868,1.08683,1.0868,1.08683,1208.04488318
Kraken:EURUSD,2023-01-28T17:05:00Z,1.08679,1.0868,1.08679,1.0868,126.36482967
Kraken:EURUSD,2023-01-28T17:06:00Z,1.08688,1.08688,1.08683,1.08683,113.39517012
Kraken:EURUSD,2023-01-28T17:08:00Z,1.08688,1.08689,1.08678,1.0868,7521.45628008
Kraken:EURUSD,2023-01-28T17:09:00Z,1.08682,1.08682,1.08682,1.08682,416.93441529
Kraken:EURUSD,2023-01-28T17:10:00Z,1.08674,1.08689,1.08673,1.08689,1121.24513652
Kraken:EURUSD,2023-01-28T17:11:00Z,1.08682,1.08688,1.08682,1.08688,573.63664113
Kraken:EURUSD,2023-01-28T17:12:00Z,1.08676,1.08676,1.08675,1.08675,427.09348056
Kraken:EURUSD,2023-01-28T17:13:00Z,1.08676,1.08679,1.08675,1.08679,681.64091068
Kraken:EURUSD,2023-01-28T17:15:00Z,1.08669,1.08669,1.08669,1.08669,8.2631286
Kraken:EURUSD,2023-01-28T17:16:00Z,1.0867,1.0867,1.0867,1.0867,12.4148339
Kraken:EURUSD,2023-01-28T17:17:00Z,1.08673,1.08685,1.08673,1.08685,7324.78443349
Kraken:EURUSD,2023-01-28T17:18:00Z,1.08669,1.08669,1.08668,1.08668,317.80636
Kraken:EURUSD,2023-01-28T17:19:00Z,1.08671,1.08672,1.08671,1.08671,894.46595353
Kraken:EURUSD,2023-01-28T17:21:00Z,1.08663,1.08664,1.08663,1.08664,853.94227263
Kraken:EURUSD,2023-01-28T17:22:00Z,1.08662,1.08679,1.08662,1.08679,1961.44698341
Kraken:EURUSD,2023-01-28T17:26:00Z,1.08664,1.08664,1.08664,1.08664,961.42850566
Kraken:EURUSD,2023-01-28T17:30:00Z,1.0868,1.0868,1.08678,1.08678,1459.13523157
Kraken:EURUSD,2023-01-28T17:31:00Z,1.08666,1.08666,1.08666,1.08666,142.92851489
Kraken:EURUSD,2023-01-28T17:32:00Z,1.08673,1.08673,1.08673,1.08673,15.9923916
Kraken:EURUSD,2023-01-28T17:33:00Z,1.08678,1.08684,1.08678,1.08684,376.51867424
Kraken:EURUSD,2023-01-28T17:34:00Z,1.0867,1.08671,1.0867,1.0867,3212.97451762
Kraken:EURUSD,2023-01-28T17:36:00Z,1.08668,1.08678,1.08668,1.08678,330.69173877
Kraken:EURUSD,2023-01-28T17:39:00Z,1.08678,1.08679,1.08678,1.08678,854.70972536
Kraken:EURUSD,2023-01-28T17:40:00Z,1.08674,1.08674,1.08674,1.08674,251.47964509
Kraken:EURUSD,2023-01-28T17:41:00Z,1.08686,1.08688,1.0867,1.0867,1010.39211371
Kraken:EURUSD,2023-01-28T17:42:00Z,1.08687,1.08688,1.08672,1.08672,661.41545789
Kraken:EURUSD,2023-01-28T17:43:00Z,1.08688,1.08688,1.08675,1.08676,829.88742553
Kraken:EURUSD,2023-01-28T17:44:00Z,1.08675,1.08676,1.08667,1.08676,481.25377747
Kraken:EURUSD,2023-01-28T17:45:00Z,1.0867,1.08674,1.0867,1.08674,158.23385151
Kraken:EURUSD,2023-01-28T17:46:00Z,1.08674,1.08688,1.08674,1.08688,595.63144727
Kraken:EURUSD,2023-01-28T17:47:00Z,1.08674,1.08674,1.08671,1.08671,755.24102714
Kraken:EURUSD,2023-01-28T17:48:00Z,1.08688,1.08689,1.08688,1.08689,8740.61011655
Kraken:EURUSD,2023-01-28T17:49:00Z,1.08672,1.08672,1.08672,1.08672,47.7212
Kraken:EURUSD,2023-01-28T17:50:00Z,1.08671,1.08687,1.08671,1.08687,267.47606286
Kraken:EURUSD,2023-01-28T17:51:00Z,1.08686,1.08687,1.08677,1.08677,956.36615744
Kraken:EURUSD,2023-01-28T17:53:00Z,1.08686,1.08687,1.08686,1.08687,33.68860101
Kraken:EURUSD,2023-01-28T17:54:00Z,1.08687,1.0869,1.0867,1.08672,2389.95200034
Kraken:EURUSD,2023-01-28T17:55:00Z,1.08673,1.08675,1.08671,1.08671,3154.16590521
Kraken:EURUSD,2023-01-28T17:56:00Z,1.0867,1.0867,1.0867,1.0867,23.54804188
Kraken:EURUSD,2023-01-28T17:57:00Z,1.08675,1.08675,1.08675,1.08675,54.34561766
Kraken:EURUSD,2023-01-28T17:58:00Z,1.08675,1.08685,1.08675,1.0868,4616.98731895
Kraken:EURUSD,2023-01-28T18:00:00Z,1.0868,1.08694,1.0868,1.08694,1442.26911899
Kraken:EURUSD,2023-01-28T18:01:00Z,1.0868,1.08689,1.0868,1.08689,5007.46737993
Kraken:EURUSD,2023-01-28T18:03:00Z,1.08687,1.08697,1.08687,1.08697,11461.38569482
Kraken:EURUSD,2023-01-28T18:04:00Z,1.08693,1.08693,1.08693,1.08693,1998.99999986
Kraken:EURUSD,2023-01-28T18:05:00Z,1.08693,1.08693,1.08693,1.08693,308.7959
Kraken:EURUSD,2023-01-28T18:06:00Z,1.08693,1.08693,1.0869,1.0869,5960.04693786
Kraken:EURUSD,2023-01-28T18:07:00Z,1.08687,1.0869,1.0868,1.0868,8086.12049257
Kraken:EURUSD,2023-01-28T18:08:00Z,1.08677,1.08689,1.08676,1.08688,1054.08008903
Kraken:EURUSD,2023-01-28T18:09:00Z,1.08678,1.08678,1.08677,1.08677,5E+3
Kraken:EURUSD,2023-01-28T18:10:00Z,1.08678,1.08689,1.08677,1.08688,6052.95812056
Kraken:EURUSD,2023-01-28T18:11:00Z,1.08688,1.08688,1.08675,1.08675,5030.1335876
Kraken:EURUSD,2023-01-28T18:12:00Z,1.0869,1.0869,1.08675,1.0868,10796.40395796
Kraken:EURUSD,2023-01-28T18:13:00Z,1.08687,1.08689,1.08677,1.08689,1645.47973868
Kraken:EURUSD,2023-01-28T18:14:00Z,1.08695,1.08695,1.08675,1.08675,236.92188611
Kraken:EURUSD,2023-01-28T18:15:00Z,1.0869,1.0869,1.0869,1.0869,1922.47233448
Kraken:EURUSD,2023-01-28T18:17:00Z,1.08675,1.08675,1.08675,1.08675,32.0679
Kraken:EURUSD,2023-01-28T18:18:00Z,1.08691,1.08691,1.08674,1.08688,827.09134172
Kraken:EURUSD,2023-01-28T18:19:00Z,1.08689,1.08689,1.08689,1.08689,20.9
Kraken:EURUSD,2023-01-28T18:20:00Z,1.0868,1.08686,1.08675,1.08675,800.26709159
Kraken:EURUSD,2023-01-28T18:21:00Z,1.08688,1.08688,1.08688,1.08688,87.35545782
Kraken:EURUSD,2023-01-28T18:22:00Z,1.0869,1.08691,1.0869,1.08691,266.42608782
Kraken:EURUSD,2023-01-28T18:23:00Z,1.08681,1.08691,1.08681,1.08691,310.43913952
Kraken:EURUSD,2023-01-28T18:24:00Z,1.08688,1.08688,1.08688,1.08688,174.31382724
Kraken:EURUSD,2023-01-28T18:25:00Z,1.08687,1.08687,1.08687,1.08687,86.20791815
Kraken:EURUSD,2023-01-28T18:26:00Z,1.0868,1.08681,1.0868,1.08681,669.98279117
Kraken:EURUSD,2023-01-28T18:27:00Z,1.0868,1.0868,1.0868,1.0868,2024.92905776
Kraken:EURUSD,2023-01-28T18:28:00Z,1.08674,1.08686,1.0867,1.08686,13854.78207975
Kraken:EURUSD,2023-01-28T18:29:00Z,1.08674,1.08674,1.08674,1.08674,159.02497816
Kraken:EURUSD,2023-01-28T18:30:00Z,1.08681,1.08681,1.08681,1.08681,439.35809428
Kraken:EURUSD,2023-01-28T18:31:00Z,1.08681,1.08681,1.08681,1.08681,781.94631414
Kraken:EURUSD,2023-01-28T18:32:00Z,1.08681,1.08685,1.08681,1.08685,1010.73904362
Kraken:EURUSD,2023-01-28T18:33:00Z,1.0868,1.08694,1.08675,1.08694,1082.22055195
Kraken:EURUSD,2023-01-28T18:34:00Z,1.08682,1.08682,1.08681,1.08681,3273.63760192
Kraken:EURUSD,2023-01-28T18:35:00Z,1.08681,1.08681,1.08681,1.08681,236.65313605
Kraken:EURUSD,2023-01-28T18:36:00Z,1.08681,1.08689,1.08681,1.08681,2359.80847913
Kraken:EURUSD,2023-01-28T18:37:00Z,1.0868,1.08686,1.0868,1.08685,224.40178447
Kraken:EURUSD,2023-01-28T18:38:00Z,1.08675,1.08683,1.08675,1.08683,3526.55005208
Kraken:EURUSD,2023-01-28T18:39:00Z,1.0868,1.0868,1.08676,1.08676,3164.8587576
Kraken:EURUSD,2023-01-28T18:40:00Z,1.08677,1.08686,1.08677,1.08686,2006.88419339
Kraken:EURUSD,2023-01-28T18:41:00Z,1.08675,1.08676,1.08674,1.08675,731.93548134
Kraken:EURUSD,2023-01-28T18:42:00Z,1.08676,1.08684,1.08676,1.08684,320.39236028
Kraken:EURUSD,2023-01-28T18:43:00Z,1.08674,1.0868,1.08674,1.0868,2584.10866868
Kraken:EURUSD,2023-01-28T18:44:00Z,1.0868,1.0868,1.08677,1.0868,405.78694945
Kraken:EURUSD,2023-01-28T18:45:00Z,1.0868,1.08688,1.08672,1.08674,331.97192409
Kraken:EURUSD,2023-01-28T18:46:00Z,1.08672,1.08679,1.08669,1.08679,511.75229034
Kraken:EURUSD,2023-01-28T18:47:00Z,1.08667,1.0868,1.08667,1.0868,939.89724345
Kraken:EURUSD,2023-01-28T18:48:00Z,1.08679,1.08679,1.08667,1.08667,299.14816
Kraken:EURUSD,2023-01-28T18:49:00Z,1.0867,1.08672,1.0867,1.08672,410.9686204
Kraken:EURUSD,2023-01-28T18:50:00Z,1.08664,1.08664,1.08664,1.08664,18.445085
Kraken:EURUSD,2023-01-28T18:51:00Z,1.08679,1.08682,1.08679,1.08679,8761.07306223
Kraken:EURUSD,2023-01-28T18:52:00Z,1.08679,1.08679,1.0867,1.0867,389.76643034
Kraken:EURUSD,2023-01-28T18:53:00Z,1.08687,1.08688,1.08687,1.08688,2047.4585024
Kraken:EURUSD,2023-01-28T18:54:00Z,1.08674,1.08674,1.08671,1.08673,699.47072518
Kraken:EURUSD,2023-01-28T18:55:00Z,1.08672,1.08673,1.08672,1.08672,580.42791777
Kraken:EURUSD,2023-01-28T18:56:00Z,1.08673,1.08676,1.08673,1.08673,122.28257613
Kraken:EURUSD,2023-01-28T18:57:00Z,1.08671,1.08671,1.0867,1.0867,42.0287884
Kraken:EURUSD,2023-01-28T18:58:00Z,1.08664,1.08677,1.08664,1.08665,1373.59784082
Kraken:EURUSD,2023-01-28T18:59:00Z,1.08665,1.08683,1.08665,1.0867,923.4627392
Kraken:EURUSD,2023-01-28T19:01:00Z,1.08678,1.08685,1.08677,1.08685,2188.32653069
Kraken:EURUSD,2023-01-28T19:02:00Z,1.08684,1.08686,1.08671,1.08686,3877.73352097
Kraken:EURUSD,2023-01-28T19:03:00Z,1.08671,1.08672,1.0867,1.08671,9446.17673012
Kraken:EURUSD,2023-01-28T19:05:00Z,1.0867,1.08671,1.0867,1.08671,767.55469911
Kraken:EURUSD,2023-01-28T19:06:00Z,1.0867,1.08681,1.0867,1.0867,530.16700951
Kraken:EURUSD,2023-01-28T19:07:00Z,1.08666,1.08684,1.08666,1.08684,215.93853567
Kraken:EURUSD,2023-01-28T19:08:00Z,1.08677,1.08677,1.08677,1.08677,248.16548117
Kraken:EURUSD,2023-01-28T19:09:00Z,1.08665,1.08674,1.08665,1.0867,11388.08027123
Kraken:EURUSD,2023-01-28T19:10:00Z,1.08681,1.08681,1.08665,1.08671,221.70576952
Kraken:EURUSD,2023-01-28T19:11:00Z,1.08679,1.08679,1.08679,1.08679,463.7873002
Kraken:EURUSD,2023-01-28T19:12:00Z,1.08671,1.08679,1.08671,1.08671,2256.19486101
Kraken:EURUSD,2023-01-28T19:16:00Z,1.08672,1.08672,1.0867,1.0867,4244.56782872
Kraken:EURUSD,2023-01-28T19:17:00Z,1.0867,1.0867,1.08665,1.08665,22.98299865
Kraken:EURUSD,2023-01-28T19:20:00Z,1.0867,1.0867,1.0867,1.0867,2765.62175477
Kraken:EURUSD,2023-01-28T19:22:00Z,1.0867,1.0867,1.08662,1.08663,3049.21479399
Kraken:EURUSD,2023-01-28T19:23:00Z,1.0867,1.0867,1.0867,1.0867,4.5E+3
Kraken:EURUSD,2023-01-28T19:26:00Z,1.0867,1.0867,1.0867,1.0867,76.94921173
Kraken:EURUSD,2023-01-28T19:27:00Z,1.0867,1.0867,1.0867,1.0867,15.54345265
Kraken:EURUSD,2023-01-28T19:28:00Z,1.0867,1.0867,1.08664,1.08664,603.92053546
Kraken:EURUSD,2023-01-28T19:29:00Z,1.08662,1.08662,1.08662,1.08662,977.19859142
Kraken:EURUSD,2023-01-28T19:30:00Z,1.0866,1.0866,1.0866,1.0866,9.98399999
Kraken:EURUSD,2023-01-28T19:32:00Z,1.08668,1.08669,1.08668,1.08669,1354.90387849
Kraken:EURUSD,2023-01-28T19:33:00Z,1.08669,1.08669,1.0866,1.08665,1874.91293164
Kraken:EURUSD,2023-01-28T19:34:00Z,1.08657,1.08657,1.08657,1.08657,951.65134317
Kraken:EURUSD,2023-01-28T19:35:00Z,1.0866,1.0866,1.08657,1.08658,2749.30363741
Kraken:EURUSD,2023-01-28T19:36:00Z,1.0866,1.08668,1.0866,1.08668,261.67931681
Kraken:EURUSD,2023-01-28T19:37:00Z,1.08667,1.08668,1.08667,1.08668,256.34192737
Kraken:EURUSD,2023-01-28T19:38:00Z,1.08668,1.08668,1.0866,1.0866,1015.29584035
Kraken:EURUSD,2023-01-28T19:39:00Z,1.08668,1.0867,1.0866,1.0866,3010.06831914
Kraken:EURUSD,2023-01-28T19:40:00Z,1.08663,1.08664,1.08663,1.08664,94.47562044
Kraken:EURUSD,2023-01-28T19:41:00Z,1.08663,1.08665,1.08663,1.08665,418.41652801
Kraken:EURUSD,2023-01-28T19:42:00Z,1.08666,1.08666,1.08666,1.08666,2216.42095324
Kraken:EURUSD,2023-01-28T19:43:00Z,1.08664,1.08669,1.08663,1.08669,1522.67421316
Kraken:EURUSD,2023-01-28T19:44:00Z,1.08665,1.08668,1.08658,1.08668,1362.08874765
Kraken:EURUSD,2023-01-28T19:45:00Z,1.0866,1.08668,1.08659,1.08667,460.9585925
Kraken:EURUSD,2023-01-28T19:46:00Z,1.08664,1.08664,1.08664,1.08664,9.61321136
Kraken:EURUSD,2023-01-28T19:48:00Z,1.08668,1.08668,1.08661,1.08662,45.58360055
Kraken:EURUSD,2023-01-28T19:49:00Z,1.08663,1.08663,1.08663,1.08663,16.16458751
Kraken:EURUSD,2023-01-28T19:50:00Z,1.08669,1.08669,1.08668,1.08669,604.39580703
Kraken:EURUSD,2023-01-28T19:51:00Z,1.08668,1.08668,1.08666,1.08668,373.53329732
Kraken:EURUSD,2023-01-28T19:52:00Z,1.08669,1.08669,1.08663,1.08668,364.52390848
Kraken:EURUSD,2023-01-28T19:53:00Z,1.08665,1.08665,1.08665,1.08665,69.63936511
Kraken:EURUSD,2023-01-28T19:54:00Z,1.0866,1.08669,1.08659,1.08662,7520.64630654
Kraken:EURUSD,2023-01-28T19:55:00Z,1.0866,1.08669,1.08659,1.08669,1559.46842209
Kraken:EURUSD,2023-01-28T19:56:00Z,1.08669,1.08669,1.08658,1.08658,1179.8793966
Kraken:EURUSD,2023-01-28T19:57:00Z,1.08662,1.08666,1.08662,1.08666,5147.25609593
Kraken:EURUSD,2023-01-28T19:59:00Z,1.0866,1.08661,1.0866,1.08661,2121.15348734
Kraken:EURUSD,2023-01-28T20:00:00Z,1.08662,1.08662,1.08662,1.08662,499.5038884
Kraken:EURUSD,2023-01-28T20:02:00Z,1.08665,1.08665,1.08665,1.08665,105.8975751
Kraken:EURUSD,2023-01-28T20:03:00Z,1.08663,1.08663,1.08663,1.08663,107.28435622
Kraken:EURUSD,2023-01-28T20:04:00Z,1.08665,1.08665,1.08665,1.08665,41.56195647
Kraken:EURUSD,2023-01-28T20:05:00Z,1.08666,1.08668,1.08666,1.08668,47.58450422
Kraken:EURUSD,2023-01-28T20:06:00Z,1.08664,1.08669,1.08664,1.08669,512.05178215
Kraken:EURUSD,2023-01-28T20:07:00Z,1.08665,1.08665,1.08665,1.08665,4321.03416868
Kraken:EURUSD,2023-01-28T20:08:00Z,1.08665,1.08669,1.08664,1.08664,1465.65169503
Kraken:EURUSD,2023-01-28T20:09:00Z,1.08668,1.0867,1.08662,1.08662,4310.30536318
Kraken:EURUSD,2023-01-28T20:10:00Z,1.08667,1.08667,1.08663,1.08663,570.10231793
Kraken:EURUSD,2023-01-28T20:11:00Z,1.08663,1.08664,1.08661,1.08664,2473.98769188
Kraken:EURUSD,2023-01-28T20:12:00Z,1.0866,1.0866,1.0866,1.0866,83.85615681
Kraken:EURUSD,2023-01-28T20:13:00Z,1.08667,1.08667,1.08662,1.08667,229.25160933
Kraken:EURUSD,2023-01-28T20:14:00Z,1.0866,1.0866,1.0866,1.0866,915.7436272
Kraken:EURUSD,2023-01-28T20:15:00Z,1.08661,1.08661,1.08661,1.08661,13.9902988
Kraken:EURUSD,2023-01-28T20:16:00Z,1.08662,1.08662,1.08658,1.08658,69.71000303
Kraken:EURUSD,2023-01-28T20:17:00Z,1.0866,1.0866,1.0866,1.0866,4.5E+3
Kraken:EURUSD,2023-01-28T20:19:00Z,1.08663,1.08666,1.08662,1.08666,1118.38711774
Kraken:EURUSD,2023-01-28T20:20:00Z,1.08662,1.08662,1.08661,1.08661,288.95186595
Kraken:EURUSD,2023-01-28T20:21:00Z,1.08665,1.08665,1.08665,1.08665,291.61174248
Kraken:EURUSD,2023-01-28T20:22:00Z,1.08666,1.08666,1.08665,1.08665,257.82835882
Kraken:EURUSD,2023-01-28T20:23:00Z,1.08662,1.08666,1.08661,1.08666,3006.43716068
Kraken:EURUSD,2023-01-28T20:24:00Z,1.08665,1.08665,1.08665,1.08665,39.44039018
Kraken:EURUSD,2023-01-28T20:25:00Z,1.08667,1.08667,1.08661,1.08661,616.19729815
Kraken:EURUSD,2023-01-28T20:26:00Z,1.08661,1.08661,1.08661,1.08661,32.74822835
Kraken:EURUSD,2023-01-28T20:28:00Z,1.08665,1.08669,1.08661,1.08661,541.50758998
Kraken:EURUSD,2023-01-28T20:29:00Z,1.08661,1.08661,1.08661,1.08661,295.01528954
Kraken:EURUSD,2023-01-28T20:30:00Z,1.08661,1.08661,1.08661,1.08661,426.94953562
Kraken:EURUSD,2023-01-28T20:32:00Z,1.08661,1.08668,1.0866,1.0866,1125.69610607
Kraken:EURUSD,2023-01-28T20:33:00Z,1.08668,1.08668,1.08668,1.08668,142.89432031
Kraken:EURUSD,2023-01-28T20:34:00Z,1.0866,1.0866,1.08659,1.08659,394.61687245
Kraken:EURUSD,2023-01-28T20:35:00Z,1.08659,1.08659,1.08647,1.08647,3891.07051105
Kraken:EURUSD,2023-01-28T20:37:00Z,1.0865,1.08652,1.08649,1.08652,911.28182435
Kraken:EURUSD,2023-01-28T20:38:00Z,1.08658,1.08658,1.08658,1.08658,121.4374497
Kraken:EURUSD,2023-01-28T20:39:00Z,1.08652,1.08652,1.08652,1.08652,3410.26656681
Kraken:EURUSD,2023-01-28T20:40:00Z,1.08652,1.08658,1.08652,1.08656,3179.11222892
Kraken:EURUSD,2023-01-28T20:41:00Z,1.08656,1.08657,1.08655,1.08657,4959.40953754
Kraken:EURUSD,2023-01-28T20:42:00Z,1.08657,1.08657,1.0865,1.0865,1266.59726469
Kraken:EURUSD,2023-01-28T20:45:00Z,1.08657,1.08657,1.08657,1.08657,108.31727362
Kraken:EURUSD,2023-01-28T20:46:00Z,1.0865,1.0865,1.08649,1.08649,332.1593721
Kraken:EURUSD,2023-01-28T20:47:00Z,1.0865,1.08651,1.0865,1.08651,9189.39526248
Kraken:EURUSD,2023-01-28T20:48:00Z,1.08658,1.08659,1.08651,1.08651,1555.91259037
Kraken:EURUSD,2023-01-28T20:49:00Z,1.08651,1.08656,1.08651,1.08651,617.13587872
Kraken:EURUSD,2023-01-28T20:50:00Z,1.08657,1.08657,1.08657,1.08657,10.52799175
Kraken:EURUSD,2023-01-28T20:51:00Z,1.08651,1.08659,1.08651,1.08651,987.96821388
Kraken:EURUSD,2023-01-28T20:52:00Z,1.08657,1.08658,1.08651,1.08658,7166.81772198
Kraken:EURUSD,2023-01-28T20:53:00Z,1.08653,1.08654,1.08653,1.08654,2204.20385594
Kraken:EURUSD,2023-01-28T20:55:00Z,1.08652,1.08653,1.08652,1.08653,5726.50479107
Kraken:EURUSD,2023-01-28T20:56:00Z,1.08654,1.08654,1.08652,1.08652,2869.97158199
Kraken:EURUSD,2023-01-28T20:57:00Z,1.08654,1.08654,1.08641,1.08651,17182.74354515
Kraken:EURUSD,2023-01-28T20:58:00Z,1.0865,1.0865,1.0865,1.0865,53.69818999
Kraken:EURUSD,2023-01-28T20:59:00Z,1.08651,1.08651,1.08646,1.0865,8282.90074274
Kraken:EURUSD,2023-01-28T21:00:00Z,1.08648,1.08649,1.08647,1.08648,5040.85852596
Kraken:EURUSD,2023-01-28T21:01:00Z,1.08647,1.08648,1.08647,1.08648,2570.46898572
Kraken:EURUSD,2023-01-28T21:02:00Z,1.08647,1.08647,1.08646,1.08647,1107.99371159
Kraken:EURUSD,2023-01-28T21:03:00Z,1.08647,1.0865,1.08647,1.0865,430.50723938
Kraken:EURUSD,2023-01-28T21:04:00Z,1.08647,1.0865,1.08646,1.08646,4532.05279867
Kraken:EURUSD,2023-01-28T21:05:00Z,1.08646,1.08648,1.08646,1.08646,405.74132997
Kraken:EURUSD,2023-01-28T21:06:00Z,1.08648,1.08648,1.08646,1.08648,420.03930965
Kraken:EURUSD,2023-01-28T21:07:00Z,1.08648,1.0865,1.08646,1.08646,1363.66552414
Kraken:EURUSD,2023-01-28T21:08:00Z,1.08648,1.0865,1.08647,1.08647,340.61472459
Kraken:EURUSD,2023-01-28T21:09:00Z,1.08647,1.08649,1.08647,1.08649,232.6880992
Kraken:EURUSD,2023-01-28T21:10:00Z,1.08648,1.08648,1.08647,1.08647,2045.57477955
Kraken:EURUSD,2023-01-28T21:11:00Z,1.08649,1.0865,1.08649,1.0865,331.02283644
Kraken:EURUSD,2023-01-28T21:12:00Z,1.0865,1.0865,1.08649,1.08649,95.88809599
Kraken:EURUSD,2023-01-28T21:13:00Z,1.08649,1.08655,1.08648,1.08655,8828.05065446
Kraken:EURUSD,2023-01-28T21:14:00Z,1.08659,1.08659,1.08659,1.08659,57.35769701
Kraken:EURUSD,2023-01-28T21:15:00Z,1.08651,1.08651,1.08651,1.08651,156.48481192
Kraken:EURUSD,2023-01-28T21:16:00Z,1.08651,1.08658,1.08651,1.08651,1004.43935585
Kraken:EURUSD,2023-01-28T21:17:00Z,1.08651,1.08652,1.08651,1.08652,613.53110868
Kraken:EURUSD,2023-01-28T21:18:00Z,1.08654,1.08654,1.08654,1.08654,40.39945456
Kraken:EURUSD,2023-01-28T21:20:00Z,1.08658,1.08659,1.08658,1.08659,424.46878755
Kraken:EURUSD,2023-01-28T21:21:00Z,1.08652,1.08652,1.08652,1.08652,101.63476051
Kraken:EURUSD,2023-01-28T21:22:00Z,1.08652,1.08652,1.08652,1.08652,3242.91890063
Kraken:EURUSD,2023-01-28T21:23:00Z,1.08651,1.08651,1.08651,1.08651,54.98607592
Kraken:EURUSD,2023-01-28T21:24:00Z,1.08652,1.08652,1.08652,1.08652,90.6577
Kraken:EURUSD,2023-01-28T21:26:00Z,1.08652,1.08652,1.08652,1.08652,2369.79454033
Kraken:EURUSD,2023-01-28T21:27:00Z,1.08659,1.08659,1.08659,1.08659,283.05121271
Kraken:EURUSD,2023-01-28T21:28:00Z,1.08653,1.08667,1.08653,1.08653,1620.69619944
Kraken:EURUSD,2023-01-28T21:29:00Z,1.08653,1.08653,1.08653,1.08653,17.3385441
Kraken:EURUSD,2023-01-28T21:30:00Z,1.08652,1.08652,1.08652,1.08652,13.8837
Kraken:EURUSD,2023-01-28T21:33:00Z,1.08667,1.08669,1.08667,1.08669,123.76949867
Kraken:EURUSD,2023-01-28T21:35:00Z,1.08653,1.08653,1.08653,1.08653,95.4460584
Kraken:EURUSD,2023-01-28T21:36:00Z,1.08654,1.08664,1.08652,1.08664,18059.53309554
Kraken:EURUSD,2023-01-28T21:37:00Z,1.08651,1.08651,1.08651,1.08651,120.63201712
Kraken:EURUSD,2023-01-28T21:38:00Z,1.08651,1.08651,1.08651,1.08651,460.46759435
Kraken:EURUSD,2023-01-28T21:39:00Z,1.08651,1.08651,1.08651,1.08651,73.70989072
Kraken:EURUSD,2023-01-28T21:40:00Z,1.08651,1.08651,1.08651,1.08651,801.29104261
Kraken:EURUSD,2023-01-28T21:41:00Z,1.08651,1.08662,1.08651,1.08652,9517.36569672
Kraken:EURUSD,2023-01-28T21:42:00Z,1.08652,1.08663,1.08651,1.08651,9644.38107686
Kraken:EURUSD,2023-01-28T21:43:00Z,1.08651,1.08664,1.08651,1.08664,761.36798205
Kraken:EURUSD,2023-01-28T21:44:00Z,1.08667,1.08668,1.0865,1.08652,8315.07058472
Kraken:EURUSD,2023-01-28T21:45:00Z,1.08652,1.08668,1.0865,1.08668,1967.32041444
Kraken:EURUSD,2023-01-28T21:46:00Z,1.08652,1.08652,1.08652,1.08652,154.8601488
Kraken:EURUSD,2023-01-28T21:47:00Z,1.08668,1.08668,1.08647,1.08647,21312.0084047
Kraken:EURUSD,2023-01-28T21:48:00Z,1.08658,1.08658,1.08658,1.08658,17.16762686
Kraken:EURUSD,2023-01-28T21:49:00Z,1.08648,1.08648,1.08647,1.08647,405.8018712
Kraken:EURUSD,2023-01-28T21:50:00Z,1.08659,1.08659,1.08659,1.08659,4.35E+3
Kraken:EURUSD,2023-01-28T21:51:00Z,1.08659,1.08659,1.08659,1.08659,392.73384925
Kraken:EURUSD,2023-01-28T21:52:00Z,1.08651,1.08651,1.0865,1.0865,486.48431017
Kraken:EURUSD,2023-01-28T21:53:00Z,1.08651,1.08659,1.08647,1.08659,3905.60853427
Kraken:EURUSD,2023-01-28T21:55:00Z,1.08649,1.08659,1.08648,1.08649,998.21550525
Kraken:EURUSD,2023-01-28T21:56:00Z,1.0865,1.08666,1.08649,1.08651,1900.1399923
Kraken:EURUSD,2023-01-28T21:57:00Z,1.0866,1.0866,1.08647,1.08647,1016.64617325
Kraken:EURUSD,2023-01-28T21:58:00Z,1.0866,1.0866,1.0866,1.0866,7.42721497
Kraken:EURUSD,2023-01-28T21:59:00Z,1.08648,1.08659,1.08648,1.08659,3064.11224796
Kraken:EURUSD,2023-01-28T22:00:00Z,1.08659,1.08659,1.08649,1.08659,1263.73814627
Kraken:EURUSD,2023-01-28T22:01:00Z,1.08649,1.08649,1.08649,1.08649,68.05023516
Kraken:EURUSD,2023-01-28T22:02:00Z,1.08651,1.0866,1.08648,1.08649,1493.44578911
Kraken:EURUSD,2023-01-28T22:03:00Z,1.0865,1.0866,1.08649,1.0866,677.54778731
Kraken:EURUSD,2023-01-28T22:04:00Z,1.08649,1.08659,1.08648,1.08659,362.43762108
Kraken:EURUSD,2023-01-28T22:05:00Z,1.08659,1.08659,1.08647,1.08647,1675.9611402
Kraken:EURUSD,2023-01-28T22:06:00Z,1.08649,1.0865,1.08649,1.08649,840.86363975
Kraken:EURUSD,2023-01-28T22:08:00Z,1.08649,1.08649,1.08649,1.08649,473.44622605
Kraken:EURUSD,2023-01-28T22:09:00Z,1.08649,1.08659,1.08649,1.08659,2410.87838324
Kraken:EURUSD,2023-01-28T22:10:00Z,1.08665,1.08671,1.08665,1.0867,22227.55634978
Kraken:EURUSD,2023-01-28T22:11:00Z,1.08651,1.0867,1.08647,1.08647,5993.66849213
Kraken:EURUSD,2023-01-28T22:12:00Z,1.08648,1.08667,1.08648,1.08667,2566.64313431
Kraken:EURUSD,2023-01-28T22:14:00Z,1.0865,1.0865,1.08648,1.08649,1920.21288863
Kraken:EURUSD,2023-01-28T22:15:00Z,1.08649,1.08649,1.08649,1.08649,203.4567777
Kraken:EURUSD,2023-01-28T22:16:00Z,1.08649,1.08668,1.08649,1.08668,334.96581112
Kraken:EURUSD,2023-01-28T22:17:00Z,1.08668,1.08668,1.08649,1.08649,1072.34989411
Kraken:EURUSD,2023-01-28T22:18:00Z,1.0865,1.08668,1.0865,1.08651,317.47596843
Kraken:EURUSD,2023-01-28T22:20:00Z,1.08649,1.08649,1.08649,1.08649,4454.74312619
Kraken:EURUSD,2023-01-28T22:21:00Z,1.0865,1.08661,1.08648,1.08649,4245.85260297
Kraken:EURUSD,2023-01-28T22:22:00Z,1.0865,1.08676,1.0865,1.08652,13004.02987524
Kraken:EURUSD,2023-01-28T22:23:00Z,1.08651,1.08661,1.0865,1.0865,13209.23470518
Kraken:EURUSD,2023-01-28T22:24:00Z,1.08647,1.08647,1.08646,1.08646,34543.91435786
Kraken:EURUSD,2023-01-28T22:25:00Z,1.08646,1.08646,1.08646,1.08646,950.92225774
Kraken:EURUSD,2023-01-28T22:27:00Z,1.08646,1.08647,1.08646,1.08647,530.715551
Kraken:EURUSD,2023-01-28T22:28:00Z,1.08647,1.08647,1.08647,1.08647,17.88174786
Kraken:EURUSD,2023-01-28T22:29:00Z,1.08647,1.08647,1.08647,1.08647,29.56041
Kraken:EURUSD,2023-01-28T22:30:00Z,1.08647,1.08659,1.08646,1.08646,2395.49105591
Kraken:EURUSD,2023-01-28T22:31:00Z,1.08646,1.08659,1.08646,1.08659,4533.43416868
Kraken:EURUSD,2023-01-28T22:32:00Z,1.08659,1.08659,1.08659,1.08659,1032.84049967
Kraken:EURUSD,2023-01-28T22:33:00Z,1.0866,1.0866,1.0866,1.0866,1487.33023545
Kraken:EURUSD,2023-01-28T22:34:00Z,1.0866,1.0866,1.0866,1.0866,544.30505166
Kraken:EURUSD,2023-01-28T22:35:00Z,1.08658,1.0866,1.08645,1.08645,11120.33532107
Kraken:EURUSD,2023-01-28T22:36:00Z,1.08645,1.08659,1.08644,1.08645,2556.27867294
Kraken:EURUSD,2023-01-28T22:39:00Z,1.08647,1.08666,1.08647,1.08666,734.5939452
Kraken:EURUSD,2023-01-28T22:40:00Z,1.08646,1.08646,1.08646,1.08646,55.3059
Kraken:EURUSD,2023-01-28T22:41:00Z,1.0865,1.0865,1.0865,1.0865,2E+3
Kraken:EURUSD,2023-01-28T22:47:00Z,1.08645,1.08645,1.08645,1.08645,35.588912
Kraken:EURUSD,2023-01-28T22:48:00Z,1.08645,1.08645,1.08645,1.08645,1999.99999981
Kraken:EURUSD,2023-01-28T22:51:00Z,1.08659,1.08659,1.08659,1.08659,598.07388251
Kraken:EURUSD,2023-01-28T22:53:00Z,1.08645,1.08659,1.08645,1.08658,4699.92786829
Kraken:EURUSD,2023-01-28T22:54:00Z,1.0866,1.08672,1.0866,1.0867,13034.22937326
Kraken:EURUSD,2023-01-28T22:55:00Z,1.0867,1.0867,1.0867,1.0867,183.92855352
Kraken:EURUSD,2023-01-28T22:56:00Z,1.0867,1.0867,1.0867,1.0867,1514.45950075
Kraken:EURUSD,2023-01-28T22:57:00Z,1.0867,1.0867,1.0867,1.0867,1048.49511148
Kraken:EURUSD,2023-01-28T22:58:00Z,1.0867,1.0867,1.0867,1.0867,727.22373988
Kraken:EURUSD,2023-01-28T23:00:00Z,1.08668,1.08669,1.08668,1.08669,385.78373556
Kraken:EURUSD,2023-01-28T23:01:00Z,1.08667,1.08667,1.0866,1.08667,7862.96635648
Kraken:EURUSD,2023-01-28T23:02:00Z,1.08675,1.08676,1.08675,1.08676,163.3100214
Kraken:EURUSD,2023-01-28T23:03:00Z,1.0866,1.08674,1.08656,1.08667,11030.46879678
Kraken:EURUSD,2023-01-28T23:04:00Z,1.08648,1.08666,1.08647,1.08647,1726.18627323
Kraken:EURUSD,2023-01-28T23:05:00Z,1.08647,1.08663,1.08647,1.08647,2706.6811009
Kraken:EURUSD,2023-01-28T23:06:00Z,1.08647,1.0866,1.08644,1.0866,4970.62412151
Kraken:EURUSD,2023-01-28T23:07:00Z,1.08645,1.0866,1.08645,1.0866,2028.3634272
Kraken:EURUSD,2023-01-28T23:08:00Z,1.08645,1.08645,1.08645,1.08645,1999.99701747
Kraken:EURUSD,2023-01-28T23:10:00Z,1.08645,1.08645,1.08645,1.08645,15.8677
Kraken:EURUSD,2023-01-28T23:11:00Z,1.08662,1.08662,1.08662,1.08662,21.76657893
Kraken:EURUSD,2023-01-28T23:13:00Z,1.08667,1.08667,1.08667,1.08667,8.050098
Kraken:EURUSD,2023-01-28T23:15:00Z,1.08645,1.08645,1.08644,1.08645,272.28870505
Kraken:EURUSD,2023-01-28T23:16:00Z,1.08645,1.08645,1.08645,1.08645,3997.99999965
Kraken:EURUSD,2023-01-28T23:18:00Z,1.08645,1.08645,1.08644,1.08644,309.10988534
Kraken:EURUSD,2023-01-28T23:21:00Z,1.08645,1.08645,1.08644,1.08644,18.9904
Kraken:EURUSD,2023-01-28T23:22:00Z,1.08644,1.08663,1.08644,1.08663,44.08985928
Kraken:EURUSD,2023-01-28T23:25:00Z,1.08665,1.08674,1.08664,1.08674,27586.33830131
Kraken:EURUSD,2023-01-28T23:26:00Z,1.08651,1.08651,1.08651,1.08651,348.3785727
Kraken:EURUSD,2023-01-28T23:27:00Z,1.08645,1.0865,1.08645,1.0865,262.05922448
Kraken:EURUSD,2023-01-28T23:28:00Z,1.0865,1.0865,1.0865,1.0865,110.9781
Kraken:EURUSD,2023-01-28T23:30:00Z,1.08647,1.08666,1.08647,1.08666,2237.54956649
Kraken:EURUSD,2023-01-28T23:32:00Z,1.08649,1.0866,1.08649,1.0866,593.89945602
Kraken:EURUSD,2023-01-28T23:33:00Z,1.08651,1.08665,1.0865,1.08659,2581.20132697
Kraken:EURUSD,2023-01-28T23:34:00Z,1.08659,1.08666,1.08648,1.08648,1232.24746579
Kraken:EURUSD,2023-01-28T23:35:00Z,1.08659,1.0866,1.08659,1.0866,427.02006258
Kraken:EURUSD,2023-01-28T23:36:00Z,1.08649,1.0866,1.08649,1.0866,133.77704334
Kraken:EURUSD,2023-01-28T23:38:00Z,1.08659,1.08659,1.08659,1.08659,476.88493359
Kraken:EURUSD,2023-01-28T23:39:00Z,1.08647,1.08648,1.08647,1.08648,1673.68358682
Kraken:EURUSD,2023-01-28T23:40:00Z,1.08649,1.08649,1.08648,1.08648,249.84028055
Kraken:EURUSD,2023-01-28T23:41:00Z,1.08649,1.08667,1.08648,1.08667,2615.72162809
Kraken:EURUSD,2023-01-28T23:43:00Z,1.08648,1.08648,1.08646,1.08646,352.58975996
Kraken:EURUSD,2023-01-28T23:44:00Z,1.08647,1.08647,1.08645,1.08645,176.06564515
Kraken:EURUSD,2023-01-28T23:46:00Z,1.08646,1.08646,1.08644,1.08644,2660.71133412
Kraken:EURUSD,2023-01-28T23:47:00Z,1.08644,1.08645,1.08642,1.08642,4576.4877446
Kraken:EURUSD,2023-01-28T23:49:00Z,1.08644,1.08644,1.08644,1.08644,4375.26505354
Kraken:EURUSD,2023-01-28T23:51:00Z,1.0866,1.0866,1.08644,1.08644,893.94215469
Kraken:EURUSD,2023-01-28T23:52:00Z,1.08644,1.08644,1.08644,1.08644,9.07463448
Kraken:EURUSD,2023-01-28T23:53:00Z,1.08645,1.08645,1.08645,1.08645,9.22701248
Kraken:EURUSD,2023-01-28T23:54:00Z,1.08645,1.08659,1.08644,1.08659,385.01871237
Kraken:EURUSD,2023-01-28T23:55:00Z,1.08643,1.08644,1.08643,1.08644,432.52916387
Kraken:EURUSD,2023-01-28T23:56:00Z,1.08644,1.08644,1.08644,1.08644,2464.18798277
Kraken:EURUSD,2023-01-28T23:57:00Z,1.08644,1.08645,1.08644,1.08644,365.3670487
Kraken:EURUSD,2023-01-28T23:58:00Z,1.08644,1.08644,1.08644,1.08644,424.5770951
Kraken:EURUSD,2023-01-28T23:59:00Z,1.08645,1.08645,1.08645,1.08645,395.46820474
