Kraken:LTCEUR,2020-10-23T00:00:00Z,46.0,46.02,46.0,46.02,36.29656853
Kraken:LTCEUR,2020-10-23T00:01:00Z,45.99,45.99,45.99,45.99,18.75840531
Kraken:LTCEUR,2020-10-23T00:03:00Z,45.92,45.92,45.77,45.79,56.37725587
Kraken:LTCEUR,2020-10-23T00:07:00Z,45.79,45.79,45.76,45.76,2
Kraken:LTCEUR,2020-10-23T00:08:00Z,45.75,45.75,45.75,45.75,1
Kraken:LTCEUR,2020-10-23T00:09:00Z,45.65,45.67,45.65,45.67,7.42813196
Kraken:LTCEUR,2020-10-23T00:13:00Z,45.72,45.76,45.72,45.76,89.39816158
Kraken:LTCEUR,2020-10-23T00:14:00Z,45.79,45.79,45.73,45.73,96.75993034
Kraken:LTCEUR,2020-10-23T00:15:00Z,45.73,45.73,45.55,45.55,29.3874026
Kraken:LTCEUR,2020-10-23T00:16:00Z,45.57,45.58,45.35,45.58,839.91378472
Kraken:LTCEUR,2020-10-23T00:17:00Z,45.62,45.68,45.62,45.68,24.87370105
Kraken:LTCEUR,2020-10-23T00:20:00Z,45.7,45.72,45.69,45.71,18.20187576
Kraken:LTCEUR,2020-10-23T00:21:00Z,45.72,45.72,45.72,45.72,3.89906212
Kraken:LTCEUR,2020-10-23T00:22:00Z,45.82,45.82,45.82,45.82,1.63366679
Kraken:LTCEUR,2020-10-23T00:23:00Z,45.8,45.8,45.73,45.76,65.25938911
Kraken:LTCEUR,2020-10-23T00:25:00Z,45.79,45.8,45.79,45.8,56.41966
Kraken:LTCEUR,2020-10-23T00:26:00Z,45.7,45.7,45.46,45.55,95.68746717
Kraken:LTCEUR,2020-10-23T00:27:00Z,45.59,45.59,45.3,45.42,58.69924701
Kraken:LTCEUR,2020-10-23T00:28:00Z,45.29,45.29,45.29,45.29,27.67
Kraken:LTCEUR,2020-10-23T00:33:00Z,45.45,45.45,45.45,45.45,0.1
Kraken:LTCEUR,2020-10-23T00:35:00Z,45.4,45.4,45.4,45.4,4.40044004
Kraken:LTCEUR,2020-10-23T00:36:00Z,45.42,45.42,45.42,45.42,49.99999996
Kraken:LTCEUR,2020-10-23T00:44:00Z,45.24,45.24,45.13,45.17,128.49274566
Kraken:LTCEUR,2020-10-23T00:45:00Z,45.1,45.13,45.09,45.13,672.13427579
Kraken:LTCEUR,2020-10-23T00:46:00Z,45.25,45.25,45.25,45.25,1E+1
Kraken:LTCEUR,2020-10-23T00:48:00Z,45.35,45.35,45.35,45.35,0.7411829
Kraken:LTCEUR,2020-10-23T01:10:00Z,45.52,45.52,45.52,45.52,2E+1
Kraken:LTCEUR,2020-10-23T01:13:00Z,45.56,45.56,45.56,45.56,1.09460792
Kraken:LTCEUR,2020-10-23T01:14:00Z,45.56,45.57,45.56,45.57,58.51771904
Kraken:LTCEUR,2020-10-23T01:15:00Z,45.57,45.57,45.57,45.57,468.15615082
Kraken:LTCEUR,2020-10-23T01:16:00Z,45.57,45.57,45.57,45.57,169.52341488
Kraken:LTCEUR,2020-10-23T01:17:00Z,45.57,45.6,45.57,45.6,56.0051882
Kraken:LTCEUR,2020-10-23T01:18:00Z,45.67,45.67,45.67,45.67,1.09197147
Kraken:LTCEUR,2020-10-23T01:21:00Z,45.69,45.69,45.69,45.69,0.11300748
Kraken:LTCEUR,2020-10-23T01:22:00Z,45.72,45.72,45.72,45.72,7.55336618
Kraken:LTCEUR,2020-10-23T01:25:00Z,45.79,45.79,45.79,45.79,0.32539782
Kraken:LTCEUR,2020-10-23T01:30:00Z,45.69,45.69,45.69,45.69,1.5
Kraken:LTCEUR,2020-10-23T01:33:00Z,45.69,45.69,45.69,45.69,1.09
Kraken:LTCEUR,2020-10-23T01:38:00Z,45.77,45.77,45.74,45.74,0.78728852
Kraken:LTCEUR,2020-10-23T01:40:00Z,45.75,45.75,45.75,45.75,21.95541029
Kraken:LTCEUR,2020-10-23T01:44:00Z,45.7,45.7,45.7,45.7,44.84392255
Kraken:LTCEUR,2020-10-23T01:45:00Z,45.71,45.71,45.71,45.71,7.77829797
Kraken:LTCEUR,2020-10-23T01:49:00Z,45.77,45.77,45.77,45.77,2.28876129
Kraken:LTCEUR,2020-10-23T02:00:00Z,45.57,45.57,45.53,45.53,18.282618
Kraken:LTCEUR,2020-10-23T02:07:00Z,45.72,45.78,45.72,45.78,587.12988351
Kraken:LTCEUR,2020-10-23T02:08:00Z,45.87,45.89,45.87,45.89,1.56204193
Kraken:LTCEUR,2020-10-23T02:12:00Z,45.89,45.89,45.89,45.89,10.14837975
Kraken:LTCEUR,2020-10-23T02:13:00Z,45.9,46.03,45.9,46.03,16.81208841
Kraken:LTCEUR,2020-10-23T02:15:00Z,45.98,46.04,45.98,46.01,520.39157406
Kraken:LTCEUR,2020-10-23T02:16:00Z,46.13,46.13,46.13,46.13,1.08051359
Kraken:LTCEUR,2020-10-23T02:18:00Z,46.08,46.08,46.06,46.06,2.67572314
Kraken:LTCEUR,2020-10-23T02:25:00Z,46.1,46.15,46.1,46.15,66.14771331
Kraken:LTCEUR,2020-10-23T02:29:00Z,46.16,46.16,46.16,46.16,1.0934
Kraken:LTCEUR,2020-10-23T02:34:00Z,46.25,46.25,46.25,46.25,1.07209918
Kraken:LTCEUR,2020-10-23T02:38:00Z,46.3,46.3,46.3,46.3,8
Kraken:LTCEUR,2020-10-23T02:39:00Z,46.34,46.34,46.34,46.34,0.434
Kraken:LTCEUR,2020-10-23T02:42:00Z,46.32,46.32,46.32,46.32,0.223763
Kraken:LTCEUR,2020-10-23T02:43:00Z,46.32,46.32,46.32,46.32,2.41664
Kraken:LTCEUR,2020-10-23T02:46:00Z,46.38,46.38,46.38,46.38,3.18448023
Kraken:LTCEUR,2020-10-23T02:51:00Z,46.36,46.36,46.36,46.36,0.38135631
Kraken:LTCEUR,2020-10-23T02:55:00Z,46.34,46.34,46.34,46.34,18.9339634
Kraken:LTCEUR,2020-10-23T03:02:00Z,46.34,46.34,46.34,46.34,2E+1
Kraken:LTCEUR,2020-10-23T03:07:00Z,46.4,46.42,46.4,46.42,0.41835
Kraken:LTCEUR,2020-10-23T03:12:00Z,46.41,46.41,46.4,46.4,8.66642624
Kraken:LTCEUR,2020-10-23T03:15:00Z,46.42,46.42,46.42,46.42,9.94243612
Kraken:LTCEUR,2020-10-23T03:21:00Z,46.27,46.27,46.27,46.27,8.37
Kraken:LTCEUR,2020-10-23T03:23:00Z,46.27,46.27,46.26,46.26,25
Kraken:LTCEUR,2020-10-23T03:28:00Z,46.42,46.42,46.42,46.42,1
Kraken:LTCEUR,2020-10-23T03:29:00Z,46.44,46.44,46.44,46.44,3.32012
Kraken:LTCEUR,2020-10-23T03:30:00Z,46.44,46.44,46.44,46.44,0.21363526
Kraken:LTCEUR,2020-10-23T03:33:00Z,46.33,46.33,46.33,46.33,0.5435272
Kraken:LTCEUR,2020-10-23T03:36:00Z,46.31,46.33,46.31,46.33,21.505376
Kraken:LTCEUR,2020-10-23T03:45:00Z,46.37,46.37,46.37,46.37,5.23306027
Kraken:LTCEUR,2020-10-23T03:48:00Z,46.35,46.35,46.35,46.35,0.4076
Kraken:LTCEUR,2020-10-23T03:54:00Z,46.33,46.33,46.33,46.33,1.6
Kraken:LTCEUR,2020-10-23T03:55:00Z,46.33,46.33,46.33,46.33,2.03637
Kraken:LTCEUR,2020-10-23T03:57:00Z,46.35,46.35,46.35,46.35,1E+1
Kraken:LTCEUR,2020-10-23T04:12:00Z,46.42,46.42,46.42,46.42,2.62164168
Kraken:LTCEUR,2020-10-23T04:23:00Z,46.36,46.37,46.36,46.37,4.99272976
Kraken:LTCEUR,2020-10-23T04:33:00Z,46.36,46.36,46.36,46.36,0.92840966
Kraken:LTCEUR,2020-10-23T04:34:00Z,46.41,46.41,46.41,46.41,0.77427925
Kraken:LTCEUR,2020-10-23T04:38:00Z,46.45,46.45,46.45,46.45,0.32072902
Kraken:LTCEUR,2020-10-23T04:39:00Z,46.44,46.44,46.44,46.44,0.8
Kraken:LTCEUR,2020-10-23T04:45:00Z,46.45,46.45,46.45,46.45,1
Kraken:LTCEUR,2020-10-23T04:49:00Z,46.41,46.42,46.41,46.41,84.19089009
Kraken:LTCEUR,2020-10-23T04:54:00Z,46.38,46.38,46.38,46.38,0.38630793
Kraken:LTCEUR,2020-10-23T05:01:00Z,46.38,46.38,46.38,46.38,17.53420409
Kraken:LTCEUR,2020-10-23T05:03:00Z,46.42,46.44,46.42,46.44,2
Kraken:LTCEUR,2020-10-23T05:04:00Z,46.47,46.47,46.44,46.44,2.54889575
Kraken:LTCEUR,2020-10-23T05:06:00Z,46.41,46.41,46.4,46.4,20.27931351
Kraken:LTCEUR,2020-10-23T05:07:00Z,46.47,46.47,46.47,46.47,0.82499999
Kraken:LTCEUR,2020-10-23T05:08:00Z,46.54,46.54,46.53,46.53,14.913202
Kraken:LTCEUR,2020-10-23T05:09:00Z,46.55,46.6,46.54,46.6,17.51507
Kraken:LTCEUR,2020-10-23T05:10:00Z,46.54,46.54,46.54,46.54,0.10195
Kraken:LTCEUR,2020-10-23T05:11:00Z,46.67,46.67,46.67,46.67,21.64715
Kraken:LTCEUR,2020-10-23T05:12:00Z,46.78,46.78,46.78,46.78,1.33
Kraken:LTCEUR,2020-10-23T05:13:00Z,46.86,47.0,46.86,46.99,222.79544233
Kraken:LTCEUR,2020-10-23T05:14:00Z,47.0,47.04,46.96,47.04,2.6046061
Kraken:LTCEUR,2020-10-23T05:15:00Z,47.1,47.17,47.1,47.17,5.42930925
Kraken:LTCEUR,2020-10-23T05:16:00Z,47.3,47.3,47.11,47.3,63.2113628
Kraken:LTCEUR,2020-10-23T05:17:00Z,47.17,47.17,47.1,47.15,56.24011997
Kraken:LTCEUR,2020-10-23T05:18:00Z,47.15,47.22,47.15,47.21,19.48022137
Kraken:LTCEUR,2020-10-23T05:19:00Z,47.19,47.36,47.18,47.25,72.7779194
Kraken:LTCEUR,2020-10-23T05:20:00Z,47.16,47.45,47.16,47.35,242.10027845
Kraken:LTCEUR,2020-10-23T05:21:00Z,47.35,47.37,47.21,47.37,445.20681178
Kraken:LTCEUR,2020-10-23T05:22:00Z,47.44,47.63,47.44,47.51,88.09133979
Kraken:LTCEUR,2020-10-23T05:23:00Z,47.45,47.67,47.41,47.67,265.76478506
Kraken:LTCEUR,2020-10-23T05:24:00Z,47.65,47.79,47.65,47.65,1082.00223476
Kraken:LTCEUR,2020-10-23T05:25:00Z,47.57,47.57,47.54,47.54,1.62750988
Kraken:LTCEUR,2020-10-23T05:26:00Z,47.55,47.55,47.55,47.55,2.94061
Kraken:LTCEUR,2020-10-23T05:27:00Z,47.55,47.55,47.44,47.44,52.03
Kraken:LTCEUR,2020-10-23T05:29:00Z,47.43,47.43,47.42,47.42,5.34641856
Kraken:LTCEUR,2020-10-23T05:30:00Z,47.35,47.35,47.35,47.35,0.39521227
Kraken:LTCEUR,2020-10-23T05:31:00Z,47.34,47.34,47.34,47.34,1E+1
Kraken:LTCEUR,2020-10-23T05:32:00Z,47.33,47.34,47.33,47.34,1.98134694
Kraken:LTCEUR,2020-10-23T05:33:00Z,47.42,47.42,47.42,47.42,1
Kraken:LTCEUR,2020-10-23T05:34:00Z,47.45,47.51,47.45,47.51,7.08471795
Kraken:LTCEUR,2020-10-23T05:35:00Z,47.58,47.59,47.5,47.5,3.84195595
Kraken:LTCEUR,2020-10-23T05:36:00Z,47.52,47.55,47.5,47.52,50.95783
Kraken:LTCEUR,2020-10-23T05:38:00Z,47.52,47.56,47.52,47.56,1.19510371
Kraken:LTCEUR,2020-10-23T05:39:00Z,47.61,47.71,47.61,47.71,31.32347299
Kraken:LTCEUR,2020-10-23T05:40:00Z,47.7,47.7,47.62,47.62,2.58360228
Kraken:LTCEUR,2020-10-23T05:41:00Z,47.55,47.55,47.55,47.55,3
Kraken:LTCEUR,2020-10-23T05:44:00Z,47.54,47.54,47.54,47.54,0.77319981
Kraken:LTCEUR,2020-10-23T05:45:00Z,47.55,47.6,47.53,47.53,101.57208134
Kraken:LTCEUR,2020-10-23T05:46:00Z,47.52,47.52,47.52,47.52,18.62909475
Kraken:LTCEUR,2020-10-23T05:47:00Z,47.52,47.52,47.52,47.52,13.81
Kraken:LTCEUR,2020-10-23T05:48:00Z,47.59,47.64,47.57,47.64,15.77722898
Kraken:LTCEUR,2020-10-23T05:49:00Z,47.65,47.67,47.62,47.62,64.78886655
Kraken:LTCEUR,2020-10-23T05:50:00Z,47.67,47.94,47.67,47.93,150.39462787
Kraken:LTCEUR,2020-10-23T05:51:00Z,47.95,48.0,47.9,48.0,243.06167352
Kraken:LTCEUR,2020-10-23T05:52:00Z,48.02,48.02,47.9,47.9,6.0702
Kraken:LTCEUR,2020-10-23T05:54:00Z,47.92,48.11,47.91,48.03,32.49682059
Kraken:LTCEUR,2020-10-23T05:55:00Z,47.96,47.96,47.96,47.96,4
Kraken:LTCEUR,2020-10-23T05:56:00Z,47.97,47.97,47.97,47.97,9.80712251
Kraken:LTCEUR,2020-10-23T05:57:00Z,47.96,47.98,47.96,47.98,37.64052251
Kraken:LTCEUR,2020-10-23T05:58:00Z,47.98,48.01,47.98,48.01,15.1725522
Kraken:LTCEUR,2020-10-23T05:59:00Z,48.15,48.17,48.15,48.17,1.96
Kraken:LTCEUR,2020-10-23T06:00:00Z,48.2,48.27,48.02,48.02,75.3900214
Kraken:LTCEUR,2020-10-23T06:01:00Z,48.02,48.11,48.02,48.11,22.91909899
Kraken:LTCEUR,2020-10-23T06:02:00Z,48.11,48.11,48.08,48.08,14.82558582
Kraken:LTCEUR,2020-10-23T06:03:00Z,48.05,48.05,47.95,47.95,12.35794297
Kraken:LTCEUR,2020-10-23T06:04:00Z,47.9,47.9,47.89,47.89,6.82654428
Kraken:LTCEUR,2020-10-23T06:05:00Z,47.86,47.86,47.81,47.81,150.22183741
Kraken:LTCEUR,2020-10-23T06:06:00Z,47.81,47.9,47.81,47.9,62.97116978
Kraken:LTCEUR,2020-10-23T06:09:00Z,47.93,47.93,47.93,47.93,1E+1
Kraken:LTCEUR,2020-10-23T06:10:00Z,47.85,47.88,47.85,47.86,7.6262366
Kraken:LTCEUR,2020-10-23T06:11:00Z,47.87,47.89,47.87,47.89,11.06953416
Kraken:LTCEUR,2020-10-23T06:12:00Z,47.82,47.82,47.82,47.82,10.15038686
Kraken:LTCEUR,2020-10-23T06:13:00Z,47.81,47.81,47.63,47.63,50.71187725
Kraken:LTCEUR,2020-10-23T06:14:00Z,47.65,47.65,47.65,47.65,1.95341
Kraken:LTCEUR,2020-10-23T06:15:00Z,47.56,47.56,47.39,47.39,30.71165193
Kraken:LTCEUR,2020-10-23T06:16:00Z,47.44,47.44,47.42,47.42,19.73642487
Kraken:LTCEUR,2020-10-23T06:17:00Z,47.5,47.5,47.46,47.46,2E+2
Kraken:LTCEUR,2020-10-23T06:19:00Z,47.55,47.56,47.55,47.56,2.68931293
Kraken:LTCEUR,2020-10-23T06:25:00Z,47.66,47.66,47.66,47.66,3.31115
Kraken:LTCEUR,2020-10-23T06:26:00Z,47.74,47.74,47.71,47.71,37.8
Kraken:LTCEUR,2020-10-23T06:28:00Z,47.68,47.68,47.68,47.68,14.01216015
Kraken:LTCEUR,2020-10-23T06:29:00Z,47.68,47.68,47.68,47.68,25
Kraken:LTCEUR,2020-10-23T06:32:00Z,47.79,47.79,47.74,47.74,0.8058
Kraken:LTCEUR,2020-10-23T06:35:00Z,47.61,47.62,47.57,47.57,22
Kraken:LTCEUR,2020-10-23T06:36:00Z,47.55,47.55,47.55,47.55,12.76935352
Kraken:LTCEUR,2020-10-23T06:38:00Z,47.55,47.55,47.55,47.55,24.896951
Kraken:LTCEUR,2020-10-23T06:40:00Z,47.5,47.5,47.5,47.5,0.1
Kraken:LTCEUR,2020-10-23T06:42:00Z,47.41,47.41,47.4,47.4,11.0645251
Kraken:LTCEUR,2020-10-23T06:44:00Z,47.4,47.4,47.37,47.37,0.21043794
Kraken:LTCEUR,2020-10-23T06:45:00Z,47.34,47.4,47.34,47.4,15.90998782
Kraken:LTCEUR,2020-10-23T06:46:00Z,47.39,47.39,47.38,47.38,100.73527814
Kraken:LTCEUR,2020-10-23T06:49:00Z,47.38,47.38,47.31,47.31,6.56279608
Kraken:LTCEUR,2020-10-23T06:50:00Z,47.28,47.28,47.2,47.2,2.80687633
Kraken:LTCEUR,2020-10-23T06:51:00Z,47.16,47.19,47.06,47.06,27.62234014
Kraken:LTCEUR,2020-10-23T06:52:00Z,47.06,47.06,47.05,47.05,36.07322899
Kraken:LTCEUR,2020-10-23T06:53:00Z,47.02,47.14,47.02,47.14,7.10209796
Kraken:LTCEUR,2020-10-23T06:54:00Z,47.17,47.19,47.17,47.19,3.10597376
Kraken:LTCEUR,2020-10-23T06:55:00Z,47.15,47.17,47.15,47.17,6.99351195
Kraken:LTCEUR,2020-10-23T06:56:00Z,47.18,47.19,47.12,47.12,3.37432836
Kraken:LTCEUR,2020-10-23T06:57:00Z,47.16,47.16,47.15,47.15,5.44702279
Kraken:LTCEUR,2020-10-23T06:58:00Z,47.16,47.16,47.16,47.16,6.4476856
Kraken:LTCEUR,2020-10-23T07:00:00Z,47.16,47.16,47.16,47.16,24.8651932
Kraken:LTCEUR,2020-10-23T07:01:00Z,47.16,47.24,47.16,47.21,85.47308859
Kraken:LTCEUR,2020-10-23T07:03:00Z,47.29,47.29,47.29,47.29,23.66811165
Kraken:LTCEUR,2020-10-23T07:05:00Z,47.31,47.31,47.31,47.31,0.50007398
Kraken:LTCEUR,2020-10-23T07:06:00Z,47.33,47.33,47.33,47.33,10.32739722
Kraken:LTCEUR,2020-10-23T07:07:00Z,47.34,47.34,47.3,47.3,18.09329598
Kraken:LTCEUR,2020-10-23T07:08:00Z,47.29,47.3,47.29,47.3,6.5993432
Kraken:LTCEUR,2020-10-23T07:09:00Z,47.3,47.3,47.3,47.3,0.60841402
Kraken:LTCEUR,2020-10-23T07:11:00Z,47.34,47.34,47.34,47.34,0.2358703
Kraken:LTCEUR,2020-10-23T07:12:00Z,47.35,47.35,47.35,47.35,7.4
Kraken:LTCEUR,2020-10-23T07:13:00Z,47.36,47.36,47.36,47.36,2.10084034
Kraken:LTCEUR,2020-10-23T07:14:00Z,47.3,47.3,47.25,47.27,17.82609537
Kraken:LTCEUR,2020-10-23T07:18:00Z,47.43,47.44,47.43,47.43,22.79
Kraken:LTCEUR,2020-10-23T07:20:00Z,47.46,47.47,47.45,47.47,13.38539724
Kraken:LTCEUR,2020-10-23T07:22:00Z,47.35,47.35,47.35,47.35,12.4433094
Kraken:LTCEUR,2020-10-23T07:24:00Z,47.28,47.28,47.27,47.27,63.71864054
Kraken:LTCEUR,2020-10-23T07:25:00Z,47.3,47.3,47.3,47.3,5.01
Kraken:LTCEUR,2020-10-23T07:26:00Z,47.24,47.24,47.24,47.24,0.21010783
Kraken:LTCEUR,2020-10-23T07:27:00Z,47.28,47.28,47.28,47.28,58.9
Kraken:LTCEUR,2020-10-23T07:28:00Z,47.26,47.26,47.26,47.26,5
Kraken:LTCEUR,2020-10-23T07:29:00Z,47.29,47.29,47.29,47.29,7
Kraken:LTCEUR,2020-10-23T07:30:00Z,47.26,47.27,47.26,47.27,4.26310693
Kraken:LTCEUR,2020-10-23T07:31:00Z,47.28,47.3,47.28,47.3,3.49505922
Kraken:LTCEUR,2020-10-23T07:32:00Z,47.33,47.33,47.31,47.32,1.41147575
Kraken:LTCEUR,2020-10-23T07:33:00Z,47.32,47.33,47.32,47.33,11.28666815
Kraken:LTCEUR,2020-10-23T07:34:00Z,47.34,47.38,47.34,47.38,30.19354087
Kraken:LTCEUR,2020-10-23T07:35:00Z,47.39,47.39,47.39,47.39,0.20953122
Kraken:LTCEUR,2020-10-23T07:36:00Z,47.42,47.43,47.42,47.43,40.5
Kraken:LTCEUR,2020-10-23T07:39:00Z,47.38,47.38,47.38,47.38,1.9581026
Kraken:LTCEUR,2020-10-23T07:41:00Z,47.32,47.32,47.32,47.32,12.47007174
Kraken:LTCEUR,2020-10-23T07:42:00Z,47.36,47.36,47.28,47.31,105.59033132
Kraken:LTCEUR,2020-10-23T07:43:00Z,47.28,47.28,47.28,47.28,7.38643939
Kraken:LTCEUR,2020-10-23T07:44:00Z,47.27,47.31,47.27,47.31,2.3180723
Kraken:LTCEUR,2020-10-23T07:45:00Z,47.32,47.32,47.32,47.32,3.72861957
Kraken:LTCEUR,2020-10-23T07:46:00Z,47.32,47.32,47.2,47.2,28.58346741
Kraken:LTCEUR,2020-10-23T07:48:00Z,47.26,47.26,47.26,47.26,3.58446741
Kraken:LTCEUR,2020-10-23T07:49:00Z,47.21,47.21,47.18,47.18,13.70251632
Kraken:LTCEUR,2020-10-23T07:50:00Z,47.15,47.15,47.15,47.15,1.05165228
Kraken:LTCEUR,2020-10-23T07:51:00Z,47.18,47.18,47.18,47.18,1
Kraken:LTCEUR,2020-10-23T07:52:00Z,47.15,47.15,47.15,47.15,0.99999998
Kraken:LTCEUR,2020-10-23T07:54:00Z,47.12,47.12,47.12,47.12,0.34
Kraken:LTCEUR,2020-10-23T07:55:00Z,47.09,47.09,47.08,47.08,9.9999754
Kraken:LTCEUR,2020-10-23T07:56:00Z,47.06,47.06,47.02,47.02,26.03996469
Kraken:LTCEUR,2020-10-23T07:57:00Z,47.07,47.07,47.07,47.07,1
Kraken:LTCEUR,2020-10-23T07:58:00Z,47.08,47.09,47.08,47.09,70.94701029
Kraken:LTCEUR,2020-10-23T07:59:00Z,47.02,47.11,47.02,47.11,21.48428118
Kraken:LTCEUR,2020-10-23T08:01:00Z,47.12,47.12,47.08,47.08,45.38041719
Kraken:LTCEUR,2020-10-23T08:02:00Z,47.05,47.05,47.0,47.04,103.00406558
Kraken:LTCEUR,2020-10-23T08:03:00Z,46.97,46.97,46.96,46.96,63.89776357
Kraken:LTCEUR,2020-10-23T08:05:00Z,47.04,47.07,47.03,47.07,29.90706528
Kraken:LTCEUR,2020-10-23T08:06:00Z,47.08,47.15,47.08,47.15,23.3111344
Kraken:LTCEUR,2020-10-23T08:07:00Z,47.29,47.3,47.2,47.3,23.7347495
Kraken:LTCEUR,2020-10-23T08:08:00Z,47.27,47.27,47.27,47.27,1
Kraken:LTCEUR,2020-10-23T08:09:00Z,47.34,47.38,47.31,47.38,80.23847945
Kraken:LTCEUR,2020-10-23T08:10:00Z,47.37,47.37,47.3,47.3,66.09907629
Kraken:LTCEUR,2020-10-23T08:12:00Z,47.37,47.37,47.37,47.37,2.2141642
Kraken:LTCEUR,2020-10-23T08:13:00Z,47.34,47.34,47.34,47.34,25
Kraken:LTCEUR,2020-10-23T08:14:00Z,47.32,47.33,47.32,47.33,9.9267654
Kraken:LTCEUR,2020-10-23T08:15:00Z,47.32,47.34,47.32,47.34,10.68470819
Kraken:LTCEUR,2020-10-23T08:16:00Z,47.34,47.34,47.34,47.34,0.14
Kraken:LTCEUR,2020-10-23T08:17:00Z,47.33,47.4,47.33,47.4,27.21593725
Kraken:LTCEUR,2020-10-23T08:18:00Z,47.4,47.48,47.4,47.48,90.51151647
Kraken:LTCEUR,2020-10-23T08:19:00Z,47.46,47.59,47.46,47.59,127.07180941
Kraken:LTCEUR,2020-10-23T08:20:00Z,47.65,47.66,47.62,47.62,343.4507882
Kraken:LTCEUR,2020-10-23T08:21:00Z,47.61,47.63,47.61,47.63,7.8339
Kraken:LTCEUR,2020-10-23T08:22:00Z,47.63,47.65,47.62,47.62,22.38231051
Kraken:LTCEUR,2020-10-23T08:23:00Z,47.61,47.62,47.61,47.62,5.29499776
Kraken:LTCEUR,2020-10-23T08:24:00Z,47.59,47.59,47.59,47.59,18.72942
Kraken:LTCEUR,2020-10-23T08:26:00Z,47.6,47.6,47.6,47.6,0.96348216
Kraken:LTCEUR,2020-10-23T08:28:00Z,47.6,47.6,47.6,47.6,5.95011784
Kraken:LTCEUR,2020-10-23T08:29:00Z,47.54,47.54,47.54,47.54,1
Kraken:LTCEUR,2020-10-23T08:30:00Z,47.54,47.54,47.54,47.54,1.489082
Kraken:LTCEUR,2020-10-23T08:31:00Z,47.52,47.52,47.52,47.52,0.575751
Kraken:LTCEUR,2020-10-23T08:33:00Z,47.48,47.48,47.46,47.47,37.93419437
Kraken:LTCEUR,2020-10-23T08:34:00Z,47.44,47.44,47.44,47.44,3.69188628
Kraken:LTCEUR,2020-10-23T08:35:00Z,47.49,47.49,47.49,47.49,0.99845
Kraken:LTCEUR,2020-10-23T08:36:00Z,47.51,47.51,47.51,47.51,0.198
Kraken:LTCEUR,2020-10-23T08:37:00Z,47.48,47.48,47.48,47.48,10.59407187
Kraken:LTCEUR,2020-10-23T08:38:00Z,47.44,47.44,47.42,47.42,2.23362246
Kraken:LTCEUR,2020-10-23T08:40:00Z,47.31,47.33,47.31,47.33,54.98785065
Kraken:LTCEUR,2020-10-23T08:41:00Z,47.34,47.34,47.3,47.3,12.99412121
Kraken:LTCEUR,2020-10-23T08:42:00Z,47.32,47.32,47.32,47.32,5
Kraken:LTCEUR,2020-10-23T08:45:00Z,47.28,47.28,47.28,47.28,1
Kraken:LTCEUR,2020-10-23T08:46:00Z,47.28,47.29,47.28,47.29,0.84553021
Kraken:LTCEUR,2020-10-23T08:47:00Z,47.28,47.28,47.28,47.28,0.56681122
Kraken:LTCEUR,2020-10-23T08:49:00Z,47.29,47.29,47.28,47.28,148.02901736
Kraken:LTCEUR,2020-10-23T08:51:00Z,47.22,47.22,47.22,47.22,0.5572
Kraken:LTCEUR,2020-10-23T08:52:00Z,47.22,47.22,47.2,47.2,362.44504143
Kraken:LTCEUR,2020-10-23T08:53:00Z,47.16,47.2,47.16,47.2,47.13366679
Kraken:LTCEUR,2020-10-23T08:54:00Z,47.13,47.13,47.1,47.1,11.77526545
Kraken:LTCEUR,2020-10-23T08:57:00Z,47.2,47.2,47.2,47.2,1.34958
Kraken:LTCEUR,2020-10-23T08:58:00Z,47.18,47.18,47.18,47.18,1.2717253
Kraken:LTCEUR,2020-10-23T09:00:00Z,47.14,47.15,47.14,47.15,79.83303448
Kraken:LTCEUR,2020-10-23T09:01:00Z,47.15,47.17,47.15,47.17,63.45160907
Kraken:LTCEUR,2020-10-23T09:03:00Z,47.18,47.18,47.17,47.18,20.42627657
Kraken:LTCEUR,2020-10-23T09:04:00Z,47.25,47.25,47.25,47.25,12.5
Kraken:LTCEUR,2020-10-23T09:05:00Z,47.33,47.33,47.32,47.32,1.6
Kraken:LTCEUR,2020-10-23T09:06:00Z,47.33,47.36,47.33,47.36,28.93239
Kraken:LTCEUR,2020-10-23T09:09:00Z,47.46,47.46,47.46,47.46,0.52327574
Kraken:LTCEUR,2020-10-23T09:10:00Z,47.38,47.38,47.38,47.38,0.12276212
Kraken:LTCEUR,2020-10-23T09:11:00Z,47.44,47.44,47.44,47.44,1.2717253
Kraken:LTCEUR,2020-10-23T09:12:00Z,47.49,47.49,47.49,47.49,0.20908983
Kraken:LTCEUR,2020-10-23T09:13:00Z,47.47,47.47,47.47,47.47,0.233546
Kraken:LTCEUR,2020-10-23T09:14:00Z,47.46,47.46,47.45,47.45,46
Kraken:LTCEUR,2020-10-23T09:15:00Z,47.45,47.45,47.45,47.45,12
Kraken:LTCEUR,2020-10-23T09:16:00Z,47.47,47.47,47.47,47.47,0.10505653
Kraken:LTCEUR,2020-10-23T09:18:00Z,47.49,47.49,47.49,47.49,1
Kraken:LTCEUR,2020-10-23T09:19:00Z,47.39,47.4,47.34,47.37,32.71317326
Kraken:LTCEUR,2020-10-23T09:20:00Z,47.44,47.44,47.44,47.44,43.74661796
Kraken:LTCEUR,2020-10-23T09:21:00Z,47.44,47.44,47.44,47.44,2
Kraken:LTCEUR,2020-10-23T09:22:00Z,47.44,47.44,47.41,47.41,34.53538204
Kraken:LTCEUR,2020-10-23T09:26:00Z,47.46,47.46,47.46,47.46,3
Kraken:LTCEUR,2020-10-23T09:27:00Z,47.41,47.41,47.41,47.41,2
Kraken:LTCEUR,2020-10-23T09:29:00Z,47.43,47.49,47.43,47.49,28.38882517
Kraken:LTCEUR,2020-10-23T09:30:00Z,47.47,47.47,47.44,47.44,75.3
Kraken:LTCEUR,2020-10-23T09:31:00Z,47.45,47.45,47.43,47.43,8.37152241
Kraken:LTCEUR,2020-10-23T09:34:00Z,47.48,47.48,47.48,47.48,7.32614483
Kraken:LTCEUR,2020-10-23T09:37:00Z,47.54,47.54,47.54,47.54,1.08215157
Kraken:LTCEUR,2020-10-23T09:39:00Z,47.56,47.56,47.55,47.55,5.3178643
Kraken:LTCEUR,2020-10-23T09:40:00Z,47.56,47.58,47.56,47.58,111.30902649
Kraken:LTCEUR,2020-10-23T09:41:00Z,47.58,47.58,47.58,47.58,0.83841075
Kraken:LTCEUR,2020-10-23T09:42:00Z,47.58,47.58,47.58,47.58,2.1119551
Kraken:LTCEUR,2020-10-23T09:43:00Z,47.57,47.59,47.57,47.59,20.4171252
Kraken:LTCEUR,2020-10-23T09:44:00Z,47.57,47.57,47.57,47.57,41.73005792
Kraken:LTCEUR,2020-10-23T09:47:00Z,47.59,47.59,47.59,47.59,1.834
Kraken:LTCEUR,2020-10-23T09:48:00Z,47.57,47.57,47.57,47.57,0.6393
Kraken:LTCEUR,2020-10-23T09:49:00Z,47.57,47.57,47.57,47.57,1.4455
Kraken:LTCEUR,2020-10-23T09:50:00Z,47.59,47.59,47.57,47.57,3.5961
Kraken:LTCEUR,2020-10-23T09:51:00Z,47.57,47.57,47.55,47.55,11.35011807
Kraken:LTCEUR,2020-10-23T09:52:00Z,47.5,47.5,47.46,47.46,11.75482471
Kraken:LTCEUR,2020-10-23T09:54:00Z,47.46,47.52,47.46,47.52,25.26063472
Kraken:LTCEUR,2020-10-23T09:56:00Z,47.47,47.47,47.47,47.47,3.0746
Kraken:LTCEUR,2020-10-23T09:58:00Z,47.46,47.46,47.46,47.46,6.54572056
Kraken:LTCEUR,2020-10-23T09:59:00Z,47.49,47.49,47.49,47.49,34.861496
Kraken:LTCEUR,2020-10-23T10:00:00Z,47.48,47.48,47.48,47.48,0.4885
Kraken:LTCEUR,2020-10-23T10:04:00Z,47.64,47.68,47.64,47.68,5
Kraken:LTCEUR,2020-10-23T10:05:00Z,47.64,47.64,47.64,47.64,2.1
Kraken:LTCEUR,2020-10-23T10:07:00Z,47.6,47.62,47.6,47.62,1.2984
Kraken:LTCEUR,2020-10-23T10:08:00Z,47.63,47.71,47.63,47.71,1.70816892
Kraken:LTCEUR,2020-10-23T10:10:00Z,47.74,47.78,47.74,47.74,4.75067588
Kraken:LTCEUR,2020-10-23T10:12:00Z,47.72,47.73,47.72,47.73,53.65
Kraken:LTCEUR,2020-10-23T10:14:00Z,47.82,47.85,47.82,47.85,12.08512876
Kraken:LTCEUR,2020-10-23T10:15:00Z,47.83,47.83,47.79,47.79,2.74
Kraken:LTCEUR,2020-10-23T10:16:00Z,47.77,47.77,47.77,47.77,5.93979
Kraken:LTCEUR,2020-10-23T10:17:00Z,47.7,47.7,47.69,47.69,14.69048185
Kraken:LTCEUR,2020-10-23T10:18:00Z,47.61,47.62,47.61,47.62,6.0873
Kraken:LTCEUR,2020-10-23T10:19:00Z,47.52,47.52,47.42,47.42,79.37495525
Kraken:LTCEUR,2020-10-23T10:21:00Z,47.43,47.43,47.43,47.43,4.57676176
Kraken:LTCEUR,2020-10-23T10:22:00Z,47.34,47.34,47.29,47.29,20.5865794
Kraken:LTCEUR,2020-10-23T10:23:00Z,47.35,47.35,47.32,47.34,3.16138956
Kraken:LTCEUR,2020-10-23T10:24:00Z,47.31,47.31,47.31,47.31,0.42248
Kraken:LTCEUR,2020-10-23T10:27:00Z,47.3,47.3,47.3,47.3,1.03
Kraken:LTCEUR,2020-10-23T10:29:00Z,47.27,47.27,47.18,47.18,15.01829495
Kraken:LTCEUR,2020-10-23T10:30:00Z,47.24,47.24,47.24,47.24,11.9411589
Kraken:LTCEUR,2020-10-23T10:32:00Z,47.27,47.3,47.27,47.3,20.97582136
Kraken:LTCEUR,2020-10-23T10:33:00Z,47.28,47.28,47.28,47.28,13.931799
Kraken:LTCEUR,2020-10-23T10:37:00Z,47.28,47.29,47.26,47.26,22.02588868
Kraken:LTCEUR,2020-10-23T10:40:00Z,47.27,47.27,47.27,47.27,3.08
Kraken:LTCEUR,2020-10-23T10:41:00Z,47.31,47.31,47.3,47.3,3
Kraken:LTCEUR,2020-10-23T10:42:00Z,47.32,47.32,47.32,47.32,2.31355956
Kraken:LTCEUR,2020-10-23T10:43:00Z,47.32,47.32,47.32,47.32,0.52416002
Kraken:LTCEUR,2020-10-23T10:44:00Z,47.3,47.3,47.3,47.3,0.22558
Kraken:LTCEUR,2020-10-23T10:45:00Z,47.33,47.34,47.33,47.34,1.47871
Kraken:LTCEUR,2020-10-23T10:46:00Z,47.36,47.38,47.36,47.38,12.9815879
Kraken:LTCEUR,2020-10-23T10:47:00Z,47.44,47.44,47.44,47.44,0.20931029
Kraken:LTCEUR,2020-10-23T10:49:00Z,47.36,47.36,47.36,47.36,0.3953
Kraken:LTCEUR,2020-10-23T10:50:00Z,47.39,47.39,47.37,47.38,20.98997818
Kraken:LTCEUR,2020-10-23T10:51:00Z,47.35,47.49,47.35,47.49,90.84896755
Kraken:LTCEUR,2020-10-23T10:52:00Z,47.5,47.53,47.5,47.53,22.83104698
Kraken:LTCEUR,2020-10-23T10:53:00Z,47.52,47.52,47.5,47.5,53.24701926
Kraken:LTCEUR,2020-10-23T10:54:00Z,47.45,47.46,47.45,47.46,2.5
Kraken:LTCEUR,2020-10-23T10:56:00Z,47.39,47.42,47.39,47.42,2.48126
Kraken:LTCEUR,2020-10-23T10:58:00Z,47.51,47.51,47.51,47.51,24.15213031
Kraken:LTCEUR,2020-10-23T10:59:00Z,47.53,47.53,47.52,47.53,82.4246581
Kraken:LTCEUR,2020-10-23T11:00:00Z,47.54,47.54,47.54,47.54,1E+1
Kraken:LTCEUR,2020-10-23T11:01:00Z,47.48,47.51,47.48,47.48,6.92994
Kraken:LTCEUR,2020-10-23T11:02:00Z,47.43,47.43,47.43,47.43,0.84478
Kraken:LTCEUR,2020-10-23T11:04:00Z,47.47,47.47,47.46,47.46,2E+1
Kraken:LTCEUR,2020-10-23T11:07:00Z,47.48,47.48,47.48,47.48,2.11648
Kraken:LTCEUR,2020-10-23T11:09:00Z,47.49,47.49,47.49,47.49,14.42907138
Kraken:LTCEUR,2020-10-23T11:10:00Z,47.45,47.45,47.45,47.45,2.99999997
Kraken:LTCEUR,2020-10-23T11:16:00Z,47.47,47.47,47.47,47.47,1.301
Kraken:LTCEUR,2020-10-23T11:18:00Z,47.5,47.5,47.5,47.5,1
Kraken:LTCEUR,2020-10-23T11:20:00Z,47.56,47.58,47.54,47.58,2.68215036
Kraken:LTCEUR,2020-10-23T11:21:00Z,47.54,47.54,47.54,47.54,20.08531981
Kraken:LTCEUR,2020-10-23T11:22:00Z,47.57,47.57,47.56,47.56,0.22956879
Kraken:LTCEUR,2020-10-23T11:23:00Z,47.51,47.51,47.38,47.43,177.9329108
Kraken:LTCEUR,2020-10-23T11:24:00Z,47.38,47.38,47.38,47.38,8.79751603
Kraken:LTCEUR,2020-10-23T11:25:00Z,47.36,47.36,47.36,47.36,4.30244207
Kraken:LTCEUR,2020-10-23T11:26:00Z,47.35,47.35,47.34,47.34,16.04646484
Kraken:LTCEUR,2020-10-23T11:28:00Z,47.25,47.25,47.25,47.25,0.20136801
Kraken:LTCEUR,2020-10-23T11:30:00Z,47.26,47.26,47.26,47.26,1.14999021
Kraken:LTCEUR,2020-10-23T11:31:00Z,47.27,47.27,47.19,47.19,98.61767097
Kraken:LTCEUR,2020-10-23T11:32:00Z,47.2,47.26,47.12,47.12,187.19712321
Kraken:LTCEUR,2020-10-23T11:33:00Z,47.21,47.21,47.2,47.2,4.243007
Kraken:LTCEUR,2020-10-23T11:35:00Z,47.13,47.14,47.13,47.14,18.6392909
Kraken:LTCEUR,2020-10-23T11:36:00Z,47.14,47.14,47.14,47.14,1.02754234
Kraken:LTCEUR,2020-10-23T11:38:00Z,47.15,47.15,47.15,47.15,10.28743677
Kraken:LTCEUR,2020-10-23T11:39:00Z,47.15,47.15,47.14,47.14,15.59706601
Kraken:LTCEUR,2020-10-23T11:41:00Z,47.15,47.15,47.15,47.15,5.02566
Kraken:LTCEUR,2020-10-23T11:42:00Z,47.19,47.19,47.19,47.19,27.52754109
Kraken:LTCEUR,2020-10-23T11:43:00Z,47.2,47.2,47.2,47.2,0.99
Kraken:LTCEUR,2020-10-23T11:45:00Z,47.23,47.23,47.23,47.23,0.10000423
Kraken:LTCEUR,2020-10-23T11:46:00Z,47.23,47.23,47.23,47.23,0.53332103
Kraken:LTCEUR,2020-10-23T11:48:00Z,47.19,47.19,47.16,47.16,6.01074576
Kraken:LTCEUR,2020-10-23T11:49:00Z,47.2,47.2,47.2,47.2,1.21079258
Kraken:LTCEUR,2020-10-23T11:50:00Z,47.2,47.21,47.18,47.18,4.26030157
Kraken:LTCEUR,2020-10-23T11:51:00Z,47.16,47.16,47.02,47.02,2.65797076
Kraken:LTCEUR,2020-10-23T11:52:00Z,47.01,47.01,47.01,47.01,15.91267758
Kraken:LTCEUR,2020-10-23T11:53:00Z,46.95,46.95,46.88,46.9,18.16048228
Kraken:LTCEUR,2020-10-23T11:54:00Z,46.91,46.91,46.91,46.91,18.52960982
Kraken:LTCEUR,2020-10-23T11:55:00Z,46.91,46.94,46.91,46.93,11.05011
Kraken:LTCEUR,2020-10-23T11:57:00Z,46.97,46.98,46.97,46.98,16.89805367
Kraken:LTCEUR,2020-10-23T11:58:00Z,46.93,46.93,46.92,46.92,3
Kraken:LTCEUR,2020-10-23T11:59:00Z,46.89,46.94,46.89,46.94,1.25883
Kraken:LTCEUR,2020-10-23T12:03:00Z,46.87,46.87,46.79,46.79,19.97141
Kraken:LTCEUR,2020-10-23T12:04:00Z,46.82,46.82,46.64,46.64,72.99484623
Kraken:LTCEUR,2020-10-23T12:05:00Z,46.65,46.65,46.63,46.63,41.11141
Kraken:LTCEUR,2020-10-23T12:06:00Z,46.6,46.62,46.6,46.61,43.72951999
Kraken:LTCEUR,2020-10-23T12:07:00Z,46.67,46.67,46.67,46.67,15.59633247
Kraken:LTCEUR,2020-10-23T12:08:00Z,46.76,46.76,46.71,46.71,13.6744421
Kraken:LTCEUR,2020-10-23T12:09:00Z,46.75,46.75,46.73,46.73,2.9399251
Kraken:LTCEUR,2020-10-23T12:10:00Z,46.71,46.71,46.71,46.71,0.1855268
Kraken:LTCEUR,2020-10-23T12:11:00Z,46.76,46.8,46.76,46.8,139.151
Kraken:LTCEUR,2020-10-23T12:12:00Z,46.83,46.84,46.8,46.8,33.59999994
Kraken:LTCEUR,2020-10-23T12:13:00Z,46.79,46.79,46.77,46.77,3.23015973
Kraken:LTCEUR,2020-10-23T12:14:00Z,46.75,46.75,46.71,46.71,6.36381225
Kraken:LTCEUR,2020-10-23T12:16:00Z,46.63,46.63,46.63,46.63,0.39949665
Kraken:LTCEUR,2020-10-23T12:17:00Z,46.66,46.66,46.64,46.65,19.04077769
Kraken:LTCEUR,2020-10-23T12:18:00Z,46.6,46.6,46.59,46.59,9.44206549
Kraken:LTCEUR,2020-10-23T12:19:00Z,46.59,46.59,46.58,46.58,8.74207944
Kraken:LTCEUR,2020-10-23T12:20:00Z,46.58,46.58,46.58,46.58,4.20304648
Kraken:LTCEUR,2020-10-23T12:21:00Z,46.66,46.68,46.63,46.67,74.42826008
Kraken:LTCEUR,2020-10-23T12:22:00Z,46.71,46.71,46.71,46.71,1
Kraken:LTCEUR,2020-10-23T12:24:00Z,46.75,46.75,46.72,46.72,91.0769663
Kraken:LTCEUR,2020-10-23T12:25:00Z,46.71,46.71,46.71,46.71,4.25165743
Kraken:LTCEUR,2020-10-23T12:28:00Z,46.77,46.78,46.77,46.78,4.24438498
Kraken:LTCEUR,2020-10-23T12:36:00Z,46.8,46.8,46.8,46.8,0.85052094
Kraken:LTCEUR,2020-10-23T12:37:00Z,46.8,46.8,46.78,46.78,52.62079666
Kraken:LTCEUR,2020-10-23T12:38:00Z,46.78,46.78,46.78,46.78,0.61479129
Kraken:LTCEUR,2020-10-23T12:39:00Z,46.76,46.76,46.76,46.76,21.15407987
Kraken:LTCEUR,2020-10-23T12:41:00Z,46.8,46.8,46.8,46.8,1.06041605
Kraken:LTCEUR,2020-10-23T12:43:00Z,46.76,46.76,46.74,46.74,99.66298593
Kraken:LTCEUR,2020-10-23T12:44:00Z,46.8,46.83,46.8,46.83,25.13346255
Kraken:LTCEUR,2020-10-23T12:47:00Z,46.78,46.78,46.78,46.78,2.07
Kraken:LTCEUR,2020-10-23T12:48:00Z,46.78,46.78,46.78,46.78,0.5
Kraken:LTCEUR,2020-10-23T12:50:00Z,46.84,46.87,46.84,46.87,0.80884461
Kraken:LTCEUR,2020-10-23T12:51:00Z,46.82,46.82,46.82,46.82,4.28
Kraken:LTCEUR,2020-10-23T12:53:00Z,46.83,46.84,46.83,46.84,26.98812959
Kraken:LTCEUR,2020-10-23T12:56:00Z,46.79,46.79,46.79,46.79,0.11275388
Kraken:LTCEUR,2020-10-23T12:57:00Z,46.79,46.79,46.79,46.79,0.21528848
Kraken:LTCEUR,2020-10-23T12:58:00Z,46.81,46.81,46.81,46.81,0.92491122
Kraken:LTCEUR,2020-10-23T12:59:00Z,46.81,46.81,46.81,46.81,8.1
Kraken:LTCEUR,2020-10-23T13:00:00Z,46.76,46.76,46.76,46.76,52.78925803
Kraken:LTCEUR,2020-10-23T13:02:00Z,46.76,46.78,46.76,46.78,2.01877422
Kraken:LTCEUR,2020-10-23T13:03:00Z,46.76,46.76,46.76,46.76,1
Kraken:LTCEUR,2020-10-23T13:06:00Z,46.77,46.77,46.77,46.77,2.10652
Kraken:LTCEUR,2020-10-23T13:07:00Z,46.78,46.86,46.78,46.86,101.85190209
Kraken:LTCEUR,2020-10-23T13:08:00Z,46.9,46.9,46.9,46.9,0.2075629
Kraken:LTCEUR,2020-10-23T13:09:00Z,46.92,46.92,46.92,46.92,0.12675386
Kraken:LTCEUR,2020-10-23T13:10:00Z,47.0,47.01,47.0,47.01,4.22451341
Kraken:LTCEUR,2020-10-23T13:12:00Z,47.07,47.07,47.07,47.07,1
Kraken:LTCEUR,2020-10-23T13:13:00Z,47.09,47.09,47.05,47.05,39.65598104
Kraken:LTCEUR,2020-10-23T13:15:00Z,47.06,47.06,47.06,47.06,3.1636722
Kraken:LTCEUR,2020-10-23T13:17:00Z,47.02,47.02,47.02,47.02,0.6213559
Kraken:LTCEUR,2020-10-23T13:18:00Z,47.02,47.04,47.02,47.04,40.7476783
Kraken:LTCEUR,2020-10-23T13:21:00Z,47.0,47.0,47.0,47.0,0.47663516
Kraken:LTCEUR,2020-10-23T13:22:00Z,47.0,47.0,47.0,47.0,1E+1
Kraken:LTCEUR,2020-10-23T13:25:00Z,47.04,47.04,47.04,47.04,1E+1
Kraken:LTCEUR,2020-10-23T13:27:00Z,47.04,47.04,47.04,47.04,7.001
Kraken:LTCEUR,2020-10-23T13:28:00Z,47.01,47.01,47.0,47.0,78.96423404
Kraken:LTCEUR,2020-10-23T13:31:00Z,47.0,47.0,47.0,47.0,1E+1
Kraken:LTCEUR,2020-10-23T13:32:00Z,47.0,47.01,46.95,46.96,1005.23476686
Kraken:LTCEUR,2020-10-23T13:33:00Z,46.92,46.92,46.92,46.92,10.35615301
Kraken:LTCEUR,2020-10-23T13:34:00Z,46.89,46.89,46.89,46.89,1.00042577
Kraken:LTCEUR,2020-10-23T13:38:00Z,46.87,46.89,46.87,46.89,2.98
Kraken:LTCEUR,2020-10-23T13:40:00Z,46.91,46.91,46.91,46.91,2.10306008
Kraken:LTCEUR,2020-10-23T13:41:00Z,46.87,46.87,46.87,46.87,0.47584939
Kraken:LTCEUR,2020-10-23T13:42:00Z,46.87,46.87,46.87,46.87,0.99999998
Kraken:LTCEUR,2020-10-23T13:43:00Z,46.87,46.87,46.87,46.87,3.74850329
Kraken:LTCEUR,2020-10-23T13:46:00Z,46.84,46.84,46.84,46.84,0.21335609
Kraken:LTCEUR,2020-10-23T13:47:00Z,46.86,46.86,46.85,46.85,49.22165354
Kraken:LTCEUR,2020-10-23T13:48:00Z,46.83,46.83,46.83,46.83,0.27969573
Kraken:LTCEUR,2020-10-23T13:49:00Z,46.76,46.76,46.76,46.76,0.4023
Kraken:LTCEUR,2020-10-23T13:50:00Z,46.79,46.79,46.76,46.76,9.73137018
Kraken:LTCEUR,2020-10-23T13:52:00Z,46.68,46.68,46.68,46.68,0.49999999
Kraken:LTCEUR,2020-10-23T13:55:00Z,46.73,46.73,46.73,46.73,0.21547265
Kraken:LTCEUR,2020-10-23T13:56:00Z,46.71,46.72,46.71,46.72,40.3337637
Kraken:LTCEUR,2020-10-23T13:59:00Z,46.71,46.71,46.69,46.69,1.49999998
Kraken:LTCEUR,2020-10-23T14:00:00Z,46.72,46.72,46.68,46.68,21.48496536
Kraken:LTCEUR,2020-10-23T14:01:00Z,46.73,46.73,46.73,46.73,0.89903432
Kraken:LTCEUR,2020-10-23T14:02:00Z,46.77,46.77,46.77,46.77,10.68510981
Kraken:LTCEUR,2020-10-23T14:04:00Z,46.8,46.8,46.8,46.8,0.29377806
Kraken:LTCEUR,2020-10-23T14:08:00Z,46.81,46.81,46.81,46.81,2.12037903
Kraken:LTCEUR,2020-10-23T14:09:00Z,46.76,46.76,46.75,46.75,99
Kraken:LTCEUR,2020-10-23T14:10:00Z,46.76,46.76,46.76,46.76,3.38716578
Kraken:LTCEUR,2020-10-23T14:11:00Z,46.67,46.67,46.39,46.39,51.34599929
Kraken:LTCEUR,2020-10-23T14:12:00Z,46.4,46.4,46.34,46.35,269.20743445
Kraken:LTCEUR,2020-10-23T14:13:00Z,46.46,46.46,46.46,46.46,3.87013545
Kraken:LTCEUR,2020-10-23T14:14:00Z,46.49,46.49,46.49,46.49,0.28206384
Kraken:LTCEUR,2020-10-23T14:16:00Z,46.55,46.55,46.55,46.55,1E+1
Kraken:LTCEUR,2020-10-23T14:21:00Z,46.62,46.62,46.62,46.62,5.001
Kraken:LTCEUR,2020-10-23T14:23:00Z,46.64,46.64,46.64,46.64,22.20436569
Kraken:LTCEUR,2020-10-23T14:24:00Z,46.57,46.59,46.57,46.59,5.130095
Kraken:LTCEUR,2020-10-23T14:25:00Z,46.58,46.58,46.52,46.52,4.76157148
Kraken:LTCEUR,2020-10-23T14:26:00Z,46.49,46.49,46.49,46.49,27.67859715
Kraken:LTCEUR,2020-10-23T14:27:00Z,46.54,46.54,46.54,46.54,1.06702798
Kraken:LTCEUR,2020-10-23T14:30:00Z,46.54,46.54,46.54,46.54,2.77790469
Kraken:LTCEUR,2020-10-23T14:31:00Z,46.59,46.59,46.59,46.59,0.53895335
Kraken:LTCEUR,2020-10-23T14:35:00Z,46.58,46.58,46.58,46.58,7.31366679
Kraken:LTCEUR,2020-10-23T14:38:00Z,46.61,46.61,46.6,46.6,1.99886599
Kraken:LTCEUR,2020-10-23T14:40:00Z,46.64,46.65,46.64,46.65,3.26569371
Kraken:LTCEUR,2020-10-23T14:41:00Z,46.61,46.61,46.6,46.6,1E+1
Kraken:LTCEUR,2020-10-23T14:44:00Z,46.55,46.55,46.55,46.55,5.001
Kraken:LTCEUR,2020-10-23T14:45:00Z,46.5,46.5,46.5,46.5,5
Kraken:LTCEUR,2020-10-23T14:48:00Z,46.54,46.54,46.54,46.54,6.07006262
Kraken:LTCEUR,2020-10-23T14:49:00Z,46.58,46.58,46.58,46.58,0.38924731
Kraken:LTCEUR,2020-10-23T14:51:00Z,46.51,46.51,46.51,46.51,0.11650207
Kraken:LTCEUR,2020-10-23T14:52:00Z,46.56,46.56,46.56,46.56,0.21322221
Kraken:LTCEUR,2020-10-23T14:53:00Z,46.55,46.56,46.5,46.5,15.001
Kraken:LTCEUR,2020-10-23T14:54:00Z,46.48,46.48,46.4,46.4,18.17136837
Kraken:LTCEUR,2020-10-23T14:55:00Z,46.38,46.38,46.32,46.32,42.71184873
Kraken:LTCEUR,2020-10-23T14:56:00Z,46.38,46.38,46.38,46.38,4.60010587
Kraken:LTCEUR,2020-10-23T15:00:00Z,46.3,46.33,46.26,46.26,93.75624641
Kraken:LTCEUR,2020-10-23T15:01:00Z,46.26,46.26,46.16,46.16,38.46484155
Kraken:LTCEUR,2020-10-23T15:02:00Z,46.1,46.11,46.05,46.05,17.87195994
Kraken:LTCEUR,2020-10-23T15:03:00Z,46.02,46.02,45.82,45.92,159.47667062
Kraken:LTCEUR,2020-10-23T15:04:00Z,45.98,45.98,45.98,45.98,1.89495962
Kraken:LTCEUR,2020-10-23T15:05:00Z,45.9,45.98,45.9,45.98,25.60492708
Kraken:LTCEUR,2020-10-23T15:06:00Z,46.13,46.15,46.06,46.06,4.41210923
Kraken:LTCEUR,2020-10-23T15:07:00Z,46.1,46.11,46.09,46.11,21.876596
Kraken:LTCEUR,2020-10-23T15:08:00Z,46.11,46.18,46.09,46.18,33.54140391
Kraken:LTCEUR,2020-10-23T15:09:00Z,46.17,46.17,46.17,46.17,1.39012524
Kraken:LTCEUR,2020-10-23T15:10:00Z,46.25,46.25,46.25,46.25,2.4005014
Kraken:LTCEUR,2020-10-23T15:11:00Z,46.3,46.38,46.3,46.38,24.38689647
Kraken:LTCEUR,2020-10-23T15:12:00Z,46.34,46.38,46.34,46.36,7.63023596
Kraken:LTCEUR,2020-10-23T15:13:00Z,46.36,46.39,46.36,46.39,5.65199532
Kraken:LTCEUR,2020-10-23T15:14:00Z,46.43,46.43,46.43,46.43,6.666667
Kraken:LTCEUR,2020-10-23T15:16:00Z,46.49,46.49,46.49,46.49,0.98696884
Kraken:LTCEUR,2020-10-23T15:17:00Z,46.5,46.54,46.5,46.54,2.49234122
Kraken:LTCEUR,2020-10-23T15:18:00Z,46.55,46.65,46.55,46.65,71.18667546
Kraken:LTCEUR,2020-10-23T15:19:00Z,46.66,46.71,46.66,46.71,4.15727566
Kraken:LTCEUR,2020-10-23T15:22:00Z,46.63,46.63,46.63,46.63,1.06
Kraken:LTCEUR,2020-10-23T15:24:00Z,46.6,46.63,46.6,46.63,4.29626763
Kraken:LTCEUR,2020-10-23T15:25:00Z,46.61,46.61,46.61,46.61,2.33541041
Kraken:LTCEUR,2020-10-23T15:27:00Z,46.65,46.65,46.65,46.65,4.675
Kraken:LTCEUR,2020-10-23T15:30:00Z,46.72,46.81,46.72,46.79,4.53488017
Kraken:LTCEUR,2020-10-23T15:31:00Z,46.79,46.79,46.76,46.76,41.35453185
Kraken:LTCEUR,2020-10-23T15:32:00Z,46.71,46.77,46.71,46.77,101.0617773
Kraken:LTCEUR,2020-10-23T15:33:00Z,46.7,46.7,46.7,46.7,1.28788782
Kraken:LTCEUR,2020-10-23T15:34:00Z,46.66,46.66,46.64,46.64,7.42673972
Kraken:LTCEUR,2020-10-23T15:35:00Z,46.65,46.65,46.65,46.65,2
Kraken:LTCEUR,2020-10-23T15:36:00Z,46.66,46.66,46.66,46.66,2.32540794
Kraken:LTCEUR,2020-10-23T15:37:00Z,46.65,46.65,46.65,46.65,0.73940607
Kraken:LTCEUR,2020-10-23T15:38:00Z,46.62,46.62,46.53,46.53,14.43086816
Kraken:LTCEUR,2020-10-23T15:40:00Z,46.55,46.55,46.54,46.54,33.40659047
Kraken:LTCEUR,2020-10-23T15:41:00Z,46.58,46.58,46.58,46.58,0.10743445
Kraken:LTCEUR,2020-10-23T15:42:00Z,46.52,46.53,46.52,46.53,3
Kraken:LTCEUR,2020-10-23T15:43:00Z,46.66,46.66,46.66,46.66,0.21276515
Kraken:LTCEUR,2020-10-23T15:46:00Z,46.6,46.61,46.56,46.56,99.74218981
Kraken:LTCEUR,2020-10-23T15:48:00Z,46.55,46.55,46.51,46.54,43.64839913
Kraken:LTCEUR,2020-10-23T15:49:00Z,46.5,46.5,46.43,46.43,39.24377327
Kraken:LTCEUR,2020-10-23T15:50:00Z,46.35,46.35,46.35,46.35,1.1
Kraken:LTCEUR,2020-10-23T15:51:00Z,46.4,46.4,46.4,46.4,10.07872721
Kraken:LTCEUR,2020-10-23T15:52:00Z,46.38,46.38,46.38,46.38,0.99999234
Kraken:LTCEUR,2020-10-23T15:53:00Z,46.38,46.38,46.38,46.38,0.00000766
Kraken:LTCEUR,2020-10-23T15:55:00Z,46.3,46.3,46.25,46.25,2
Kraken:LTCEUR,2020-10-23T15:56:00Z,46.29,46.29,46.29,46.29,0.68698053
Kraken:LTCEUR,2020-10-23T15:59:00Z,46.31,46.31,46.31,46.31,0.64808814
Kraken:LTCEUR,2020-10-23T16:02:00Z,46.29,46.29,46.29,46.29,0.11407648
Kraken:LTCEUR,2020-10-23T16:03:00Z,46.46,46.46,46.46,46.46,0.18713517
Kraken:LTCEUR,2020-10-23T16:04:00Z,46.55,46.55,46.55,46.55,1
Kraken:LTCEUR,2020-10-23T16:12:00Z,46.4,46.4,46.4,46.4,0.14502509
Kraken:LTCEUR,2020-10-23T16:13:00Z,46.32,46.32,46.18,46.18,26.90100279
Kraken:LTCEUR,2020-10-23T16:14:00Z,46.13,46.13,46.1,46.1,2.13328357
Kraken:LTCEUR,2020-10-23T16:15:00Z,46.1,46.12,45.98,46.12,150.4752291
Kraken:LTCEUR,2020-10-23T16:16:00Z,46.07,46.08,45.98,46.0,37.66108606
Kraken:LTCEUR,2020-10-23T16:17:00Z,45.93,45.93,45.87,45.88,68.46162564
Kraken:LTCEUR,2020-10-23T16:18:00Z,45.88,45.88,45.63,45.64,53.46369562
Kraken:LTCEUR,2020-10-23T16:19:00Z,45.65,45.66,45.47,45.62,53.14035288
Kraken:LTCEUR,2020-10-23T16:20:00Z,45.55,45.57,45.52,45.57,42.71109953
Kraken:LTCEUR,2020-10-23T16:21:00Z,45.6,45.76,45.6,45.76,25.18267884
Kraken:LTCEUR,2020-10-23T16:22:00Z,45.76,45.9,45.76,45.83,173.11114884
Kraken:LTCEUR,2020-10-23T16:23:00Z,45.8,45.83,45.79,45.79,43.45490469
Kraken:LTCEUR,2020-10-23T16:25:00Z,45.95,45.95,45.9,45.9,115.95
Kraken:LTCEUR,2020-10-23T16:26:00Z,45.92,45.92,45.92,45.92,0.43191881
Kraken:LTCEUR,2020-10-23T16:27:00Z,45.94,45.94,45.85,45.85,2.2381928
Kraken:LTCEUR,2020-10-23T16:28:00Z,45.85,45.85,45.82,45.83,76.94737201
Kraken:LTCEUR,2020-10-23T16:29:00Z,45.8,45.84,45.8,45.84,18.82025667
Kraken:LTCEUR,2020-10-23T16:30:00Z,45.82,45.82,45.82,45.82,86.03287616
Kraken:LTCEUR,2020-10-23T16:31:00Z,45.78,45.81,45.78,45.81,124.64127305
Kraken:LTCEUR,2020-10-23T16:32:00Z,45.89,45.89,45.89,45.89,20.03
Kraken:LTCEUR,2020-10-23T16:34:00Z,45.75,45.75,45.75,45.75,0.86
Kraken:LTCEUR,2020-10-23T16:35:00Z,45.82,45.82,45.82,45.82,0.21302163
Kraken:LTCEUR,2020-10-23T16:36:00Z,45.71,45.72,45.71,45.72,14.82939808
Kraken:LTCEUR,2020-10-23T16:37:00Z,45.74,45.74,45.74,45.74,6.61572701
Kraken:LTCEUR,2020-10-23T16:38:00Z,45.71,45.71,45.7,45.7,41.87139705
Kraken:LTCEUR,2020-10-23T16:39:00Z,45.66,45.66,45.55,45.55,5.35694285
Kraken:LTCEUR,2020-10-23T16:40:00Z,45.56,45.56,45.51,45.51,32.42388972
Kraken:LTCEUR,2020-10-23T16:41:00Z,45.49,45.49,45.3,45.33,195.53418006
Kraken:LTCEUR,2020-10-23T16:42:00Z,45.24,45.57,45.23,45.57,37.11701286
Kraken:LTCEUR,2020-10-23T16:43:00Z,45.59,45.63,45.58,45.63,2.68604
Kraken:LTCEUR,2020-10-23T16:44:00Z,45.56,45.56,45.56,45.56,4.61128123
Kraken:LTCEUR,2020-10-23T16:45:00Z,45.67,45.67,45.67,45.67,0.90201588
Kraken:LTCEUR,2020-10-23T16:46:00Z,45.75,45.75,45.75,45.75,0.58628584
Kraken:LTCEUR,2020-10-23T16:47:00Z,45.8,45.87,45.8,45.87,35.97254891
Kraken:LTCEUR,2020-10-23T16:48:00Z,45.88,46.03,45.85,46.03,131.26950381
Kraken:LTCEUR,2020-10-23T16:49:00Z,46.0,46.01,45.98,46.0,37.70892853
Kraken:LTCEUR,2020-10-23T16:50:00Z,45.97,46.05,45.93,46.02,110.26912996
Kraken:LTCEUR,2020-10-23T16:51:00Z,46.01,46.12,46.01,46.12,26.65856087
Kraken:LTCEUR,2020-10-23T16:52:00Z,46.18,46.18,46.05,46.05,98.32245993
Kraken:LTCEUR,2020-10-23T16:54:00Z,46.05,46.05,46.05,46.05,6.71438609
Kraken:LTCEUR,2020-10-23T16:55:00Z,46.16,46.17,46.16,46.17,11.61366253
Kraken:LTCEUR,2020-10-23T16:56:00Z,46.19,46.2,46.19,46.19,10.13968781
Kraken:LTCEUR,2020-10-23T16:57:00Z,46.18,46.18,46.11,46.11,5.77757207
Kraken:LTCEUR,2020-10-23T16:58:00Z,46.12,46.12,46.1,46.11,57.97501475
Kraken:LTCEUR,2020-10-23T16:59:00Z,46.12,46.12,46.12,46.12,1.38738071
Kraken:LTCEUR,2020-10-23T17:00:00Z,46.17,46.2,46.17,46.18,41.85604798
Kraken:LTCEUR,2020-10-23T17:01:00Z,46.17,46.17,46.16,46.16,31.54869047
Kraken:LTCEUR,2020-10-23T17:02:00Z,46.08,46.13,46.08,46.13,4.71366679
Kraken:LTCEUR,2020-10-23T17:03:00Z,46.18,46.18,46.18,46.18,1.07
Kraken:LTCEUR,2020-10-23T17:05:00Z,46.02,46.04,46.02,46.04,8.3784
Kraken:LTCEUR,2020-10-23T17:06:00Z,46.0,46.01,46.0,46.01,3.77265097
Kraken:LTCEUR,2020-10-23T17:07:00Z,46.02,46.03,46.02,46.03,319.15800621
Kraken:LTCEUR,2020-10-23T17:08:00Z,46.24,46.24,46.24,46.24,10.13366679
Kraken:LTCEUR,2020-10-23T17:09:00Z,46.25,46.25,46.25,46.25,0.6
Kraken:LTCEUR,2020-10-23T17:11:00Z,46.14,46.14,46.14,46.14,60.632
Kraken:LTCEUR,2020-10-23T17:12:00Z,46.13,46.13,46.04,46.04,24.87816464
Kraken:LTCEUR,2020-10-23T17:13:00Z,46.2,46.22,46.2,46.22,135.2849999
Kraken:LTCEUR,2020-10-23T17:14:00Z,46.23,46.25,46.23,46.25,1.00463904
Kraken:LTCEUR,2020-10-23T17:15:00Z,46.33,46.37,46.31,46.36,3.46230677
Kraken:LTCEUR,2020-10-23T17:16:00Z,46.41,46.42,46.37,46.37,33.61117
Kraken:LTCEUR,2020-10-23T17:17:00Z,46.4,46.6,46.4,46.6,26.74869665
Kraken:LTCEUR,2020-10-23T17:18:00Z,46.51,46.6,46.51,46.6,24.08431129
Kraken:LTCEUR,2020-10-23T17:19:00Z,46.61,46.65,46.61,46.65,1.41866888
Kraken:LTCEUR,2020-10-23T17:20:00Z,46.63,46.63,46.63,46.63,2.0837952
Kraken:LTCEUR,2020-10-23T17:21:00Z,46.57,46.58,46.55,46.55,40.98172567
Kraken:LTCEUR,2020-10-23T17:22:00Z,46.51,46.51,46.46,46.46,7.76884076
Kraken:LTCEUR,2020-10-23T17:23:00Z,46.52,46.52,46.52,46.52,0.52
Kraken:LTCEUR,2020-10-23T17:24:00Z,46.57,46.63,46.52,46.52,51.38225
Kraken:LTCEUR,2020-10-23T17:25:00Z,46.57,46.58,46.57,46.58,10.42
Kraken:LTCEUR,2020-10-23T17:26:00Z,46.54,46.54,46.41,46.45,157.65178739
Kraken:LTCEUR,2020-10-23T17:28:00Z,46.41,46.43,46.41,46.43,42.98495355
Kraken:LTCEUR,2020-10-23T17:29:00Z,46.49,46.49,46.47,46.47,61.19726996
Kraken:LTCEUR,2020-10-23T17:30:00Z,46.42,46.42,46.41,46.41,44.80856395
Kraken:LTCEUR,2020-10-23T17:31:00Z,46.37,46.53,46.37,46.53,21.31213513
Kraken:LTCEUR,2020-10-23T17:33:00Z,46.49,46.49,46.49,46.49,6.67129
Kraken:LTCEUR,2020-10-23T17:35:00Z,46.54,46.54,46.54,46.54,1
Kraken:LTCEUR,2020-10-23T17:36:00Z,46.57,46.58,46.57,46.57,2.8016727
Kraken:LTCEUR,2020-10-23T17:37:00Z,46.63,46.72,46.63,46.72,248.63798333
Kraken:LTCEUR,2020-10-23T17:38:00Z,46.71,46.71,46.54,46.54,337.36094206
Kraken:LTCEUR,2020-10-23T17:39:00Z,46.61,46.62,46.59,46.59,25.75693766
Kraken:LTCEUR,2020-10-23T17:40:00Z,46.59,46.59,46.58,46.58,56.78079627
Kraken:LTCEUR,2020-10-23T17:41:00Z,46.57,46.57,46.57,46.57,5.64
Kraken:LTCEUR,2020-10-23T17:42:00Z,46.55,46.55,46.55,46.55,0.48914697
Kraken:LTCEUR,2020-10-23T17:43:00Z,46.52,46.52,46.52,46.52,0.66139282
Kraken:LTCEUR,2020-10-23T17:44:00Z,46.53,46.53,46.52,46.52,1.43014364
Kraken:LTCEUR,2020-10-23T17:46:00Z,46.57,46.57,46.56,46.56,59.59866679
Kraken:LTCEUR,2020-10-23T17:47:00Z,46.53,46.53,46.53,46.53,0.5
Kraken:LTCEUR,2020-10-23T17:48:00Z,46.57,46.59,46.55,46.59,15.71517935
Kraken:LTCEUR,2020-10-23T17:49:00Z,46.6,46.64,46.6,46.64,36.86381754
Kraken:LTCEUR,2020-10-23T17:50:00Z,46.66,46.79,46.66,46.79,260.93353703
Kraken:LTCEUR,2020-10-23T17:51:00Z,46.79,46.79,46.75,46.75,45.16763463
Kraken:LTCEUR,2020-10-23T17:52:00Z,46.78,46.84,46.78,46.84,34.2040712
Kraken:LTCEUR,2020-10-23T17:53:00Z,46.94,46.94,46.85,46.89,23.7886966
Kraken:LTCEUR,2020-10-23T17:54:00Z,46.98,47.09,46.95,46.95,331.4129775
Kraken:LTCEUR,2020-10-23T17:55:00Z,46.83,46.83,46.83,46.83,5
Kraken:LTCEUR,2020-10-23T17:56:00Z,46.79,46.79,46.77,46.77,87.02682671
Kraken:LTCEUR,2020-10-23T17:58:00Z,46.66,46.72,46.66,46.68,68.547
Kraken:LTCEUR,2020-10-23T18:01:00Z,46.7,46.72,46.69,46.72,75.46178542
Kraken:LTCEUR,2020-10-23T18:02:00Z,46.74,46.75,46.74,46.75,133.17591286
Kraken:LTCEUR,2020-10-23T18:03:00Z,46.79,46.82,46.79,46.82,50.36076256
Kraken:LTCEUR,2020-10-23T18:04:00Z,46.83,46.86,46.83,46.86,136.05202563
Kraken:LTCEUR,2020-10-23T18:05:00Z,46.78,46.78,46.78,46.78,0.48675908
Kraken:LTCEUR,2020-10-23T18:06:00Z,46.77,46.77,46.77,46.77,0.48675908
Kraken:LTCEUR,2020-10-23T18:07:00Z,46.71,46.71,46.68,46.7,84.472345
Kraken:LTCEUR,2020-10-23T18:08:00Z,46.68,46.68,46.68,46.68,0.4890538
Kraken:LTCEUR,2020-10-23T18:09:00Z,46.74,46.74,46.74,46.74,0.48727721
Kraken:LTCEUR,2020-10-23T18:10:00Z,46.73,46.73,46.73,46.73,0.48692063
Kraken:LTCEUR,2020-10-23T18:11:00Z,46.74,46.77,46.7,46.7,62.01871766
Kraken:LTCEUR,2020-10-23T18:12:00Z,46.65,46.65,46.62,46.64,1.71988117
Kraken:LTCEUR,2020-10-23T18:13:00Z,46.64,46.64,46.61,46.61,2.39240428
Kraken:LTCEUR,2020-10-23T18:14:00Z,46.67,46.67,46.67,46.67,10.25299383
Kraken:LTCEUR,2020-10-23T18:15:00Z,46.61,46.61,46.61,46.61,0.48738277
Kraken:LTCEUR,2020-10-23T18:16:00Z,46.58,46.65,46.57,46.65,9.36895502
Kraken:LTCEUR,2020-10-23T18:17:00Z,46.58,46.58,46.58,46.58,0.48749845
Kraken:LTCEUR,2020-10-23T18:18:00Z,46.69,46.69,46.69,46.69,2.12617635
Kraken:LTCEUR,2020-10-23T18:19:00Z,46.67,46.67,46.59,46.62,100.49632208
Kraken:LTCEUR,2020-10-23T18:20:00Z,46.64,46.64,46.64,46.64,9.11104951
Kraken:LTCEUR,2020-10-23T18:24:00Z,46.66,46.66,46.66,46.66,1.80444736
Kraken:LTCEUR,2020-10-23T18:27:00Z,46.69,46.7,46.69,46.7,3.90478522
Kraken:LTCEUR,2020-10-23T18:30:00Z,46.75,46.75,46.72,46.72,1.61334904
Kraken:LTCEUR,2020-10-23T18:31:00Z,46.66,46.66,46.64,46.64,55
Kraken:LTCEUR,2020-10-23T18:32:00Z,46.66,46.67,46.66,46.66,4.15206084
Kraken:LTCEUR,2020-10-23T18:33:00Z,46.65,46.65,46.65,46.65,8.01916469
Kraken:LTCEUR,2020-10-23T18:34:00Z,46.65,46.65,46.65,46.65,2
Kraken:LTCEUR,2020-10-23T18:40:00Z,46.66,46.66,46.66,46.66,1.00000003
Kraken:LTCEUR,2020-10-23T18:44:00Z,46.64,46.64,46.63,46.63,2.21047351
Kraken:LTCEUR,2020-10-23T18:45:00Z,46.69,46.69,46.69,46.69,7.86075217
Kraken:LTCEUR,2020-10-23T18:46:00Z,46.68,46.68,46.68,46.68,4.09301329
Kraken:LTCEUR,2020-10-23T18:48:00Z,46.69,46.69,46.67,46.67,2.52483168
Kraken:LTCEUR,2020-10-23T18:49:00Z,46.67,46.67,46.67,46.67,5.3
Kraken:LTCEUR,2020-10-23T18:50:00Z,46.68,46.68,46.68,46.68,1
Kraken:LTCEUR,2020-10-23T18:52:00Z,46.72,46.73,46.72,46.73,15.74173663
Kraken:LTCEUR,2020-10-23T18:53:00Z,46.76,46.76,46.76,46.76,9.89460371
Kraken:LTCEUR,2020-10-23T18:54:00Z,46.74,46.74,46.74,46.74,2
Kraken:LTCEUR,2020-10-23T18:57:00Z,46.73,46.73,46.65,46.65,16.64813803
Kraken:LTCEUR,2020-10-23T18:58:00Z,46.67,46.67,46.67,46.67,1.74959117
Kraken:LTCEUR,2020-10-23T18:59:00Z,46.67,46.68,46.66,46.66,17.27283454
Kraken:LTCEUR,2020-10-23T19:01:00Z,46.6,46.6,46.6,46.6,0.48613652
Kraken:LTCEUR,2020-10-23T19:03:00Z,46.55,46.55,46.55,46.55,0.5236305
Kraken:LTCEUR,2020-10-23T19:04:00Z,46.52,46.52,46.52,46.52,3.99999993
Kraken:LTCEUR,2020-10-23T19:06:00Z,46.52,46.52,46.52,46.52,10.85667145
Kraken:LTCEUR,2020-10-23T19:07:00Z,46.52,46.56,46.52,46.56,0.24299227
Kraken:LTCEUR,2020-10-23T19:08:00Z,46.6,46.6,46.6,46.6,0.21383377
Kraken:LTCEUR,2020-10-23T19:11:00Z,46.66,46.66,46.66,46.66,0.47960832
Kraken:LTCEUR,2020-10-23T19:12:00Z,46.66,46.7,46.66,46.7,23.93287926
Kraken:LTCEUR,2020-10-23T19:13:00Z,46.71,46.71,46.71,46.71,0.3672646
Kraken:LTCEUR,2020-10-23T19:15:00Z,46.7,46.7,46.7,46.7,3.9
Kraken:LTCEUR,2020-10-23T19:16:00Z,46.7,46.7,46.69,46.69,10.48899
Kraken:LTCEUR,2020-10-23T19:18:00Z,46.7,46.76,46.7,46.76,16.22154398
Kraken:LTCEUR,2020-10-23T19:19:00Z,46.75,46.76,46.75,46.75,13.22407878
Kraken:LTCEUR,2020-10-23T19:20:00Z,46.78,46.78,46.78,46.78,0.48673601
Kraken:LTCEUR,2020-10-23T19:21:00Z,46.78,46.78,46.78,46.78,0.48673601
Kraken:LTCEUR,2020-10-23T19:22:00Z,46.74,46.74,46.74,46.74,0.48673601
Kraken:LTCEUR,2020-10-23T19:28:00Z,46.77,46.77,46.77,46.77,0.48568923
Kraken:LTCEUR,2020-10-23T19:29:00Z,46.8,46.81,46.8,46.81,2
Kraken:LTCEUR,2020-10-23T19:33:00Z,46.78,46.78,46.78,46.78,1
Kraken:LTCEUR,2020-10-23T19:36:00Z,46.75,46.75,46.7,46.7,4.53189999
Kraken:LTCEUR,2020-10-23T19:38:00Z,46.77,46.77,46.77,46.77,1
Kraken:LTCEUR,2020-10-23T19:42:00Z,46.72,46.72,46.72,46.72,0.48563247
Kraken:LTCEUR,2020-10-23T19:43:00Z,46.75,46.76,46.72,46.75,33.5229756
Kraken:LTCEUR,2020-10-23T19:44:00Z,46.79,46.79,46.75,46.77,5.24652797
Kraken:LTCEUR,2020-10-23T19:45:00Z,46.76,46.76,46.76,46.76,0.48558533
Kraken:LTCEUR,2020-10-23T19:46:00Z,46.78,46.78,46.78,46.78,0.48558533
Kraken:LTCEUR,2020-10-23T19:47:00Z,46.82,46.83,46.8,46.8,11.08521612
Kraken:LTCEUR,2020-10-23T19:48:00Z,46.79,46.82,46.79,46.82,0.58558533
Kraken:LTCEUR,2020-10-23T19:49:00Z,46.81,46.81,46.81,46.81,0.48558533
Kraken:LTCEUR,2020-10-23T19:50:00Z,46.81,46.81,46.81,46.81,0.4021
Kraken:LTCEUR,2020-10-23T19:55:00Z,46.85,46.86,46.85,46.86,5
Kraken:LTCEUR,2020-10-23T19:57:00Z,46.83,46.83,46.82,46.82,2E+1
Kraken:LTCEUR,2020-10-23T19:59:00Z,46.86,46.98,46.84,46.98,2.56726013
Kraken:LTCEUR,2020-10-23T20:00:00Z,46.95,46.95,46.95,46.95,4.84478
Kraken:LTCEUR,2020-10-23T20:01:00Z,46.94,46.94,46.94,46.94,1.989005
Kraken:LTCEUR,2020-10-23T20:02:00Z,46.97,47.1,46.97,47.1,24.84900612
Kraken:LTCEUR,2020-10-23T20:03:00Z,47.08,47.16,47.05,47.16,25.73422422
Kraken:LTCEUR,2020-10-23T20:04:00Z,47.14,47.14,47.14,47.14,21.04406789
Kraken:LTCEUR,2020-10-23T20:09:00Z,47.03,47.04,47.03,47.04,31.74925626
Kraken:LTCEUR,2020-10-23T20:12:00Z,47.02,47.02,47.02,47.02,0.99740685
Kraken:LTCEUR,2020-10-23T20:14:00Z,47.02,47.02,47.02,47.02,1
Kraken:LTCEUR,2020-10-23T20:15:00Z,47.07,47.07,47.07,47.07,1
Kraken:LTCEUR,2020-10-23T20:18:00Z,46.98,46.98,46.93,46.93,28.78565
Kraken:LTCEUR,2020-10-23T20:22:00Z,46.92,46.92,46.92,46.92,1.55723469
Kraken:LTCEUR,2020-10-23T20:24:00Z,46.94,46.95,46.94,46.95,106.26095386
Kraken:LTCEUR,2020-10-23T20:29:00Z,46.9,46.91,46.9,46.91,4.76650685
Kraken:LTCEUR,2020-10-23T20:31:00Z,46.93,46.93,46.93,46.93,0.53486448
Kraken:LTCEUR,2020-10-23T20:33:00Z,46.95,46.95,46.95,46.95,0.5344621
Kraken:LTCEUR,2020-10-23T20:34:00Z,46.95,46.97,46.95,46.97,1.57915872
Kraken:LTCEUR,2020-10-23T20:35:00Z,46.95,46.95,46.95,46.95,0.53451236
Kraken:LTCEUR,2020-10-23T20:36:00Z,46.92,46.95,46.92,46.95,8.84248224
Kraken:LTCEUR,2020-10-23T20:37:00Z,46.92,46.92,46.92,46.92,0.53458777
Kraken:LTCEUR,2020-10-23T20:38:00Z,46.93,46.95,46.93,46.94,4.25461292
Kraken:LTCEUR,2020-10-23T20:40:00Z,46.94,46.94,46.94,46.94,0.53478898
Kraken:LTCEUR,2020-10-23T20:43:00Z,46.9,46.9,46.9,46.9,13.719965
Kraken:LTCEUR,2020-10-23T20:44:00Z,46.9,46.9,46.83,46.83,5.98486047
Kraken:LTCEUR,2020-10-23T20:47:00Z,46.83,46.83,46.83,46.83,0.5356963
Kraken:LTCEUR,2020-10-23T20:48:00Z,46.83,46.84,46.83,46.84,0.86612583
Kraken:LTCEUR,2020-10-23T20:49:00Z,46.83,46.83,46.8,46.8,0.67035509
Kraken:LTCEUR,2020-10-23T20:52:00Z,46.82,46.82,46.81,46.81,7.97925398
Kraken:LTCEUR,2020-10-23T20:57:00Z,46.84,46.84,46.84,46.84,57.01896445
Kraken:LTCEUR,2020-10-23T20:58:00Z,46.84,46.84,46.84,46.84,16.5429446
Kraken:LTCEUR,2020-10-23T21:01:00Z,46.89,46.89,46.89,46.89,0.21158589
Kraken:LTCEUR,2020-10-23T21:03:00Z,46.84,46.84,46.84,46.84,2
Kraken:LTCEUR,2020-10-23T21:04:00Z,46.85,46.85,46.85,46.85,53.17785302
Kraken:LTCEUR,2020-10-23T21:05:00Z,46.85,46.85,46.81,46.81,15.7147468
Kraken:LTCEUR,2020-10-23T21:13:00Z,46.79,46.79,46.79,46.79,1E+1
Kraken:LTCEUR,2020-10-23T21:14:00Z,46.79,46.79,46.79,46.79,4.49096377
Kraken:LTCEUR,2020-10-23T21:16:00Z,46.79,46.79,46.79,46.79,4.49154723
Kraken:LTCEUR,2020-10-23T21:17:00Z,46.79,46.79,46.79,46.79,5.09125027
Kraken:LTCEUR,2020-10-23T21:18:00Z,46.78,46.78,46.76,46.76,0.4299339
Kraken:LTCEUR,2020-10-23T21:19:00Z,46.76,46.76,46.76,46.76,0.58493
Kraken:LTCEUR,2020-10-23T21:22:00Z,46.7,46.7,46.67,46.67,5.24658972
Kraken:LTCEUR,2020-10-23T21:23:00Z,46.65,46.65,46.64,46.64,145.34219845
Kraken:LTCEUR,2020-10-23T21:24:00Z,46.68,46.68,46.68,46.68,0.64808813
Kraken:LTCEUR,2020-10-23T21:25:00Z,46.69,46.7,46.69,46.69,4.01291109
Kraken:LTCEUR,2020-10-23T21:27:00Z,46.69,46.69,46.69,46.69,3.64372036
Kraken:LTCEUR,2020-10-23T21:29:00Z,46.72,46.72,46.72,46.72,1.06084748
Kraken:LTCEUR,2020-10-23T21:31:00Z,46.69,46.69,46.69,46.69,1.15474862
Kraken:LTCEUR,2020-10-23T21:32:00Z,46.68,46.68,46.68,46.68,30.58408251
Kraken:LTCEUR,2020-10-23T21:33:00Z,46.69,46.69,46.69,46.69,4.084035
Kraken:LTCEUR,2020-10-23T21:35:00Z,46.73,46.73,46.73,46.73,2.700073
Kraken:LTCEUR,2020-10-23T21:37:00Z,46.73,46.73,46.73,46.73,2.53871753
Kraken:LTCEUR,2020-10-23T21:41:00Z,46.72,46.72,46.72,46.72,3.77223183
Kraken:LTCEUR,2020-10-23T21:43:00Z,46.7,46.7,46.7,46.7,0.64239828
Kraken:LTCEUR,2020-10-23T21:44:00Z,46.7,46.7,46.7,46.7,1
Kraken:LTCEUR,2020-10-23T21:45:00Z,46.74,46.74,46.74,46.74,1.218236
Kraken:LTCEUR,2020-10-23T21:46:00Z,46.75,46.76,46.75,46.76,6.4061499
Kraken:LTCEUR,2020-10-23T21:49:00Z,46.76,46.76,46.76,46.76,0.3935
Kraken:LTCEUR,2020-10-23T21:57:00Z,46.8,46.8,46.8,46.8,0.1060416
Kraken:LTCEUR,2020-10-23T22:00:00Z,46.8,46.8,46.8,46.8,0.2114
Kraken:LTCEUR,2020-10-23T22:03:00Z,46.76,46.77,46.76,46.77,4.37862519
Kraken:LTCEUR,2020-10-23T22:05:00Z,46.79,46.79,46.79,46.79,1.05
Kraken:LTCEUR,2020-10-23T22:09:00Z,46.81,46.81,46.81,46.81,2.99081393
Kraken:LTCEUR,2020-10-23T22:10:00Z,46.89,46.92,46.89,46.92,99
Kraken:LTCEUR,2020-10-23T22:14:00Z,46.88,46.88,46.88,46.88,0.53152324
Kraken:LTCEUR,2020-10-23T22:16:00Z,46.87,46.87,46.87,46.87,0.53162356
Kraken:LTCEUR,2020-10-23T22:17:00Z,46.84,46.84,46.84,46.84,3.02254942
Kraken:LTCEUR,2020-10-23T22:21:00Z,46.75,46.75,46.75,46.75,0.53261239
Kraken:LTCEUR,2020-10-23T22:22:00Z,46.77,46.77,46.77,46.77,0.53262881
Kraken:LTCEUR,2020-10-23T22:23:00Z,46.74,46.74,46.74,46.74,0.53247778
Kraken:LTCEUR,2020-10-23T22:24:00Z,46.74,46.74,46.74,46.74,0.53232429
Kraken:LTCEUR,2020-10-23T22:25:00Z,46.74,46.74,46.74,46.74,0.53230169
Kraken:LTCEUR,2020-10-23T22:29:00Z,46.75,46.75,46.75,46.75,1
Kraken:LTCEUR,2020-10-23T22:30:00Z,46.73,46.73,46.73,46.73,44.26275162
Kraken:LTCEUR,2020-10-23T22:33:00Z,46.67,46.67,46.67,46.67,1
Kraken:LTCEUR,2020-10-23T22:34:00Z,46.66,46.66,46.66,46.66,0.76803945
Kraken:LTCEUR,2020-10-23T22:39:00Z,46.6,46.6,46.6,46.6,5.01
Kraken:LTCEUR,2020-10-23T22:41:00Z,46.61,46.61,46.61,46.61,0.53449857
Kraken:LTCEUR,2020-10-23T22:42:00Z,46.61,46.65,46.61,46.65,0.64087857
Kraken:LTCEUR,2020-10-23T22:45:00Z,46.59,46.59,46.59,46.59,0.47063903
Kraken:LTCEUR,2020-10-23T22:46:00Z,46.6,46.6,46.6,46.6,1
Kraken:LTCEUR,2020-10-23T22:49:00Z,46.59,46.59,46.59,46.59,5.53770197
Kraken:LTCEUR,2020-10-23T22:50:00Z,46.58,46.58,46.58,46.58,0.38733352
Kraken:LTCEUR,2020-10-23T22:51:00Z,46.59,46.59,46.59,46.59,0.1
Kraken:LTCEUR,2020-10-23T22:53:00Z,46.57,46.57,46.57,46.57,2.55841856
Kraken:LTCEUR,2020-10-23T22:54:00Z,46.57,46.57,46.57,46.57,24.4755232
Kraken:LTCEUR,2020-10-23T22:58:00Z,46.59,46.59,46.59,46.59,1.06382
Kraken:LTCEUR,2020-10-23T23:00:00Z,46.62,46.65,46.62,46.65,7.05627466
Kraken:LTCEUR,2020-10-23T23:12:00Z,46.7,46.7,46.69,46.69,1.07402941
Kraken:LTCEUR,2020-10-23T23:14:00Z,46.74,46.74,46.74,46.74,25
Kraken:LTCEUR,2020-10-23T23:15:00Z,46.75,46.77,46.75,46.77,2E+1
Kraken:LTCEUR,2020-10-23T23:16:00Z,46.76,46.76,46.76,46.76,15
Kraken:LTCEUR,2020-10-23T23:26:00Z,46.8,46.8,46.8,46.8,1
Kraken:LTCEUR,2020-10-23T23:33:00Z,46.73,46.73,46.73,46.73,1
Kraken:LTCEUR,2020-10-23T23:34:00Z,46.73,46.73,46.73,46.73,1
Kraken:LTCEUR,2020-10-23T23:37:00Z,46.68,46.68,46.66,46.66,10.67573184
Kraken:LTCEUR,2020-10-23T23:41:00Z,46.69,46.7,46.68,46.68,42.61793281
Kraken:LTCEUR,2020-10-23T23:44:00Z,46.66,46.67,46.66,46.67,21.28564074
Kraken:LTCEUR,2020-10-23T23:46:00Z,46.65,46.66,46.65,46.66,21.26318892
Kraken:LTCEUR,2020-10-23T23:48:00Z,46.64,46.64,46.6,46.6,3.25668142
Kraken:LTCEUR,2020-10-23T23:49:00Z,46.63,46.63,46.63,46.63,1
Kraken:LTCEUR,2020-10-23T23:50:00Z,46.6,46.6,46.6,46.6,1
Kraken:LTCEUR,2020-10-23T23:51:00Z,46.65,46.65,46.65,46.65,8.49425638
Kraken:LTCEUR,2020-10-23T23:52:00Z,46.66,46.66,46.65,46.65,34.53989821
