Kraken:XBTUSDT,2021-05-11T00:00:00Z,55817.0,55865.3,55803.9,55865.3,0.16746616
Kraken:XBTUSDT,2021-05-11T00:01:00Z,55876.3,55922.9,55876.3,55922.9,0.03121456
Kraken:XBTUSDT,2021-05-11T00:02:00Z,55944.5,55959.7,55842.0,55842.0,0.26434997
Kraken:XBTUSDT,2021-05-11T00:03:00Z,55800.1,55800.1,55619.7,55619.7,0.31571253
Kraken:XBTUSDT,2021-05-11T00:04:00Z,55604.7,55604.7,55604.7,55604.7,0.03605019
Kraken:XBTUSDT,2021-05-11T00:05:00Z,55577.6,55577.6,55537.5,55537.5,0.01076298
Kraken:XBTUSDT,2021-05-11T00:06:00Z,55529.2,55606.8,55528.0,55552.7,0.12390313
Kraken:XBTUSDT,2021-05-11T00:07:00Z,55552.7,55567.0,55536.6,55567.0,0.67200433
Kraken:XBTUSDT,2021-05-11T00:08:00Z,55604.4,55635.6,55578.2,55635.6,2.22068754
Kraken:XBTUSDT,2021-05-11T00:09:00Z,55644.1,55715.4,55644.1,55715.4,0.29621676
Kraken:XBTUSDT,2021-05-11T00:10:00Z,55711.5,55711.5,55672.8,55672.8,0.00817412
Kraken:XBTUSDT,2021-05-11T00:11:00Z,55662.1,55662.1,55634.0,55645.3,0.04196193
Kraken:XBTUSDT,2021-05-11T00:12:00Z,55645.3,55658.0,55560.5,55560.5,0.61499379
Kraken:XBTUSDT,2021-05-11T00:13:00Z,55536.7,55536.7,55536.6,55536.6,0.00654282
Kraken:XBTUSDT,2021-05-11T00:14:00Z,55553.1,55553.7,55536.0,55536.0,0.20629767
Kraken:XBTUSDT,2021-05-11T00:15:00Z,55536.1,55536.1,55500.0,55500.0,0.20416227
Kraken:XBTUSDT,2021-05-11T00:16:00Z,55500.0,55500.0,55497.3,55497.4,1.59903423
Kraken:XBTUSDT,2021-05-11T00:17:00Z,55497.3,55560.6,55496.5,55560.6,0.01978212
Kraken:XBTUSDT,2021-05-11T00:18:00Z,55591.5,55616.1,55525.3,55525.3,0.07687459
Kraken:XBTUSDT,2021-05-11T00:19:00Z,55589.3,55611.0,55589.3,55611.0,0.00699703
Kraken:XBTUSDT,2021-05-11T00:20:00Z,55616.1,55702.4,55616.1,55702.4,0.17944551
Kraken:XBTUSDT,2021-05-11T00:21:00Z,55702.8,55781.4,55702.8,55781.4,0.13580581
Kraken:XBTUSDT,2021-05-11T00:22:00Z,55784.4,55798.7,55784.4,55791.6,0.13303882
Kraken:XBTUSDT,2021-05-11T00:23:00Z,55800.8,55865.9,55800.8,55865.9,0.07156891
Kraken:XBTUSDT,2021-05-11T00:24:00Z,55884.7,56024.7,55884.7,56024.7,0.21253106
Kraken:XBTUSDT,2021-05-11T00:25:00Z,56025.3,56050.3,56025.3,56029.5,0.00504914
Kraken:XBTUSDT,2021-05-11T00:26:00Z,56050.3,56153.9,56050.3,56153.9,0.11071858
Kraken:XBTUSDT,2021-05-11T00:27:00Z,56183.6,56391.9,56183.6,56391.9,0.54644865
Kraken:XBTUSDT,2021-05-11T00:28:00Z,56391.9,56391.9,56314.9,56314.9,0.02010894
Kraken:XBTUSDT,2021-05-11T00:32:00Z,56329.9,56329.9,56247.3,56247.3,0.03882364
Kraken:XBTUSDT,2021-05-11T00:33:00Z,56216.8,56240.5,56200.9,56200.9,0.00970312
Kraken:XBTUSDT,2021-05-11T00:34:00Z,56159.3,56173.2,56152.8,56152.8,1.01065573
Kraken:XBTUSDT,2021-05-11T00:35:00Z,56129.9,56129.9,56129.9,56129.9,0.00356303
Kraken:XBTUSDT,2021-05-11T00:36:00Z,56129.9,56129.9,56129.9,56129.9,0.01558935
Kraken:XBTUSDT,2021-05-11T00:37:00Z,56129.8,56129.8,56085.2,56085.2,0.01654983
Kraken:XBTUSDT,2021-05-11T00:38:00Z,56085.2,56085.2,56054.6,56054.6,0.025
Kraken:XBTUSDT,2021-05-11T00:39:00Z,56059.0,56124.5,56059.0,56124.5,0.0115616
Kraken:XBTUSDT,2021-05-11T00:40:00Z,56124.5,56124.5,56124.5,56124.5,0.00450736
Kraken:XBTUSDT,2021-05-11T00:41:00Z,56096.8,56096.8,56039.5,56039.5,0.08607317
Kraken:XBTUSDT,2021-05-11T00:42:00Z,56018.7,56018.7,56018.6,56018.6,0.01169435
Kraken:XBTUSDT,2021-05-11T00:43:00Z,56008.2,56087.8,55958.1,56087.8,0.02071599
Kraken:XBTUSDT,2021-05-11T00:44:00Z,56076.8,56076.8,56076.8,56076.8,0.03946801
Kraken:XBTUSDT,2021-05-11T00:45:00Z,56004.2,56004.2,55972.2,55972.2,0.00104746
Kraken:XBTUSDT,2021-05-11T00:46:00Z,55958.0,55958.0,55911.4,55911.4,0.04158866
Kraken:XBTUSDT,2021-05-11T00:47:00Z,55911.4,55911.4,55885.8,55885.8,0.03277768
Kraken:XBTUSDT,2021-05-11T00:48:00Z,55878.2,55878.2,55862.9,55862.9,0.01029489
Kraken:XBTUSDT,2021-05-11T00:49:00Z,55843.4,55843.4,55842.2,55842.2,0.49447485
Kraken:XBTUSDT,2021-05-11T00:50:00Z,55838.7,55838.7,55750.4,55750.4,0.12286176
Kraken:XBTUSDT,2021-05-11T00:51:00Z,55728.4,55742.4,55651.2,55651.2,1.09498913
Kraken:XBTUSDT,2021-05-11T00:52:00Z,55712.0,55760.9,55712.0,55760.9,0.00313082
Kraken:XBTUSDT,2021-05-11T00:53:00Z,55744.0,55744.0,55719.1,55719.1,0.03065974
Kraken:XBTUSDT,2021-05-11T00:54:00Z,55719.0,55719.0,55619.7,55619.7,0.47456692
Kraken:XBTUSDT,2021-05-11T00:55:00Z,55625.2,55625.2,55591.6,55591.6,0.02522338
Kraken:XBTUSDT,2021-05-11T00:56:00Z,55599.3,55599.3,55556.7,55556.7,0.40317859
Kraken:XBTUSDT,2021-05-11T00:57:00Z,55556.7,55556.7,55542.7,55542.7,0.0975743
Kraken:XBTUSDT,2021-05-11T00:58:00Z,55539.5,55539.5,55534.9,55534.9,0.00142544
Kraken:XBTUSDT,2021-05-11T00:59:00Z,55526.3,55526.3,55507.5,55507.5,0.01359618
Kraken:XBTUSDT,2021-05-11T01:00:00Z,55507.5,55634.9,55497.7,55597.9,0.09507727
Kraken:XBTUSDT,2021-05-11T01:02:00Z,55597.8,55597.8,55597.8,55597.8,0.00061801
Kraken:XBTUSDT,2021-05-11T01:03:00Z,55597.8,55616.7,55597.0,55616.7,0.20011202
Kraken:XBTUSDT,2021-05-11T01:04:00Z,55634.9,55765.8,55634.9,55727.8,0.28425468
Kraken:XBTUSDT,2021-05-11T01:05:00Z,55668.2,55668.2,55639.2,55639.2,0.01410567
Kraken:XBTUSDT,2021-05-11T01:06:00Z,55614.0,55614.0,55567.7,55567.7,0.0212156
Kraken:XBTUSDT,2021-05-11T01:07:00Z,55567.2,55567.2,55493.6,55496.4,0.01848834
Kraken:XBTUSDT,2021-05-11T01:08:00Z,55538.3,55575.9,55538.3,55575.9,0.05208679
Kraken:XBTUSDT,2021-05-11T01:09:00Z,55581.1,55625.7,55581.1,55589.5,0.05847624
Kraken:XBTUSDT,2021-05-11T01:10:00Z,55589.3,55589.3,55479.4,55479.4,0.07033431
Kraken:XBTUSDT,2021-05-11T01:11:00Z,55487.1,55487.1,55420.4,55421.3,0.17006552
Kraken:XBTUSDT,2021-05-11T01:12:00Z,55439.3,55452.9,55431.4,55452.9,0.00978364
Kraken:XBTUSDT,2021-05-11T01:13:00Z,55472.6,55472.6,55279.0,55290.3,0.88877876
Kraken:XBTUSDT,2021-05-11T01:14:00Z,55276.3,55276.3,55088.2,55173.4,3.00220492
Kraken:XBTUSDT,2021-05-11T01:15:00Z,55195.1,55317.7,55186.0,55317.7,0.32096554
Kraken:XBTUSDT,2021-05-11T01:16:00Z,55284.0,55294.9,55284.0,55294.9,0.00688434
Kraken:XBTUSDT,2021-05-11T01:17:00Z,55339.6,55467.8,55339.6,55432.9,0.05312251
Kraken:XBTUSDT,2021-05-11T01:18:00Z,55394.9,55395.0,55394.9,55395.0,0.04062377
Kraken:XBTUSDT,2021-05-11T01:19:00Z,55394.8,55394.8,55332.5,55332.5,0.07205325
Kraken:XBTUSDT,2021-05-11T01:20:00Z,55386.6,55453.8,55386.6,55453.8,0.04383914
Kraken:XBTUSDT,2021-05-11T01:21:00Z,55455.2,55455.2,55455.2,55455.2,0.00071128
Kraken:XBTUSDT,2021-05-11T01:22:00Z,55422.6,55472.7,55422.6,55472.7,0.0218536
Kraken:XBTUSDT,2021-05-11T01:23:00Z,55477.3,55477.8,55477.3,55477.8,0.00104448
Kraken:XBTUSDT,2021-05-11T01:24:00Z,55481.8,55545.1,55481.8,55545.1,0.04978005
Kraken:XBTUSDT,2021-05-11T01:25:00Z,55521.7,55521.7,55521.7,55521.7,0.17181894
Kraken:XBTUSDT,2021-05-11T01:26:00Z,55521.6,55521.6,55369.5,55369.5,0.08313174
Kraken:XBTUSDT,2021-05-11T01:27:00Z,55369.5,55397.7,55369.5,55397.7,0.02126308
Kraken:XBTUSDT,2021-05-11T01:28:00Z,55391.8,55391.8,55321.7,55321.7,0.03336468
Kraken:XBTUSDT,2021-05-11T01:29:00Z,55306.8,55306.8,55257.4,55279.0,0.42433642
Kraken:XBTUSDT,2021-05-11T01:30:00Z,55257.5,55257.5,55257.5,55257.5,0.00105914
Kraken:XBTUSDT,2021-05-11T01:31:00Z,55272.6,55400.7,55272.6,55400.7,0.0400119
Kraken:XBTUSDT,2021-05-11T01:32:00Z,55422.6,55508.3,55422.6,55508.3,0.04395841
Kraken:XBTUSDT,2021-05-11T01:33:00Z,55511.3,55554.3,55511.3,55554.3,0.02091783
Kraken:XBTUSDT,2021-05-11T01:34:00Z,55556.2,55637.4,55556.2,55637.4,0.0318466
Kraken:XBTUSDT,2021-05-11T01:35:00Z,55604.3,55604.3,55567.9,55567.9,0.60673546
Kraken:XBTUSDT,2021-05-11T01:36:00Z,55595.3,55631.5,55580.7,55631.5,0.29951516
Kraken:XBTUSDT,2021-05-11T01:37:00Z,55639.1,55640.2,55639.1,55640.2,0.00775545
Kraken:XBTUSDT,2021-05-11T01:38:00Z,55644.8,55644.8,55644.8,55644.8,0.00102701
Kraken:XBTUSDT,2021-05-11T01:39:00Z,55609.9,55644.8,55609.9,55644.8,0.02123324
Kraken:XBTUSDT,2021-05-11T01:40:00Z,55644.7,55644.7,55609.8,55616.0,0.02381299
Kraken:XBTUSDT,2021-05-11T01:41:00Z,55604.7,55604.7,55576.1,55576.1,0.00325139
Kraken:XBTUSDT,2021-05-11T01:42:00Z,55609.5,55732.5,55570.8,55570.8,6.73824801
Kraken:XBTUSDT,2021-05-11T01:43:00Z,55630.0,55639.3,55627.2,55627.2,0.34059975
Kraken:XBTUSDT,2021-05-11T01:44:00Z,55687.4,55687.4,55687.4,55687.4,0.0001
Kraken:XBTUSDT,2021-05-11T01:45:00Z,55674.3,55682.9,55632.9,55632.9,0.16345699
Kraken:XBTUSDT,2021-05-11T01:47:00Z,55617.4,55644.3,55617.4,55617.4,0.00876329
Kraken:XBTUSDT,2021-05-11T01:48:00Z,55609.3,55609.3,55609.3,55609.3,0.00034018
Kraken:XBTUSDT,2021-05-11T01:49:00Z,55648.3,55648.3,55634.1,55634.1,0.00025031
Kraken:XBTUSDT,2021-05-11T01:50:00Z,55609.2,55609.2,55609.2,55609.2,0.00614192
Kraken:XBTUSDT,2021-05-11T01:51:00Z,55622.4,55622.4,55622.4,55622.4,0.0001
Kraken:XBTUSDT,2021-05-11T01:52:00Z,55632.2,55632.2,55632.2,55632.2,0.00402538
Kraken:XBTUSDT,2021-05-11T01:53:00Z,55613.8,55613.8,55599.9,55599.9,0.01032964
Kraken:XBTUSDT,2021-05-11T01:54:00Z,55586.7,55586.7,55524.9,55524.9,0.12650946
Kraken:XBTUSDT,2021-05-11T01:55:00Z,55522.3,55522.3,55522.3,55522.3,0.00273541
Kraken:XBTUSDT,2021-05-11T01:56:00Z,55519.9,55519.9,55519.9,55519.9,0.00483256
Kraken:XBTUSDT,2021-05-11T01:57:00Z,55522.3,55532.4,55522.3,55532.4,0.01057538
Kraken:XBTUSDT,2021-05-11T01:58:00Z,55520.0,55520.0,55512.5,55512.5,0.00733092
Kraken:XBTUSDT,2021-05-11T01:59:00Z,55531.8,55531.8,55531.8,55531.8,0.00026828
Kraken:XBTUSDT,2021-05-11T02:00:00Z,55575.0,55575.0,55575.0,55575.0,0.00825
Kraken:XBTUSDT,2021-05-11T02:01:00Z,55580.1,55580.1,55511.5,55511.5,0.5013257
Kraken:XBTUSDT,2021-05-11T02:02:00Z,55511.5,55511.5,55406.2,55406.2,1.63036703
Kraken:XBTUSDT,2021-05-11T02:03:00Z,55400.2,55400.2,55329.9,55329.9,0.05000194
Kraken:XBTUSDT,2021-05-11T02:04:00Z,55299.8,55299.8,55257.4,55257.4,0.01851456
Kraken:XBTUSDT,2021-05-11T02:05:00Z,55257.4,55319.1,55239.0,55319.1,0.4740078
Kraken:XBTUSDT,2021-05-11T02:06:00Z,55342.2,55426.2,55342.1,55419.2,0.1734337
Kraken:XBTUSDT,2021-05-11T02:07:00Z,55388.0,55388.0,55388.0,55388.0,0.02540094
Kraken:XBTUSDT,2021-05-11T02:09:00Z,55406.8,55406.8,55355.6,55355.6,0.02665336
Kraken:XBTUSDT,2021-05-11T02:10:00Z,55385.6,55447.5,55385.6,55447.5,0.00304008
Kraken:XBTUSDT,2021-05-11T02:11:00Z,55461.3,55491.9,55461.3,55491.9,0.01694359
Kraken:XBTUSDT,2021-05-11T02:13:00Z,55485.8,55485.8,55485.8,55485.8,0.0058245
Kraken:XBTUSDT,2021-05-11T02:14:00Z,55468.8,55468.8,55468.8,55468.8,0.00011307
Kraken:XBTUSDT,2021-05-11T02:15:00Z,55509.2,55563.9,55509.2,55563.9,0.00243264
Kraken:XBTUSDT,2021-05-11T02:16:00Z,55569.8,55586.6,55569.8,55586.6,0.01787778
Kraken:XBTUSDT,2021-05-11T02:17:00Z,55586.6,55618.1,55586.6,55618.1,0.01347237
Kraken:XBTUSDT,2021-05-11T02:18:00Z,55632.4,55674.5,55632.4,55674.5,0.04448227
Kraken:XBTUSDT,2021-05-11T02:19:00Z,55674.6,55744.9,55674.6,55744.9,0.01857813
Kraken:XBTUSDT,2021-05-11T02:20:00Z,55761.5,55801.3,55761.5,55801.3,0.01978464
Kraken:XBTUSDT,2021-05-11T02:21:00Z,55801.4,55832.1,55801.4,55832.1,0.01245565
Kraken:XBTUSDT,2021-05-11T02:22:00Z,55843.5,55851.7,55843.5,55851.7,0.00772261
Kraken:XBTUSDT,2021-05-11T02:24:00Z,55865.9,55896.5,55865.9,55896.5,0.01776339
Kraken:XBTUSDT,2021-05-11T02:25:00Z,55887.9,55887.9,55832.4,55832.4,0.03382397
Kraken:XBTUSDT,2021-05-11T02:26:00Z,55861.4,55861.4,55861.4,55861.4,0.0001
Kraken:XBTUSDT,2021-05-11T02:27:00Z,55832.4,55832.4,55761.4,55761.4,0.05972594
Kraken:XBTUSDT,2021-05-11T02:28:00Z,55717.3,55732.1,55711.9,55732.1,0.00642817
Kraken:XBTUSDT,2021-05-11T02:29:00Z,55729.5,55733.9,55729.5,55733.9,0.1056302
Kraken:XBTUSDT,2021-05-11T02:30:00Z,55759.0,55765.0,55718.3,55718.3,0.0231258
Kraken:XBTUSDT,2021-05-11T02:31:00Z,55649.9,55650.9,55649.9,55650.9,0.06815729
Kraken:XBTUSDT,2021-05-11T02:32:00Z,55649.8,55673.4,55649.8,55673.4,0.04075225
Kraken:XBTUSDT,2021-05-11T02:33:00Z,55649.8,55649.9,55604.2,55604.2,0.06764382
Kraken:XBTUSDT,2021-05-11T02:34:00Z,55604.2,55604.2,55523.6,55523.6,0.0400739
Kraken:XBTUSDT,2021-05-11T02:35:00Z,55512.8,55512.8,55431.4,55431.4,0.54899649
Kraken:XBTUSDT,2021-05-11T02:36:00Z,55429.8,55429.8,55317.3,55317.3,0.27550773
Kraken:XBTUSDT,2021-05-11T02:37:00Z,55314.2,55357.8,55314.2,55357.8,0.15180948
Kraken:XBTUSDT,2021-05-11T02:38:00Z,55328.7,55328.7,55328.7,55328.7,0.00382771
Kraken:XBTUSDT,2021-05-11T02:39:00Z,55339.6,55339.6,55339.6,55339.6,0.05122651
Kraken:XBTUSDT,2021-05-11T02:40:00Z,55314.1,55314.1,55314.1,55314.1,0.00441704
Kraken:XBTUSDT,2021-05-11T02:41:00Z,55299.8,55299.8,55247.2,55247.2,0.01142896
Kraken:XBTUSDT,2021-05-11T02:42:00Z,55226.4,55226.4,55177.6,55177.6,0.05336575
Kraken:XBTUSDT,2021-05-11T02:43:00Z,55214.7,55259.2,55214.7,55246.7,0.1960516
Kraken:XBTUSDT,2021-05-11T02:44:00Z,55242.8,55264.5,55242.8,55264.5,0.01753645
Kraken:XBTUSDT,2021-05-11T02:45:00Z,55249.9,55249.9,55249.9,55249.9,0.00675168
Kraken:XBTUSDT,2021-05-11T02:46:00Z,55213.7,55213.7,55138.2,55138.5,0.05987033
Kraken:XBTUSDT,2021-05-11T02:48:00Z,55138.2,55138.2,55064.3,55064.3,0.11300656
Kraken:XBTUSDT,2021-05-11T02:49:00Z,55064.2,55064.2,55034.3,55046.5,0.08510046
Kraken:XBTUSDT,2021-05-11T02:50:00Z,55056.0,55056.0,54887.1,54887.1,0.66558961
Kraken:XBTUSDT,2021-05-11T02:51:00Z,54887.0,54887.0,54752.8,54797.5,0.21579044
Kraken:XBTUSDT,2021-05-11T02:52:00Z,54768.9,54811.5,54755.9,54755.9,0.14035527
Kraken:XBTUSDT,2021-05-11T02:53:00Z,54755.8,54807.3,54691.2,54807.3,0.22542115
Kraken:XBTUSDT,2021-05-11T02:54:00Z,54700.0,54715.2,54646.8,54715.2,0.19683874
Kraken:XBTUSDT,2021-05-11T02:55:00Z,54750.7,54787.6,54653.8,54653.8,0.18642118
Kraken:XBTUSDT,2021-05-11T02:56:00Z,54674.8,54674.8,54630.3,54630.3,0.13788491
Kraken:XBTUSDT,2021-05-11T02:57:00Z,54717.2,54756.9,54717.2,54756.9,0.05
Kraken:XBTUSDT,2021-05-11T02:58:00Z,54749.0,54749.0,54561.2,54561.2,0.275093
Kraken:XBTUSDT,2021-05-11T02:59:00Z,54560.5,54624.4,54560.5,54624.4,0.03018818
Kraken:XBTUSDT,2021-05-11T03:00:00Z,54615.3,54652.5,54600.4,54600.4,0.54897563
Kraken:XBTUSDT,2021-05-11T03:01:00Z,54568.4,54584.5,54512.8,54584.5,0.20809261
Kraken:XBTUSDT,2021-05-11T03:02:00Z,54586.0,54687.9,54586.0,54687.9,0.62635321
Kraken:XBTUSDT,2021-05-11T03:03:00Z,54666.2,54688.2,54666.2,54683.3,0.06866096
Kraken:XBTUSDT,2021-05-11T03:04:00Z,54683.3,54754.5,54683.2,54754.5,0.2110914
Kraken:XBTUSDT,2021-05-11T03:05:00Z,54754.5,54835.9,54754.5,54787.7,0.39700069
Kraken:XBTUSDT,2021-05-11T03:06:00Z,54778.6,54875.2,54778.6,54866.3,0.11363377
Kraken:XBTUSDT,2021-05-11T03:07:00Z,54866.3,54897.2,54814.5,54833.0,0.49674004
Kraken:XBTUSDT,2021-05-11T03:08:00Z,54833.0,54889.9,54824.4,54880.8,0.08597603
Kraken:XBTUSDT,2021-05-11T03:09:00Z,54893.1,54942.7,54884.8,54930.8,0.29634515
Kraken:XBTUSDT,2021-05-11T03:10:00Z,54928.6,54974.9,54897.5,54897.5,0.23669827
Kraken:XBTUSDT,2021-05-11T03:11:00Z,54897.5,54897.5,54730.0,54759.3,0.8834419
Kraken:XBTUSDT,2021-05-11T03:12:00Z,54779.2,54853.9,54779.2,54849.8,0.3420157
Kraken:XBTUSDT,2021-05-11T03:13:00Z,54849.8,54849.8,54784.2,54814.5,1.59831713
Kraken:XBTUSDT,2021-05-11T03:14:00Z,54800.0,54800.0,54718.4,54732.8,0.86757854
Kraken:XBTUSDT,2021-05-11T03:15:00Z,54718.4,54745.7,54633.5,54745.7,0.11721022
Kraken:XBTUSDT,2021-05-11T03:16:00Z,54743.0,54831.3,54743.0,54831.3,0.10209011
Kraken:XBTUSDT,2021-05-11T03:17:00Z,54853.9,54853.9,54809.8,54811.6,0.11145459
Kraken:XBTUSDT,2021-05-11T03:18:00Z,54815.2,54817.8,54723.9,54731.8,0.24548898
Kraken:XBTUSDT,2021-05-11T03:19:00Z,54738.1,54792.7,54719.6,54719.6,0.04298272
Kraken:XBTUSDT,2021-05-11T03:20:00Z,54676.4,54676.4,54633.5,54633.5,0.07576095
Kraken:XBTUSDT,2021-05-11T03:21:00Z,54634.2,54658.0,54633.5,54640.7,0.0473838
Kraken:XBTUSDT,2021-05-11T03:22:00Z,54633.4,54752.8,54604.0,54752.8,0.06677589
Kraken:XBTUSDT,2021-05-11T03:23:00Z,54769.8,54843.7,54769.8,54843.7,0.01507052
Kraken:XBTUSDT,2021-05-11T03:24:00Z,54854.5,54873.2,54739.8,54739.8,0.04679293
Kraken:XBTUSDT,2021-05-11T03:25:00Z,54750.3,54833.5,54750.3,54833.5,0.01161445
Kraken:XBTUSDT,2021-05-11T03:26:00Z,54826.2,54872.7,54823.5,54862.7,0.31224666
Kraken:XBTUSDT,2021-05-11T03:27:00Z,54859.6,54859.6,54821.1,54858.9,0.04225114
Kraken:XBTUSDT,2021-05-11T03:28:00Z,54846.7,54846.7,54846.7,54846.7,0.00092
Kraken:XBTUSDT,2021-05-11T03:29:00Z,54872.5,54887.5,54809.8,54809.8,0.10889654
Kraken:XBTUSDT,2021-05-11T03:30:00Z,54809.8,54809.8,54768.0,54768.0,0.6108702
Kraken:XBTUSDT,2021-05-11T03:31:00Z,54767.9,54924.7,54767.9,54924.7,0.07034331
Kraken:XBTUSDT,2021-05-11T03:32:00Z,54924.7,54992.8,54924.7,54952.0,0.04897297
Kraken:XBTUSDT,2021-05-11T03:33:00Z,54941.4,54941.4,54822.0,54822.0,0.21898427
Kraken:XBTUSDT,2021-05-11T03:34:00Z,54838.5,54980.6,54838.5,54958.8,0.07659405
Kraken:XBTUSDT,2021-05-11T03:35:00Z,54981.6,55051.3,54981.6,55051.3,0.04040835
Kraken:XBTUSDT,2021-05-11T03:36:00Z,55051.2,55051.2,54914.4,55009.3,2.48748936
Kraken:XBTUSDT,2021-05-11T03:37:00Z,55051.4,55126.2,55051.4,55126.2,0.42989925
Kraken:XBTUSDT,2021-05-11T03:38:00Z,55125.2,55150.8,55109.1,55111.2,0.08905683
Kraken:XBTUSDT,2021-05-11T03:39:00Z,55109.6,55109.6,55047.9,55062.4,0.04401734
Kraken:XBTUSDT,2021-05-11T03:40:00Z,55062.4,55131.8,55062.4,55083.3,0.07169919
Kraken:XBTUSDT,2021-05-11T03:41:00Z,55085.5,55085.5,55062.6,55062.6,0.04338193
Kraken:XBTUSDT,2021-05-11T03:42:00Z,55054.0,55054.0,55054.0,55054.0,0.00612683
Kraken:XBTUSDT,2021-05-11T03:43:00Z,55088.8,55146.2,55088.8,55146.2,0.21132047
Kraken:XBTUSDT,2021-05-11T03:44:00Z,55146.2,55181.9,55132.3,55132.3,0.13692232
Kraken:XBTUSDT,2021-05-11T03:45:00Z,55132.4,55181.4,55132.4,55178.3,0.0256279
Kraken:XBTUSDT,2021-05-11T03:46:00Z,55182.0,55236.0,55182.0,55206.4,0.07424708
Kraken:XBTUSDT,2021-05-11T03:47:00Z,55228.6,55266.3,55208.3,55208.3,0.1253817
Kraken:XBTUSDT,2021-05-11T03:48:00Z,55063.3,55063.3,55060.5,55060.5,0.0141655
Kraken:XBTUSDT,2021-05-11T03:49:00Z,55047.3,55175.9,55041.4,55156.7,0.12796527
Kraken:XBTUSDT,2021-05-11T03:50:00Z,55157.1,55157.1,55065.7,55065.7,0.172678
Kraken:XBTUSDT,2021-05-11T03:51:00Z,55040.1,55097.9,55040.1,55077.3,0.0441294
Kraken:XBTUSDT,2021-05-11T03:52:00Z,55092.9,55092.9,55054.6,55054.6,0.231451
Kraken:XBTUSDT,2021-05-11T03:53:00Z,55015.6,55015.6,55000.0,55007.8,0.02258708
Kraken:XBTUSDT,2021-05-11T03:54:00Z,55011.4,55011.4,54952.4,54952.4,0.15348565
Kraken:XBTUSDT,2021-05-11T03:55:00Z,54976.5,55040.6,54947.8,55019.4,0.08129395
Kraken:XBTUSDT,2021-05-11T03:56:00Z,55073.8,55073.8,55073.8,55073.8,0.04542605
Kraken:XBTUSDT,2021-05-11T03:57:00Z,55099.2,55099.2,55016.7,55041.3,0.27535184
Kraken:XBTUSDT,2021-05-11T03:58:00Z,55033.8,55087.2,55033.8,55087.2,1.01402306
Kraken:XBTUSDT,2021-05-11T03:59:00Z,55150.6,55180.4,55150.6,55174.5,0.09361904
Kraken:XBTUSDT,2021-05-11T04:00:00Z,55132.5,55132.5,55027.8,55034.3,0.10032176
Kraken:XBTUSDT,2021-05-11T04:01:00Z,55034.1,55052.8,55033.8,55048.4,0.10564532
Kraken:XBTUSDT,2021-05-11T04:02:00Z,55030.7,55113.8,55006.9,55113.8,0.06948418
Kraken:XBTUSDT,2021-05-11T04:03:00Z,55187.2,55270.2,55187.2,55266.3,0.24592993
Kraken:XBTUSDT,2021-05-11T04:04:00Z,55263.5,55302.9,55259.0,55302.9,0.01261298
Kraken:XBTUSDT,2021-05-11T04:05:00Z,55239.0,55239.0,55173.0,55198.6,0.1846254
Kraken:XBTUSDT,2021-05-11T04:06:00Z,55180.2,55227.2,55180.2,55190.4,0.04759296
Kraken:XBTUSDT,2021-05-11T04:07:00Z,55252.3,55258.8,55251.2,55251.2,0.05847315
Kraken:XBTUSDT,2021-05-11T04:08:00Z,55340.6,55365.4,55304.5,55304.5,0.0095403
Kraken:XBTUSDT,2021-05-11T04:09:00Z,55305.9,55305.9,55231.4,55267.4,0.02577979
Kraken:XBTUSDT,2021-05-11T04:11:00Z,55261.9,55320.8,55261.9,55309.2,0.02777226
Kraken:XBTUSDT,2021-05-11T04:12:00Z,55295.7,55370.4,55295.7,55359.0,0.0181647
Kraken:XBTUSDT,2021-05-11T04:13:00Z,55371.2,55371.2,55371.2,55371.2,0.00092807
Kraken:XBTUSDT,2021-05-11T04:14:00Z,55391.3,55391.3,55371.2,55371.2,0.17171181
Kraken:XBTUSDT,2021-05-11T04:15:00Z,55405.0,55410.4,55405.0,55410.4,0.00234448
Kraken:XBTUSDT,2021-05-11T04:16:00Z,55409.2,55463.6,55409.2,55411.5,0.20927182
Kraken:XBTUSDT,2021-05-11T04:17:00Z,55407.7,55455.2,55394.6,55411.4,0.11166466
Kraken:XBTUSDT,2021-05-11T04:18:00Z,55409.8,55501.8,55409.8,55501.8,0.09859541
Kraken:XBTUSDT,2021-05-11T04:19:00Z,55496.8,55558.6,55472.2,55480.1,0.2857764
Kraken:XBTUSDT,2021-05-11T04:20:00Z,55471.7,55484.4,55416.1,55416.1,0.10698124
Kraken:XBTUSDT,2021-05-11T04:21:00Z,55437.8,55480.4,55424.9,55472.0,0.2217588
Kraken:XBTUSDT,2021-05-11T04:22:00Z,55476.1,55494.3,55407.0,55407.4,0.28754955
Kraken:XBTUSDT,2021-05-11T04:23:00Z,55407.4,55443.4,55405.9,55405.9,0.0568616
Kraken:XBTUSDT,2021-05-11T04:24:00Z,55394.1,55394.1,55343.7,55343.7,0.2739375
Kraken:XBTUSDT,2021-05-11T04:25:00Z,55343.3,55429.2,55343.3,55367.7,0.44670455
Kraken:XBTUSDT,2021-05-11T04:26:00Z,55383.1,55407.8,55383.1,55407.8,0.0053811
Kraken:XBTUSDT,2021-05-11T04:27:00Z,55393.7,55424.5,55388.0,55390.8,0.087724
Kraken:XBTUSDT,2021-05-11T04:28:00Z,55390.8,55504.4,55376.6,55462.3,0.12990483
Kraken:XBTUSDT,2021-05-11T04:29:00Z,55487.4,55500.1,55487.4,55500.1,0.00933677
Kraken:XBTUSDT,2021-05-11T04:30:00Z,55498.4,55508.7,55410.7,55410.7,0.2137979
Kraken:XBTUSDT,2021-05-11T04:31:00Z,55398.0,55427.4,55398.0,55402.1,0.0509065
Kraken:XBTUSDT,2021-05-11T04:32:00Z,55428.0,55428.0,55381.4,55381.4,0.06657149
Kraken:XBTUSDT,2021-05-11T04:33:00Z,55398.7,55401.6,55376.8,55401.5,0.296736
Kraken:XBTUSDT,2021-05-11T04:34:00Z,55441.8,55441.8,55360.0,55360.0,0.06394216
Kraken:XBTUSDT,2021-05-11T04:35:00Z,55383.4,55391.1,55362.3,55364.5,0.5025287
Kraken:XBTUSDT,2021-05-11T04:36:00Z,55373.5,55470.2,55373.5,55454.2,0.05737928
Kraken:XBTUSDT,2021-05-11T04:37:00Z,55465.1,55465.1,55444.9,55444.9,0.0305952
Kraken:XBTUSDT,2021-05-11T04:38:00Z,55444.9,55464.8,55444.9,55445.0,0.10392378
Kraken:XBTUSDT,2021-05-11T04:39:00Z,55445.0,55445.0,55445.0,55445.0,0.02222222
Kraken:XBTUSDT,2021-05-11T04:40:00Z,55444.9,55444.9,55444.9,55444.9,0.06309763
Kraken:XBTUSDT,2021-05-11T04:41:00Z,55382.9,55395.1,55382.9,55385.5,0.02710064
Kraken:XBTUSDT,2021-05-11T04:42:00Z,55385.5,55411.5,55354.6,55382.7,0.0713611
Kraken:XBTUSDT,2021-05-11T04:44:00Z,55362.8,55362.8,55339.6,55339.6,0.22801741
Kraken:XBTUSDT,2021-05-11T04:45:00Z,55339.6,55339.6,55271.9,55271.9,0.20091784
Kraken:XBTUSDT,2021-05-11T04:46:00Z,55255.7,55255.7,55190.2,55191.3,0.03334961
Kraken:XBTUSDT,2021-05-11T04:47:00Z,55196.8,55196.8,55104.5,55147.9,0.31566333
Kraken:XBTUSDT,2021-05-11T04:48:00Z,55135.1,55135.1,55087.6,55087.6,0.02613563
Kraken:XBTUSDT,2021-05-11T04:49:00Z,55233.3,55256.7,55233.3,55256.7,0.0183394
Kraken:XBTUSDT,2021-05-11T04:50:00Z,55259.4,55259.4,55193.7,55193.7,0.0420436
Kraken:XBTUSDT,2021-05-11T04:51:00Z,55193.7,55212.9,55193.7,55212.9,0.01873604
Kraken:XBTUSDT,2021-05-11T04:52:00Z,55260.6,55291.0,55259.1,55287.9,0.004486
Kraken:XBTUSDT,2021-05-11T04:53:00Z,55287.9,55287.9,55193.7,55229.1,0.19464216
Kraken:XBTUSDT,2021-05-11T04:54:00Z,55229.1,55275.6,55229.1,55275.6,0.0031682
Kraken:XBTUSDT,2021-05-11T04:55:00Z,55337.4,55385.9,55337.4,55374.3,0.07876434
Kraken:XBTUSDT,2021-05-11T04:56:00Z,55337.6,55399.6,55329.2,55395.0,0.0184601
Kraken:XBTUSDT,2021-05-11T04:58:00Z,55342.7,55368.9,55334.1,55334.1,0.01717956
Kraken:XBTUSDT,2021-05-11T04:59:00Z,55326.8,55326.8,55254.1,55276.7,0.12537661
Kraken:XBTUSDT,2021-05-11T05:00:00Z,55402.4,55402.4,55402.4,55402.4,0.0025
Kraken:XBTUSDT,2021-05-11T05:01:00Z,55436.8,55482.2,55436.8,55477.8,0.0401915
Kraken:XBTUSDT,2021-05-11T05:02:00Z,55446.8,55467.8,55418.2,55418.2,0.0225298
Kraken:XBTUSDT,2021-05-11T05:03:00Z,55391.4,55391.4,55356.5,55373.2,0.02367229
Kraken:XBTUSDT,2021-05-11T05:04:00Z,55391.5,55391.5,55319.9,55329.8,0.35605883
Kraken:XBTUSDT,2021-05-11T05:05:00Z,55360.9,55394.9,55360.9,55382.3,0.0219158
Kraken:XBTUSDT,2021-05-11T05:06:00Z,55377.0,55377.0,55274.5,55274.5,0.05851488
Kraken:XBTUSDT,2021-05-11T05:07:00Z,55215.5,55251.0,55194.8,55204.3,0.03358157
Kraken:XBTUSDT,2021-05-11T05:08:00Z,55213.5,55225.0,55213.5,55225.0,0.0145072
Kraken:XBTUSDT,2021-05-11T05:09:00Z,55207.1,55207.1,55116.1,55116.1,0.08144483
Kraken:XBTUSDT,2021-05-11T05:10:00Z,55129.5,55200.8,55116.2,55193.0,0.04788232
Kraken:XBTUSDT,2021-05-11T05:11:00Z,55201.5,55201.5,55184.6,55184.6,0.03956313
Kraken:XBTUSDT,2021-05-11T05:12:00Z,55229.4,55260.4,55225.4,55236.8,0.06818199
Kraken:XBTUSDT,2021-05-11T05:13:00Z,55189.4,55248.3,55185.0,55248.3,0.0163959
Kraken:XBTUSDT,2021-05-11T05:14:00Z,55256.4,55256.4,55256.4,55256.4,0.1958695
Kraken:XBTUSDT,2021-05-11T05:15:00Z,55256.4,55300.9,55256.4,55296.6,0.02411383
Kraken:XBTUSDT,2021-05-11T05:16:00Z,55290.5,55398.6,55290.5,55398.6,0.01855221
Kraken:XBTUSDT,2021-05-11T05:17:00Z,55367.1,55367.1,55353.8,55353.8,0.00786942
Kraken:XBTUSDT,2021-05-11T05:18:00Z,55349.2,55349.2,55305.2,55317.5,0.0139465
Kraken:XBTUSDT,2021-05-11T05:19:00Z,55317.5,55317.5,55235.9,55235.9,0.00853935
Kraken:XBTUSDT,2021-05-11T05:20:00Z,55185.9,55185.9,55151.8,55151.9,0.36924653
Kraken:XBTUSDT,2021-05-11T05:21:00Z,55131.6,55152.9,55111.9,55111.9,0.01342031
Kraken:XBTUSDT,2021-05-11T05:22:00Z,55115.5,55138.9,55115.5,55123.8,0.06071381
Kraken:XBTUSDT,2021-05-11T05:23:00Z,55138.6,55198.8,55138.6,55197.5,0.0292138
Kraken:XBTUSDT,2021-05-11T05:24:00Z,55175.5,55175.5,55111.9,55165.2,0.0995558
Kraken:XBTUSDT,2021-05-11T05:25:00Z,55165.2,55165.2,55147.6,55147.6,0.00399632
Kraken:XBTUSDT,2021-05-11T05:26:00Z,55189.7,55189.7,55189.7,55189.7,0.01003716
Kraken:XBTUSDT,2021-05-11T05:27:00Z,55183.1,55195.4,55111.9,55111.9,0.13784623
Kraken:XBTUSDT,2021-05-11T05:28:00Z,55111.9,55111.9,55023.5,55023.6,0.5197591
Kraken:XBTUSDT,2021-05-11T05:29:00Z,55033.5,55115.5,55000.0,55115.5,0.07342003
Kraken:XBTUSDT,2021-05-11T05:30:00Z,55109.9,55109.9,54936.9,54936.9,0.25409216
Kraken:XBTUSDT,2021-05-11T05:31:00Z,54933.3,54999.0,54933.3,54991.2,0.1433486
Kraken:XBTUSDT,2021-05-11T05:32:00Z,54952.3,54963.2,54864.8,54904.2,0.12014369
Kraken:XBTUSDT,2021-05-11T05:33:00Z,54900.6,54967.4,54866.9,54885.5,0.51798419
Kraken:XBTUSDT,2021-05-11T05:34:00Z,54885.3,54925.3,54876.6,54876.6,0.13018385
Kraken:XBTUSDT,2021-05-11T05:35:00Z,54929.3,54972.3,54924.6,54972.3,0.0634512
Kraken:XBTUSDT,2021-05-11T05:36:00Z,54960.9,54960.9,54862.6,54862.6,0.13661764
Kraken:XBTUSDT,2021-05-11T05:37:00Z,54855.7,54897.1,54855.7,54866.5,0.02215955
Kraken:XBTUSDT,2021-05-11T05:38:00Z,54855.7,54855.7,54787.2,54787.2,0.04265201
Kraken:XBTUSDT,2021-05-11T05:39:00Z,54820.4,54850.6,54751.3,54763.9,0.22156992
Kraken:XBTUSDT,2021-05-11T05:40:00Z,54770.2,54783.5,54713.5,54724.6,0.0364435
Kraken:XBTUSDT,2021-05-11T05:41:00Z,54784.4,54790.2,54725.4,54725.4,0.11992783
Kraken:XBTUSDT,2021-05-11T05:42:00Z,54725.4,54776.0,54725.3,54725.3,0.14798353
Kraken:XBTUSDT,2021-05-11T05:43:00Z,54707.1,54707.1,54648.2,54689.6,0.03638309
Kraken:XBTUSDT,2021-05-11T05:44:00Z,54715.3,54761.5,54710.5,54729.8,0.0242842
Kraken:XBTUSDT,2021-05-11T05:45:00Z,54701.6,54781.8,54701.4,54780.3,0.1303949
Kraken:XBTUSDT,2021-05-11T05:47:00Z,54790.2,54901.8,54790.2,54901.8,0.03399742
Kraken:XBTUSDT,2021-05-11T05:48:00Z,54901.3,54970.3,54901.3,54970.3,0.01433873
Kraken:XBTUSDT,2021-05-11T05:49:00Z,54924.0,54955.1,54916.0,54955.1,0.06208819
Kraken:XBTUSDT,2021-05-11T05:50:00Z,54956.6,55008.6,54941.9,54947.5,0.05146398
Kraken:XBTUSDT,2021-05-11T05:51:00Z,54947.4,54947.5,54947.4,54947.5,0.0244108
Kraken:XBTUSDT,2021-05-11T05:52:00Z,55005.7,55028.7,54981.3,55023.6,0.057233
Kraken:XBTUSDT,2021-05-11T05:53:00Z,55028.1,55028.1,54992.4,55018.2,0.02572631
Kraken:XBTUSDT,2021-05-11T05:54:00Z,55018.2,55070.1,55018.2,55050.9,0.40092962
Kraken:XBTUSDT,2021-05-11T05:55:00Z,55094.8,55094.8,55024.5,55034.9,0.03840467
Kraken:XBTUSDT,2021-05-11T05:56:00Z,55030.6,55035.6,54910.9,54948.2,0.64464331
Kraken:XBTUSDT,2021-05-11T05:57:00Z,54915.7,54915.7,54815.4,54816.9,0.52994577
Kraken:XBTUSDT,2021-05-11T05:58:00Z,54810.6,54893.9,54810.5,54893.9,0.63350648
Kraken:XBTUSDT,2021-05-11T05:59:00Z,54849.3,54849.9,54793.5,54793.5,0.0249853
Kraken:XBTUSDT,2021-05-11T06:00:00Z,54783.1,54783.1,54740.4,54744.4,0.07729178
Kraken:XBTUSDT,2021-05-11T06:01:00Z,54742.3,54921.8,54742.3,54888.6,0.12536008
Kraken:XBTUSDT,2021-05-11T06:02:00Z,54917.7,55008.2,54915.2,54990.6,0.0160507
Kraken:XBTUSDT,2021-05-11T06:03:00Z,55048.2,55048.2,55042.5,55047.7,0.00217635
Kraken:XBTUSDT,2021-05-11T06:04:00Z,55045.5,55051.2,54921.7,54921.7,0.07744249
Kraken:XBTUSDT,2021-05-11T06:05:00Z,54915.8,54998.1,54895.2,54998.1,0.16745545
Kraken:XBTUSDT,2021-05-11T06:06:00Z,54963.5,54987.1,54963.5,54977.1,0.0235015
Kraken:XBTUSDT,2021-05-11T06:07:00Z,54974.6,54989.9,54955.0,54955.0,0.02202465
Kraken:XBTUSDT,2021-05-11T06:08:00Z,54914.3,54914.3,54848.3,54848.3,0.04673525
Kraken:XBTUSDT,2021-05-11T06:09:00Z,54901.2,54946.0,54871.9,54946.0,0.04194405
Kraken:XBTUSDT,2021-05-11T06:10:00Z,54945.4,54989.9,54939.2,54972.0,0.22015965
Kraken:XBTUSDT,2021-05-11T06:11:00Z,54974.2,54989.9,54974.2,54989.9,0.03774348
Kraken:XBTUSDT,2021-05-11T06:12:00Z,55052.7,55084.3,55036.7,55036.7,0.040476
Kraken:XBTUSDT,2021-05-11T06:13:00Z,55020.3,55053.4,54992.6,55053.4,0.02412009
Kraken:XBTUSDT,2021-05-11T06:14:00Z,55019.5,55026.9,54986.3,55026.9,0.05976342
Kraken:XBTUSDT,2021-05-11T06:15:00Z,55069.4,55069.4,54973.7,54992.9,0.34290413
Kraken:XBTUSDT,2021-05-11T06:16:00Z,54998.5,55064.2,54990.0,55063.9,0.0126586
Kraken:XBTUSDT,2021-05-11T06:17:00Z,55138.3,55210.5,55138.3,55184.5,0.51273694
Kraken:XBTUSDT,2021-05-11T06:18:00Z,55168.1,55186.1,55121.8,55164.1,0.0228964
Kraken:XBTUSDT,2021-05-11T06:19:00Z,55122.1,55123.4,55086.0,55086.0,0.0710186
Kraken:XBTUSDT,2021-05-11T06:20:00Z,55160.3,55179.5,55155.7,55175.5,0.1591529
Kraken:XBTUSDT,2021-05-11T06:21:00Z,55165.7,55165.7,55117.2,55147.8,0.0235998
Kraken:XBTUSDT,2021-05-11T06:23:00Z,55156.2,55202.5,55156.2,55196.0,0.06795392
Kraken:XBTUSDT,2021-05-11T06:24:00Z,55214.8,55224.2,55175.6,55175.6,0.0095089
Kraken:XBTUSDT,2021-05-11T06:26:00Z,55129.4,55129.4,55097.8,55097.8,0.05070468
Kraken:XBTUSDT,2021-05-11T06:27:00Z,55119.3,55175.6,55119.3,55159.9,0.83177942
Kraken:XBTUSDT,2021-05-11T06:28:00Z,55135.6,55160.5,55135.6,55160.5,0.07999821
Kraken:XBTUSDT,2021-05-11T06:29:00Z,55160.5,55234.1,55160.5,55184.8,0.03885374
Kraken:XBTUSDT,2021-05-11T06:30:00Z,55219.5,55276.7,55219.5,55271.5,1.0077881
Kraken:XBTUSDT,2021-05-11T06:31:00Z,55276.7,55282.8,55274.2,55276.1,0.01887263
Kraken:XBTUSDT,2021-05-11T06:32:00Z,55257.3,55303.6,55251.1,55288.3,0.01501903
Kraken:XBTUSDT,2021-05-11T06:33:00Z,55253.4,55259.1,55251.4,55259.1,0.17348445
Kraken:XBTUSDT,2021-05-11T06:34:00Z,55236.9,55253.6,55236.9,55253.6,0.0106627
Kraken:XBTUSDT,2021-05-11T06:35:00Z,55235.9,55326.8,55235.9,55284.5,0.0793693
Kraken:XBTUSDT,2021-05-11T06:36:00Z,55287.5,55288.2,55286.5,55288.2,0.0019895
Kraken:XBTUSDT,2021-05-11T06:37:00Z,55269.4,55269.4,55269.4,55269.4,0.03029102
Kraken:XBTUSDT,2021-05-11T06:38:00Z,55330.5,55333.6,55329.7,55329.7,0.01151882
Kraken:XBTUSDT,2021-05-11T06:39:00Z,55303.4,55331.3,55303.4,55331.3,0.13461021
Kraken:XBTUSDT,2021-05-11T06:40:00Z,55340.6,55340.6,55340.6,55340.6,0.00140057
Kraken:XBTUSDT,2021-05-11T06:41:00Z,55363.4,55390.4,55363.4,55375.2,0.01029895
Kraken:XBTUSDT,2021-05-11T06:42:00Z,55410.5,55553.5,55410.5,55553.5,3.41028
Kraken:XBTUSDT,2021-05-11T06:43:00Z,55435.1,55435.1,55410.4,55410.4,0.41704588
Kraken:XBTUSDT,2021-05-11T06:44:00Z,55387.8,55387.8,55387.8,55387.8,0.02170424
Kraken:XBTUSDT,2021-05-11T06:46:00Z,55576.9,55576.9,55566.7,55566.7,0.40064
Kraken:XBTUSDT,2021-05-11T06:47:00Z,55565.6,55565.6,55546.4,55555.2,0.05455124
Kraken:XBTUSDT,2021-05-11T06:48:00Z,55579.6,55584.6,55579.6,55584.6,0.00214022
Kraken:XBTUSDT,2021-05-11T06:49:00Z,55584.6,55606.5,55584.6,55606.5,0.02936735
Kraken:XBTUSDT,2021-05-11T06:50:00Z,55600.1,55625.4,55559.9,55563.9,2.63321034
Kraken:XBTUSDT,2021-05-11T06:51:00Z,55621.1,55621.1,55546.9,55546.9,0.05032573
Kraken:XBTUSDT,2021-05-11T06:52:00Z,55580.4,55580.4,55580.4,55580.4,0.00710934
Kraken:XBTUSDT,2021-05-11T06:53:00Z,55594.9,55594.9,55594.9,55594.9,0.00785
Kraken:XBTUSDT,2021-05-11T06:55:00Z,55690.7,55690.7,55690.7,55690.7,0.00027671
Kraken:XBTUSDT,2021-05-11T06:56:00Z,55691.5,55724.0,55691.5,55720.1,0.12272768
Kraken:XBTUSDT,2021-05-11T06:58:00Z,55740.1,55764.0,55720.4,55720.4,0.46939013
Kraken:XBTUSDT,2021-05-11T07:00:00Z,55736.1,55781.7,55736.1,55781.7,0.26632207
Kraken:XBTUSDT,2021-05-11T07:01:00Z,55798.6,55818.3,55798.6,55816.0,0.03174471
Kraken:XBTUSDT,2021-05-11T07:03:00Z,55816.0,55816.1,55816.0,55816.0,0.02108769
Kraken:XBTUSDT,2021-05-11T07:04:00Z,55816.0,55816.0,55751.4,55751.4,0.39828045
Kraken:XBTUSDT,2021-05-11T07:05:00Z,55733.1,55733.1,55733.1,55733.1,0.00594956
Kraken:XBTUSDT,2021-05-11T07:06:00Z,55664.6,55664.6,55606.1,55606.1,0.23950902
Kraken:XBTUSDT,2021-05-11T07:07:00Z,55630.8,55630.8,55613.4,55613.4,0.00437339
Kraken:XBTUSDT,2021-05-11T07:08:00Z,55600.6,55636.8,55600.6,55620.2,0.15398517
Kraken:XBTUSDT,2021-05-11T07:09:00Z,55597.5,55597.5,55597.5,55597.5,0.03234138
Kraken:XBTUSDT,2021-05-11T07:10:00Z,55586.3,55586.3,55586.3,55586.3,0.03040964
Kraken:XBTUSDT,2021-05-11T07:11:00Z,55599.1,55599.1,55581.2,55582.8,0.15140012
Kraken:XBTUSDT,2021-05-11T07:12:00Z,55581.9,55581.9,55550.9,55560.9,0.04094241
Kraken:XBTUSDT,2021-05-11T07:13:00Z,55560.9,55696.5,55560.9,55696.5,0.07668636
Kraken:XBTUSDT,2021-05-11T07:14:00Z,55696.0,55696.1,55655.3,55655.3,0.12904486
Kraken:XBTUSDT,2021-05-11T07:15:00Z,55666.9,55666.9,55664.1,55666.9,0.0726644
Kraken:XBTUSDT,2021-05-11T07:16:00Z,55644.0,55755.1,55644.0,55755.1,0.18833065
Kraken:XBTUSDT,2021-05-11T07:17:00Z,55754.1,55754.1,55672.6,55672.6,0.28345117
Kraken:XBTUSDT,2021-05-11T07:19:00Z,55585.0,55609.8,55585.0,55600.9,0.02123871
Kraken:XBTUSDT,2021-05-11T07:20:00Z,55611.3,55611.3,55556.3,55567.0,0.50798334
Kraken:XBTUSDT,2021-05-11T07:21:00Z,55554.6,55618.3,55554.6,55601.3,1.85
Kraken:XBTUSDT,2021-05-11T07:22:00Z,55562.9,55562.9,55562.9,55562.9,0.00125351
Kraken:XBTUSDT,2021-05-11T07:23:00Z,55535.0,55554.7,55535.0,55554.7,0.15245117
Kraken:XBTUSDT,2021-05-11T07:24:00Z,55560.3,55583.4,55517.6,55517.6,1.60209334
Kraken:XBTUSDT,2021-05-11T07:25:00Z,55512.8,55512.8,55476.7,55476.7,0.49778615
Kraken:XBTUSDT,2021-05-11T07:26:00Z,55493.7,55493.7,55493.7,55493.7,0.0017153
Kraken:XBTUSDT,2021-05-11T07:27:00Z,55462.0,55498.0,55450.3,55462.4,2.00418964
Kraken:XBTUSDT,2021-05-11T07:28:00Z,55458.0,55508.5,55334.1,55500.7,8.57011914
Kraken:XBTUSDT,2021-05-11T07:29:00Z,55517.0,55517.0,55517.0,55517.0,0.00395713
Kraken:XBTUSDT,2021-05-11T07:30:00Z,55480.8,55480.8,55477.2,55477.2,0.01043465
Kraken:XBTUSDT,2021-05-11T07:31:00Z,55450.7,55450.7,55450.7,55450.7,0.01154667
Kraken:XBTUSDT,2021-05-11T07:32:00Z,55554.0,55554.0,55554.0,55554.0,0.04
Kraken:XBTUSDT,2021-05-11T07:34:00Z,55578.4,55582.7,55578.4,55582.7,0.02044467
Kraken:XBTUSDT,2021-05-11T07:35:00Z,55599.8,55775.5,55599.8,55775.5,8.96
Kraken:XBTUSDT,2021-05-11T07:36:00Z,55618.9,55618.9,55581.0,55581.0,0.04022946
Kraken:XBTUSDT,2021-05-11T07:37:00Z,55523.0,55523.0,55478.2,55513.6,0.07189302
Kraken:XBTUSDT,2021-05-11T07:38:00Z,55489.6,55489.6,55489.6,55489.6,0.00214545
Kraken:XBTUSDT,2021-05-11T07:40:00Z,55484.8,55484.8,55470.7,55470.7,0.01251721
Kraken:XBTUSDT,2021-05-11T07:43:00Z,55453.7,55472.5,55437.8,55472.5,0.03020084
Kraken:XBTUSDT,2021-05-11T07:44:00Z,55482.5,55485.0,55451.7,55451.7,0.22722687
Kraken:XBTUSDT,2021-05-11T07:45:00Z,55437.9,55437.9,54500.0,55430.6,13.38908532
Kraken:XBTUSDT,2021-05-11T07:46:00Z,55436.8,55538.2,55436.8,55490.5,2.20848332
Kraken:XBTUSDT,2021-05-11T07:47:00Z,55492.1,55492.1,55445.2,55446.8,1.38937647
Kraken:XBTUSDT,2021-05-11T07:48:00Z,55446.8,55526.7,55446.8,55526.7,0.09214124
Kraken:XBTUSDT,2021-05-11T07:50:00Z,55533.5,55533.5,55533.5,55533.5,0.00586
Kraken:XBTUSDT,2021-05-11T07:51:00Z,55550.1,55550.1,55538.9,55538.9,0.01067178
Kraken:XBTUSDT,2021-05-11T07:52:00Z,55536.8,55539.9,55536.8,55539.9,0.00834923
Kraken:XBTUSDT,2021-05-11T07:53:00Z,55507.2,55528.2,55507.2,55528.2,0.36795467
Kraken:XBTUSDT,2021-05-11T07:54:00Z,55574.4,55583.6,55574.4,55583.6,0.08059532
Kraken:XBTUSDT,2021-05-11T07:55:00Z,55583.6,55584.6,55583.6,55584.6,0.00124493
Kraken:XBTUSDT,2021-05-11T07:56:00Z,55611.3,55635.3,55611.3,55635.3,0.0682177
Kraken:XBTUSDT,2021-05-11T07:57:00Z,55658.3,55671.6,55637.3,55671.6,0.36736164
Kraken:XBTUSDT,2021-05-11T07:58:00Z,55690.7,55718.1,55690.7,55718.1,0.00944944
Kraken:XBTUSDT,2021-05-11T07:59:00Z,55749.8,55749.8,55749.8,55749.8,0.00260354
Kraken:XBTUSDT,2021-05-11T08:00:00Z,55745.2,55796.2,55745.2,55796.2,0.00699726
Kraken:XBTUSDT,2021-05-11T08:01:00Z,55798.7,55920.2,55770.5,55770.5,6.20413568
Kraken:XBTUSDT,2021-05-11T08:02:00Z,55784.9,55784.9,55784.9,55784.9,0.00352941
Kraken:XBTUSDT,2021-05-11T08:03:00Z,55741.3,55741.3,55721.5,55721.5,0.01879102
Kraken:XBTUSDT,2021-05-11T08:04:00Z,55633.4,55633.4,55619.7,55619.7,0.0015483
Kraken:XBTUSDT,2021-05-11T08:05:00Z,55582.2,55688.1,55581.9,55688.1,0.06634084
Kraken:XBTUSDT,2021-05-11T08:06:00Z,55701.2,55753.6,55701.2,55753.6,0.03340227
Kraken:XBTUSDT,2021-05-11T08:07:00Z,55708.1,55745.5,55708.1,55745.5,0.03601376
Kraken:XBTUSDT,2021-05-11T08:08:00Z,55719.6,55719.6,55719.6,55719.6,0.0234
Kraken:XBTUSDT,2021-05-11T08:09:00Z,55719.5,55719.5,55708.4,55713.8,0.00064929
Kraken:XBTUSDT,2021-05-11T08:10:00Z,55634.5,55634.5,55634.5,55634.5,0.00076454
Kraken:XBTUSDT,2021-05-11T08:11:00Z,55606.5,55606.5,55606.5,55606.5,0.00091192
Kraken:XBTUSDT,2021-05-11T08:12:00Z,55618.9,55618.9,55618.9,55618.9,0.00043
Kraken:XBTUSDT,2021-05-11T08:13:00Z,55656.9,55672.8,55633.2,55667.7,0.35215145
Kraken:XBTUSDT,2021-05-11T08:14:00Z,55674.2,55674.2,55653.0,55653.0,0.12724866
Kraken:XBTUSDT,2021-05-11T08:15:00Z,55623.6,55623.6,55580.0,55580.0,0.09082343
Kraken:XBTUSDT,2021-05-11T08:16:00Z,55556.8,55599.4,55552.2,55552.2,0.46934048
Kraken:XBTUSDT,2021-05-11T08:17:00Z,55542.7,55542.7,55504.0,55504.0,0.04203358
Kraken:XBTUSDT,2021-05-11T08:18:00Z,55503.9,55503.9,55452.8,55452.8,0.00652196
Kraken:XBTUSDT,2021-05-11T08:19:00Z,55502.0,55502.0,55457.2,55457.2,0.00040515
Kraken:XBTUSDT,2021-05-11T08:20:00Z,55462.5,55471.0,55450.0,55450.0,0.50644844
Kraken:XBTUSDT,2021-05-11T08:21:00Z,55450.0,55453.8,55426.4,55451.0,0.74627027
Kraken:XBTUSDT,2021-05-11T08:22:00Z,55450.9,55450.9,55400.2,55450.9,0.06847932
Kraken:XBTUSDT,2021-05-11T08:23:00Z,55451.0,55511.7,55451.0,55477.8,0.08481123
Kraken:XBTUSDT,2021-05-11T08:24:00Z,55465.9,55465.9,55465.9,55465.9,0.00666832
Kraken:XBTUSDT,2021-05-11T08:25:00Z,55455.3,55455.3,55428.1,55430.1,0.00584455
Kraken:XBTUSDT,2021-05-11T08:26:00Z,55428.0,55428.0,55428.0,55428.0,0.00103207
Kraken:XBTUSDT,2021-05-11T08:27:00Z,55402.9,55429.7,55402.9,55403.4,1.95494348
Kraken:XBTUSDT,2021-05-11T08:28:00Z,55314.1,55314.1,55314.1,55314.1,0.00463612
Kraken:XBTUSDT,2021-05-11T08:29:00Z,55342.0,55342.0,55342.0,55342.0,0.00394453
Kraken:XBTUSDT,2021-05-11T08:30:00Z,55392.2,55392.2,55383.4,55383.4,0.0010548
Kraken:XBTUSDT,2021-05-11T08:32:00Z,55352.9,55352.9,55341.3,55341.3,0.0145691
Kraken:XBTUSDT,2021-05-11T08:33:00Z,55339.4,55339.4,55299.8,55299.8,0.00280802
Kraken:XBTUSDT,2021-05-11T08:34:00Z,55281.9,55281.9,55261.7,55261.7,0.17991174
Kraken:XBTUSDT,2021-05-11T08:35:00Z,55300.0,55300.0,55300.0,55300.0,0.3
Kraken:XBTUSDT,2021-05-11T08:36:00Z,55350.2,55350.2,55350.2,55350.2,0.00126906
Kraken:XBTUSDT,2021-05-11T08:38:00Z,55406.8,55406.8,55406.8,55406.8,0.00394453
Kraken:XBTUSDT,2021-05-11T08:39:00Z,55412.8,55412.8,55412.8,55412.8,0.0253
Kraken:XBTUSDT,2021-05-11T08:40:00Z,55437.0,55437.0,55437.0,55437.0,0.00065506
Kraken:XBTUSDT,2021-05-11T08:41:00Z,55454.2,55454.2,55454.2,55454.2,0.0043695
Kraken:XBTUSDT,2021-05-11T08:42:00Z,55461.7,55461.7,55461.7,55461.7,0.00360203
Kraken:XBTUSDT,2021-05-11T08:43:00Z,55435.2,55435.2,55435.2,55435.2,0.00369896
Kraken:XBTUSDT,2021-05-11T08:44:00Z,55422.1,55422.1,55422.1,55422.1,0.01255
Kraken:XBTUSDT,2021-05-11T08:45:00Z,55354.9,55525.6,55354.9,55525.6,0.03726797
Kraken:XBTUSDT,2021-05-11T08:46:00Z,55542.7,55584.5,55542.7,55584.5,0.01632182
Kraken:XBTUSDT,2021-05-11T08:47:00Z,55570.7,55570.7,55512.4,55512.4,0.00453425
Kraken:XBTUSDT,2021-05-11T08:48:00Z,55482.5,55482.5,55482.5,55482.5,0.0659
Kraken:XBTUSDT,2021-05-11T08:51:00Z,55318.8,55321.0,55318.8,55321.0,0.04296609
Kraken:XBTUSDT,2021-05-11T08:52:00Z,55290.2,55290.2,55290.2,55290.2,0.00103353
Kraken:XBTUSDT,2021-05-11T08:53:00Z,55273.2,55273.2,55258.1,55258.1,0.00353567
Kraken:XBTUSDT,2021-05-11T08:54:00Z,55280.3,55296.3,55280.3,55296.3,0.03366555
Kraken:XBTUSDT,2021-05-11T08:56:00Z,55258.0,55258.0,55195.5,55237.9,0.05988539
Kraken:XBTUSDT,2021-05-11T08:57:00Z,55285.7,55285.7,55285.7,55285.7,0.0007337
Kraken:XBTUSDT,2021-05-11T08:59:00Z,55285.5,55318.9,55268.3,55318.9,0.00404115
Kraken:XBTUSDT,2021-05-11T09:01:00Z,55365.9,55365.9,55365.9,55365.9,0.08863512
Kraken:XBTUSDT,2021-05-11T09:03:00Z,55417.0,55417.0,55417.0,55417.0,0.0165995
Kraken:XBTUSDT,2021-05-11T09:04:00Z,55393.6,55443.0,55393.6,55443.0,0.05171318
Kraken:XBTUSDT,2021-05-11T09:05:00Z,55425.9,55477.9,55425.9,55477.9,0.09124497
Kraken:XBTUSDT,2021-05-11T09:06:00Z,55437.1,55476.0,55437.1,55476.0,0.03529251
Kraken:XBTUSDT,2021-05-11T09:07:00Z,55481.2,55491.7,55481.2,55491.7,0.83014248
Kraken:XBTUSDT,2021-05-11T09:08:00Z,55486.2,55486.2,55395.0,55395.0,0.6400554
Kraken:XBTUSDT,2021-05-11T09:09:00Z,55415.9,55415.9,55383.5,55392.8,0.06636055
Kraken:XBTUSDT,2021-05-11T09:10:00Z,55443.5,55445.9,55441.3,55441.3,0.40011
Kraken:XBTUSDT,2021-05-11T09:11:00Z,55480.3,55480.3,55480.3,55480.3,0.00944
Kraken:XBTUSDT,2021-05-11T09:12:00Z,55521.3,55537.3,55521.3,55537.3,0.012638
Kraken:XBTUSDT,2021-05-11T09:13:00Z,55546.5,55548.8,55533.0,55533.0,0.82394672
Kraken:XBTUSDT,2021-05-11T09:14:00Z,55543.1,55543.1,55543.1,55543.1,0.01
Kraken:XBTUSDT,2021-05-11T09:16:00Z,55538.3,55538.3,55469.0,55489.7,1.81185931
Kraken:XBTUSDT,2021-05-11T09:17:00Z,55473.7,55473.7,55473.7,55473.7,0.00075497
Kraken:XBTUSDT,2021-05-11T09:18:00Z,55547.2,55573.3,55547.2,55566.6,0.08549498
Kraken:XBTUSDT,2021-05-11T09:19:00Z,55579.5,55605.4,55579.5,55605.4,0.021766
Kraken:XBTUSDT,2021-05-11T09:20:00Z,55658.7,55658.7,55658.0,55658.0,0.08292
Kraken:XBTUSDT,2021-05-11T09:21:00Z,55655.7,55657.9,55655.7,55655.8,0.006
Kraken:XBTUSDT,2021-05-11T09:22:00Z,55685.6,55685.6,55685.6,55685.6,0.001
Kraken:XBTUSDT,2021-05-11T09:23:00Z,55630.8,55638.5,55621.2,55621.2,0.037
Kraken:XBTUSDT,2021-05-11T09:24:00Z,55691.4,55691.4,55691.4,55691.4,0.00193365
Kraken:XBTUSDT,2021-05-11T09:25:00Z,55626.7,55626.7,55626.7,55626.7,0.0190725
Kraken:XBTUSDT,2021-05-11T09:26:00Z,55624.3,55627.7,55613.9,55613.9,0.0950396
Kraken:XBTUSDT,2021-05-11T09:27:00Z,55612.8,55612.8,55582.8,55603.0,1.40114946
Kraken:XBTUSDT,2021-05-11T09:28:00Z,55612.9,55612.9,55612.9,55612.9,1.85247546
Kraken:XBTUSDT,2021-05-11T09:29:00Z,55552.8,55558.7,55507.8,55507.8,0.00456493
Kraken:XBTUSDT,2021-05-11T09:31:00Z,55535.2,55572.4,55535.2,55558.9,0.06715076
Kraken:XBTUSDT,2021-05-11T09:32:00Z,55577.3,55600.8,55577.3,55600.8,0.343
Kraken:XBTUSDT,2021-05-11T09:33:00Z,55600.8,55623.7,55600.8,55623.7,0.47369646
Kraken:XBTUSDT,2021-05-11T09:35:00Z,55623.5,55630.8,55623.5,55630.8,0.53438888
Kraken:XBTUSDT,2021-05-11T09:37:00Z,55642.0,55691.4,55642.0,55691.4,0.007119
Kraken:XBTUSDT,2021-05-11T09:38:00Z,55642.2,55642.5,55638.3,55638.3,0.084047
Kraken:XBTUSDT,2021-05-11T09:39:00Z,55691.4,55691.4,55691.4,55691.4,0.0005391
Kraken:XBTUSDT,2021-05-11T09:40:00Z,55659.1,55659.2,55638.3,55659.2,0.01131055
Kraken:XBTUSDT,2021-05-11T09:41:00Z,55659.2,55659.2,55642.1,55642.1,0.02664745
Kraken:XBTUSDT,2021-05-11T09:42:00Z,55672.3,55718.9,55672.3,55718.9,0.12136839
Kraken:XBTUSDT,2021-05-11T09:43:00Z,55722.6,55722.6,55722.6,55722.6,0.00028363
Kraken:XBTUSDT,2021-05-11T09:44:00Z,55719.4,55730.2,55719.4,55726.4,0.40049732
Kraken:XBTUSDT,2021-05-11T09:50:00Z,55720.0,55720.0,55720.0,55720.0,0.2
Kraken:XBTUSDT,2021-05-11T09:51:00Z,55740.0,55740.1,55740.0,55740.1,0.00239054
Kraken:XBTUSDT,2021-05-11T09:52:00Z,55755.8,55755.8,55755.8,55755.8,0.00045904
Kraken:XBTUSDT,2021-05-11T09:54:00Z,55798.6,55822.1,55798.6,55822.1,0.01251291
Kraken:XBTUSDT,2021-05-11T09:55:00Z,55830.8,55830.8,55830.2,55830.2,0.10493587
Kraken:XBTUSDT,2021-05-11T09:56:00Z,55850.2,55850.4,55849.0,55849.0,0.01786713
Kraken:XBTUSDT,2021-05-11T09:57:00Z,55851.7,55973.1,55851.7,55927.6,1.03945951
Kraken:XBTUSDT,2021-05-11T09:58:00Z,55978.4,55994.6,55978.4,55994.6,0.004
Kraken:XBTUSDT,2021-05-11T09:59:00Z,55947.0,55947.0,55947.0,55947.0,0.0003232
Kraken:XBTUSDT,2021-05-11T10:00:00Z,55919.1,55919.1,55919.1,55919.1,0.00139504
Kraken:XBTUSDT,2021-05-11T10:01:00Z,55922.1,55922.1,55922.1,55922.1,0.00041533
Kraken:XBTUSDT,2021-05-11T10:02:00Z,55933.6,55933.6,55933.6,55933.6,0.08814469
Kraken:XBTUSDT,2021-05-11T10:03:00Z,55906.7,55928.8,55891.3,55925.9,0.5570078
Kraken:XBTUSDT,2021-05-11T10:06:00Z,55917.7,55917.7,55917.7,55917.7,0.04442079
Kraken:XBTUSDT,2021-05-11T10:07:00Z,55939.7,55971.0,55939.7,55960.2,1.85951075
Kraken:XBTUSDT,2021-05-11T10:08:00Z,55971.0,56039.4,55971.0,56039.4,4.44514836
Kraken:XBTUSDT,2021-05-11T10:09:00Z,56060.9,56060.9,56031.6,56031.6,0.00800882
Kraken:XBTUSDT,2021-05-11T10:10:00Z,56075.5,56075.5,56075.5,56075.5,0.001
Kraken:XBTUSDT,2021-05-11T10:12:00Z,56075.5,56082.4,56075.5,56082.4,0.72
Kraken:XBTUSDT,2021-05-11T10:13:00Z,56060.5,56060.5,56060.5,56060.5,0.00458877
Kraken:XBTUSDT,2021-05-11T10:14:00Z,56074.7,56074.7,55999.3,56006.2,0.20154714
Kraken:XBTUSDT,2021-05-11T10:17:00Z,55997.4,55997.4,55997.4,55997.4,0.03517072
Kraken:XBTUSDT,2021-05-11T10:18:00Z,55965.2,55965.2,55965.2,55965.2,0.01918809
Kraken:XBTUSDT,2021-05-11T10:19:00Z,56004.8,56010.2,56004.8,56010.2,0.02014751
Kraken:XBTUSDT,2021-05-11T10:20:00Z,55992.4,55992.4,55984.0,55984.0,0.0135
Kraken:XBTUSDT,2021-05-11T10:21:00Z,56000.6,56000.6,55965.1,55965.1,0.01939038
Kraken:XBTUSDT,2021-05-11T10:22:00Z,55983.0,55983.0,55983.0,55983.0,0.00675246
Kraken:XBTUSDT,2021-05-11T10:23:00Z,55965.1,55975.6,55965.1,55975.6,0.001292
Kraken:XBTUSDT,2021-05-11T10:24:00Z,55971.2,55971.2,55971.2,55971.2,0.03767659
Kraken:XBTUSDT,2021-05-11T10:25:00Z,55965.1,56003.4,55965.1,56003.4,0.05787284
Kraken:XBTUSDT,2021-05-11T10:26:00Z,56030.6,56144.6,56030.6,56144.6,0.14118547
Kraken:XBTUSDT,2021-05-11T10:27:00Z,56153.9,56153.9,56152.0,56152.0,0.00303622
Kraken:XBTUSDT,2021-05-11T10:28:00Z,56152.0,56152.0,56152.0,56152.0,0.11946796
Kraken:XBTUSDT,2021-05-11T10:29:00Z,56074.8,56074.8,56074.8,56074.8,0.00018752
Kraken:XBTUSDT,2021-05-11T10:31:00Z,56001.7,56002.4,56001.7,56002.4,0.00737233
Kraken:XBTUSDT,2021-05-11T10:32:00Z,55969.3,56001.8,55969.3,56001.8,0.01777197
Kraken:XBTUSDT,2021-05-11T10:33:00Z,55965.1,55965.1,55965.0,55965.0,0.01354
Kraken:XBTUSDT,2021-05-11T10:34:00Z,55949.4,55949.4,55939.7,55939.7,0.2168493
Kraken:XBTUSDT,2021-05-11T10:35:00Z,55913.0,55913.0,55879.5,55879.5,0.27392263
Kraken:XBTUSDT,2021-05-11T10:36:00Z,55914.7,55914.7,55914.7,55914.7,0.001
Kraken:XBTUSDT,2021-05-11T10:38:00Z,55879.6,55879.6,55879.6,55879.6,0.00010659
Kraken:XBTUSDT,2021-05-11T10:39:00Z,55857.3,55857.3,55854.9,55855.0,0.20254963
Kraken:XBTUSDT,2021-05-11T10:40:00Z,55850.0,55850.0,55834.0,55834.0,0.00991566
Kraken:XBTUSDT,2021-05-11T10:41:00Z,55850.0,55862.0,55850.0,55860.7,0.018
Kraken:XBTUSDT,2021-05-11T10:46:00Z,55839.0,55839.0,55790.3,55790.9,0.80274619
Kraken:XBTUSDT,2021-05-11T10:47:00Z,55791.0,55822.1,55791.0,55820.9,0.15203674
Kraken:XBTUSDT,2021-05-11T10:48:00Z,55828.1,55828.1,55818.1,55818.1,0.00779468
Kraken:XBTUSDT,2021-05-11T10:49:00Z,55789.5,55793.4,55789.5,55793.4,0.32539762
Kraken:XBTUSDT,2021-05-11T10:50:00Z,55823.1,55823.1,55823.1,55823.1,0.00238861
Kraken:XBTUSDT,2021-05-11T10:51:00Z,55822.0,55822.0,55822.0,55822.0,0.18849353
Kraken:XBTUSDT,2021-05-11T10:53:00Z,55782.1,55782.1,55782.1,55782.1,0.0013
Kraken:XBTUSDT,2021-05-11T10:54:00Z,55789.7,55789.7,55789.7,55789.7,0.00446751
Kraken:XBTUSDT,2021-05-11T10:55:00Z,55780.8,55780.8,55780.8,55780.8,0.00159
Kraken:XBTUSDT,2021-05-11T10:56:00Z,55782.6,55819.4,55782.6,55819.4,0.00441572
Kraken:XBTUSDT,2021-05-11T10:57:00Z,55819.5,55819.5,55811.7,55811.7,0.70901
Kraken:XBTUSDT,2021-05-11T10:59:00Z,55823.1,55833.0,55823.1,55833.0,0.0591315
Kraken:XBTUSDT,2021-05-11T11:00:00Z,55889.3,55889.3,55889.3,55889.3,0.00479048
Kraken:XBTUSDT,2021-05-11T11:01:00Z,55889.3,55898.6,55889.3,55898.6,0.09235586
Kraken:XBTUSDT,2021-05-11T11:02:00Z,55837.8,55840.8,55837.8,55840.8,0.05067099
Kraken:XBTUSDT,2021-05-11T11:03:00Z,55863.7,55863.7,55849.7,55849.7,0.02569338
Kraken:XBTUSDT,2021-05-11T11:04:00Z,55850.3,55913.4,55850.3,55913.4,0.82197929
Kraken:XBTUSDT,2021-05-11T11:06:00Z,55820.4,55820.4,55792.4,55792.4,0.00492506
Kraken:XBTUSDT,2021-05-11T11:07:00Z,55780.8,55780.8,55758.4,55758.4,0.03172444
Kraken:XBTUSDT,2021-05-11T11:08:00Z,55726.7,55726.7,55726.7,55726.7,0.00091742
Kraken:XBTUSDT,2021-05-11T11:09:00Z,55685.7,55685.7,55683.6,55683.6,0.00091073
Kraken:XBTUSDT,2021-05-11T11:10:00Z,55673.3,55673.3,55673.3,55673.3,0.0253
Kraken:XBTUSDT,2021-05-11T11:11:00Z,55665.5,55665.8,55665.5,55665.8,0.06251964
Kraken:XBTUSDT,2021-05-11T11:12:00Z,55714.0,55724.9,55703.5,55724.9,0.00218261
Kraken:XBTUSDT,2021-05-11T11:13:00Z,55731.7,55731.7,55731.7,55731.7,0.00251045
Kraken:XBTUSDT,2021-05-11T11:14:00Z,55678.6,55695.7,55676.7,55676.7,0.17664536
Kraken:XBTUSDT,2021-05-11T11:15:00Z,55676.2,55722.6,55667.6,55722.6,0.00307642
Kraken:XBTUSDT,2021-05-11T11:17:00Z,55738.2,55787.2,55738.2,55787.2,0.01689165
Kraken:XBTUSDT,2021-05-11T11:19:00Z,55802.5,55824.7,55798.5,55814.1,0.06333431
Kraken:XBTUSDT,2021-05-11T11:21:00Z,55855.1,55888.2,55847.1,55865.6,0.00818378
Kraken:XBTUSDT,2021-05-11T11:22:00Z,55861.6,55861.6,55861.6,55861.6,0.00129927
Kraken:XBTUSDT,2021-05-11T11:23:00Z,55909.0,55909.0,55909.0,55909.0,0.00815752
Kraken:XBTUSDT,2021-05-11T11:24:00Z,55947.7,55947.7,55947.7,55947.7,0.00129874
Kraken:XBTUSDT,2021-05-11T11:25:00Z,55905.3,55907.2,55905.3,55907.2,0.00054953
Kraken:XBTUSDT,2021-05-11T11:29:00Z,55915.8,55915.8,55915.8,55915.8,0.00029283
Kraken:XBTUSDT,2021-05-11T11:30:00Z,55845.1,55845.1,55845.1,55845.1,0.00353965
Kraken:XBTUSDT,2021-05-11T11:31:00Z,55785.6,55785.6,55767.4,55768.5,0.00708319
Kraken:XBTUSDT,2021-05-11T11:32:00Z,55770.0,55778.5,55770.0,55778.5,0.5
Kraken:XBTUSDT,2021-05-11T11:33:00Z,55810.2,55810.2,55798.8,55798.8,0.03297038
Kraken:XBTUSDT,2021-05-11T11:36:00Z,55701.3,55711.8,55701.3,55711.8,0.06861405
Kraken:XBTUSDT,2021-05-11T11:37:00Z,55713.3,55713.3,55711.4,55711.4,0.11365852
Kraken:XBTUSDT,2021-05-11T11:38:00Z,55736.5,55736.5,55736.5,55736.5,0.00068603
Kraken:XBTUSDT,2021-05-11T11:39:00Z,55729.1,55735.8,55729.1,55735.8,0.10500067
Kraken:XBTUSDT,2021-05-11T11:41:00Z,55717.7,55717.7,55716.7,55716.7,0.0364616
Kraken:XBTUSDT,2021-05-11T11:42:00Z,55667.6,55667.6,55667.6,55667.6,0.03232378
Kraken:XBTUSDT,2021-05-11T11:43:00Z,55625.3,55625.3,55516.0,55516.0,0.00798405
Kraken:XBTUSDT,2021-05-11T11:44:00Z,55519.0,55545.6,55519.0,55545.6,0.00490516
Kraken:XBTUSDT,2021-05-11T11:45:00Z,55566.4,55595.5,55566.4,55572.7,0.21331952
Kraken:XBTUSDT,2021-05-11T11:46:00Z,55512.8,55512.8,55500.0,55500.0,0.58103465
Kraken:XBTUSDT,2021-05-11T11:47:00Z,55500.0,55500.0,55412.0,55412.0,0.3987297
Kraken:XBTUSDT,2021-05-11T11:48:00Z,55444.6,55446.5,55418.5,55418.5,0.43910199
Kraken:XBTUSDT,2021-05-11T11:50:00Z,55414.7,55476.2,55414.7,55442.7,0.06120288
Kraken:XBTUSDT,2021-05-11T11:51:00Z,55410.5,55413.1,55410.0,55413.1,0.16691303
Kraken:XBTUSDT,2021-05-11T11:52:00Z,55410.0,55410.0,55317.2,55338.8,0.21154448
Kraken:XBTUSDT,2021-05-11T11:53:00Z,55330.4,55330.4,55330.4,55330.4,0.002
Kraken:XBTUSDT,2021-05-11T11:54:00Z,55361.0,55361.0,55299.8,55299.8,0.00713259
Kraken:XBTUSDT,2021-05-11T11:55:00Z,55292.0,55333.9,55288.4,55333.9,0.03902248
Kraken:XBTUSDT,2021-05-11T11:56:00Z,55323.8,55323.8,55273.6,55273.6,0.04354676
Kraken:XBTUSDT,2021-05-11T11:57:00Z,55342.4,55342.4,55258.0,55258.0,2.00205384
Kraken:XBTUSDT,2021-05-11T11:58:00Z,55222.1,55222.1,55193.7,55194.9,1.88488221
Kraken:XBTUSDT,2021-05-11T11:59:00Z,55193.6,55229.1,55193.6,55198.0,0.45559538
Kraken:XBTUSDT,2021-05-11T12:00:00Z,55241.1,55259.3,55236.2,55259.3,1.05093352
Kraken:XBTUSDT,2021-05-11T12:01:00Z,55203.7,55203.7,55092.4,55092.4,0.09924308
Kraken:XBTUSDT,2021-05-11T12:02:00Z,55087.5,55106.0,55087.5,55106.0,0.00138214
Kraken:XBTUSDT,2021-05-11T12:03:00Z,55131.0,55154.6,55128.4,55128.4,0.17106502
Kraken:XBTUSDT,2021-05-11T12:04:00Z,55125.9,55187.3,55125.9,55187.3,0.16739255
Kraken:XBTUSDT,2021-05-11T12:05:00Z,55179.4,55179.4,55179.4,55179.4,0.00108343
Kraken:XBTUSDT,2021-05-11T12:06:00Z,55190.3,55190.3,55190.3,55190.3,0.17765711
Kraken:XBTUSDT,2021-05-11T12:07:00Z,55202.0,55236.1,55202.0,55236.1,0.00592633
Kraken:XBTUSDT,2021-05-11T12:09:00Z,55244.6,55251.4,55244.6,55251.4,0.07955197
Kraken:XBTUSDT,2021-05-11T12:10:00Z,55250.0,55250.0,55215.7,55226.3,0.30060561
Kraken:XBTUSDT,2021-05-11T12:11:00Z,55221.1,55221.1,55200.1,55200.1,0.09814795
Kraken:XBTUSDT,2021-05-11T12:12:00Z,55214.1,55214.1,55214.1,55214.1,0.14706043
Kraken:XBTUSDT,2021-05-11T12:13:00Z,55200.0,55200.0,55200.0,55200.0,0.002
Kraken:XBTUSDT,2021-05-11T12:14:00Z,55229.4,55240.7,55229.4,55240.7,0.0298
Kraken:XBTUSDT,2021-05-11T12:16:00Z,55180.5,55180.5,55131.8,55131.8,0.009759
Kraken:XBTUSDT,2021-05-11T12:18:00Z,55057.0,55057.0,55010.0,55010.0,0.0021757
Kraken:XBTUSDT,2021-05-11T12:19:00Z,55000.1,55107.4,55000.1,55107.4,0.77422576
Kraken:XBTUSDT,2021-05-11T12:20:00Z,55061.1,55061.1,55061.1,55061.1,0.0041298
Kraken:XBTUSDT,2021-05-11T12:21:00Z,55064.4,55064.4,55064.4,55064.4,0.00378284
Kraken:XBTUSDT,2021-05-11T12:22:00Z,55101.2,55121.1,55101.2,55121.1,0.04317213
Kraken:XBTUSDT,2021-05-11T12:23:00Z,55179.2,55179.2,55103.1,55103.1,0.10026019
Kraken:XBTUSDT,2021-05-11T12:24:00Z,55064.1,55064.1,54956.1,54986.7,0.01074471
Kraken:XBTUSDT,2021-05-11T12:25:00Z,54947.1,54947.1,54851.0,54920.4,0.25121473
Kraken:XBTUSDT,2021-05-11T12:26:00Z,54960.0,55035.2,54910.0,54910.0,0.28836778
Kraken:XBTUSDT,2021-05-11T12:29:00Z,54893.1,54893.1,54893.1,54893.1,0.002
Kraken:XBTUSDT,2021-05-11T12:30:00Z,54917.6,54957.0,54917.6,54933.2,0.03612261
Kraken:XBTUSDT,2021-05-11T12:31:00Z,54906.6,54906.6,54871.4,54871.4,0.00633669
Kraken:XBTUSDT,2021-05-11T12:32:00Z,54833.5,54833.5,54776.8,54776.8,0.0113832
Kraken:XBTUSDT,2021-05-11T12:33:00Z,54925.6,54930.2,54925.6,54930.2,0.01609286
Kraken:XBTUSDT,2021-05-11T12:34:00Z,55000.0,55002.7,54985.4,54985.4,0.10660634
Kraken:XBTUSDT,2021-05-11T12:35:00Z,55018.3,55031.9,55008.3,55031.9,0.35108991
Kraken:XBTUSDT,2021-05-11T12:36:00Z,55038.1,55059.5,55038.1,55059.5,0.07701114
Kraken:XBTUSDT,2021-05-11T12:37:00Z,55002.4,55002.4,55000.0,55000.0,0.03604031
Kraken:XBTUSDT,2021-05-11T12:38:00Z,55035.8,55035.8,55035.8,55035.8,0.00666452
Kraken:XBTUSDT,2021-05-11T12:40:00Z,55031.9,55031.9,55031.9,55031.9,0.10077991
Kraken:XBTUSDT,2021-05-11T12:42:00Z,55056.8,55056.8,55020.1,55020.1,0.04314564
Kraken:XBTUSDT,2021-05-11T12:43:00Z,55020.1,55092.3,55020.1,55092.3,0.03598412
Kraken:XBTUSDT,2021-05-11T12:44:00Z,55092.3,55177.7,55092.3,55177.7,0.03290798
Kraken:XBTUSDT,2021-05-11T12:45:00Z,55213.6,55339.4,55213.6,55339.4,0.11961077
Kraken:XBTUSDT,2021-05-11T12:46:00Z,55337.2,55356.5,55337.2,55356.5,0.00066788
Kraken:XBTUSDT,2021-05-11T12:47:00Z,55366.6,55396.7,55366.6,55396.7,0.088454
Kraken:XBTUSDT,2021-05-11T12:48:00Z,55353.0,55353.0,55331.8,55331.8,0.00042023
Kraken:XBTUSDT,2021-05-11T12:49:00Z,55242.6,55242.6,55242.2,55242.2,0.05797814
Kraken:XBTUSDT,2021-05-11T12:51:00Z,55263.5,55263.5,55227.5,55242.9,0.03529411
Kraken:XBTUSDT,2021-05-11T12:53:00Z,55290.3,55308.6,55290.3,55308.6,0.64
Kraken:XBTUSDT,2021-05-11T12:55:00Z,55302.5,55303.9,55297.8,55301.0,0.01926768
Kraken:XBTUSDT,2021-05-11T12:56:00Z,55329.0,55337.4,55325.1,55337.4,0.05203269
Kraken:XBTUSDT,2021-05-11T12:57:00Z,55352.4,55352.4,55287.3,55287.3,0.31365438
Kraken:XBTUSDT,2021-05-11T12:58:00Z,55285.6,55341.1,55284.8,55303.1,0.21944569
Kraken:XBTUSDT,2021-05-11T12:59:00Z,55283.2,55338.0,55283.2,55338.0,0.1458492
Kraken:XBTUSDT,2021-05-11T13:00:00Z,55436.8,55477.7,55436.8,55477.7,0.02718057
Kraken:XBTUSDT,2021-05-11T13:01:00Z,55469.2,55543.0,55469.2,55543.0,0.01123422
Kraken:XBTUSDT,2021-05-11T13:02:00Z,55491.6,55559.2,55487.4,55559.2,0.0166098
Kraken:XBTUSDT,2021-05-11T13:03:00Z,55561.9,55684.3,55561.9,55684.3,0.23524363
Kraken:XBTUSDT,2021-05-11T13:04:00Z,55629.8,55640.4,55586.3,55620.8,0.0872451
Kraken:XBTUSDT,2021-05-11T13:05:00Z,55620.8,55672.3,55620.8,55672.3,0.0076
Kraken:XBTUSDT,2021-05-11T13:06:00Z,55636.4,55670.0,55636.4,55670.0,0.46866859
Kraken:XBTUSDT,2021-05-11T13:07:00Z,55641.5,55641.5,55641.5,55641.5,0.05620086
Kraken:XBTUSDT,2021-05-11T13:08:00Z,55620.9,55620.9,55620.8,55620.8,0.03383851
Kraken:XBTUSDT,2021-05-11T13:09:00Z,55534.2,55537.2,55534.1,55537.2,0.11232
Kraken:XBTUSDT,2021-05-11T13:11:00Z,55551.3,55551.3,55534.8,55534.8,0.17389956
Kraken:XBTUSDT,2021-05-11T13:12:00Z,55551.0,55551.0,55551.0,55551.0,0.1
Kraken:XBTUSDT,2021-05-11T13:15:00Z,55468.9,55490.0,55466.1,55472.8,0.18902906
Kraken:XBTUSDT,2021-05-11T13:16:00Z,55531.4,55579.5,55531.4,55573.5,0.00321742
Kraken:XBTUSDT,2021-05-11T13:17:00Z,55520.4,55520.4,55498.9,55498.9,0.0004698
Kraken:XBTUSDT,2021-05-11T13:18:00Z,55559.0,55575.2,55557.5,55570.9,0.53285332
Kraken:XBTUSDT,2021-05-11T13:20:00Z,55374.1,55374.1,55299.9,55299.9,0.02870886
Kraken:XBTUSDT,2021-05-11T13:21:00Z,55299.9,55299.9,55299.8,55299.8,0.00176668
Kraken:XBTUSDT,2021-05-11T13:22:00Z,55258.0,55258.0,55120.5,55120.5,0.03743204
Kraken:XBTUSDT,2021-05-11T13:23:00Z,55139.9,55139.9,55133.4,55133.4,0.00307215
Kraken:XBTUSDT,2021-05-11T13:24:00Z,55121.8,55121.8,55080.1,55083.6,0.11505454
Kraken:XBTUSDT,2021-05-11T13:25:00Z,55080.2,55080.2,55080.2,55080.2,0.00704168
Kraken:XBTUSDT,2021-05-11T13:26:00Z,55080.1,55080.1,55035.0,55035.0,0.44055027
Kraken:XBTUSDT,2021-05-11T13:27:00Z,55010.0,55010.0,55010.0,55010.0,0.21924802
Kraken:XBTUSDT,2021-05-11T13:28:00Z,55010.0,55010.0,54964.5,54964.5,0.06463431
Kraken:XBTUSDT,2021-05-11T13:29:00Z,54981.1,54981.1,54981.1,54981.1,0.01518826
Kraken:XBTUSDT,2021-05-11T13:30:00Z,54979.4,54979.4,54888.2,54892.2,0.21910488
Kraken:XBTUSDT,2021-05-11T13:31:00Z,54993.6,55067.7,54993.6,55067.7,0.46164775
Kraken:XBTUSDT,2021-05-11T13:32:00Z,55063.1,55067.7,54995.1,55066.9,0.03608142
Kraken:XBTUSDT,2021-05-11T13:33:00Z,55067.7,55154.1,55067.7,55154.1,0.53729066
Kraken:XBTUSDT,2021-05-11T13:35:00Z,55191.4,55191.5,55191.4,55191.5,0.01616177
Kraken:XBTUSDT,2021-05-11T13:36:00Z,55264.8,55294.5,55264.8,55294.5,0.00121569
Kraken:XBTUSDT,2021-05-11T13:39:00Z,55052.2,55052.2,55052.2,55052.2,0.04521734
Kraken:XBTUSDT,2021-05-11T13:40:00Z,55061.9,55101.2,55061.9,55101.2,0.31544357
Kraken:XBTUSDT,2021-05-11T13:41:00Z,55209.0,55209.0,55179.2,55179.2,0.15471456
Kraken:XBTUSDT,2021-05-11T13:42:00Z,55206.3,55206.3,55206.3,55206.3,0.10003
Kraken:XBTUSDT,2021-05-11T13:43:00Z,55345.9,55345.9,55345.9,55345.9,0.02153244
Kraken:XBTUSDT,2021-05-11T13:44:00Z,55307.9,55307.9,55307.9,55307.9,0.01609645
Kraken:XBTUSDT,2021-05-11T13:45:00Z,55366.6,55400.0,55346.1,55346.1,0.18388252
Kraken:XBTUSDT,2021-05-11T13:46:00Z,55293.7,55293.7,55237.3,55237.3,0.00436685
Kraken:XBTUSDT,2021-05-11T13:47:00Z,55346.6,55388.8,55328.9,55388.8,0.02255585
Kraken:XBTUSDT,2021-05-11T13:48:00Z,55405.6,55434.4,55400.9,55434.4,0.00984987
Kraken:XBTUSDT,2021-05-11T13:49:00Z,55436.8,55436.8,55436.8,55436.8,0.0002851
Kraken:XBTUSDT,2021-05-11T13:50:00Z,55477.8,55545.5,55477.8,55545.5,0.2180895
Kraken:XBTUSDT,2021-05-11T13:51:00Z,55574.2,55574.2,55574.2,55574.2,0.0253
Kraken:XBTUSDT,2021-05-11T13:53:00Z,55546.4,55584.6,55546.4,55584.6,0.00867025
Kraken:XBTUSDT,2021-05-11T13:54:00Z,55600.0,55600.0,55600.0,55600.0,0.0198415
Kraken:XBTUSDT,2021-05-11T13:55:00Z,55597.3,55597.3,55529.6,55529.6,0.06083899
Kraken:XBTUSDT,2021-05-11T13:56:00Z,55597.9,55598.7,55597.9,55598.7,0.01758456
Kraken:XBTUSDT,2021-05-11T13:57:00Z,55600.0,55690.7,55599.9,55690.7,1.42354142
Kraken:XBTUSDT,2021-05-11T13:58:00Z,55691.5,55691.5,55691.5,55691.5,0.00092273
Kraken:XBTUSDT,2021-05-11T13:59:00Z,55674.4,55722.6,55672.1,55722.6,0.67741973
Kraken:XBTUSDT,2021-05-11T14:00:00Z,55740.1,55740.1,55740.1,55740.1,0.00139054
Kraken:XBTUSDT,2021-05-11T14:01:00Z,55722.6,55722.6,55722.6,55722.6,0.03771637
Kraken:XBTUSDT,2021-05-11T14:02:00Z,55659.8,55659.8,55659.8,55659.8,0.00263506
Kraken:XBTUSDT,2021-05-11T14:04:00Z,55680.2,55680.2,55650.0,55650.0,0.47285385
Kraken:XBTUSDT,2021-05-11T14:05:00Z,55597.3,55597.4,55597.3,55597.4,0.10286223
Kraken:XBTUSDT,2021-05-11T14:06:00Z,55570.4,55571.2,55529.0,55529.0,0.03918
Kraken:XBTUSDT,2021-05-11T14:10:00Z,55597.4,55597.4,55597.4,55597.4,0.02369
Kraken:XBTUSDT,2021-05-11T14:11:00Z,55680.5,55680.5,55680.5,55680.5,0.9367433
Kraken:XBTUSDT,2021-05-11T14:12:00Z,55697.1,55801.4,55697.1,55801.4,0.73602193
Kraken:XBTUSDT,2021-05-11T14:13:00Z,55820.7,55820.7,55753.9,55793.6,1.11351336
Kraken:XBTUSDT,2021-05-11T14:14:00Z,55753.1,55822.7,55744.7,55822.7,1.10907747
Kraken:XBTUSDT,2021-05-11T14:15:00Z,55801.0,55845.1,55801.0,55845.1,0.08837
Kraken:XBTUSDT,2021-05-11T14:16:00Z,55738.6,55738.6,55738.6,55738.6,0.01440183
Kraken:XBTUSDT,2021-05-11T14:17:00Z,55783.5,55783.5,55734.8,55734.8,0.01483418
Kraken:XBTUSDT,2021-05-11T14:18:00Z,55734.8,55771.2,55734.8,55771.2,0.07413807
Kraken:XBTUSDT,2021-05-11T14:21:00Z,55758.9,55758.9,55734.0,55735.4,0.04349125
Kraken:XBTUSDT,2021-05-11T14:23:00Z,55797.4,55797.4,55797.4,55797.4,0.01302
Kraken:XBTUSDT,2021-05-11T14:24:00Z,55812.1,55813.8,55809.3,55809.3,0.03750252
Kraken:XBTUSDT,2021-05-11T14:25:00Z,55747.0,55747.0,55743.2,55743.2,0.00042792
Kraken:XBTUSDT,2021-05-11T14:26:00Z,55736.8,55736.8,55736.8,55736.8,0.00725
Kraken:XBTUSDT,2021-05-11T14:27:00Z,55763.9,55763.9,55763.9,55763.9,0.032
Kraken:XBTUSDT,2021-05-11T14:28:00Z,55795.9,55851.6,55795.9,55851.6,0.03106955
Kraken:XBTUSDT,2021-05-11T14:29:00Z,55828.4,55837.5,55828.4,55837.5,0.02596528
Kraken:XBTUSDT,2021-05-11T14:30:00Z,55761.6,55761.6,55724.0,55724.0,0.08283329
Kraken:XBTUSDT,2021-05-11T14:31:00Z,55733.8,55733.8,55733.8,55733.8,0.00567126
Kraken:XBTUSDT,2021-05-11T14:32:00Z,55720.5,55720.5,55616.0,55661.6,0.06836268
Kraken:XBTUSDT,2021-05-11T14:33:00Z,55700.4,55700.4,55700.4,55700.4,0.0022209
Kraken:XBTUSDT,2021-05-11T14:34:00Z,55700.3,55700.3,55668.3,55668.3,0.01934029
Kraken:XBTUSDT,2021-05-11T14:36:00Z,55636.1,55667.8,55636.1,55667.8,0.05119318
Kraken:XBTUSDT,2021-05-11T14:37:00Z,55637.2,55637.2,55637.2,55637.2,0.03
Kraken:XBTUSDT,2021-05-11T14:38:00Z,55600.0,55606.3,55600.0,55606.3,0.13202078
Kraken:XBTUSDT,2021-05-11T14:39:00Z,55638.2,55638.2,55638.2,55638.2,0.00127755
Kraken:XBTUSDT,2021-05-11T14:40:00Z,55665.8,55665.8,55665.8,55665.8,0.002
Kraken:XBTUSDT,2021-05-11T14:42:00Z,55689.9,55689.9,55689.9,55689.9,0.0198
Kraken:XBTUSDT,2021-05-11T14:43:00Z,55700.3,55702.0,55700.3,55702.0,0.11696877
Kraken:XBTUSDT,2021-05-11T14:44:00Z,55781.0,55816.2,55781.0,55816.2,1.6
Kraken:XBTUSDT,2021-05-11T14:45:00Z,55753.3,55753.3,55721.2,55721.2,0.03957479
Kraken:XBTUSDT,2021-05-11T14:46:00Z,55607.7,55607.7,55582.0,55582.0,0.06799378
Kraken:XBTUSDT,2021-05-11T14:47:00Z,55579.5,55579.5,55579.5,55579.5,0.0042
Kraken:XBTUSDT,2021-05-11T14:48:00Z,55641.3,55641.3,55641.3,55641.3,0.02
Kraken:XBTUSDT,2021-05-11T14:49:00Z,55662.7,55662.7,55636.5,55636.5,0.02875561
Kraken:XBTUSDT,2021-05-11T14:50:00Z,55672.2,55830.8,55672.2,55830.8,0.47786997
Kraken:XBTUSDT,2021-05-11T14:51:00Z,55822.0,55835.1,55822.0,55835.1,0.00457722
Kraken:XBTUSDT,2021-05-11T14:52:00Z,55807.2,55807.2,55796.3,55807.2,0.25116697
Kraken:XBTUSDT,2021-05-11T14:54:00Z,55803.5,55807.5,55803.5,55807.5,0.07422699
Kraken:XBTUSDT,2021-05-11T14:56:00Z,55812.2,55812.2,55747.0,55747.0,0.01322393
Kraken:XBTUSDT,2021-05-11T14:57:00Z,55742.0,55804.3,55739.2,55804.3,0.15503751
Kraken:XBTUSDT,2021-05-11T14:58:00Z,55753.6,55767.6,55753.6,55767.6,0.2515
Kraken:XBTUSDT,2021-05-11T14:59:00Z,55710.4,55751.6,55710.4,55751.6,0.00360389
Kraken:XBTUSDT,2021-05-11T15:00:00Z,55694.2,55723.6,55694.2,55713.3,0.25538649
Kraken:XBTUSDT,2021-05-11T15:01:00Z,55753.6,55782.9,55753.6,55782.9,0.02181118
Kraken:XBTUSDT,2021-05-11T15:02:00Z,55760.9,55776.8,55760.9,55776.8,0.01990998
Kraken:XBTUSDT,2021-05-11T15:04:00Z,55679.7,55696.5,55679.7,55696.5,0.1021124
Kraken:XBTUSDT,2021-05-11T15:05:00Z,55660.4,55660.4,55587.0,55587.0,0.04562946
Kraken:XBTUSDT,2021-05-11T15:06:00Z,55592.1,55592.1,55550.0,55550.0,1.12888957
Kraken:XBTUSDT,2021-05-11T15:07:00Z,55651.9,55663.0,55613.4,55613.4,2.59788886
Kraken:XBTUSDT,2021-05-11T15:09:00Z,55702.4,55711.9,55702.4,55711.9,0.01534376
Kraken:XBTUSDT,2021-05-11T15:10:00Z,55718.0,55718.0,55718.0,55718.0,0.00352994
Kraken:XBTUSDT,2021-05-11T15:11:00Z,55798.9,55804.3,55794.6,55804.3,0.07583818
Kraken:XBTUSDT,2021-05-11T15:12:00Z,55825.7,55836.0,55825.7,55836.0,0.05424
Kraken:XBTUSDT,2021-05-11T15:13:00Z,55819.0,55851.7,55819.0,55851.7,0.01849495
Kraken:XBTUSDT,2021-05-11T15:14:00Z,55851.7,55865.8,55844.5,55865.8,0.58337526
Kraken:XBTUSDT,2021-05-11T15:15:00Z,55854.2,55854.2,55752.3,55818.7,4.09390757
Kraken:XBTUSDT,2021-05-11T15:16:00Z,55821.5,55821.5,55756.8,55818.4,3.68804314
Kraken:XBTUSDT,2021-05-11T15:17:00Z,55865.8,55926.0,55865.8,55926.0,0.80188998
Kraken:XBTUSDT,2021-05-11T15:18:00Z,55934.4,56000.0,55926.3,56000.0,0.10876334
Kraken:XBTUSDT,2021-05-11T15:19:00Z,56009.7,56100.0,56009.7,56076.2,2.56464932
Kraken:XBTUSDT,2021-05-11T15:20:00Z,56074.5,56074.5,56000.6,56000.6,0.18213251
Kraken:XBTUSDT,2021-05-11T15:21:00Z,56018.8,56018.8,56018.8,56018.8,0.00127194
Kraken:XBTUSDT,2021-05-11T15:22:00Z,55981.8,56006.5,55981.8,56006.5,0.098
Kraken:XBTUSDT,2021-05-11T15:24:00Z,56002.9,56002.9,56002.9,56002.9,0.00325088
Kraken:XBTUSDT,2021-05-11T15:25:00Z,56028.7,56072.3,56025.5,56072.3,2.17222698
Kraken:XBTUSDT,2021-05-11T15:26:00Z,56065.3,56110.0,56065.3,56098.7,1.08457499
Kraken:XBTUSDT,2021-05-11T15:28:00Z,56071.2,56071.2,56071.2,56071.2,0.04624389
Kraken:XBTUSDT,2021-05-11T15:31:00Z,56114.0,56114.0,56114.0,56114.0,0.004
Kraken:XBTUSDT,2021-05-11T15:32:00Z,56040.5,56040.5,55956.0,55956.0,0.10240705
Kraken:XBTUSDT,2021-05-11T15:33:00Z,55941.4,56019.1,55941.4,56002.4,0.50217523
Kraken:XBTUSDT,2021-05-11T15:34:00Z,55981.2,56013.5,55981.2,56003.7,0.11625964
Kraken:XBTUSDT,2021-05-11T15:35:00Z,56040.4,56040.4,56034.2,56037.6,1.50646208
Kraken:XBTUSDT,2021-05-11T15:36:00Z,55970.1,55970.1,55967.0,55970.1,0.08331247
Kraken:XBTUSDT,2021-05-11T15:37:00Z,55967.0,55967.0,55925.4,55925.4,0.22055102
Kraken:XBTUSDT,2021-05-11T15:38:00Z,55909.8,55961.7,55906.3,55961.7,0.00749181
Kraken:XBTUSDT,2021-05-11T15:39:00Z,55961.7,55961.8,55961.7,55961.8,0.01002021
Kraken:XBTUSDT,2021-05-11T15:40:00Z,55954.5,55967.8,55944.9,55944.9,0.05312153
Kraken:XBTUSDT,2021-05-11T15:41:00Z,55918.9,55918.9,55918.9,55918.9,0.0005
Kraken:XBTUSDT,2021-05-11T15:42:00Z,55891.2,55891.2,55874.0,55890.4,0.22823417
Kraken:XBTUSDT,2021-05-11T15:43:00Z,55904.8,55904.8,55883.2,55883.2,0.01449122
Kraken:XBTUSDT,2021-05-11T15:44:00Z,55922.3,55922.3,55887.4,55891.6,0.00696393
Kraken:XBTUSDT,2021-05-11T15:46:00Z,55883.3,55989.9,55883.3,55957.8,0.03418987
Kraken:XBTUSDT,2021-05-11T15:47:00Z,55958.1,55958.1,55958.1,55958.1,0.0079
Kraken:XBTUSDT,2021-05-11T15:48:00Z,55929.7,55929.7,55929.7,55929.7,0.00429191
Kraken:XBTUSDT,2021-05-11T15:49:00Z,55956.1,55956.1,55956.1,55956.1,0.00646962
Kraken:XBTUSDT,2021-05-11T15:50:00Z,55924.9,55947.4,55913.0,55947.4,0.66869421
Kraken:XBTUSDT,2021-05-11T15:51:00Z,55990.4,56003.1,55990.4,56003.1,0.10134654
Kraken:XBTUSDT,2021-05-11T15:52:00Z,55986.2,55986.2,55920.9,55978.9,0.01861981
Kraken:XBTUSDT,2021-05-11T15:56:00Z,56114.5,56114.5,56114.5,56114.5,0.00027462
Kraken:XBTUSDT,2021-05-11T15:57:00Z,56118.5,56120.0,56111.6,56111.6,0.06391938
Kraken:XBTUSDT,2021-05-11T15:58:00Z,56111.3,56111.3,56080.8,56080.8,0.02410429
Kraken:XBTUSDT,2021-05-11T15:59:00Z,56018.4,56018.4,55998.9,55998.9,0.7
Kraken:XBTUSDT,2021-05-11T16:00:00Z,56063.3,56063.3,56045.7,56045.7,0.01493211
Kraken:XBTUSDT,2021-05-11T16:01:00Z,56036.2,56036.2,55976.8,55976.8,0.0194509
Kraken:XBTUSDT,2021-05-11T16:02:00Z,55970.9,55970.9,55883.1,55883.1,0.06011016
Kraken:XBTUSDT,2021-05-11T16:03:00Z,55914.7,55927.2,55914.7,55927.2,0.04731639
Kraken:XBTUSDT,2021-05-11T16:04:00Z,55959.1,55982.3,55953.1,55953.1,2.69059652
Kraken:XBTUSDT,2021-05-11T16:05:00Z,56075.1,56240.5,56075.1,56240.5,1.1801889
Kraken:XBTUSDT,2021-05-11T16:06:00Z,56235.8,56347.3,56234.7,56289.7,0.82693083
Kraken:XBTUSDT,2021-05-11T16:07:00Z,56349.7,56400.0,56349.7,56400.0,1.18706256
Kraken:XBTUSDT,2021-05-11T16:08:00Z,56436.1,56499.9,56436.1,56499.9,0.33504271
Kraken:XBTUSDT,2021-05-11T16:09:00Z,56371.0,56372.0,56221.0,56221.0,0.31671677
Kraken:XBTUSDT,2021-05-11T16:10:00Z,56246.8,56300.9,56246.8,56300.9,0.21450753
Kraken:XBTUSDT,2021-05-11T16:11:00Z,56300.0,56300.0,56175.9,56175.9,1.91628233
Kraken:XBTUSDT,2021-05-11T16:12:00Z,56190.9,56215.3,56190.9,56210.7,0.32051655
Kraken:XBTUSDT,2021-05-11T16:13:00Z,56168.0,56168.0,56145.3,56145.3,0.00859327
Kraken:XBTUSDT,2021-05-11T16:14:00Z,56141.1,56170.3,56141.1,56159.6,0.53766336
Kraken:XBTUSDT,2021-05-11T16:15:00Z,56159.2,56203.1,56159.2,56203.1,0.10315065
Kraken:XBTUSDT,2021-05-11T16:16:00Z,56116.7,56116.7,56073.1,56073.1,0.20028001
Kraken:XBTUSDT,2021-05-11T16:17:00Z,56129.8,56200.0,56129.8,56200.0,0.09863405
Kraken:XBTUSDT,2021-05-11T16:18:00Z,56201.3,56297.3,56201.3,56297.3,0.3608707
Kraken:XBTUSDT,2021-05-11T16:19:00Z,56334.9,56337.1,56334.9,56337.1,0.20288825
Kraken:XBTUSDT,2021-05-11T16:20:00Z,56305.8,56305.8,56255.3,56255.3,0.04796129
Kraken:XBTUSDT,2021-05-11T16:21:00Z,56251.7,56298.5,56229.0,56298.5,0.22525284
Kraken:XBTUSDT,2021-05-11T16:22:00Z,56264.8,56270.0,56208.7,56222.1,0.93154123
Kraken:XBTUSDT,2021-05-11T16:23:00Z,56209.7,56232.7,56200.8,56223.2,0.19850055
Kraken:XBTUSDT,2021-05-11T16:24:00Z,56202.0,56202.0,56198.3,56198.3,0.0594033
Kraken:XBTUSDT,2021-05-11T16:25:00Z,56190.9,56190.9,56190.9,56190.9,0.0044
Kraken:XBTUSDT,2021-05-11T16:26:00Z,56188.6,56188.6,56188.6,56188.6,0.065
Kraken:XBTUSDT,2021-05-11T16:27:00Z,56188.5,56188.5,56106.5,56106.5,0.30186307
Kraken:XBTUSDT,2021-05-11T16:28:00Z,56142.6,56156.9,56142.6,56156.9,0.02152653
Kraken:XBTUSDT,2021-05-11T16:29:00Z,56183.2,56201.6,56170.8,56170.8,0.08419312
Kraken:XBTUSDT,2021-05-11T16:31:00Z,56142.6,56142.6,56121.9,56121.9,0.02255985
Kraken:XBTUSDT,2021-05-11T16:32:00Z,56108.0,56109.2,56108.0,56109.2,0.13496187
Kraken:XBTUSDT,2021-05-11T16:33:00Z,56062.4,56112.2,56062.4,56112.2,1.03656413
Kraken:XBTUSDT,2021-05-11T16:34:00Z,56108.0,56108.0,56108.0,56108.0,0.01984
Kraken:XBTUSDT,2021-05-11T16:35:00Z,56087.4,56088.6,56045.1,56056.0,0.01932893
Kraken:XBTUSDT,2021-05-11T16:36:00Z,56066.8,56066.8,55972.7,55972.7,0.00289074
Kraken:XBTUSDT,2021-05-11T16:37:00Z,55975.6,55977.3,55969.6,55969.6,0.03470558
Kraken:XBTUSDT,2021-05-11T16:39:00Z,55978.2,55985.3,55978.2,55985.3,0.0415222
Kraken:XBTUSDT,2021-05-11T16:40:00Z,55978.1,55981.1,55978.1,55981.1,0.03413963
Kraken:XBTUSDT,2021-05-11T16:41:00Z,55978.1,55978.1,55900.6,55900.6,0.02063575
Kraken:XBTUSDT,2021-05-11T16:42:00Z,55913.6,55926.6,55913.6,55926.6,0.0123923
Kraken:XBTUSDT,2021-05-11T16:44:00Z,55895.0,55898.6,55880.6,55880.6,0.10702835
Kraken:XBTUSDT,2021-05-11T16:45:00Z,55877.7,55877.7,55834.1,55834.1,0.03974396
Kraken:XBTUSDT,2021-05-11T16:46:00Z,55834.1,55834.1,55829.0,55829.0,0.00419712
Kraken:XBTUSDT,2021-05-11T16:48:00Z,55796.4,55796.4,55793.3,55793.3,0.04155926
Kraken:XBTUSDT,2021-05-11T16:49:00Z,55939.1,55969.8,55939.1,55969.8,0.25
Kraken:XBTUSDT,2021-05-11T16:50:00Z,55995.2,55999.2,55914.1,55914.1,1.42885845
Kraken:XBTUSDT,2021-05-11T16:51:00Z,55976.4,55976.4,55976.4,55976.4,0.00165732
Kraken:XBTUSDT,2021-05-11T16:52:00Z,55976.5,55996.4,55976.5,55996.4,0.01
Kraken:XBTUSDT,2021-05-11T16:54:00Z,55982.5,55987.0,55982.5,55985.8,0.09379347
Kraken:XBTUSDT,2021-05-11T16:56:00Z,56012.9,56043.2,56012.9,56043.2,0.00648196
Kraken:XBTUSDT,2021-05-11T16:59:00Z,56022.7,56022.7,56022.7,56022.7,0.01551
Kraken:XBTUSDT,2021-05-11T17:00:00Z,56006.2,56007.3,56000.5,56007.3,0.04401
Kraken:XBTUSDT,2021-05-11T17:02:00Z,55960.0,55960.0,55960.0,55960.0,0.00070411
Kraken:XBTUSDT,2021-05-11T17:03:00Z,56109.3,56144.5,56109.3,56116.7,0.13340064
Kraken:XBTUSDT,2021-05-11T17:04:00Z,56153.9,56153.9,56153.9,56153.9,0.00028146
Kraken:XBTUSDT,2021-05-11T17:07:00Z,56140.0,56140.0,56140.0,56140.0,0.00894454
Kraken:XBTUSDT,2021-05-11T17:09:00Z,56114.3,56130.9,56114.3,56130.9,0.28819074
Kraken:XBTUSDT,2021-05-11T17:10:00Z,56173.6,56173.6,56173.6,56173.6,0.04015
Kraken:XBTUSDT,2021-05-11T17:11:00Z,56107.4,56107.4,56107.4,56107.4,0.00895999
Kraken:XBTUSDT,2021-05-11T17:12:00Z,56035.6,56042.5,56035.6,56042.5,0.0004748
Kraken:XBTUSDT,2021-05-11T17:13:00Z,56034.2,56052.3,55989.6,55989.6,2.2860331
Kraken:XBTUSDT,2021-05-11T17:15:00Z,56101.1,56101.1,56019.8,56035.9,0.02757458
Kraken:XBTUSDT,2021-05-11T17:16:00Z,56063.1,56071.1,55979.4,55979.4,0.63513071
Kraken:XBTUSDT,2021-05-11T17:18:00Z,56099.1,56099.1,56099.1,56099.1,0.00449
Kraken:XBTUSDT,2021-05-11T17:19:00Z,56216.0,56228.9,56216.0,56226.5,0.01932128
Kraken:XBTUSDT,2021-05-11T17:20:00Z,56221.1,56229.5,56221.1,56229.5,0.01628225
Kraken:XBTUSDT,2021-05-11T17:21:00Z,56221.3,56221.3,56218.1,56218.1,0.00181946
Kraken:XBTUSDT,2021-05-11T17:22:00Z,56239.8,56292.8,56239.8,56292.8,0.03209936
Kraken:XBTUSDT,2021-05-11T17:23:00Z,56226.9,56226.9,56226.9,56226.9,0.00435656
Kraken:XBTUSDT,2021-05-11T17:24:00Z,56220.9,56259.0,56220.9,56259.0,0.03524594
Kraken:XBTUSDT,2021-05-11T17:25:00Z,56252.9,56269.1,56252.9,56269.1,0.00524442
Kraken:XBTUSDT,2021-05-11T17:26:00Z,56258.2,56258.2,56254.0,56254.0,0.52039
Kraken:XBTUSDT,2021-05-11T17:27:00Z,56248.9,56301.9,56248.9,56301.9,0.32746913
Kraken:XBTUSDT,2021-05-11T17:28:00Z,56295.2,56337.7,56295.2,56337.7,0.19669538
Kraken:XBTUSDT,2021-05-11T17:29:00Z,56342.7,56391.1,56342.7,56391.1,0.14928459
Kraken:XBTUSDT,2021-05-11T17:30:00Z,56373.4,56379.1,56373.4,56379.1,0.01612275
Kraken:XBTUSDT,2021-05-11T17:32:00Z,56303.2,56303.2,56297.6,56297.6,0.04
Kraken:XBTUSDT,2021-05-11T17:33:00Z,56300.6,56300.6,56300.6,56300.6,0.0106
Kraken:XBTUSDT,2021-05-11T17:34:00Z,56312.1,56312.4,56312.1,56312.4,0.13289732
Kraken:XBTUSDT,2021-05-11T17:35:00Z,56295.5,56295.5,56295.5,56295.5,0.02635329
Kraken:XBTUSDT,2021-05-11T17:36:00Z,56296.7,56310.1,56296.7,56310.1,0.16274621
Kraken:XBTUSDT,2021-05-11T17:38:00Z,56307.9,56397.6,56307.9,56397.6,0.24843523
Kraken:XBTUSDT,2021-05-11T17:39:00Z,56443.1,56450.0,56443.1,56450.0,0.07818588
Kraken:XBTUSDT,2021-05-11T17:41:00Z,56419.0,56419.0,56116.7,56412.4,7.49158535
Kraken:XBTUSDT,2021-05-11T17:42:00Z,56382.3,56382.3,56382.3,56382.3,0.00006
Kraken:XBTUSDT,2021-05-11T17:43:00Z,56395.1,56395.1,56350.6,56390.5,0.95213096
Kraken:XBTUSDT,2021-05-11T17:44:00Z,56390.4,56390.4,56390.4,56390.4,0.1241346
Kraken:XBTUSDT,2021-05-11T17:45:00Z,56390.0,56390.0,56336.5,56336.5,0.00209542
Kraken:XBTUSDT,2021-05-11T17:46:00Z,56365.1,56365.1,56332.6,56332.6,1.39838473
Kraken:XBTUSDT,2021-05-11T17:47:00Z,56332.6,56332.6,56265.4,56270.9,0.18146738
Kraken:XBTUSDT,2021-05-11T17:48:00Z,56302.9,56342.7,56302.9,56342.7,0.12623315
Kraken:XBTUSDT,2021-05-11T17:49:00Z,56297.7,56337.3,56297.7,56337.3,0.37384034
Kraken:XBTUSDT,2021-05-11T17:52:00Z,56333.0,56333.0,56333.0,56333.0,0.12426109
Kraken:XBTUSDT,2021-05-11T17:54:00Z,56360.8,56367.1,56351.8,56365.2,1.56994886
Kraken:XBTUSDT,2021-05-11T17:55:00Z,56367.3,56367.6,56367.3,56367.6,0.32418481
Kraken:XBTUSDT,2021-05-11T17:57:00Z,56411.2,56411.2,56404.9,56404.9,0.01155
Kraken:XBTUSDT,2021-05-11T17:58:00Z,56410.2,56411.2,56404.9,56411.2,0.01526099
Kraken:XBTUSDT,2021-05-11T17:59:00Z,56405.0,56405.0,56404.9,56404.9,0.09014581
Kraken:XBTUSDT,2021-05-11T18:00:00Z,56379.3,56460.3,56379.3,56460.3,0.193011
Kraken:XBTUSDT,2021-05-11T18:01:00Z,56494.4,56494.4,56429.4,56429.4,0.00354723
Kraken:XBTUSDT,2021-05-11T18:03:00Z,56465.1,56490.0,56465.1,56489.9,0.13398038
Kraken:XBTUSDT,2021-05-11T18:04:00Z,56498.5,56514.3,56458.1,56458.1,0.20611845
Kraken:XBTUSDT,2021-05-11T18:05:00Z,56400.9,56400.9,56337.6,56337.6,0.02993967
Kraken:XBTUSDT,2021-05-11T18:06:00Z,56378.6,56378.6,56340.1,56357.2,0.07606247
Kraken:XBTUSDT,2021-05-11T18:07:00Z,56370.6,56370.6,56370.5,56370.5,0.01632719
Kraken:XBTUSDT,2021-05-11T18:08:00Z,56339.1,56341.3,56339.1,56341.3,0.15
Kraken:XBTUSDT,2021-05-11T18:09:00Z,56343.2,56343.2,56343.2,56343.2,0.00281908
Kraken:XBTUSDT,2021-05-11T18:10:00Z,56344.0,56377.2,56344.0,56377.2,0.03646328
Kraken:XBTUSDT,2021-05-11T18:11:00Z,56381.6,56381.6,56347.4,56347.4,0.00728624
Kraken:XBTUSDT,2021-05-11T18:12:00Z,56374.7,56374.7,56374.7,56374.7,0.03213413
Kraken:XBTUSDT,2021-05-11T18:14:00Z,56448.9,56481.0,56448.9,56481.0,0.03
Kraken:XBTUSDT,2021-05-11T18:15:00Z,56472.3,56472.3,56472.3,56472.3,0.00043387
Kraken:XBTUSDT,2021-05-11T18:16:00Z,56425.7,56425.7,56425.7,56425.7,0.00184
Kraken:XBTUSDT,2021-05-11T18:17:00Z,56386.9,56386.9,56386.9,56386.9,0.012
Kraken:XBTUSDT,2021-05-11T18:18:00Z,56402.5,56402.5,56397.5,56397.5,0.02558181
Kraken:XBTUSDT,2021-05-11T18:19:00Z,56420.6,56420.6,56420.6,56420.6,0.02304909
Kraken:XBTUSDT,2021-05-11T18:20:00Z,56426.2,56426.2,56393.3,56393.3,0.13410296
Kraken:XBTUSDT,2021-05-11T18:21:00Z,56408.2,56425.5,56408.2,56423.6,0.08285029
Kraken:XBTUSDT,2021-05-11T18:22:00Z,56436.3,56450.0,56436.3,56450.0,0.04195809
Kraken:XBTUSDT,2021-05-11T18:23:00Z,56431.3,56431.3,56403.4,56406.4,0.02252595
Kraken:XBTUSDT,2021-05-11T18:24:00Z,56412.4,56431.0,56412.4,56431.0,0.2837623
Kraken:XBTUSDT,2021-05-11T18:25:00Z,56431.1,56439.5,56431.1,56439.5,0.07375195
Kraken:XBTUSDT,2021-05-11T18:26:00Z,56439.3,56443.0,56439.3,56443.0,0.00906976
Kraken:XBTUSDT,2021-05-11T18:27:00Z,56444.6,56519.9,56444.6,56519.9,1.94695498
Kraken:XBTUSDT,2021-05-11T18:28:00Z,56541.5,56614.3,56541.5,56614.3,0.06848921
Kraken:XBTUSDT,2021-05-11T18:29:00Z,56638.5,56638.5,56638.5,56638.5,0.0124144
Kraken:XBTUSDT,2021-05-11T18:30:00Z,56638.5,56638.5,56605.0,56605.0,0.01335948
Kraken:XBTUSDT,2021-05-11T18:31:00Z,56605.2,56605.2,56576.9,56597.3,0.06389
Kraken:XBTUSDT,2021-05-11T18:32:00Z,56576.0,56601.6,56576.0,56601.6,0.07407577
Kraken:XBTUSDT,2021-05-11T18:33:00Z,56603.3,56603.3,56603.3,56603.3,0.00229923
Kraken:XBTUSDT,2021-05-11T18:34:00Z,56606.7,56607.0,56604.6,56607.0,1.0459841
Kraken:XBTUSDT,2021-05-11T18:35:00Z,56610.0,56610.0,56609.5,56610.0,0.36246923
Kraken:XBTUSDT,2021-05-11T18:37:00Z,56552.8,56569.8,56521.6,56569.8,1.00252622
Kraken:XBTUSDT,2021-05-11T18:38:00Z,56537.4,56537.4,56518.2,56518.2,0.00231676
Kraken:XBTUSDT,2021-05-11T18:39:00Z,56495.1,56495.1,56470.3,56470.3,0.13954024
Kraken:XBTUSDT,2021-05-11T18:40:00Z,56437.2,56437.2,56416.4,56421.0,0.05694807
Kraken:XBTUSDT,2021-05-11T18:41:00Z,56469.5,56470.0,56469.5,56469.9,0.1193326
Kraken:XBTUSDT,2021-05-11T18:42:00Z,56469.9,56469.9,56469.9,56469.9,0.0086
Kraken:XBTUSDT,2021-05-11T18:43:00Z,56470.0,56495.0,56470.0,56495.0,0.18742824
Kraken:XBTUSDT,2021-05-11T18:44:00Z,56481.0,56481.0,56472.2,56472.2,0.00079643
Kraken:XBTUSDT,2021-05-11T18:45:00Z,56486.0,56486.0,56466.3,56466.3,0.06405088
Kraken:XBTUSDT,2021-05-11T18:47:00Z,56382.0,56393.5,56370.1,56393.5,0.8855697
Kraken:XBTUSDT,2021-05-11T18:48:00Z,56388.1,56392.6,56387.2,56392.6,0.02095917
Kraken:XBTUSDT,2021-05-11T18:50:00Z,56327.7,56327.7,56327.7,56327.7,0.036
Kraken:XBTUSDT,2021-05-11T18:51:00Z,56274.5,56274.5,56274.5,56274.5,0.00177692
Kraken:XBTUSDT,2021-05-11T18:52:00Z,56287.8,56287.8,56278.9,56278.9,0.12846503
Kraken:XBTUSDT,2021-05-11T18:53:00Z,56300.8,56337.6,56300.8,56337.6,0.12540927
Kraken:XBTUSDT,2021-05-11T18:54:00Z,56276.7,56311.9,56276.7,56311.9,0.05180472
Kraken:XBTUSDT,2021-05-11T18:56:00Z,56328.0,56328.0,56328.0,56328.0,0.12427212
Kraken:XBTUSDT,2021-05-11T18:57:00Z,56358.4,56362.6,56358.4,56362.6,0.01844176
Kraken:XBTUSDT,2021-05-11T18:58:00Z,56364.3,56364.3,56364.3,56364.3,0.22368141
Kraken:XBTUSDT,2021-05-11T18:59:00Z,56338.7,56338.7,56338.7,56338.7,0.01414
Kraken:XBTUSDT,2021-05-11T19:00:00Z,56362.8,56369.3,56362.8,56369.3,0.27437646
Kraken:XBTUSDT,2021-05-11T19:01:00Z,56431.0,56447.3,56431.0,56447.3,0.20898959
Kraken:XBTUSDT,2021-05-11T19:02:00Z,56491.5,56491.7,56491.5,56491.7,0.09890807
Kraken:XBTUSDT,2021-05-11T19:03:00Z,56491.7,56617.5,56491.7,56617.5,0.1817622
Kraken:XBTUSDT,2021-05-11T19:04:00Z,56621.5,56621.6,56600.0,56600.0,0.11208347
Kraken:XBTUSDT,2021-05-11T19:05:00Z,56609.8,56659.2,56609.8,56659.2,0.11762448
Kraken:XBTUSDT,2021-05-11T19:06:00Z,56631.6,56631.6,56622.6,56622.6,0.25
Kraken:XBTUSDT,2021-05-11T19:07:00Z,56651.0,56651.0,56651.0,56651.0,0.05171311
Kraken:XBTUSDT,2021-05-11T19:09:00Z,56587.1,56587.1,56587.0,56587.0,0.08854114
Kraken:XBTUSDT,2021-05-11T19:10:00Z,56529.4,56529.4,56501.1,56501.1,0.00764168
Kraken:XBTUSDT,2021-05-11T19:11:00Z,56507.4,56507.4,56451.2,56451.2,0.36884858
Kraken:XBTUSDT,2021-05-11T19:12:00Z,56431.8,56431.8,56431.8,56431.8,0.02117701
Kraken:XBTUSDT,2021-05-11T19:14:00Z,56374.8,56374.8,56349.8,56349.8,0.0020864
Kraken:XBTUSDT,2021-05-11T19:15:00Z,56359.8,56428.9,56359.8,56428.9,0.05135534
Kraken:XBTUSDT,2021-05-11T19:16:00Z,56416.5,56423.3,56416.5,56423.3,1
Kraken:XBTUSDT,2021-05-11T19:17:00Z,56459.9,56493.8,56459.9,56474.9,0.24418957
Kraken:XBTUSDT,2021-05-11T19:18:00Z,56493.3,56493.3,56493.3,56493.3,0.0907804
Kraken:XBTUSDT,2021-05-11T19:19:00Z,56493.3,56545.4,56493.3,56545.4,0.11824816
Kraken:XBTUSDT,2021-05-11T19:20:00Z,56582.0,56583.2,56582.0,56583.2,0.00483829
Kraken:XBTUSDT,2021-05-11T19:21:00Z,56555.1,56555.1,56514.6,56514.6,0.11988768
Kraken:XBTUSDT,2021-05-11T19:22:00Z,56539.4,56554.5,56537.2,56554.5,0.17047694
Kraken:XBTUSDT,2021-05-11T19:25:00Z,56642.4,56719.9,56642.4,56707.8,1.12481104
Kraken:XBTUSDT,2021-05-11T19:26:00Z,56719.9,56720.0,56719.9,56720.0,0.01019832
Kraken:XBTUSDT,2021-05-11T19:27:00Z,56720.0,56750.5,56720.0,56750.5,4.0702765
Kraken:XBTUSDT,2021-05-11T19:28:00Z,56768.4,56772.4,56740.8,56740.8,1.29885072
Kraken:XBTUSDT,2021-05-11T19:29:00Z,56741.0,56742.5,56741.0,56742.5,0.02860792
Kraken:XBTUSDT,2021-05-11T19:30:00Z,56748.8,56769.6,56748.8,56765.0,0.03916143
Kraken:XBTUSDT,2021-05-11T19:31:00Z,56741.0,56741.0,56741.0,56741.0,0.03227968
Kraken:XBTUSDT,2021-05-11T19:33:00Z,56772.6,56828.4,56772.6,56828.4,0.00317896
Kraken:XBTUSDT,2021-05-11T19:34:00Z,56721.2,56731.7,56721.2,56731.7,0.10953325
Kraken:XBTUSDT,2021-05-11T19:35:00Z,56720.7,56720.7,56720.7,56720.7,0.05500981
Kraken:XBTUSDT,2021-05-11T19:36:00Z,56720.6,56720.6,56639.3,56639.3,0.20560769
Kraken:XBTUSDT,2021-05-11T19:37:00Z,56639.3,56639.3,56639.3,56639.3,0.00031179
Kraken:XBTUSDT,2021-05-11T19:38:00Z,56670.1,56670.1,56652.2,56652.2,0.009
Kraken:XBTUSDT,2021-05-11T19:39:00Z,56652.7,56652.7,56652.7,56652.7,0.00040361
Kraken:XBTUSDT,2021-05-11T19:40:00Z,56699.8,56699.8,56699.8,56699.8,0.00868805
Kraken:XBTUSDT,2021-05-11T19:41:00Z,56676.7,56677.1,56670.9,56676.3,0.06009
Kraken:XBTUSDT,2021-05-11T19:42:00Z,56687.4,56687.4,56671.0,56671.0,0.21238114
Kraken:XBTUSDT,2021-05-11T19:44:00Z,56676.3,56700.0,56676.3,56700.0,0.01497
Kraken:XBTUSDT,2021-05-11T19:45:00Z,56670.9,56670.9,56628.1,56628.1,0.00875309
Kraken:XBTUSDT,2021-05-11T19:46:00Z,56627.8,56627.8,56623.0,56623.0,0.00067273
Kraken:XBTUSDT,2021-05-11T19:47:00Z,56614.0,56623.7,56613.9,56613.9,0.0463474
Kraken:XBTUSDT,2021-05-11T19:48:00Z,56613.9,56613.9,56588.5,56588.5,0.04025152
Kraken:XBTUSDT,2021-05-11T19:49:00Z,56568.9,56568.9,56551.4,56559.3,0.03380261
Kraken:XBTUSDT,2021-05-11T19:50:00Z,56564.0,56564.0,56550.0,56550.0,0.38124073
Kraken:XBTUSDT,2021-05-11T19:51:00Z,56550.0,56579.1,56550.0,56579.1,0.34415206
Kraken:XBTUSDT,2021-05-11T19:52:00Z,56585.6,56585.6,56585.6,56585.6,0.00039
Kraken:XBTUSDT,2021-05-11T19:53:00Z,56579.0,56579.0,56550.2,56550.2,0.03639296
Kraken:XBTUSDT,2021-05-11T19:54:00Z,56550.0,56550.0,56550.0,56550.0,0.00249406
Kraken:XBTUSDT,2021-05-11T19:55:00Z,56550.0,56550.1,56550.0,56550.1,0.06297676
Kraken:XBTUSDT,2021-05-11T19:56:00Z,56550.1,56614.5,56550.1,56600.8,1.80104798
Kraken:XBTUSDT,2021-05-11T19:57:00Z,56599.9,56607.4,56599.9,56600.5,0.10775188
Kraken:XBTUSDT,2021-05-11T19:58:00Z,56580.2,56588.2,56580.2,56588.2,0.01203606
Kraken:XBTUSDT,2021-05-11T19:59:00Z,56606.1,56617.6,56606.1,56617.6,0.0218086
Kraken:XBTUSDT,2021-05-11T20:00:00Z,56610.9,56610.9,56581.7,56593.5,0.23504127
Kraken:XBTUSDT,2021-05-11T20:01:00Z,56633.8,56633.8,56613.8,56613.8,0.06850765
Kraken:XBTUSDT,2021-05-11T20:02:00Z,56624.1,56624.1,56621.5,56621.5,0.1000747
Kraken:XBTUSDT,2021-05-11T20:04:00Z,56550.0,56550.0,56550.0,56550.0,0.00608073
Kraken:XBTUSDT,2021-05-11T20:05:00Z,56550.0,56550.0,56537.2,56537.2,0.40374084
Kraken:XBTUSDT,2021-05-11T20:06:00Z,56533.4,56607.8,56533.4,56607.8,0.04659654
Kraken:XBTUSDT,2021-05-11T20:09:00Z,56518.3,56573.8,56518.3,56573.8,0.0075
Kraken:XBTUSDT,2021-05-11T20:10:00Z,56573.7,56654.2,56573.7,56654.2,0.03271307
Kraken:XBTUSDT,2021-05-11T20:11:00Z,56668.9,56671.9,56630.8,56630.8,0.03645265
Kraken:XBTUSDT,2021-05-11T20:13:00Z,56634.9,56634.9,56634.9,56634.9,0.00180673
Kraken:XBTUSDT,2021-05-11T20:14:00Z,56676.7,56676.7,56676.7,56676.7,0.00226623
Kraken:XBTUSDT,2021-05-11T20:15:00Z,56682.0,56682.0,56680.5,56680.5,0.02384134
Kraken:XBTUSDT,2021-05-11T20:16:00Z,56694.3,56694.3,56694.3,56694.3,0.00245
Kraken:XBTUSDT,2021-05-11T20:17:00Z,56680.1,56680.1,56673.0,56673.0,0.08565669
Kraken:XBTUSDT,2021-05-11T20:18:00Z,56671.0,56671.0,56671.0,56671.0,0.0022
Kraken:XBTUSDT,2021-05-11T20:20:00Z,56738.6,56738.6,56737.0,56737.0,0.00227003
Kraken:XBTUSDT,2021-05-11T20:21:00Z,56765.1,56765.1,56753.8,56753.8,0.00259
Kraken:XBTUSDT,2021-05-11T20:23:00Z,56731.3,56731.3,56731.3,56731.3,0.00011404
Kraken:XBTUSDT,2021-05-11T20:24:00Z,56725.2,56725.2,56699.9,56699.9,0.00241275
Kraken:XBTUSDT,2021-05-11T20:27:00Z,56727.1,56727.1,56727.1,56727.1,0.01095199
Kraken:XBTUSDT,2021-05-11T20:28:00Z,56748.2,56748.2,56737.7,56737.7,0.07054934
Kraken:XBTUSDT,2021-05-11T20:29:00Z,56759.6,56760.5,56722.3,56722.3,0.03427218
Kraken:XBTUSDT,2021-05-11T20:31:00Z,56769.3,56769.3,56769.2,56769.2,0.00584252
Kraken:XBTUSDT,2021-05-11T20:32:00Z,56769.3,56777.9,56757.3,56767.6,0.07213073
Kraken:XBTUSDT,2021-05-11T20:33:00Z,56750.7,56761.3,56736.0,56761.3,0.18138637
Kraken:XBTUSDT,2021-05-11T20:34:00Z,56749.5,56759.9,56715.7,56715.7,0.10785104
Kraken:XBTUSDT,2021-05-11T20:35:00Z,56736.2,56736.2,56736.2,56736.2,0.01455
Kraken:XBTUSDT,2021-05-11T20:36:00Z,56708.2,56708.2,56708.2,56708.2,0.0002
Kraken:XBTUSDT,2021-05-11T20:37:00Z,56715.6,56715.6,56705.0,56705.0,0.28238096
Kraken:XBTUSDT,2021-05-11T20:39:00Z,56800.0,56800.0,56791.8,56800.0,1.03097857
Kraken:XBTUSDT,2021-05-11T20:40:00Z,56801.6,56818.1,56801.3,56801.3,0.30012102
Kraken:XBTUSDT,2021-05-11T20:41:00Z,56773.7,56773.7,56773.7,56773.7,0.00082279
Kraken:XBTUSDT,2021-05-11T20:42:00Z,56760.7,56761.7,56751.8,56751.8,0.01902562
Kraken:XBTUSDT,2021-05-11T20:43:00Z,56756.8,56756.8,56723.7,56723.7,0.0860008
Kraken:XBTUSDT,2021-05-11T20:44:00Z,56701.1,56701.1,56701.1,56701.1,0.02608061
Kraken:XBTUSDT,2021-05-11T20:45:00Z,56679.0,56680.6,56670.7,56670.7,0.05931829
Kraken:XBTUSDT,2021-05-11T20:46:00Z,56668.9,56668.9,56668.9,56668.9,0.00469251
Kraken:XBTUSDT,2021-05-11T20:47:00Z,56688.1,56688.1,56688.1,56688.1,0.05198187
Kraken:XBTUSDT,2021-05-11T20:52:00Z,56741.7,56741.7,56710.3,56711.2,0.05062705
Kraken:XBTUSDT,2021-05-11T20:53:00Z,56686.1,56686.1,56678.7,56683.5,0.08541602
Kraken:XBTUSDT,2021-05-11T20:54:00Z,56805.3,56805.3,56805.3,56805.3,0.16476118
Kraken:XBTUSDT,2021-05-11T20:55:00Z,56805.4,56828.5,56805.4,56828.5,0.14786668
Kraken:XBTUSDT,2021-05-11T20:57:00Z,56810.4,56824.5,56810.4,56824.5,0.00868498
Kraken:XBTUSDT,2021-05-11T20:58:00Z,56832.5,56833.8,56832.5,56833.8,0.0334
Kraken:XBTUSDT,2021-05-11T20:59:00Z,56835.0,56835.0,56835.0,56835.0,0.01064121
Kraken:XBTUSDT,2021-05-11T21:00:00Z,56835.0,56835.0,56835.0,56835.0,0.21245674
Kraken:XBTUSDT,2021-05-11T21:01:00Z,56815.1,56815.1,56815.1,56815.1,0.05801116
Kraken:XBTUSDT,2021-05-11T21:02:00Z,56818.5,56838.4,56814.1,56838.4,0.09092506
Kraken:XBTUSDT,2021-05-11T21:03:00Z,56825.5,56825.5,56825.5,56825.5,0.00417
Kraken:XBTUSDT,2021-05-11T21:04:00Z,56824.9,56824.9,56821.6,56821.6,0.00162031
Kraken:XBTUSDT,2021-05-11T21:05:00Z,56827.5,56840.0,56827.5,56840.0,0.045
Kraken:XBTUSDT,2021-05-11T21:06:00Z,56839.3,56839.3,56839.3,56839.3,0.00135633
Kraken:XBTUSDT,2021-05-11T21:07:00Z,56830.0,56830.0,56830.0,56830.0,0.07523694
Kraken:XBTUSDT,2021-05-11T21:10:00Z,56707.7,56708.6,56689.7,56689.7,0.04432689
Kraken:XBTUSDT,2021-05-11T21:11:00Z,56689.7,56689.7,56689.7,56689.7,0.00051654
Kraken:XBTUSDT,2021-05-11T21:12:00Z,56771.5,56771.5,56748.0,56748.0,0.1313977
Kraken:XBTUSDT,2021-05-11T21:13:00Z,56689.6,56689.7,56689.6,56689.7,0.01244
Kraken:XBTUSDT,2021-05-11T21:14:00Z,56708.5,56708.5,56697.6,56697.6,0.01331961
Kraken:XBTUSDT,2021-05-11T21:15:00Z,56695.0,56715.3,56695.0,56715.3,0.01091519
Kraken:XBTUSDT,2021-05-11T21:16:00Z,56689.7,56689.7,56689.7,56689.7,0.09794668
Kraken:XBTUSDT,2021-05-11T21:17:00Z,56689.6,56689.6,56641.8,56641.8,0.21832917
Kraken:XBTUSDT,2021-05-11T21:18:00Z,56646.2,56651.1,56643.9,56643.9,0.00457105
Kraken:XBTUSDT,2021-05-11T21:19:00Z,56645.4,56646.3,56645.3,56645.3,0.08813608
Kraken:XBTUSDT,2021-05-11T21:20:00Z,56606.5,56606.5,56596.9,56596.9,0.00500921
Kraken:XBTUSDT,2021-05-11T21:21:00Z,56663.6,56663.6,56635.6,56635.6,0.10516164
Kraken:XBTUSDT,2021-05-11T21:23:00Z,56607.9,56632.7,56607.9,56632.7,0.05475613
Kraken:XBTUSDT,2021-05-11T21:24:00Z,56651.0,56651.0,56651.0,56651.0,0.00716252
Kraken:XBTUSDT,2021-05-11T21:25:00Z,56640.8,56664.7,56640.8,56664.7,0.14818922
Kraken:XBTUSDT,2021-05-11T21:26:00Z,56645.5,56662.8,56645.5,56662.8,0.04386116
Kraken:XBTUSDT,2021-05-11T21:27:00Z,56650.2,56650.2,56650.2,56650.2,0.014
Kraken:XBTUSDT,2021-05-11T21:28:00Z,56652.5,56656.1,56652.5,56656.1,0.02751083
Kraken:XBTUSDT,2021-05-11T21:29:00Z,56629.7,56629.7,56585.6,56585.6,0.00552431
Kraken:XBTUSDT,2021-05-11T21:31:00Z,56642.7,56654.5,56642.7,56654.5,0.02294798
Kraken:XBTUSDT,2021-05-11T21:32:00Z,56735.5,56742.0,56732.0,56741.9,0.39169646
Kraken:XBTUSDT,2021-05-11T21:33:00Z,56725.2,56725.2,56725.2,56725.2,0.00132
Kraken:XBTUSDT,2021-05-11T21:34:00Z,56731.6,56731.7,56731.6,56731.7,0.00260495
Kraken:XBTUSDT,2021-05-11T21:35:00Z,56723.4,56730.4,56723.4,56727.1,0.02300691
Kraken:XBTUSDT,2021-05-11T21:39:00Z,56698.9,56698.9,56698.9,56698.9,0.01455
Kraken:XBTUSDT,2021-05-11T21:40:00Z,56704.2,56704.2,56704.2,56704.2,0.03250436
Kraken:XBTUSDT,2021-05-11T21:41:00Z,56687.7,56687.7,56687.7,56687.7,0.00328857
Kraken:XBTUSDT,2021-05-11T21:42:00Z,56677.5,56680.0,56677.5,56680.0,0.0206207
Kraken:XBTUSDT,2021-05-11T21:43:00Z,56655.1,56655.1,56655.0,56655.0,0.01867781
Kraken:XBTUSDT,2021-05-11T21:44:00Z,56650.0,56650.0,56587.0,56587.0,0.42770009
Kraken:XBTUSDT,2021-05-11T21:45:00Z,56591.5,56591.5,56588.8,56588.8,0.10360181
Kraken:XBTUSDT,2021-05-11T21:46:00Z,56568.4,56568.4,56552.8,56552.8,0.00177
Kraken:XBTUSDT,2021-05-11T21:47:00Z,56495.1,56495.1,56456.5,56456.5,0.00996215
Kraken:XBTUSDT,2021-05-11T21:48:00Z,56446.7,56446.7,56432.4,56432.4,0.07749727
Kraken:XBTUSDT,2021-05-11T21:49:00Z,56419.1,56419.1,56368.1,56368.2,0.55101857
Kraken:XBTUSDT,2021-05-11T21:50:00Z,56362.7,56362.7,56338.4,56338.4,0.00477216
Kraken:XBTUSDT,2021-05-11T21:51:00Z,56376.1,56394.8,56363.5,56363.5,0.24950209
Kraken:XBTUSDT,2021-05-11T21:52:00Z,56395.0,56395.0,56382.8,56382.9,0.10969278
Kraken:XBTUSDT,2021-05-11T21:53:00Z,56382.9,56382.9,56382.9,56382.9,0.00177645
Kraken:XBTUSDT,2021-05-11T21:54:00Z,56350.1,56354.6,56350.0,56350.0,0.28438212
Kraken:XBTUSDT,2021-05-11T21:55:00Z,56349.9,56350.0,56345.0,56350.0,8.7387093
Kraken:XBTUSDT,2021-05-11T21:56:00Z,56430.6,56430.6,56430.6,56430.6,0.0142
Kraken:XBTUSDT,2021-05-11T21:57:00Z,56429.3,56429.3,56429.3,56429.3,0.00109
Kraken:XBTUSDT,2021-05-11T21:58:00Z,56453.8,56490.6,56453.8,56490.6,0.002
Kraken:XBTUSDT,2021-05-11T21:59:00Z,56498.4,56502.0,56498.3,56502.0,0.05232809
Kraken:XBTUSDT,2021-05-11T22:00:00Z,56558.5,56558.5,56558.5,56558.5,0.00158
Kraken:XBTUSDT,2021-05-11T22:01:00Z,56591.4,56591.4,56591.4,56591.4,0.00390884
Kraken:XBTUSDT,2021-05-11T22:03:00Z,56450.3,56458.7,56450.3,56458.7,0.00188
Kraken:XBTUSDT,2021-05-11T22:04:00Z,56379.8,56398.7,56379.8,56390.0,0.06370986
Kraken:XBTUSDT,2021-05-11T22:07:00Z,56525.7,56525.7,56519.5,56519.5,0.08569244
Kraken:XBTUSDT,2021-05-11T22:12:00Z,56536.8,56536.8,56536.8,56536.8,0.01713
Kraken:XBTUSDT,2021-05-11T22:14:00Z,56503.2,56527.4,56503.2,56527.4,0.03387625
Kraken:XBTUSDT,2021-05-11T22:17:00Z,56513.3,56513.3,56491.4,56491.4,0.01299477
Kraken:XBTUSDT,2021-05-11T22:18:00Z,56488.1,56488.1,56408.7,56408.7,0.09563229
Kraken:XBTUSDT,2021-05-11T22:19:00Z,56414.9,56462.7,56414.9,56462.7,0.03819323
Kraken:XBTUSDT,2021-05-11T22:21:00Z,56400.0,56400.0,56350.5,56350.5,0.04738206
Kraken:XBTUSDT,2021-05-11T22:22:00Z,56408.8,56411.6,56408.8,56411.6,0.00677283
Kraken:XBTUSDT,2021-05-11T22:25:00Z,56461.9,56461.9,56461.9,56461.9,0.00308359
Kraken:XBTUSDT,2021-05-11T22:26:00Z,56461.9,56461.9,56461.9,56461.9,0.16942508
Kraken:XBTUSDT,2021-05-11T22:27:00Z,56517.9,56528.7,56517.9,56528.7,0.05183321
Kraken:XBTUSDT,2021-05-11T22:30:00Z,56489.2,56506.6,56482.3,56506.5,0.07013574
Kraken:XBTUSDT,2021-05-11T22:31:00Z,56543.5,56543.5,56543.5,56543.5,0.00381407
Kraken:XBTUSDT,2021-05-11T22:32:00Z,56550.3,56550.3,56550.3,56550.3,0.00114193
Kraken:XBTUSDT,2021-05-11T22:33:00Z,56550.3,56550.3,56550.3,56550.3,0.00010854
Kraken:XBTUSDT,2021-05-11T22:35:00Z,56552.0,56552.0,56552.0,56552.0,0.27528679
Kraken:XBTUSDT,2021-05-11T22:36:00Z,56530.5,56530.5,56530.5,56530.5,0.00055237
Kraken:XBTUSDT,2021-05-11T22:38:00Z,56492.3,56496.1,56492.3,56496.1,0.01160709
Kraken:XBTUSDT,2021-05-11T22:40:00Z,56447.1,56484.9,56447.1,56484.9,0.01623185
Kraken:XBTUSDT,2021-05-11T22:41:00Z,56486.2,56486.2,56486.2,56486.2,0.00053
Kraken:XBTUSDT,2021-05-11T22:44:00Z,56442.9,56442.9,56442.9,56442.9,0.02178
Kraken:XBTUSDT,2021-05-11T22:45:00Z,56465.7,56465.7,56465.7,56465.7,0.04356
Kraken:XBTUSDT,2021-05-11T22:46:00Z,56383.9,56383.9,56383.9,56383.9,0.0023401
Kraken:XBTUSDT,2021-05-11T22:47:00Z,56383.8,56383.8,56371.4,56371.4,0.01290079
Kraken:XBTUSDT,2021-05-11T22:49:00Z,56460.9,56460.9,56458.4,56458.4,0.00586919
Kraken:XBTUSDT,2021-05-11T22:50:00Z,56405.8,56405.8,56405.8,56405.8,0.00269815
Kraken:XBTUSDT,2021-05-11T22:52:00Z,56390.7,56390.7,56390.7,56390.7,0.028
Kraken:XBTUSDT,2021-05-11T22:53:00Z,56373.4,56381.7,56373.4,56381.7,0.02249424
Kraken:XBTUSDT,2021-05-11T22:54:00Z,56357.6,56357.6,56357.6,56357.6,0.02150847
Kraken:XBTUSDT,2021-05-11T22:56:00Z,56417.8,56420.0,56404.3,56420.0,0.02202815
Kraken:XBTUSDT,2021-05-11T22:59:00Z,56390.1,56390.1,56390.1,56390.1,0.0034
Kraken:XBTUSDT,2021-05-11T23:01:00Z,56476.8,56562.6,56476.8,56562.6,2.478596
Kraken:XBTUSDT,2021-05-11T23:02:00Z,56544.1,56544.1,56544.1,56544.1,0.02144705
Kraken:XBTUSDT,2021-05-11T23:10:00Z,56412.4,56412.4,56412.4,56412.4,0.00049608
Kraken:XBTUSDT,2021-05-11T23:11:00Z,56382.7,56382.7,56382.7,56382.7,0.032
Kraken:XBTUSDT,2021-05-11T23:12:00Z,56368.7,56368.7,56354.5,56354.5,0.03320007
Kraken:XBTUSDT,2021-05-11T23:13:00Z,56400.0,56400.0,56400.0,56400.0,0.08865
Kraken:XBTUSDT,2021-05-11T23:14:00Z,56414.4,56416.5,56414.4,56416.5,0.3
Kraken:XBTUSDT,2021-05-11T23:15:00Z,56403.5,56403.5,56403.5,56403.5,0.0009
Kraken:XBTUSDT,2021-05-11T23:17:00Z,56346.2,56346.2,56346.2,56346.2,0.2
Kraken:XBTUSDT,2021-05-11T23:19:00Z,56341.9,56341.9,56341.9,56341.9,0.0059781
Kraken:XBTUSDT,2021-05-11T23:20:00Z,56342.5,56342.5,56336.6,56336.6,0.01087531
Kraken:XBTUSDT,2021-05-11T23:21:00Z,56413.2,56413.2,56413.2,56413.2,0.00078358
Kraken:XBTUSDT,2021-05-11T23:22:00Z,56433.0,56433.0,56433.0,56433.0,0.005625
Kraken:XBTUSDT,2021-05-11T23:24:00Z,56423.2,56423.2,56423.2,56423.2,0.00177204
Kraken:XBTUSDT,2021-05-11T23:25:00Z,56412.8,56412.8,56412.8,56412.8,0.00683569
Kraken:XBTUSDT,2021-05-11T23:26:00Z,56390.8,56390.8,56390.8,56390.8,0.01252056
Kraken:XBTUSDT,2021-05-11T23:27:00Z,56384.8,56384.8,56384.7,56384.7,0.00309569
Kraken:XBTUSDT,2021-05-11T23:29:00Z,56339.9,56354.8,56339.9,56354.8,1.8034
Kraken:XBTUSDT,2021-05-11T23:30:00Z,56309.1,56309.1,56282.1,56282.1,0.08696396
Kraken:XBTUSDT,2021-05-11T23:31:00Z,56282.0,56289.8,56242.0,56242.0,0.12969809
Kraken:XBTUSDT,2021-05-11T23:32:00Z,56269.0,56269.0,56269.0,56269.0,0.00798732
Kraken:XBTUSDT,2021-05-11T23:34:00Z,56326.3,56326.3,56326.3,56326.3,0.00425153
Kraken:XBTUSDT,2021-05-11T23:35:00Z,56326.4,56327.0,56326.4,56327.0,0.2721041
Kraken:XBTUSDT,2021-05-11T23:36:00Z,56487.1,56487.1,56487.1,56487.1,0.02653264
Kraken:XBTUSDT,2021-05-11T23:37:00Z,56487.7,56518.2,56472.4,56507.8,0.06926676
Kraken:XBTUSDT,2021-05-11T23:39:00Z,56489.3,56489.3,56489.3,56489.3,0.02441935
Kraken:XBTUSDT,2021-05-11T23:40:00Z,56516.8,56517.8,56516.8,56517.8,0.00477643
Kraken:XBTUSDT,2021-05-11T23:41:00Z,56509.6,56509.6,56509.6,56509.6,0.04116702
Kraken:XBTUSDT,2021-05-11T23:43:00Z,56524.8,56524.8,56517.5,56517.5,0.06249285
Kraken:XBTUSDT,2021-05-11T23:44:00Z,56488.5,56488.5,56486.5,56486.5,0.00752249
Kraken:XBTUSDT,2021-05-11T23:45:00Z,56478.5,56521.5,56478.5,56521.5,0.07177922
Kraken:XBTUSDT,2021-05-11T23:46:00Z,56539.7,56539.7,56539.7,56539.7,0.2
Kraken:XBTUSDT,2021-05-11T23:47:00Z,56539.8,56539.8,56539.8,56539.8,0.00022882
Kraken:XBTUSDT,2021-05-11T23:48:00Z,56539.8,56539.8,56539.7,56539.8,0.02646581
Kraken:XBTUSDT,2021-05-11T23:49:00Z,56539.8,56672.3,56539.8,56672.3,0.10715164
Kraken:XBTUSDT,2021-05-11T23:50:00Z,56664.8,56664.8,56664.8,56664.8,0.00155
Kraken:XBTUSDT,2021-05-11T23:53:00Z,56681.6,56732.0,56681.6,56732.0,0.11440639
Kraken:XBTUSDT,2021-05-11T23:55:00Z,56695.8,56695.8,56695.8,56695.8,0.00055999
Kraken:XBTUSDT,2021-05-11T23:56:00Z,56699.0,56699.0,56674.6,56674.9,0.03738399
