Kraken:XRPEUR,2021-06-16T00:00:00Z,0.71515,0.71515,0.71235,0.71235,20780.29404566
Kraken:XRPEUR,2021-06-16T00:01:00Z,0.7125,0.71445,0.71109,0.71109,3938.10015637
Kraken:XRPEUR,2021-06-16T00:02:00Z,0.71236,0.71236,0.71236,0.71236,168.441332
Kraken:XRPEUR,2021-06-16T00:03:00Z,0.71188,0.7126,0.71188,0.7126,1176.97679189
Kraken:XRPEUR,2021-06-16T00:05:00Z,0.71267,0.71267,0.71267,0.71267,199.99999999
Kraken:XRPEUR,2021-06-16T00:06:00Z,0.71247,0.71247,0.71247,0.71247,638.52199113
Kraken:XRPEUR,2021-06-16T00:08:00Z,0.71286,0.71286,0.71243,0.71243,1950.13
Kraken:XRPEUR,2021-06-16T00:09:00Z,0.71262,0.71262,0.71221,0.71221,42.5189
Kraken:XRPEUR,2021-06-16T00:10:00Z,0.71153,0.71153,0.71086,0.71086,324.49605484
Kraken:XRPEUR,2021-06-16T00:11:00Z,0.71086,0.7127,0.71086,0.7127,42268.63214285
Kraken:XRPEUR,2021-06-16T00:14:00Z,0.71283,0.71283,0.71283,0.71283,689.2757
Kraken:XRPEUR,2021-06-16T00:15:00Z,0.71235,0.71235,0.71235,0.71235,302.98736
Kraken:XRPEUR,2021-06-16T00:17:00Z,0.71299,0.71299,0.71299,0.71299,84.10429524
Kraken:XRPEUR,2021-06-16T00:18:00Z,0.713,0.71339,0.713,0.71339,64.089039
Kraken:XRPEUR,2021-06-16T00:19:00Z,0.71293,0.71293,0.71293,0.71293,142.3777
Kraken:XRPEUR,2021-06-16T00:23:00Z,0.71278,0.71278,0.71278,0.71278,701.34096392
Kraken:XRPEUR,2021-06-16T00:28:00Z,0.71248,0.71248,0.71248,0.71248,302.952817
Kraken:XRPEUR,2021-06-16T00:30:00Z,0.71224,0.71224,0.71213,0.71213,5020.76839
Kraken:XRPEUR,2021-06-16T00:37:00Z,0.71193,0.71193,0.71193,0.71193,537.69250766
Kraken:XRPEUR,2021-06-16T00:38:00Z,0.71335,0.71335,0.71335,0.71335,696.301143
Kraken:XRPEUR,2021-06-16T00:43:00Z,0.71303,0.71303,0.71302,0.71302,1816.52263001
Kraken:XRPEUR,2021-06-16T00:47:00Z,0.714,0.71461,0.714,0.71461,303.002167
Kraken:XRPEUR,2021-06-16T00:51:00Z,0.7129,0.7129,0.7129,0.7129,298.50746268
Kraken:XRPEUR,2021-06-16T00:53:00Z,0.71151,0.71231,0.71108,0.71231,1895.79733584
Kraken:XRPEUR,2021-06-16T00:57:00Z,0.71265,0.71278,0.71208,0.71278,592.393411
Kraken:XRPEUR,2021-06-16T00:59:00Z,0.713,0.71346,0.713,0.71346,303.160194
Kraken:XRPEUR,2021-06-16T01:00:00Z,0.71107,0.71107,0.7108,0.7108,2936.41393333
Kraken:XRPEUR,2021-06-16T01:01:00Z,0.7105,0.7105,0.7105,0.7105,27.9349197
Kraken:XRPEUR,2021-06-16T01:02:00Z,0.71013,0.7102,0.71013,0.7102,144.28446181
Kraken:XRPEUR,2021-06-16T01:04:00Z,0.71021,0.71021,0.70921,0.70942,31457.45009511
Kraken:XRPEUR,2021-06-16T01:05:00Z,0.70927,0.70927,0.708,0.708,3698.85905338
Kraken:XRPEUR,2021-06-16T01:06:00Z,0.709,0.70928,0.709,0.70928,231.86899999
Kraken:XRPEUR,2021-06-16T01:07:00Z,0.70989,0.70989,0.70989,0.70989,1E+1
Kraken:XRPEUR,2021-06-16T01:08:00Z,0.70957,0.70957,0.70957,0.70957,69
Kraken:XRPEUR,2021-06-16T01:10:00Z,0.70939,0.70939,0.70741,0.70741,11962.3681361
Kraken:XRPEUR,2021-06-16T01:11:00Z,0.70727,0.70751,0.70727,0.70751,5.7E+2
Kraken:XRPEUR,2021-06-16T01:12:00Z,0.70734,0.70734,0.70734,0.70734,634.53
Kraken:XRPEUR,2021-06-16T01:13:00Z,0.708,0.70822,0.708,0.70822,41.87402246
Kraken:XRPEUR,2021-06-16T01:14:00Z,0.70998,0.70998,0.70998,0.70998,33.04985
Kraken:XRPEUR,2021-06-16T01:15:00Z,0.71,0.71108,0.71,0.71108,399.8837
Kraken:XRPEUR,2021-06-16T01:16:00Z,0.71049,0.71049,0.71049,0.71049,133.04629
Kraken:XRPEUR,2021-06-16T01:17:00Z,0.71029,0.71029,0.71029,0.71029,221.39290054
Kraken:XRPEUR,2021-06-16T01:18:00Z,0.70931,0.70931,0.70931,0.70931,141.095
Kraken:XRPEUR,2021-06-16T01:21:00Z,0.70817,0.70817,0.70817,0.70817,69.65174129
Kraken:XRPEUR,2021-06-16T01:23:00Z,0.70733,0.70733,0.704,0.704,67781.10127342
Kraken:XRPEUR,2021-06-16T01:24:00Z,0.70403,0.7051,0.7037,0.7051,12631.82321881
Kraken:XRPEUR,2021-06-16T01:25:00Z,0.70496,0.70496,0.70496,0.70496,2E+2
Kraken:XRPEUR,2021-06-16T01:26:00Z,0.70508,0.70508,0.70448,0.70448,70462.22416526
Kraken:XRPEUR,2021-06-16T01:28:00Z,0.706,0.70668,0.706,0.70668,4059.11617916
Kraken:XRPEUR,2021-06-16T01:29:00Z,0.70641,0.70641,0.70641,0.70641,13.08900523
Kraken:XRPEUR,2021-06-16T01:32:00Z,0.70815,0.70815,0.70815,0.70815,233.23547271
Kraken:XRPEUR,2021-06-16T01:34:00Z,0.70842,0.70842,0.70842,0.70842,200.40669
Kraken:XRPEUR,2021-06-16T01:35:00Z,0.70862,0.70886,0.70862,0.70886,132.148508
Kraken:XRPEUR,2021-06-16T01:36:00Z,0.70885,0.70885,0.70885,0.70885,355.854718
Kraken:XRPEUR,2021-06-16T01:37:00Z,0.70901,0.70914,0.70901,0.70914,212.246642
Kraken:XRPEUR,2021-06-16T01:39:00Z,0.70933,0.70963,0.70933,0.70963,1115.820886
Kraken:XRPEUR,2021-06-16T01:40:00Z,0.70954,0.70954,0.70954,0.70954,701.34096392
Kraken:XRPEUR,2021-06-16T01:41:00Z,0.70975,0.70987,0.70975,0.70976,875
Kraken:XRPEUR,2021-06-16T01:42:00Z,0.70999,0.70999,0.70999,0.70999,29.69739
Kraken:XRPEUR,2021-06-16T01:43:00Z,0.71,0.71028,0.71,0.71028,55.68606746
Kraken:XRPEUR,2021-06-16T01:56:00Z,0.70973,0.70973,0.70945,0.70945,5421.59682
Kraken:XRPEUR,2021-06-16T01:57:00Z,0.7102,0.7102,0.7102,0.7102,35.45918
Kraken:XRPEUR,2021-06-16T01:59:00Z,0.71018,0.71018,0.71018,0.71018,1154.009475
Kraken:XRPEUR,2021-06-16T02:00:00Z,0.7109,0.7109,0.7109,0.7109,423.525436
Kraken:XRPEUR,2021-06-16T02:01:00Z,0.71079,0.71079,0.71079,0.71079,992.589131
Kraken:XRPEUR,2021-06-16T02:02:00Z,0.71092,0.71092,0.71092,0.71092,143.21895432
Kraken:XRPEUR,2021-06-16T02:03:00Z,0.71104,0.71185,0.71104,0.71185,175.718679
Kraken:XRPEUR,2021-06-16T02:10:00Z,0.71186,0.71186,0.71186,0.71186,82.76839203
Kraken:XRPEUR,2021-06-16T02:11:00Z,0.712,0.71249,0.712,0.71249,90.16614
Kraken:XRPEUR,2021-06-16T02:12:00Z,0.71194,0.71194,0.71194,0.71194,1137.1655
Kraken:XRPEUR,2021-06-16T02:16:00Z,0.71185,0.71185,0.71185,0.71185,27.6802
Kraken:XRPEUR,2021-06-16T02:23:00Z,0.7124,0.7124,0.7124,0.7124,78.016736
Kraken:XRPEUR,2021-06-16T02:26:00Z,0.71306,0.71349,0.71306,0.71349,132.58242
Kraken:XRPEUR,2021-06-16T02:27:00Z,0.71348,0.71348,0.71348,0.71348,26.54224
Kraken:XRPEUR,2021-06-16T02:30:00Z,0.71349,0.714,0.71349,0.714,114.19657999
Kraken:XRPEUR,2021-06-16T02:33:00Z,0.71448,0.71448,0.71448,0.71448,444.649018
Kraken:XRPEUR,2021-06-16T02:36:00Z,0.71472,0.71489,0.71472,0.71489,577.38228881
Kraken:XRPEUR,2021-06-16T02:40:00Z,0.71478,0.71478,0.71478,0.71478,283.352
Kraken:XRPEUR,2021-06-16T02:44:00Z,0.71283,0.71283,0.71283,0.71283,69.599842
Kraken:XRPEUR,2021-06-16T02:46:00Z,0.71184,0.71184,0.71184,0.71184,75.98978269
Kraken:XRPEUR,2021-06-16T02:49:00Z,0.71244,0.71244,0.71201,0.7124,937.75405
Kraken:XRPEUR,2021-06-16T02:50:00Z,0.71201,0.71201,0.71201,0.71201,71.26760563
Kraken:XRPEUR,2021-06-16T02:51:00Z,0.71241,0.71241,0.71241,0.71241,38.068904
Kraken:XRPEUR,2021-06-16T02:58:00Z,0.71356,0.71356,0.71356,0.71356,127.866316
Kraken:XRPEUR,2021-06-16T02:59:00Z,0.7137,0.7137,0.71288,0.71288,2.9E+2
Kraken:XRPEUR,2021-06-16T03:00:00Z,0.71255,0.71255,0.71255,0.71255,199.99999999
Kraken:XRPEUR,2021-06-16T03:01:00Z,0.71278,0.71278,0.71278,0.71278,34.800897
Kraken:XRPEUR,2021-06-16T03:04:00Z,0.7119,0.7119,0.7119,0.7119,465
Kraken:XRPEUR,2021-06-16T03:13:00Z,0.71174,0.7122,0.71174,0.7122,711.73313
Kraken:XRPEUR,2021-06-16T03:15:00Z,0.71165,0.71165,0.71151,0.71151,1.5E+3
Kraken:XRPEUR,2021-06-16T03:21:00Z,0.7123,0.7123,0.7123,0.7123,409.76376737
Kraken:XRPEUR,2021-06-16T03:23:00Z,0.71284,0.71298,0.71284,0.71298,287.2159127
Kraken:XRPEUR,2021-06-16T03:25:00Z,0.71298,0.71298,0.71298,0.71298,199.14466
Kraken:XRPEUR,2021-06-16T03:26:00Z,0.713,0.713,0.713,0.713,1853
Kraken:XRPEUR,2021-06-16T03:29:00Z,0.71214,0.71214,0.71213,0.71213,16772.45032
Kraken:XRPEUR,2021-06-16T03:30:00Z,0.7118,0.7118,0.7118,0.7118,199.99999999
Kraken:XRPEUR,2021-06-16T03:31:00Z,0.71166,0.71166,0.71166,0.71166,2E+2
Kraken:XRPEUR,2021-06-16T03:32:00Z,0.71257,0.71257,0.71257,0.71257,14
Kraken:XRPEUR,2021-06-16T03:35:00Z,0.71373,0.71434,0.71373,0.71434,275.98978268
Kraken:XRPEUR,2021-06-16T03:36:00Z,0.71488,0.715,0.71488,0.715,230.058515
Kraken:XRPEUR,2021-06-16T03:37:00Z,0.715,0.71538,0.715,0.71523,189.28056973
Kraken:XRPEUR,2021-06-16T03:39:00Z,0.71504,0.71504,0.71504,0.71504,1.5E+3
Kraken:XRPEUR,2021-06-16T03:40:00Z,0.715,0.715,0.715,0.715,1989.07279268
Kraken:XRPEUR,2021-06-16T03:42:00Z,0.71429,0.71471,0.71429,0.71471,9016.90946393
Kraken:XRPEUR,2021-06-16T03:48:00Z,0.71417,0.71417,0.71417,0.71417,164.6095
Kraken:XRPEUR,2021-06-16T03:50:00Z,0.71389,0.71389,0.71389,0.71389,1E+3
Kraken:XRPEUR,2021-06-16T03:52:00Z,0.71419,0.71419,0.71419,0.71419,32.251439
Kraken:XRPEUR,2021-06-16T03:58:00Z,0.71427,0.71427,0.71427,0.71427,5E+3
Kraken:XRPEUR,2021-06-16T03:59:00Z,0.71426,0.71426,0.71426,0.71426,482.58706467
Kraken:XRPEUR,2021-06-16T04:04:00Z,0.71426,0.71426,0.71426,0.71426,57.2
Kraken:XRPEUR,2021-06-16T04:05:00Z,0.71426,0.71426,0.71341,0.71341,532.98648143
Kraken:XRPEUR,2021-06-16T04:08:00Z,0.71404,0.71404,0.71404,0.71404,4E+2
Kraken:XRPEUR,2021-06-16T04:11:00Z,0.71466,0.71466,0.71416,0.71423,566.508671
Kraken:XRPEUR,2021-06-16T04:12:00Z,0.71409,0.71426,0.71409,0.71426,195.46100782
Kraken:XRPEUR,2021-06-16T04:15:00Z,0.71506,0.71506,0.71506,0.71506,1.4E+3
Kraken:XRPEUR,2021-06-16T04:16:00Z,0.7155,0.71746,0.7155,0.71746,43237.3095787
Kraken:XRPEUR,2021-06-16T04:17:00Z,0.71718,0.71756,0.71718,0.71756,1702.331002
Kraken:XRPEUR,2021-06-16T04:20:00Z,0.71771,0.71771,0.7177,0.7177,243.721876
Kraken:XRPEUR,2021-06-16T04:23:00Z,0.71566,0.71566,0.71527,0.71527,1439.71765657
Kraken:XRPEUR,2021-06-16T04:24:00Z,0.71531,0.71531,0.71531,0.71531,25.0040651
Kraken:XRPEUR,2021-06-16T04:25:00Z,0.71559,0.71559,0.71513,0.71513,1238.67131
Kraken:XRPEUR,2021-06-16T04:26:00Z,0.71463,0.71463,0.71463,0.71463,461.988871
Kraken:XRPEUR,2021-06-16T04:28:00Z,0.71531,0.71531,0.71531,0.71531,858.569054
Kraken:XRPEUR,2021-06-16T04:30:00Z,0.7147,0.7151,0.7147,0.7151,426.16675058
Kraken:XRPEUR,2021-06-16T04:31:00Z,0.71609,0.717,0.71609,0.717,7970.54342742
Kraken:XRPEUR,2021-06-16T04:32:00Z,0.71703,0.7181,0.71702,0.7181,876.77262399
Kraken:XRPEUR,2021-06-16T04:34:00Z,0.71648,0.71648,0.71647,0.71648,163.74874
Kraken:XRPEUR,2021-06-16T04:35:00Z,0.71662,0.71672,0.71662,0.71665,2568.5537253
Kraken:XRPEUR,2021-06-16T04:36:00Z,0.7178,0.71808,0.7178,0.71808,52.062489
Kraken:XRPEUR,2021-06-16T04:37:00Z,0.71773,0.71773,0.71773,0.71773,1E+3
Kraken:XRPEUR,2021-06-16T04:41:00Z,0.7173,0.71735,0.7173,0.71735,225.82758556
Kraken:XRPEUR,2021-06-16T04:45:00Z,0.71668,0.71668,0.71668,0.71668,76
Kraken:XRPEUR,2021-06-16T04:47:00Z,0.71652,0.71665,0.71652,0.71665,7402.207533
Kraken:XRPEUR,2021-06-16T04:49:00Z,0.71679,0.71679,0.71611,0.71611,995.02487562
Kraken:XRPEUR,2021-06-16T04:50:00Z,0.71647,0.71647,0.71647,0.71647,5.5721393
Kraken:XRPEUR,2021-06-16T04:55:00Z,0.7166,0.7169,0.71648,0.71648,439.77981
Kraken:XRPEUR,2021-06-16T05:00:00Z,0.71682,0.71682,0.71682,0.71682,69.28018
Kraken:XRPEUR,2021-06-16T05:01:00Z,0.71686,0.71686,0.71686,0.71686,94.41879983
Kraken:XRPEUR,2021-06-16T05:02:00Z,0.71701,0.71701,0.71701,0.71701,1607.680239
Kraken:XRPEUR,2021-06-16T05:03:00Z,0.71738,0.71738,0.71738,0.71738,58.237952
Kraken:XRPEUR,2021-06-16T05:04:00Z,0.71744,0.71744,0.71744,0.71744,1E+2
Kraken:XRPEUR,2021-06-16T05:05:00Z,0.71683,0.71683,0.71683,0.71683,34.25527529
Kraken:XRPEUR,2021-06-16T05:08:00Z,0.71639,0.71639,0.71639,0.71639,130.3120451
Kraken:XRPEUR,2021-06-16T05:16:00Z,0.71573,0.71573,0.71573,0.71573,68
Kraken:XRPEUR,2021-06-16T05:17:00Z,0.71612,0.71612,0.71612,0.71612,410.49894559
Kraken:XRPEUR,2021-06-16T05:18:00Z,0.71621,0.71625,0.71621,0.71625,5322.88557213
Kraken:XRPEUR,2021-06-16T05:20:00Z,0.71658,0.71658,0.71658,0.71658,139.27577
Kraken:XRPEUR,2021-06-16T05:21:00Z,0.71658,0.71658,0.71605,0.71605,139.10673034
Kraken:XRPEUR,2021-06-16T05:24:00Z,0.71662,0.71673,0.71662,0.71673,152.380425
Kraken:XRPEUR,2021-06-16T05:26:00Z,0.71632,0.71632,0.71632,0.71632,69.44444444
Kraken:XRPEUR,2021-06-16T05:28:00Z,0.7172,0.7172,0.7172,0.7172,212.80640058
Kraken:XRPEUR,2021-06-16T05:31:00Z,0.71708,0.71757,0.71708,0.71757,292.0071912
Kraken:XRPEUR,2021-06-16T05:32:00Z,0.71726,0.71727,0.71726,0.71727,939.13629561
Kraken:XRPEUR,2021-06-16T05:33:00Z,0.71717,0.71717,0.71717,0.71717,2103.99999998
Kraken:XRPEUR,2021-06-16T05:35:00Z,0.71705,0.71708,0.71705,0.71708,2147.074536
Kraken:XRPEUR,2021-06-16T05:37:00Z,0.71779,0.71779,0.71779,0.71779,144.74907144
Kraken:XRPEUR,2021-06-16T05:40:00Z,0.71789,0.71789,0.71789,0.71789,5738.651016
Kraken:XRPEUR,2021-06-16T05:41:00Z,0.71797,0.71797,0.71797,0.71797,110.615115
Kraken:XRPEUR,2021-06-16T05:42:00Z,0.71797,0.71797,0.71797,0.71797,89.384885
Kraken:XRPEUR,2021-06-16T05:43:00Z,0.71839,0.71863,0.71839,0.71863,1622.85021381
Kraken:XRPEUR,2021-06-16T05:44:00Z,0.7186,0.7186,0.7186,0.7186,533.86489192
Kraken:XRPEUR,2021-06-16T05:45:00Z,0.71808,0.71808,0.71808,0.71808,139.58224247
Kraken:XRPEUR,2021-06-16T05:46:00Z,0.71811,0.71834,0.71811,0.71834,3630.18406
Kraken:XRPEUR,2021-06-16T05:47:00Z,0.7182,0.7182,0.71818,0.71818,227.635156
Kraken:XRPEUR,2021-06-16T05:48:00Z,0.71797,0.71797,0.71736,0.71736,1010.615115
Kraken:XRPEUR,2021-06-16T05:53:00Z,0.71787,0.71787,0.71787,0.71787,32.69972
Kraken:XRPEUR,2021-06-16T05:54:00Z,0.71715,0.71715,0.71715,0.71715,385
Kraken:XRPEUR,2021-06-16T05:55:00Z,0.71697,0.71758,0.71697,0.71719,27936.32714364
Kraken:XRPEUR,2021-06-16T05:56:00Z,0.71723,0.71723,0.71723,0.71723,65.72538
Kraken:XRPEUR,2021-06-16T05:57:00Z,0.71716,0.71716,0.7168,0.7168,3191.26784454
Kraken:XRPEUR,2021-06-16T05:58:00Z,0.71668,0.71668,0.71668,0.71668,1071.092603
Kraken:XRPEUR,2021-06-16T05:59:00Z,0.7171,0.7171,0.71611,0.71611,39290.15491
Kraken:XRPEUR,2021-06-16T06:00:00Z,0.71692,0.71703,0.71692,0.71703,297.009159
Kraken:XRPEUR,2021-06-16T06:01:00Z,0.71724,0.71736,0.71724,0.71736,596.09159943
Kraken:XRPEUR,2021-06-16T06:02:00Z,0.71737,0.71737,0.71737,0.71737,207.539225
Kraken:XRPEUR,2021-06-16T06:03:00Z,0.71728,0.71728,0.71728,0.71728,5E+1
Kraken:XRPEUR,2021-06-16T06:04:00Z,0.71641,0.71641,0.71641,0.71641,33.49068
Kraken:XRPEUR,2021-06-16T06:06:00Z,0.71688,0.71707,0.71639,0.71704,3166.86268241
Kraken:XRPEUR,2021-06-16T06:07:00Z,0.71775,0.71775,0.71775,0.71775,224.3691
Kraken:XRPEUR,2021-06-16T06:08:00Z,0.71726,0.71726,0.71726,0.71726,67.082805
Kraken:XRPEUR,2021-06-16T06:09:00Z,0.71721,0.71721,0.71721,0.71721,34.59614
Kraken:XRPEUR,2021-06-16T06:10:00Z,0.71719,0.71719,0.71719,0.71719,30.18406
Kraken:XRPEUR,2021-06-16T06:11:00Z,0.71734,0.71734,0.71734,0.71734,69.18167
Kraken:XRPEUR,2021-06-16T06:13:00Z,0.71729,0.71729,0.71729,0.71729,1330.5785124
Kraken:XRPEUR,2021-06-16T06:15:00Z,0.71761,0.71779,0.71761,0.71779,171.33559088
Kraken:XRPEUR,2021-06-16T06:16:00Z,0.71778,0.71871,0.71778,0.71871,2543.51559499
Kraken:XRPEUR,2021-06-16T06:17:00Z,0.71888,0.71942,0.71888,0.71942,2498.5751115
Kraken:XRPEUR,2021-06-16T06:19:00Z,0.71934,0.71941,0.71898,0.71941,972.07863512
Kraken:XRPEUR,2021-06-16T06:20:00Z,0.71924,0.71942,0.71924,0.71934,951.741834
Kraken:XRPEUR,2021-06-16T06:21:00Z,0.7193,0.7193,0.7193,0.7193,98.431237
Kraken:XRPEUR,2021-06-16T06:22:00Z,0.71942,0.71942,0.71929,0.71929,117.27044
Kraken:XRPEUR,2021-06-16T06:23:00Z,0.719,0.719,0.719,0.719,145.05595442
Kraken:XRPEUR,2021-06-16T06:24:00Z,0.71939,0.71939,0.71938,0.71939,1868.499835
Kraken:XRPEUR,2021-06-16T06:25:00Z,0.71918,0.71938,0.71918,0.71938,673.002724
Kraken:XRPEUR,2021-06-16T06:26:00Z,0.71942,0.71982,0.71942,0.71958,9863.72741541
Kraken:XRPEUR,2021-06-16T06:27:00Z,0.71953,0.71954,0.71897,0.71897,3181.5780576
Kraken:XRPEUR,2021-06-16T06:29:00Z,0.7194,0.7194,0.7194,0.7194,68.48189
Kraken:XRPEUR,2021-06-16T06:30:00Z,0.71835,0.71835,0.71813,0.71813,9700.00000002
Kraken:XRPEUR,2021-06-16T06:31:00Z,0.71846,0.71846,0.71845,0.71845,705.27473639
Kraken:XRPEUR,2021-06-16T06:34:00Z,0.71801,0.71803,0.71801,0.71802,688.85985
Kraken:XRPEUR,2021-06-16T06:35:00Z,0.71803,0.71847,0.71801,0.71801,987.70524321
Kraken:XRPEUR,2021-06-16T06:36:00Z,0.71801,0.71801,0.71801,0.71801,34.559039
Kraken:XRPEUR,2021-06-16T06:37:00Z,0.718,0.718,0.718,0.718,12829.21667827
Kraken:XRPEUR,2021-06-16T06:38:00Z,0.71798,0.71798,0.71798,0.71798,6.86087
Kraken:XRPEUR,2021-06-16T06:39:00Z,0.71765,0.71765,0.71765,0.71765,243.73259
Kraken:XRPEUR,2021-06-16T06:41:00Z,0.71827,0.71827,0.71807,0.71807,668.624479
Kraken:XRPEUR,2021-06-16T06:42:00Z,0.71767,0.71767,0.71734,0.71734,139.48032238
Kraken:XRPEUR,2021-06-16T06:44:00Z,0.71722,0.71722,0.71722,0.71722,159.20398009
Kraken:XRPEUR,2021-06-16T06:45:00Z,0.71793,0.71793,0.71793,0.71793,44.7761194
Kraken:XRPEUR,2021-06-16T06:46:00Z,0.71853,0.71853,0.71801,0.71801,2429.51670438
Kraken:XRPEUR,2021-06-16T06:47:00Z,0.71787,0.71787,0.71787,0.71787,354.15116943
Kraken:XRPEUR,2021-06-16T06:48:00Z,0.71804,0.71804,0.71764,0.71764,424.37362084
Kraken:XRPEUR,2021-06-16T06:51:00Z,0.71801,0.71801,0.71744,0.71744,330.576139
Kraken:XRPEUR,2021-06-16T06:52:00Z,0.718,0.718,0.71798,0.71798,441.459875
Kraken:XRPEUR,2021-06-16T06:53:00Z,0.71754,0.71754,0.71754,0.71754,98.070824
Kraken:XRPEUR,2021-06-16T06:54:00Z,0.71785,0.71785,0.71785,0.71785,160.09586368
Kraken:XRPEUR,2021-06-16T06:56:00Z,0.71808,0.71808,0.71752,0.71752,6E+2
Kraken:XRPEUR,2021-06-16T06:57:00Z,0.71709,0.71751,0.71709,0.71751,298.69724872
Kraken:XRPEUR,2021-06-16T06:58:00Z,0.71749,0.71749,0.71749,0.71749,921.568
Kraken:XRPEUR,2021-06-16T07:00:00Z,0.71857,0.71905,0.71857,0.71887,1755.01036267
Kraken:XRPEUR,2021-06-16T07:01:00Z,0.71895,0.71895,0.71895,0.71895,2281.08241185
Kraken:XRPEUR,2021-06-16T07:03:00Z,0.72,0.72036,0.71962,0.72005,8120.97379834
Kraken:XRPEUR,2021-06-16T07:04:00Z,0.72029,0.72029,0.72029,0.72029,25.99782
Kraken:XRPEUR,2021-06-16T07:05:00Z,0.7203,0.7203,0.71944,0.71944,1835.71597792
Kraken:XRPEUR,2021-06-16T07:07:00Z,0.71945,0.71945,0.71945,0.71945,710.635036
Kraken:XRPEUR,2021-06-16T07:08:00Z,0.71934,0.71934,0.71934,0.71934,68.985489
Kraken:XRPEUR,2021-06-16T07:09:00Z,0.71929,0.71929,0.71893,0.71921,171.23850498
Kraken:XRPEUR,2021-06-16T07:10:00Z,0.71882,0.71882,0.71882,0.71882,41.11428
Kraken:XRPEUR,2021-06-16T07:11:00Z,0.71924,0.71924,0.71924,0.71924,68.997958
Kraken:XRPEUR,2021-06-16T07:14:00Z,0.71829,0.71829,0.71785,0.71785,7138.178422
Kraken:XRPEUR,2021-06-16T07:15:00Z,0.71813,0.71813,0.71756,0.7178,7012.21376235
Kraken:XRPEUR,2021-06-16T07:17:00Z,0.71751,0.71751,0.71695,0.71695,3420.02631976
Kraken:XRPEUR,2021-06-16T07:18:00Z,0.71776,0.71776,0.7175,0.7175,1508.41726195
Kraken:XRPEUR,2021-06-16T07:20:00Z,0.71769,0.71769,0.71743,0.71743,4513.097607
Kraken:XRPEUR,2021-06-16T07:21:00Z,0.71703,0.71703,0.71683,0.71683,277.68245
Kraken:XRPEUR,2021-06-16T07:23:00Z,0.7174,0.71741,0.7174,0.71741,683.930938
Kraken:XRPEUR,2021-06-16T07:24:00Z,0.71746,0.71746,0.7172,0.7172,3856.886836
Kraken:XRPEUR,2021-06-16T07:25:00Z,0.71755,0.71755,0.71755,0.71755,138.311282
Kraken:XRPEUR,2021-06-16T07:26:00Z,0.71644,0.71644,0.71644,0.71644,75.9897827
Kraken:XRPEUR,2021-06-16T07:27:00Z,0.71703,0.71703,0.71703,0.71703,71.140678
Kraken:XRPEUR,2021-06-16T07:28:00Z,0.71663,0.71663,0.71663,0.71663,172.69511343
Kraken:XRPEUR,2021-06-16T07:29:00Z,0.71703,0.71703,0.71703,0.71703,1E+3
Kraken:XRPEUR,2021-06-16T07:31:00Z,0.71691,0.71691,0.71691,0.71691,68.13609547
Kraken:XRPEUR,2021-06-16T07:32:00Z,0.71628,0.71628,0.71628,0.71628,56.43796
Kraken:XRPEUR,2021-06-16T07:33:00Z,0.71652,0.71652,0.71652,0.71652,113.07738659
Kraken:XRPEUR,2021-06-16T07:35:00Z,0.71608,0.71608,0.71608,0.71608,27.51631
Kraken:XRPEUR,2021-06-16T07:37:00Z,0.71695,0.71695,0.71695,0.71695,487.98851135
Kraken:XRPEUR,2021-06-16T07:39:00Z,0.71731,0.71731,0.71727,0.71727,205.46425
Kraken:XRPEUR,2021-06-16T07:40:00Z,0.71727,0.7173,0.71727,0.7173,3032.836364
Kraken:XRPEUR,2021-06-16T07:41:00Z,0.71713,0.71713,0.71713,0.71713,100.0373
Kraken:XRPEUR,2021-06-16T07:42:00Z,0.71742,0.71742,0.71692,0.71692,225.44826
Kraken:XRPEUR,2021-06-16T07:43:00Z,0.71706,0.71706,0.71706,0.71706,240.31471
Kraken:XRPEUR,2021-06-16T07:44:00Z,0.71653,0.71667,0.71641,0.71667,3301.33817301
Kraken:XRPEUR,2021-06-16T07:46:00Z,0.71733,0.71733,0.71733,0.71733,65.72812
Kraken:XRPEUR,2021-06-16T07:47:00Z,0.71717,0.71717,0.71708,0.71708,111.08606557
Kraken:XRPEUR,2021-06-16T07:48:00Z,0.71708,0.71708,0.71646,0.71646,466.45
Kraken:XRPEUR,2021-06-16T07:49:00Z,0.71635,0.71635,0.71635,0.71635,708.45258
Kraken:XRPEUR,2021-06-16T07:50:00Z,0.7164,0.7164,0.7164,0.7164,418.93285874
Kraken:XRPEUR,2021-06-16T07:52:00Z,0.7164,0.7164,0.71603,0.71603,110.1878869
Kraken:XRPEUR,2021-06-16T07:53:00Z,0.7164,0.7164,0.7164,0.7164,4.12571
Kraken:XRPEUR,2021-06-16T07:54:00Z,0.7164,0.7164,0.7164,0.7164,2958.43519428
Kraken:XRPEUR,2021-06-16T07:55:00Z,0.71636,0.71636,0.71636,0.71636,1E+1
Kraken:XRPEUR,2021-06-16T07:57:00Z,0.71602,0.71602,0.71457,0.71457,14351.97129866
Kraken:XRPEUR,2021-06-16T07:58:00Z,0.71468,0.71468,0.71468,0.71468,251.18427383
Kraken:XRPEUR,2021-06-16T07:59:00Z,0.71484,0.71498,0.71468,0.71498,28958.15582
Kraken:XRPEUR,2021-06-16T08:00:00Z,0.71484,0.71484,0.71484,0.71484,199.99999999
Kraken:XRPEUR,2021-06-16T08:06:00Z,0.71733,0.71733,0.71733,0.71733,282.32932
Kraken:XRPEUR,2021-06-16T08:07:00Z,0.71739,0.71739,0.71739,0.71739,137.30929
Kraken:XRPEUR,2021-06-16T08:08:00Z,0.71734,0.71734,0.71734,0.71734,134.92205919
Kraken:XRPEUR,2021-06-16T08:09:00Z,0.71736,0.71736,0.71736,0.71736,274.67218
Kraken:XRPEUR,2021-06-16T08:10:00Z,0.71706,0.71706,0.71706,0.71706,39.65574
Kraken:XRPEUR,2021-06-16T08:11:00Z,0.71762,0.71762,0.71688,0.71749,1340.53844733
Kraken:XRPEUR,2021-06-16T08:12:00Z,0.71769,0.71769,0.71769,0.71769,38.8238573
Kraken:XRPEUR,2021-06-16T08:14:00Z,0.71815,0.71815,0.71815,0.71815,6E+2
Kraken:XRPEUR,2021-06-16T08:15:00Z,0.71793,0.71846,0.71793,0.71842,382.265344
Kraken:XRPEUR,2021-06-16T08:16:00Z,0.7181,0.7181,0.7181,0.7181,27.43509
Kraken:XRPEUR,2021-06-16T08:17:00Z,0.71776,0.71776,0.71776,0.71776,96.08838
Kraken:XRPEUR,2021-06-16T08:18:00Z,0.7179,0.7179,0.7179,0.7179,15.09588
Kraken:XRPEUR,2021-06-16T08:20:00Z,0.7179,0.7179,0.71772,0.71772,656.49248315
Kraken:XRPEUR,2021-06-16T08:21:00Z,0.71698,0.71698,0.71698,0.71698,54.76315621
Kraken:XRPEUR,2021-06-16T08:22:00Z,0.71685,0.71699,0.71663,0.71663,149.66040005
Kraken:XRPEUR,2021-06-16T08:23:00Z,0.71664,0.71664,0.71664,0.71664,36.266787
Kraken:XRPEUR,2021-06-16T08:24:00Z,0.71666,0.71673,0.71666,0.71673,53.45598037
Kraken:XRPEUR,2021-06-16T08:25:00Z,0.71517,0.71518,0.71517,0.71518,628.33
Kraken:XRPEUR,2021-06-16T08:26:00Z,0.71551,0.71551,0.71482,0.71482,744.29903999
Kraken:XRPEUR,2021-06-16T08:28:00Z,0.7142,0.71429,0.7142,0.71426,14031.85743429
Kraken:XRPEUR,2021-06-16T08:29:00Z,0.71409,0.71438,0.71409,0.71438,278.50342885
Kraken:XRPEUR,2021-06-16T08:30:00Z,0.71418,0.71419,0.71355,0.71355,5037.76854383
Kraken:XRPEUR,2021-06-16T08:32:00Z,0.71357,0.71357,0.71357,0.71357,398.2297
Kraken:XRPEUR,2021-06-16T08:35:00Z,0.71433,0.71433,0.71433,0.71433,416.94615
Kraken:XRPEUR,2021-06-16T08:36:00Z,0.71419,0.71432,0.71419,0.71432,361.314782
Kraken:XRPEUR,2021-06-16T08:38:00Z,0.71503,0.71503,0.71503,0.71503,323
Kraken:XRPEUR,2021-06-16T08:39:00Z,0.71542,0.71542,0.71413,0.71413,455.048451
Kraken:XRPEUR,2021-06-16T08:40:00Z,0.71408,0.71411,0.71408,0.7141,8365.75001599
Kraken:XRPEUR,2021-06-16T08:42:00Z,0.71521,0.71521,0.7144,0.71481,1107.5
Kraken:XRPEUR,2021-06-16T08:45:00Z,0.71505,0.71505,0.71505,0.71505,65.93027
Kraken:XRPEUR,2021-06-16T08:46:00Z,0.71533,0.71552,0.71533,0.71552,3787.49988353
Kraken:XRPEUR,2021-06-16T08:47:00Z,0.71567,0.71567,0.71527,0.71527,1128.723061
Kraken:XRPEUR,2021-06-16T08:48:00Z,0.71566,0.71567,0.71563,0.71567,1122.48914148
Kraken:XRPEUR,2021-06-16T08:49:00Z,0.71567,0.71569,0.71567,0.71569,11977.96056
Kraken:XRPEUR,2021-06-16T08:51:00Z,0.71571,0.71571,0.71571,0.71571,160.26242
Kraken:XRPEUR,2021-06-16T08:52:00Z,0.71567,0.71567,0.71567,0.71567,399.19937975
Kraken:XRPEUR,2021-06-16T08:53:00Z,0.71635,0.71666,0.71612,0.71612,1758.873221
Kraken:XRPEUR,2021-06-16T08:54:00Z,0.71587,0.71587,0.715,0.715,4289.813593
Kraken:XRPEUR,2021-06-16T08:55:00Z,0.71498,0.71498,0.71479,0.71479,500.90398565
Kraken:XRPEUR,2021-06-16T08:56:00Z,0.71422,0.71444,0.71416,0.71416,813.120836
Kraken:XRPEUR,2021-06-16T08:57:00Z,0.71404,0.71404,0.71388,0.71388,878.19125
Kraken:XRPEUR,2021-06-16T08:58:00Z,0.71347,0.71347,0.7133,0.7133,1714.79837352
Kraken:XRPEUR,2021-06-16T08:59:00Z,0.7144,0.71478,0.7144,0.71478,531.36769875
Kraken:XRPEUR,2021-06-16T09:01:00Z,0.71459,0.71459,0.71443,0.71443,1272.36810746
Kraken:XRPEUR,2021-06-16T09:02:00Z,0.71437,0.71437,0.71381,0.71433,1751.98143975
Kraken:XRPEUR,2021-06-16T09:03:00Z,0.71436,0.71436,0.71383,0.71436,5414.97175651
Kraken:XRPEUR,2021-06-16T09:04:00Z,0.71448,0.71448,0.71448,0.71448,937.94761252
Kraken:XRPEUR,2021-06-16T09:05:00Z,0.71498,0.71498,0.7148,0.7148,243.046533
Kraken:XRPEUR,2021-06-16T09:06:00Z,0.71445,0.71445,0.71445,0.71445,279.78680245
Kraken:XRPEUR,2021-06-16T09:08:00Z,0.71332,0.71348,0.71332,0.71348,722.34228855
Kraken:XRPEUR,2021-06-16T09:09:00Z,0.71395,0.71396,0.71395,0.71396,639.25252
Kraken:XRPEUR,2021-06-16T09:11:00Z,0.7138,0.7138,0.71326,0.71326,2594.40122
Kraken:XRPEUR,2021-06-16T09:12:00Z,0.71293,0.71312,0.71278,0.71312,1904.2948
Kraken:XRPEUR,2021-06-16T09:13:00Z,0.71311,0.71311,0.71311,0.71311,561.61416938
Kraken:XRPEUR,2021-06-16T09:14:00Z,0.71311,0.71312,0.71311,0.71312,2089.9413277
Kraken:XRPEUR,2021-06-16T09:15:00Z,0.71312,0.71359,0.71312,0.71359,356.652253
Kraken:XRPEUR,2021-06-16T09:16:00Z,0.71352,0.71352,0.712,0.712,4663.84073033
Kraken:XRPEUR,2021-06-16T09:17:00Z,0.71228,0.71228,0.71228,0.71228,1046.153117
Kraken:XRPEUR,2021-06-16T09:18:00Z,0.71213,0.71213,0.71129,0.71129,1255.046056
Kraken:XRPEUR,2021-06-16T09:19:00Z,0.71214,0.71229,0.71214,0.71229,269.15874095
Kraken:XRPEUR,2021-06-16T09:20:00Z,0.7121,0.7121,0.7121,0.7121,785.72305771
Kraken:XRPEUR,2021-06-16T09:21:00Z,0.71223,0.7132,0.71193,0.71317,21951.05321222
Kraken:XRPEUR,2021-06-16T09:22:00Z,0.71356,0.71356,0.71356,0.71356,132.491384
Kraken:XRPEUR,2021-06-16T09:23:00Z,0.71294,0.71294,0.71294,0.71294,125.67645
Kraken:XRPEUR,2021-06-16T09:25:00Z,0.71376,0.71376,0.71327,0.71336,410.56481756
Kraken:XRPEUR,2021-06-16T09:26:00Z,0.71333,0.71333,0.71333,0.71333,268.90021
Kraken:XRPEUR,2021-06-16T09:27:00Z,0.71287,0.71312,0.7128,0.71312,1627.36444463
Kraken:XRPEUR,2021-06-16T09:28:00Z,0.71316,0.71316,0.71243,0.71243,171.12717
Kraken:XRPEUR,2021-06-16T09:29:00Z,0.71325,0.71333,0.71325,0.71333,1056.71900711
Kraken:XRPEUR,2021-06-16T09:31:00Z,0.71342,0.71342,0.71328,0.71328,2695.61345449
Kraken:XRPEUR,2021-06-16T09:32:00Z,0.71323,0.71323,0.71323,0.71323,4E+3
Kraken:XRPEUR,2021-06-16T09:33:00Z,0.71245,0.71291,0.71239,0.71291,1653.011589
Kraken:XRPEUR,2021-06-16T09:34:00Z,0.71308,0.71308,0.71308,0.71308,1396.8196
Kraken:XRPEUR,2021-06-16T09:35:00Z,0.71328,0.71338,0.71302,0.71302,8249.92225322
Kraken:XRPEUR,2021-06-16T09:36:00Z,0.71312,0.71325,0.71312,0.71325,1204.49374067
Kraken:XRPEUR,2021-06-16T09:37:00Z,0.71316,0.71316,0.71314,0.71314,5198.83052399
Kraken:XRPEUR,2021-06-16T09:38:00Z,0.71337,0.71337,0.71303,0.71303,120.24892976
Kraken:XRPEUR,2021-06-16T09:39:00Z,0.71337,0.71337,0.71337,0.71337,5.53672537
Kraken:XRPEUR,2021-06-16T09:40:00Z,0.71371,0.71371,0.71371,0.71371,15.42718755
Kraken:XRPEUR,2021-06-16T09:41:00Z,0.71401,0.71401,0.71401,0.71401,971.51417125
Kraken:XRPEUR,2021-06-16T09:42:00Z,0.71394,0.71394,0.71394,0.71394,2.8E+2
Kraken:XRPEUR,2021-06-16T09:43:00Z,0.71418,0.71418,0.71418,0.71418,229.56
Kraken:XRPEUR,2021-06-16T09:45:00Z,0.71497,0.71526,0.71496,0.71526,25666.13255702
Kraken:XRPEUR,2021-06-16T09:46:00Z,0.71494,0.71494,0.71494,0.71494,14.0020723
Kraken:XRPEUR,2021-06-16T09:47:00Z,0.71492,0.71492,0.71492,0.71492,27.55941
Kraken:XRPEUR,2021-06-16T09:48:00Z,0.7144,0.71442,0.7144,0.71442,132
Kraken:XRPEUR,2021-06-16T09:49:00Z,0.71465,0.71465,0.71424,0.71424,147.50115
Kraken:XRPEUR,2021-06-16T09:50:00Z,0.714,0.71401,0.714,0.71401,4479.81106707
Kraken:XRPEUR,2021-06-16T09:51:00Z,0.71422,0.71422,0.71388,0.71388,4145.24916692
Kraken:XRPEUR,2021-06-16T09:52:00Z,0.71392,0.71392,0.71392,0.71392,248.7562189
Kraken:XRPEUR,2021-06-16T09:54:00Z,0.71333,0.71333,0.71333,0.71333,445.25639185
Kraken:XRPEUR,2021-06-16T09:55:00Z,0.71302,0.71303,0.71302,0.71302,970.66256295
Kraken:XRPEUR,2021-06-16T09:56:00Z,0.71257,0.71273,0.71257,0.71273,146.96516759
Kraken:XRPEUR,2021-06-16T09:57:00Z,0.71253,0.71258,0.71253,0.71258,1.35E+4
Kraken:XRPEUR,2021-06-16T09:58:00Z,0.712,0.712,0.71154,0.71154,514.903152
Kraken:XRPEUR,2021-06-16T10:00:00Z,0.71121,0.71121,0.71121,0.71121,301.39575578
Kraken:XRPEUR,2021-06-16T10:01:00Z,0.71032,0.71107,0.71032,0.71107,1106.92400286
Kraken:XRPEUR,2021-06-16T10:02:00Z,0.71106,0.71205,0.71106,0.71205,950.72543682
Kraken:XRPEUR,2021-06-16T10:03:00Z,0.71183,0.7124,0.71183,0.7124,433.989607
Kraken:XRPEUR,2021-06-16T10:05:00Z,0.71277,0.71277,0.71228,0.71239,969.596913
Kraken:XRPEUR,2021-06-16T10:06:00Z,0.71153,0.71199,0.71153,0.71199,1975.72857803
Kraken:XRPEUR,2021-06-16T10:07:00Z,0.71165,0.71166,0.71165,0.71166,1958.08438437
Kraken:XRPEUR,2021-06-16T10:08:00Z,0.71151,0.71208,0.71151,0.71208,376.4400396
Kraken:XRPEUR,2021-06-16T10:09:00Z,0.71275,0.71277,0.71275,0.71277,250.63495
Kraken:XRPEUR,2021-06-16T10:10:00Z,0.71243,0.71243,0.71243,0.71243,691.2769
Kraken:XRPEUR,2021-06-16T10:11:00Z,0.71202,0.71202,0.71189,0.71189,769.1775596
Kraken:XRPEUR,2021-06-16T10:12:00Z,0.7119,0.7119,0.71189,0.71189,1715
Kraken:XRPEUR,2021-06-16T10:13:00Z,0.71208,0.71239,0.71208,0.71239,1218.88507695
Kraken:XRPEUR,2021-06-16T10:14:00Z,0.71266,0.71266,0.71266,0.71266,105.580569
Kraken:XRPEUR,2021-06-16T10:16:00Z,0.71255,0.71255,0.71255,0.71255,136.45860982
Kraken:XRPEUR,2021-06-16T10:17:00Z,0.71225,0.71225,0.71223,0.71223,98.15438022
Kraken:XRPEUR,2021-06-16T10:18:00Z,0.71198,0.71198,0.71095,0.71095,1601.08423099
Kraken:XRPEUR,2021-06-16T10:20:00Z,0.71073,0.71128,0.71073,0.71128,4127.34118441
Kraken:XRPEUR,2021-06-16T10:21:00Z,0.71098,0.71098,0.71057,0.7107,543.47798227
Kraken:XRPEUR,2021-06-16T10:22:00Z,0.71139,0.71139,0.71139,0.71139,1229.32713785
Kraken:XRPEUR,2021-06-16T10:23:00Z,0.71206,0.71206,0.71155,0.71155,1062.871827
Kraken:XRPEUR,2021-06-16T10:24:00Z,0.71134,0.71134,0.71099,0.71099,1603.333334
Kraken:XRPEUR,2021-06-16T10:25:00Z,0.71115,0.71115,0.71099,0.71099,1278.56789429
Kraken:XRPEUR,2021-06-16T10:28:00Z,0.71106,0.71106,0.70974,0.70974,11409.14589923
Kraken:XRPEUR,2021-06-16T10:29:00Z,0.70986,0.71014,0.70937,0.70937,1735.21748792
Kraken:XRPEUR,2021-06-16T10:30:00Z,0.70917,0.70921,0.70917,0.70921,4058.17578322
Kraken:XRPEUR,2021-06-16T10:31:00Z,0.70917,0.70917,0.70894,0.70894,200.53741274
Kraken:XRPEUR,2021-06-16T10:32:00Z,0.7088,0.7088,0.7088,0.7088,69.49927
Kraken:XRPEUR,2021-06-16T10:33:00Z,0.7088,0.70977,0.7088,0.70977,271.17853136
Kraken:XRPEUR,2021-06-16T10:34:00Z,0.70953,0.70953,0.70899,0.70927,3198.26021836
Kraken:XRPEUR,2021-06-16T10:36:00Z,0.70992,0.70992,0.70992,0.70992,99.6198
Kraken:XRPEUR,2021-06-16T10:37:00Z,0.70951,0.70963,0.70951,0.70963,850.896288
Kraken:XRPEUR,2021-06-16T10:38:00Z,0.70959,0.70992,0.70935,0.70992,4406.37597055
Kraken:XRPEUR,2021-06-16T10:39:00Z,0.70992,0.70992,0.70992,0.70992,266.96105
Kraken:XRPEUR,2021-06-16T10:40:00Z,0.70829,0.70829,0.70639,0.70744,4954.72714379
Kraken:XRPEUR,2021-06-16T10:42:00Z,0.70699,0.70708,0.70699,0.70708,4034.035513
Kraken:XRPEUR,2021-06-16T10:43:00Z,0.70683,0.70733,0.70683,0.70733,1074.468431
Kraken:XRPEUR,2021-06-16T10:44:00Z,0.70752,0.70752,0.70752,0.70752,1144.64731
Kraken:XRPEUR,2021-06-16T10:47:00Z,0.70678,0.70678,0.7067,0.7067,1173.1
Kraken:XRPEUR,2021-06-16T10:49:00Z,0.70816,0.70816,0.70816,0.70816,291.66787
Kraken:XRPEUR,2021-06-16T10:50:00Z,0.7083,0.7083,0.70723,0.7073,23194.06189207
Kraken:XRPEUR,2021-06-16T10:51:00Z,0.70804,0.70804,0.70804,0.70804,5E+3
Kraken:XRPEUR,2021-06-16T10:52:00Z,0.70735,0.70779,0.70735,0.70779,2368.13479638
Kraken:XRPEUR,2021-06-16T10:53:00Z,0.70749,0.70792,0.70747,0.70792,2566.11433405
Kraken:XRPEUR,2021-06-16T10:54:00Z,0.70803,0.70803,0.70786,0.70786,921.78992
Kraken:XRPEUR,2021-06-16T10:55:00Z,0.7075,0.7075,0.7075,0.7075,635
Kraken:XRPEUR,2021-06-16T10:56:00Z,0.70737,0.70737,0.70728,0.70728,273.80796
Kraken:XRPEUR,2021-06-16T10:57:00Z,0.70691,0.70691,0.7058,0.7058,2926.65311656
Kraken:XRPEUR,2021-06-16T10:58:00Z,0.7063,0.70668,0.7063,0.70668,65.60368805
Kraken:XRPEUR,2021-06-16T10:59:00Z,0.70654,0.70702,0.70331,0.70474,122425.7210987
Kraken:XRPEUR,2021-06-16T11:00:00Z,0.70474,0.70537,0.70468,0.70468,8251.75890529
Kraken:XRPEUR,2021-06-16T11:01:00Z,0.70412,0.70412,0.70295,0.70295,3564.36752221
Kraken:XRPEUR,2021-06-16T11:02:00Z,0.70337,0.70338,0.70059,0.70059,64603.0074013
Kraken:XRPEUR,2021-06-16T11:03:00Z,0.70086,0.70199,0.70076,0.70172,20733.63309784
Kraken:XRPEUR,2021-06-16T11:04:00Z,0.70051,0.70051,0.695,0.69689,293542.9392548499
Kraken:XRPEUR,2021-06-16T11:05:00Z,0.69746,0.69782,0.69703,0.69703,2256.29807618
Kraken:XRPEUR,2021-06-16T11:06:00Z,0.69706,0.69835,0.69631,0.69835,14689.9427904
Kraken:XRPEUR,2021-06-16T11:07:00Z,0.69827,0.69827,0.69799,0.6981,1825.7472201
Kraken:XRPEUR,2021-06-16T11:08:00Z,0.6973,0.69805,0.69627,0.69627,19838.34862228
Kraken:XRPEUR,2021-06-16T11:09:00Z,0.69637,0.69637,0.69584,0.69631,91879.00184212
Kraken:XRPEUR,2021-06-16T11:10:00Z,0.69684,0.6985,0.69684,0.69832,10251.73166724
Kraken:XRPEUR,2021-06-16T11:11:00Z,0.69849,0.69906,0.69826,0.6984,2270.68831259
Kraken:XRPEUR,2021-06-16T11:12:00Z,0.69808,0.69851,0.69766,0.69851,78062.69270018
Kraken:XRPEUR,2021-06-16T11:13:00Z,0.69863,0.69863,0.69795,0.69801,3146.757058
Kraken:XRPEUR,2021-06-16T11:14:00Z,0.69812,0.69822,0.69756,0.69757,3598.643597
Kraken:XRPEUR,2021-06-16T11:15:00Z,0.6974,0.69741,0.69574,0.69574,1884.07743402
Kraken:XRPEUR,2021-06-16T11:16:00Z,0.6959,0.69708,0.6959,0.69708,1786.15049546
Kraken:XRPEUR,2021-06-16T11:17:00Z,0.69653,0.69653,0.69582,0.69628,33351.58162647
Kraken:XRPEUR,2021-06-16T11:18:00Z,0.69614,0.69754,0.69614,0.69714,8504.94778722
Kraken:XRPEUR,2021-06-16T11:19:00Z,0.69754,0.69754,0.69675,0.69675,2858.86099
Kraken:XRPEUR,2021-06-16T11:20:00Z,0.69679,0.69794,0.69679,0.69711,19950.25375828
Kraken:XRPEUR,2021-06-16T11:21:00Z,0.69648,0.69681,0.69648,0.69681,7967.369495
Kraken:XRPEUR,2021-06-16T11:22:00Z,0.69692,0.69692,0.69692,0.69692,885.54697744
Kraken:XRPEUR,2021-06-16T11:23:00Z,0.6973,0.6973,0.69687,0.69687,4317.39856666
Kraken:XRPEUR,2021-06-16T11:24:00Z,0.69675,0.69781,0.69675,0.69781,7740.28917767
Kraken:XRPEUR,2021-06-16T11:25:00Z,0.69751,0.69763,0.69704,0.69763,1844.32003299
Kraken:XRPEUR,2021-06-16T11:26:00Z,0.69718,0.69752,0.69718,0.69719,17337.56549183
Kraken:XRPEUR,2021-06-16T11:27:00Z,0.69718,0.69718,0.69674,0.69674,3480.6461784
Kraken:XRPEUR,2021-06-16T11:28:00Z,0.69655,0.6969,0.69655,0.6969,6054.95716
Kraken:XRPEUR,2021-06-16T11:29:00Z,0.69729,0.69729,0.69729,0.69729,85.404471
Kraken:XRPEUR,2021-06-16T11:30:00Z,0.69776,0.69776,0.696,0.696,13278.67148866
Kraken:XRPEUR,2021-06-16T11:31:00Z,0.69576,0.69576,0.69441,0.69441,47215.55073599
Kraken:XRPEUR,2021-06-16T11:32:00Z,0.694,0.69574,0.69343,0.69574,29378.55368074
Kraken:XRPEUR,2021-06-16T11:33:00Z,0.696,0.69669,0.696,0.69669,20217.807412
Kraken:XRPEUR,2021-06-16T11:34:00Z,0.69691,0.69705,0.69544,0.69655,94821.514184
Kraken:XRPEUR,2021-06-16T11:35:00Z,0.69543,0.69543,0.69543,0.69543,192.82548
Kraken:XRPEUR,2021-06-16T11:36:00Z,0.69541,0.69541,0.69541,0.69541,35.67242
Kraken:XRPEUR,2021-06-16T11:37:00Z,0.69581,0.69744,0.69578,0.69743,11938.65738975
Kraken:XRPEUR,2021-06-16T11:38:00Z,0.6969,0.69765,0.6969,0.69755,455.86428859
Kraken:XRPEUR,2021-06-16T11:39:00Z,0.69749,0.69749,0.69695,0.69712,40753.45657879
Kraken:XRPEUR,2021-06-16T11:40:00Z,0.69626,0.69698,0.69506,0.69506,1658.62727043
Kraken:XRPEUR,2021-06-16T11:41:00Z,0.69534,0.69534,0.69343,0.69343,11970.17294562
Kraken:XRPEUR,2021-06-16T11:42:00Z,0.69378,0.6944,0.69251,0.69316,3749.30893819
Kraken:XRPEUR,2021-06-16T11:43:00Z,0.69292,0.69368,0.69292,0.69364,1699.22384595
Kraken:XRPEUR,2021-06-16T11:44:00Z,0.694,0.69459,0.694,0.69453,3519.40829319
Kraken:XRPEUR,2021-06-16T11:45:00Z,0.69466,0.69471,0.69319,0.6939,18246.5515936
Kraken:XRPEUR,2021-06-16T11:46:00Z,0.6935,0.6935,0.69298,0.69298,4437.07758039
Kraken:XRPEUR,2021-06-16T11:47:00Z,0.69298,0.69454,0.69298,0.69454,30096.578146
Kraken:XRPEUR,2021-06-16T11:48:00Z,0.69484,0.6958,0.69484,0.6958,754.752055
Kraken:XRPEUR,2021-06-16T11:49:00Z,0.69553,0.69553,0.69553,0.69553,99.50292537
Kraken:XRPEUR,2021-06-16T11:50:00Z,0.696,0.69616,0.69556,0.69614,1914.22959049
Kraken:XRPEUR,2021-06-16T11:51:00Z,0.69589,0.69631,0.69589,0.69631,389.517687
Kraken:XRPEUR,2021-06-16T11:52:00Z,0.69664,0.69664,0.69664,0.69664,328.785429
Kraken:XRPEUR,2021-06-16T11:53:00Z,0.69595,0.69644,0.69594,0.69644,2466.87572
Kraken:XRPEUR,2021-06-16T11:54:00Z,0.69673,0.69697,0.69673,0.69697,43056.53566866
Kraken:XRPEUR,2021-06-16T11:55:00Z,0.69698,0.69699,0.69637,0.69651,2718.09453801
Kraken:XRPEUR,2021-06-16T11:56:00Z,0.69646,0.69646,0.69646,0.69646,3E+3
Kraken:XRPEUR,2021-06-16T11:57:00Z,0.6963,0.6963,0.6963,0.6963,66.048345
Kraken:XRPEUR,2021-06-16T11:58:00Z,0.6963,0.6963,0.69556,0.69556,8720.66429442
Kraken:XRPEUR,2021-06-16T12:00:00Z,0.695,0.695,0.69342,0.69342,662.80153956
Kraken:XRPEUR,2021-06-16T12:01:00Z,0.69321,0.69327,0.69313,0.69316,3505.03917423
Kraken:XRPEUR,2021-06-16T12:02:00Z,0.69288,0.69288,0.69113,0.69141,12145.69948876
Kraken:XRPEUR,2021-06-16T12:03:00Z,0.69141,0.69141,0.6914,0.69141,24958.47587166
Kraken:XRPEUR,2021-06-16T12:04:00Z,0.69186,0.69208,0.69132,0.69183,39366.19793476
Kraken:XRPEUR,2021-06-16T12:05:00Z,0.69301,0.69415,0.69287,0.69397,48403.66280506
Kraken:XRPEUR,2021-06-16T12:06:00Z,0.69379,0.69495,0.69379,0.69455,9565.90450749
Kraken:XRPEUR,2021-06-16T12:07:00Z,0.69463,0.69595,0.69447,0.69595,3223.353582
Kraken:XRPEUR,2021-06-16T12:08:00Z,0.69613,0.69618,0.69551,0.69551,2913.28369311
Kraken:XRPEUR,2021-06-16T12:09:00Z,0.69517,0.69545,0.69516,0.69545,478.110471
Kraken:XRPEUR,2021-06-16T12:10:00Z,0.69544,0.69545,0.69526,0.69534,10946.65488677
Kraken:XRPEUR,2021-06-16T12:11:00Z,0.69515,0.69515,0.69462,0.69503,12737.60067526
Kraken:XRPEUR,2021-06-16T12:12:00Z,0.6934,0.69374,0.6934,0.69372,808.511297
Kraken:XRPEUR,2021-06-16T12:13:00Z,0.69318,0.69419,0.69318,0.69373,1332.730917
Kraken:XRPEUR,2021-06-16T12:14:00Z,0.69386,0.69418,0.69384,0.69418,3742.909922
Kraken:XRPEUR,2021-06-16T12:15:00Z,0.69303,0.69303,0.69238,0.69244,6471.3841878
Kraken:XRPEUR,2021-06-16T12:16:00Z,0.69296,0.69348,0.6928,0.6928,5892.16656649
Kraken:XRPEUR,2021-06-16T12:17:00Z,0.69225,0.69225,0.6911,0.6911,1624.8048235
Kraken:XRPEUR,2021-06-16T12:18:00Z,0.69111,0.69166,0.69,0.69048,26608.38435305
Kraken:XRPEUR,2021-06-16T12:19:00Z,0.69109,0.69152,0.691,0.69125,2919.64364435
Kraken:XRPEUR,2021-06-16T12:20:00Z,0.691,0.6915,0.691,0.6911,2115.39501302
Kraken:XRPEUR,2021-06-16T12:21:00Z,0.69069,0.69069,0.69026,0.69066,1132.972142
Kraken:XRPEUR,2021-06-16T12:22:00Z,0.691,0.69185,0.691,0.69185,417.79596816
Kraken:XRPEUR,2021-06-16T12:23:00Z,0.69165,0.69283,0.69165,0.69237,17360.65706406
Kraken:XRPEUR,2021-06-16T12:25:00Z,0.692,0.692,0.692,0.692,57.368256
Kraken:XRPEUR,2021-06-16T12:26:00Z,0.692,0.692,0.69155,0.69175,721.129719
Kraken:XRPEUR,2021-06-16T12:27:00Z,0.69139,0.69139,0.69099,0.69099,120.199474
Kraken:XRPEUR,2021-06-16T12:28:00Z,0.69177,0.69177,0.69119,0.69123,1984.075624
Kraken:XRPEUR,2021-06-16T12:29:00Z,0.69113,0.69154,0.69029,0.69154,9993.45396867
Kraken:XRPEUR,2021-06-16T12:30:00Z,0.69108,0.6914,0.69,0.6914,39617.30416818
Kraken:XRPEUR,2021-06-16T12:31:00Z,0.6914,0.69285,0.6914,0.69256,11358.79808625
Kraken:XRPEUR,2021-06-16T12:32:00Z,0.69223,0.69244,0.6916,0.6916,6238.12595047
Kraken:XRPEUR,2021-06-16T12:33:00Z,0.69199,0.69257,0.69199,0.69257,382.84141
Kraken:XRPEUR,2021-06-16T12:34:00Z,0.69218,0.69257,0.69218,0.69218,7661.73883599
Kraken:XRPEUR,2021-06-16T12:35:00Z,0.69134,0.69182,0.69128,0.69182,7334.405878
Kraken:XRPEUR,2021-06-16T12:36:00Z,0.69159,0.69175,0.69159,0.69175,94.15161
Kraken:XRPEUR,2021-06-16T12:37:00Z,0.69196,0.69196,0.69137,0.69137,354.783286
Kraken:XRPEUR,2021-06-16T12:38:00Z,0.69074,0.69074,0.69074,0.69074,3170.327334
Kraken:XRPEUR,2021-06-16T12:39:00Z,0.69096,0.69106,0.69083,0.69106,1486.702726
Kraken:XRPEUR,2021-06-16T12:40:00Z,0.69104,0.69134,0.69104,0.69134,379.747884
Kraken:XRPEUR,2021-06-16T12:41:00Z,0.69172,0.69172,0.69172,0.69172,13.36275
Kraken:XRPEUR,2021-06-16T12:42:00Z,0.6921,0.6921,0.69136,0.69193,1108.78849401
Kraken:XRPEUR,2021-06-16T12:43:00Z,0.69201,0.69238,0.69201,0.6922,2400.097435
Kraken:XRPEUR,2021-06-16T12:44:00Z,0.69293,0.69293,0.69196,0.69196,1226.766898
Kraken:XRPEUR,2021-06-16T12:45:00Z,0.69308,0.6936,0.69308,0.69359,17907.888046
Kraken:XRPEUR,2021-06-16T12:46:00Z,0.69278,0.69317,0.69263,0.69317,8621.376021
Kraken:XRPEUR,2021-06-16T12:47:00Z,0.69318,0.69375,0.69306,0.69369,736.82882854
Kraken:XRPEUR,2021-06-16T12:48:00Z,0.69342,0.6936,0.69342,0.69356,743.124345
Kraken:XRPEUR,2021-06-16T12:49:00Z,0.69317,0.69467,0.69317,0.69467,1660.27181291
Kraken:XRPEUR,2021-06-16T12:50:00Z,0.69408,0.69436,0.69389,0.69424,11982.294335
Kraken:XRPEUR,2021-06-16T12:51:00Z,0.69363,0.69366,0.69343,0.69366,1056.224855
Kraken:XRPEUR,2021-06-16T12:52:00Z,0.69347,0.69347,0.69345,0.69345,187.941985
Kraken:XRPEUR,2021-06-16T12:53:00Z,0.693,0.69374,0.69287,0.69373,6044.946416
Kraken:XRPEUR,2021-06-16T12:54:00Z,0.69358,0.69406,0.69358,0.69406,7388.76166282
Kraken:XRPEUR,2021-06-16T12:55:00Z,0.69422,0.69424,0.69319,0.69319,274.575518
Kraken:XRPEUR,2021-06-16T12:56:00Z,0.69301,0.69301,0.69301,0.69301,418.55961674
Kraken:XRPEUR,2021-06-16T12:57:00Z,0.693,0.693,0.6923,0.69241,1116.11965794
Kraken:XRPEUR,2021-06-16T12:58:00Z,0.69225,0.69247,0.69213,0.6924,2874.88126391
Kraken:XRPEUR,2021-06-16T12:59:00Z,0.69235,0.69235,0.69235,0.69235,5E+3
Kraken:XRPEUR,2021-06-16T13:00:00Z,0.69205,0.69205,0.69134,0.69151,2715.46282946
Kraken:XRPEUR,2021-06-16T13:01:00Z,0.69183,0.69209,0.69176,0.69195,1083.13338585
Kraken:XRPEUR,2021-06-16T13:02:00Z,0.69207,0.69232,0.69207,0.69222,1435.79002373
Kraken:XRPEUR,2021-06-16T13:03:00Z,0.69205,0.69293,0.69176,0.69293,1458.32581
Kraken:XRPEUR,2021-06-16T13:04:00Z,0.69276,0.69276,0.6927,0.6927,2298.773271
Kraken:XRPEUR,2021-06-16T13:05:00Z,0.6925,0.6925,0.69226,0.69226,1456.54956935
Kraken:XRPEUR,2021-06-16T13:06:00Z,0.6924,0.6924,0.6924,0.6924,2440.66028
Kraken:XRPEUR,2021-06-16T13:08:00Z,0.69216,0.69216,0.69216,0.69216,48.675832
Kraken:XRPEUR,2021-06-16T13:09:00Z,0.69153,0.69153,0.69153,0.69153,746.458985
Kraken:XRPEUR,2021-06-16T13:10:00Z,0.69165,0.69165,0.69126,0.69126,1342.35370999
Kraken:XRPEUR,2021-06-16T13:11:00Z,0.69139,0.69139,0.69121,0.69121,1759.11528693
Kraken:XRPEUR,2021-06-16T13:12:00Z,0.69245,0.69245,0.69245,0.69245,50.210536
Kraken:XRPEUR,2021-06-16T13:13:00Z,0.69137,0.69137,0.69114,0.69133,22393.11488
Kraken:XRPEUR,2021-06-16T13:14:00Z,0.691,0.691,0.68803,0.68803,151373.14968106
Kraken:XRPEUR,2021-06-16T13:15:00Z,0.68992,0.68992,0.68955,0.68955,1789.26969677
Kraken:XRPEUR,2021-06-16T13:17:00Z,0.68977,0.68977,0.68948,0.68948,533.59706678
Kraken:XRPEUR,2021-06-16T13:18:00Z,0.6896,0.69114,0.6896,0.6908,2408.27914906
Kraken:XRPEUR,2021-06-16T13:19:00Z,0.6907,0.6907,0.69031,0.69031,117.165273
Kraken:XRPEUR,2021-06-16T13:20:00Z,0.69045,0.69134,0.69045,0.69134,3589.38780239
Kraken:XRPEUR,2021-06-16T13:21:00Z,0.69135,0.69223,0.69135,0.69223,256.924642
Kraken:XRPEUR,2021-06-16T13:22:00Z,0.69223,0.69239,0.69206,0.69223,16310.1492971
Kraken:XRPEUR,2021-06-16T13:23:00Z,0.69225,0.69255,0.692,0.69225,3668.30357605
Kraken:XRPEUR,2021-06-16T13:24:00Z,0.69337,0.6969,0.69337,0.6969,20161.64283618
Kraken:XRPEUR,2021-06-16T13:25:00Z,0.69689,0.69772,0.6961,0.69772,9541.52432608
Kraken:XRPEUR,2021-06-16T13:26:00Z,0.69716,0.69717,0.69716,0.69717,846.813337
Kraken:XRPEUR,2021-06-16T13:27:00Z,0.69672,0.69672,0.69604,0.69618,28853.38601686
Kraken:XRPEUR,2021-06-16T13:28:00Z,0.69642,0.69642,0.69593,0.69636,32488.72225298
Kraken:XRPEUR,2021-06-16T13:29:00Z,0.69584,0.69584,0.69584,0.69584,20.5
Kraken:XRPEUR,2021-06-16T13:30:00Z,0.69556,0.69556,0.69534,0.69534,110.628143
Kraken:XRPEUR,2021-06-16T13:31:00Z,0.69437,0.69467,0.69437,0.69467,438.67177494
Kraken:XRPEUR,2021-06-16T13:32:00Z,0.69401,0.69404,0.694,0.694,1641.81099308
Kraken:XRPEUR,2021-06-16T13:33:00Z,0.69392,0.694,0.69392,0.694,200.244658
Kraken:XRPEUR,2021-06-16T13:34:00Z,0.694,0.69504,0.694,0.69445,9085.07012035
Kraken:XRPEUR,2021-06-16T13:35:00Z,0.69417,0.69418,0.69414,0.69418,13911.51956119
Kraken:XRPEUR,2021-06-16T13:36:00Z,0.69385,0.69508,0.69385,0.69508,179.913626
Kraken:XRPEUR,2021-06-16T13:37:00Z,0.69478,0.69493,0.69435,0.69493,6272.83936908
Kraken:XRPEUR,2021-06-16T13:38:00Z,0.69496,0.69496,0.69493,0.69493,1406.84605722
Kraken:XRPEUR,2021-06-16T13:39:00Z,0.6948,0.6948,0.69441,0.69473,3794.31079612
Kraken:XRPEUR,2021-06-16T13:40:00Z,0.69432,0.69432,0.69432,0.69432,57.146525
Kraken:XRPEUR,2021-06-16T13:42:00Z,0.6943,0.6943,0.6943,0.6943,227.7715
Kraken:XRPEUR,2021-06-16T13:43:00Z,0.69409,0.69476,0.69409,0.69476,1280.40566928
Kraken:XRPEUR,2021-06-16T13:44:00Z,0.69423,0.69434,0.69423,0.69434,865.56817445
Kraken:XRPEUR,2021-06-16T13:45:00Z,0.69412,0.69412,0.6936,0.6936,887.19238003
Kraken:XRPEUR,2021-06-16T13:46:00Z,0.69359,0.69359,0.69359,0.69359,157.325254
Kraken:XRPEUR,2021-06-16T13:47:00Z,0.69238,0.69238,0.69237,0.69237,110.278536
Kraken:XRPEUR,2021-06-16T13:48:00Z,0.69241,0.69289,0.69241,0.69289,361.061992
Kraken:XRPEUR,2021-06-16T13:49:00Z,0.69235,0.69265,0.69235,0.69265,438.44054
Kraken:XRPEUR,2021-06-16T13:50:00Z,0.69291,0.69291,0.69216,0.69216,24168.64443889
Kraken:XRPEUR,2021-06-16T13:51:00Z,0.6923,0.6923,0.69163,0.69203,3325.21019786
Kraken:XRPEUR,2021-06-16T13:52:00Z,0.69176,0.69288,0.69176,0.69205,1638.52409814
Kraken:XRPEUR,2021-06-16T13:53:00Z,0.69281,0.69281,0.69281,0.69281,1231.807011
Kraken:XRPEUR,2021-06-16T13:54:00Z,0.69295,0.6932,0.69295,0.6932,228.42532
Kraken:XRPEUR,2021-06-16T13:55:00Z,0.69287,0.69349,0.69239,0.69349,1818.51982952
Kraken:XRPEUR,2021-06-16T13:56:00Z,0.69384,0.69409,0.69381,0.69381,1463.265883
Kraken:XRPEUR,2021-06-16T13:57:00Z,0.69387,0.69394,0.69373,0.69394,3874.92857711
Kraken:XRPEUR,2021-06-16T13:58:00Z,0.69372,0.69377,0.69368,0.69377,790.89991456
Kraken:XRPEUR,2021-06-16T13:59:00Z,0.69378,0.69392,0.69325,0.69392,1533.60774186
Kraken:XRPEUR,2021-06-16T14:00:00Z,0.69461,0.69461,0.69256,0.69256,3715.69909426
Kraken:XRPEUR,2021-06-16T14:01:00Z,0.69222,0.69222,0.69145,0.69165,1312.57240349
Kraken:XRPEUR,2021-06-16T14:02:00Z,0.6915,0.69277,0.6915,0.69244,1228.90581322
Kraken:XRPEUR,2021-06-16T14:03:00Z,0.69228,0.69279,0.69228,0.69279,449.99999999
Kraken:XRPEUR,2021-06-16T14:04:00Z,0.69415,0.69462,0.69395,0.69413,3956.42632007
Kraken:XRPEUR,2021-06-16T14:05:00Z,0.6941,0.6941,0.69314,0.69314,2281.9404807
Kraken:XRPEUR,2021-06-16T14:06:00Z,0.69304,0.69304,0.69304,0.69304,131.37267395
Kraken:XRPEUR,2021-06-16T14:07:00Z,0.69326,0.69326,0.69326,0.69326,1159.6713
Kraken:XRPEUR,2021-06-16T14:08:00Z,0.69341,0.69341,0.6934,0.6934,785.785084
Kraken:XRPEUR,2021-06-16T14:09:00Z,0.69329,0.6933,0.6929,0.69326,9496.235392
Kraken:XRPEUR,2021-06-16T14:10:00Z,0.69294,0.69404,0.69294,0.69404,9533.49448541
Kraken:XRPEUR,2021-06-16T14:11:00Z,0.69417,0.69428,0.69417,0.69428,55.8
Kraken:XRPEUR,2021-06-16T14:12:00Z,0.69392,0.6941,0.69392,0.6941,760.39256934
Kraken:XRPEUR,2021-06-16T14:15:00Z,0.69425,0.69425,0.69425,0.69425,15
Kraken:XRPEUR,2021-06-16T14:16:00Z,0.6943,0.69442,0.6943,0.69442,224.27093
Kraken:XRPEUR,2021-06-16T14:17:00Z,0.69418,0.69418,0.69386,0.69386,185.801092
Kraken:XRPEUR,2021-06-16T14:18:00Z,0.69395,0.69395,0.69372,0.69372,2994.114939
Kraken:XRPEUR,2021-06-16T14:19:00Z,0.69365,0.69365,0.69359,0.69359,3011.876203
Kraken:XRPEUR,2021-06-16T14:20:00Z,0.69321,0.6933,0.69303,0.69317,2948.54641872
Kraken:XRPEUR,2021-06-16T14:21:00Z,0.69329,0.69329,0.69329,0.69329,72.12821511
Kraken:XRPEUR,2021-06-16T14:22:00Z,0.69329,0.69329,0.69295,0.69309,2039.01986908
Kraken:XRPEUR,2021-06-16T14:23:00Z,0.69309,0.69309,0.69246,0.69268,1167.75393232
Kraken:XRPEUR,2021-06-16T14:24:00Z,0.69239,0.69239,0.69159,0.69226,4785.7421362
Kraken:XRPEUR,2021-06-16T14:25:00Z,0.69188,0.69205,0.69188,0.69205,280.853529
Kraken:XRPEUR,2021-06-16T14:26:00Z,0.69183,0.69223,0.69183,0.69223,5042.17291589
Kraken:XRPEUR,2021-06-16T14:27:00Z,0.69259,0.69259,0.69259,0.69259,180.621591
Kraken:XRPEUR,2021-06-16T14:29:00Z,0.6927,0.6927,0.69235,0.69253,3714.90759911
Kraken:XRPEUR,2021-06-16T14:30:00Z,0.69267,0.69315,0.69267,0.69315,947.378727
Kraken:XRPEUR,2021-06-16T14:31:00Z,0.6937,0.6937,0.6937,0.6937,109.1546
Kraken:XRPEUR,2021-06-16T14:32:00Z,0.69399,0.69421,0.69399,0.69421,14310.433455
Kraken:XRPEUR,2021-06-16T14:33:00Z,0.69336,0.69373,0.69336,0.69373,169.20409398
Kraken:XRPEUR,2021-06-16T14:34:00Z,0.69411,0.69411,0.69411,0.69411,1077.9977237
Kraken:XRPEUR,2021-06-16T14:35:00Z,0.69404,0.69422,0.69404,0.69422,879.369869
Kraken:XRPEUR,2021-06-16T14:36:00Z,0.6939,0.6939,0.69358,0.69358,10685.52333
Kraken:XRPEUR,2021-06-16T14:37:00Z,0.69366,0.694,0.69365,0.694,189.58472452
Kraken:XRPEUR,2021-06-16T14:38:00Z,0.69369,0.69385,0.69369,0.69383,1271.89384334
Kraken:XRPEUR,2021-06-16T14:39:00Z,0.69374,0.69374,0.69374,0.69374,309.533967
Kraken:XRPEUR,2021-06-16T14:41:00Z,0.69334,0.69334,0.69334,0.69334,5E+1
Kraken:XRPEUR,2021-06-16T14:42:00Z,0.69334,0.69334,0.69333,0.69334,1092.68097032
Kraken:XRPEUR,2021-06-16T14:43:00Z,0.69334,0.69334,0.69333,0.69334,2363.70798149
Kraken:XRPEUR,2021-06-16T14:44:00Z,0.69334,0.69334,0.69334,0.69334,67.73886962
Kraken:XRPEUR,2021-06-16T14:45:00Z,0.69333,0.69334,0.69333,0.69333,1176.842
Kraken:XRPEUR,2021-06-16T14:46:00Z,0.69334,0.69334,0.69334,0.69334,71.04895
Kraken:XRPEUR,2021-06-16T14:47:00Z,0.69323,0.69324,0.69297,0.69297,17732.415338
Kraken:XRPEUR,2021-06-16T14:48:00Z,0.6933,0.6933,0.69265,0.69265,354.59507734
Kraken:XRPEUR,2021-06-16T14:49:00Z,0.69279,0.69279,0.69279,0.69279,320.65806
Kraken:XRPEUR,2021-06-16T14:50:00Z,0.69244,0.69244,0.69244,0.69244,48.7215909
Kraken:XRPEUR,2021-06-16T14:51:00Z,0.69265,0.69265,0.69265,0.69265,14.45087
Kraken:XRPEUR,2021-06-16T14:52:00Z,0.69214,0.69214,0.69214,0.69214,144.99999999
Kraken:XRPEUR,2021-06-16T14:53:00Z,0.69155,0.69155,0.68906,0.68906,29085.6126865
Kraken:XRPEUR,2021-06-16T14:54:00Z,0.68858,0.68858,0.68522,0.68703,64009.06864293
Kraken:XRPEUR,2021-06-16T14:55:00Z,0.68693,0.68693,0.68623,0.68651,8622.61138129
Kraken:XRPEUR,2021-06-16T14:56:00Z,0.68645,0.68645,0.683,0.68448,54421.90175394
Kraken:XRPEUR,2021-06-16T14:57:00Z,0.68434,0.68535,0.68411,0.68535,2180.033318
Kraken:XRPEUR,2021-06-16T14:58:00Z,0.686,0.68623,0.686,0.68619,10544.412
Kraken:XRPEUR,2021-06-16T14:59:00Z,0.68588,0.68588,0.68555,0.68567,9.1E+2
Kraken:XRPEUR,2021-06-16T15:00:00Z,0.68469,0.68676,0.68469,0.68676,844.29101875
Kraken:XRPEUR,2021-06-16T15:01:00Z,0.687,0.68756,0.68673,0.68756,3582.453933
Kraken:XRPEUR,2021-06-16T15:02:00Z,0.68853,0.68876,0.68816,0.68816,1185.358573
Kraken:XRPEUR,2021-06-16T15:03:00Z,0.689,0.689,0.689,0.689,31.871
Kraken:XRPEUR,2021-06-16T15:04:00Z,0.68895,0.68907,0.68886,0.68907,5830.98832023
Kraken:XRPEUR,2021-06-16T15:05:00Z,0.68909,0.68909,0.68799,0.6885,2681.04184805
Kraken:XRPEUR,2021-06-16T15:06:00Z,0.68858,0.68884,0.68858,0.68884,160.265758
Kraken:XRPEUR,2021-06-16T15:07:00Z,0.68827,0.68827,0.68777,0.68777,147.107872
Kraken:XRPEUR,2021-06-16T15:08:00Z,0.688,0.68803,0.68763,0.68763,518.14143733
Kraken:XRPEUR,2021-06-16T15:09:00Z,0.68806,0.68806,0.68776,0.68776,5573.64100165
Kraken:XRPEUR,2021-06-16T15:10:00Z,0.68693,0.68693,0.68535,0.68571,2500.44488197
Kraken:XRPEUR,2021-06-16T15:11:00Z,0.6848,0.68547,0.6848,0.68507,1126.25014319
Kraken:XRPEUR,2021-06-16T15:12:00Z,0.68456,0.68456,0.68318,0.68377,20582.73066213
Kraken:XRPEUR,2021-06-16T15:13:00Z,0.68369,0.68412,0.68316,0.68412,11039.84706457
Kraken:XRPEUR,2021-06-16T15:14:00Z,0.68297,0.68358,0.68236,0.68237,2478.00919457
Kraken:XRPEUR,2021-06-16T15:15:00Z,0.68248,0.68474,0.68248,0.68474,3196.03223078
Kraken:XRPEUR,2021-06-16T15:16:00Z,0.68398,0.68474,0.68387,0.68474,10844.40470851
Kraken:XRPEUR,2021-06-16T15:17:00Z,0.68386,0.68455,0.68309,0.68309,476.131361
Kraken:XRPEUR,2021-06-16T15:18:00Z,0.68309,0.68368,0.68261,0.68354,1196.28840105
Kraken:XRPEUR,2021-06-16T15:19:00Z,0.68407,0.68497,0.68407,0.68496,24552.094449
Kraken:XRPEUR,2021-06-16T15:20:00Z,0.68465,0.68524,0.68465,0.68524,1739.48939652
Kraken:XRPEUR,2021-06-16T15:21:00Z,0.68544,0.68553,0.68544,0.68553,271.86702
Kraken:XRPEUR,2021-06-16T15:22:00Z,0.68527,0.68537,0.68488,0.68488,185
Kraken:XRPEUR,2021-06-16T15:23:00Z,0.6847,0.68534,0.6847,0.685,5093.19430315
Kraken:XRPEUR,2021-06-16T15:24:00Z,0.68509,0.6851,0.68464,0.68464,3849.44266118
Kraken:XRPEUR,2021-06-16T15:25:00Z,0.68465,0.68471,0.68463,0.68471,1009.351129
Kraken:XRPEUR,2021-06-16T15:26:00Z,0.68404,0.68404,0.68404,0.68404,2.1E+2
Kraken:XRPEUR,2021-06-16T15:27:00Z,0.6846,0.6846,0.68442,0.68442,236.62298093
Kraken:XRPEUR,2021-06-16T15:28:00Z,0.6844,0.68445,0.6844,0.6844,1080.481427
Kraken:XRPEUR,2021-06-16T15:29:00Z,0.68478,0.68478,0.68478,0.68478,87.6
Kraken:XRPEUR,2021-06-16T15:30:00Z,0.68468,0.68497,0.68468,0.68497,279.523889
Kraken:XRPEUR,2021-06-16T15:31:00Z,0.68545,0.68546,0.68536,0.68546,8294.88481705
Kraken:XRPEUR,2021-06-16T15:32:00Z,0.68536,0.68574,0.68503,0.68528,602.02267
Kraken:XRPEUR,2021-06-16T15:33:00Z,0.68503,0.68503,0.68503,0.68503,147.807152
Kraken:XRPEUR,2021-06-16T15:34:00Z,0.68503,0.68547,0.68503,0.68547,15522.018356
Kraken:XRPEUR,2021-06-16T15:35:00Z,0.686,0.68679,0.686,0.68679,90256.17390928
Kraken:XRPEUR,2021-06-16T15:36:00Z,0.6861,0.68667,0.6861,0.68667,280.27324798
Kraken:XRPEUR,2021-06-16T15:37:00Z,0.68648,0.68648,0.68648,0.68648,299.64494391
Kraken:XRPEUR,2021-06-16T15:38:00Z,0.68626,0.68626,0.68588,0.6859,19301.75065272
Kraken:XRPEUR,2021-06-16T15:39:00Z,0.68527,0.68556,0.68521,0.68556,222.89692374
Kraken:XRPEUR,2021-06-16T15:40:00Z,0.68529,0.68584,0.68529,0.68584,388.70939
Kraken:XRPEUR,2021-06-16T15:41:00Z,0.68519,0.68519,0.68519,0.68519,874.70676523
Kraken:XRPEUR,2021-06-16T15:42:00Z,0.68567,0.68567,0.68556,0.68556,3.5E+2
Kraken:XRPEUR,2021-06-16T15:43:00Z,0.68528,0.68528,0.68528,0.68528,87.54106941
Kraken:XRPEUR,2021-06-16T15:44:00Z,0.68654,0.68654,0.68623,0.68623,53032.335736
Kraken:XRPEUR,2021-06-16T15:45:00Z,0.68677,0.68735,0.68677,0.68735,1.39E+3
Kraken:XRPEUR,2021-06-16T15:46:00Z,0.68748,0.68823,0.68748,0.68771,322.194546
Kraken:XRPEUR,2021-06-16T15:47:00Z,0.68791,0.68792,0.68731,0.68732,291.88382439
Kraken:XRPEUR,2021-06-16T15:48:00Z,0.68626,0.68626,0.68611,0.68614,8.8E+2
Kraken:XRPEUR,2021-06-16T15:49:00Z,0.68621,0.68621,0.68621,0.68621,145
Kraken:XRPEUR,2021-06-16T15:50:00Z,0.6865,0.68657,0.68618,0.68618,7046.82537294
Kraken:XRPEUR,2021-06-16T15:51:00Z,0.68616,0.68631,0.68533,0.68533,448.81363
Kraken:XRPEUR,2021-06-16T15:52:00Z,0.6857,0.6857,0.6857,0.6857,293.994946
Kraken:XRPEUR,2021-06-16T15:53:00Z,0.68645,0.68645,0.68614,0.68614,5790.64772951
Kraken:XRPEUR,2021-06-16T15:54:00Z,0.68717,0.68717,0.68675,0.687,241.46597133
Kraken:XRPEUR,2021-06-16T15:55:00Z,0.68729,0.68774,0.68729,0.68765,6241.39072425
Kraken:XRPEUR,2021-06-16T15:56:00Z,0.68749,0.68749,0.68716,0.68716,114.4370759
Kraken:XRPEUR,2021-06-16T15:58:00Z,0.68715,0.68715,0.68715,0.68715,18.10177838
Kraken:XRPEUR,2021-06-16T15:59:00Z,0.6872,0.68812,0.6872,0.68812,7462.048782
Kraken:XRPEUR,2021-06-16T16:00:00Z,0.68816,0.68816,0.6855,0.68621,12077.37035058
Kraken:XRPEUR,2021-06-16T16:01:00Z,0.68688,0.68773,0.68688,0.68773,1503.79170428
Kraken:XRPEUR,2021-06-16T16:02:00Z,0.68851,0.68856,0.68787,0.68787,1384.27167134
Kraken:XRPEUR,2021-06-16T16:03:00Z,0.68815,0.68872,0.68784,0.68872,3458.77363355
Kraken:XRPEUR,2021-06-16T16:04:00Z,0.68891,0.69119,0.68824,0.69119,21541.59783778
Kraken:XRPEUR,2021-06-16T16:05:00Z,0.69105,0.69105,0.68975,0.68975,2489.31539382
Kraken:XRPEUR,2021-06-16T16:06:00Z,0.69086,0.69122,0.69075,0.69122,5272.23134636
Kraken:XRPEUR,2021-06-16T16:07:00Z,0.69255,0.69283,0.69224,0.69283,27654.424533
Kraken:XRPEUR,2021-06-16T16:08:00Z,0.69135,0.69189,0.69135,0.69189,806.88725
Kraken:XRPEUR,2021-06-16T16:09:00Z,0.6917,0.69337,0.6917,0.69337,17734.69313613
Kraken:XRPEUR,2021-06-16T16:10:00Z,0.69245,0.69259,0.69213,0.69216,634.048419
Kraken:XRPEUR,2021-06-16T16:11:00Z,0.692,0.692,0.69036,0.69036,3473.55862617
Kraken:XRPEUR,2021-06-16T16:12:00Z,0.69036,0.69036,0.69036,0.69036,1632.24100937
Kraken:XRPEUR,2021-06-16T16:13:00Z,0.69173,0.69223,0.69173,0.69223,1269.67881
Kraken:XRPEUR,2021-06-16T16:14:00Z,0.69195,0.69209,0.69134,0.69134,13520.40639
Kraken:XRPEUR,2021-06-16T16:15:00Z,0.6925,0.6925,0.69155,0.69155,1011.622123
Kraken:XRPEUR,2021-06-16T16:16:00Z,0.69191,0.6925,0.69191,0.69225,1878.805214
Kraken:XRPEUR,2021-06-16T16:17:00Z,0.69208,0.69241,0.69208,0.69241,1534.423625
Kraken:XRPEUR,2021-06-16T16:19:00Z,0.69188,0.69188,0.69188,0.69188,1132.426139
Kraken:XRPEUR,2021-06-16T16:20:00Z,0.69041,0.69041,0.68972,0.68972,7445.8910395
Kraken:XRPEUR,2021-06-16T16:21:00Z,0.69071,0.69087,0.69022,0.69022,1283.70072601
Kraken:XRPEUR,2021-06-16T16:23:00Z,0.68968,0.6898,0.68968,0.6898,724.97456
Kraken:XRPEUR,2021-06-16T16:24:00Z,0.68976,0.69022,0.68976,0.69022,14736.905257
Kraken:XRPEUR,2021-06-16T16:25:00Z,0.68922,0.68922,0.68911,0.68911,10431.12828235
Kraken:XRPEUR,2021-06-16T16:26:00Z,0.68895,0.68895,0.68811,0.68811,1510.65904673
Kraken:XRPEUR,2021-06-16T16:28:00Z,0.68749,0.68749,0.68749,0.68749,3427
Kraken:XRPEUR,2021-06-16T16:29:00Z,0.68735,0.68811,0.68725,0.68748,4432.65436705
Kraken:XRPEUR,2021-06-16T16:30:00Z,0.68791,0.68867,0.68791,0.68867,4312.479651
Kraken:XRPEUR,2021-06-16T16:31:00Z,0.68879,0.68994,0.68879,0.68919,2521.61824
Kraken:XRPEUR,2021-06-16T16:33:00Z,0.68886,0.68938,0.68873,0.68878,2579.78854498
Kraken:XRPEUR,2021-06-16T16:34:00Z,0.68844,0.68858,0.68844,0.68845,2070.1182489
Kraken:XRPEUR,2021-06-16T16:35:00Z,0.6892,0.6892,0.6892,0.6892,47.2587
Kraken:XRPEUR,2021-06-16T16:37:00Z,0.68805,0.68884,0.68805,0.68884,259.06349685
Kraken:XRPEUR,2021-06-16T16:39:00Z,0.68769,0.68778,0.68769,0.68778,2865.16269
Kraken:XRPEUR,2021-06-16T16:40:00Z,0.68669,0.68669,0.68669,0.68669,50.6329
Kraken:XRPEUR,2021-06-16T16:42:00Z,0.68743,0.68743,0.68726,0.68726,326.4430818
Kraken:XRPEUR,2021-06-16T16:43:00Z,0.68732,0.68732,0.68675,0.68675,56
Kraken:XRPEUR,2021-06-16T16:44:00Z,0.68697,0.68715,0.68695,0.68715,762.010494
Kraken:XRPEUR,2021-06-16T16:45:00Z,0.68752,0.68752,0.68663,0.68663,5238.29148
Kraken:XRPEUR,2021-06-16T16:46:00Z,0.68627,0.68627,0.686,0.6861,1820.502913
Kraken:XRPEUR,2021-06-16T16:47:00Z,0.68665,0.68665,0.686,0.686,34.647016
Kraken:XRPEUR,2021-06-16T16:48:00Z,0.68601,0.68625,0.686,0.68625,2177.29064806
Kraken:XRPEUR,2021-06-16T16:49:00Z,0.686,0.68602,0.686,0.68602,324.50381322
Kraken:XRPEUR,2021-06-16T16:50:00Z,0.6855,0.6855,0.68539,0.68539,684.308946
Kraken:XRPEUR,2021-06-16T16:52:00Z,0.68523,0.68524,0.68301,0.68301,20101.26995003
Kraken:XRPEUR,2021-06-16T16:53:00Z,0.68273,0.68335,0.68273,0.68334,2258.97082965
Kraken:XRPEUR,2021-06-16T16:54:00Z,0.68391,0.6844,0.6839,0.6841,9529.22256487
Kraken:XRPEUR,2021-06-16T16:55:00Z,0.68445,0.68474,0.68444,0.68474,8837.46292048
Kraken:XRPEUR,2021-06-16T16:56:00Z,0.68526,0.68543,0.68494,0.68543,1144.224111
Kraken:XRPEUR,2021-06-16T16:57:00Z,0.68551,0.68551,0.68551,0.68551,507.246376
Kraken:XRPEUR,2021-06-16T16:59:00Z,0.6858,0.68624,0.6858,0.68624,1.2E+2
Kraken:XRPEUR,2021-06-16T17:00:00Z,0.68621,0.68621,0.6853,0.6853,7101.210313
Kraken:XRPEUR,2021-06-16T17:01:00Z,0.68531,0.68545,0.685,0.685,682.4018678
Kraken:XRPEUR,2021-06-16T17:03:00Z,0.68487,0.68487,0.68479,0.68487,16435.36292644
Kraken:XRPEUR,2021-06-16T17:04:00Z,0.6845,0.6845,0.68418,0.68418,23543.93304
Kraken:XRPEUR,2021-06-16T17:05:00Z,0.68458,0.68487,0.68458,0.68487,247.420991
Kraken:XRPEUR,2021-06-16T17:06:00Z,0.68486,0.68487,0.68486,0.68487,721.89043504
Kraken:XRPEUR,2021-06-16T17:07:00Z,0.68625,0.68723,0.68625,0.68723,1189.91346
Kraken:XRPEUR,2021-06-16T17:09:00Z,0.68587,0.68587,0.68587,0.68587,1306.589619
Kraken:XRPEUR,2021-06-16T17:11:00Z,0.68774,0.68786,0.68774,0.68786,1087.20222
Kraken:XRPEUR,2021-06-16T17:12:00Z,0.68866,0.68953,0.68866,0.68951,6722.29775543
Kraken:XRPEUR,2021-06-16T17:13:00Z,0.68916,0.68965,0.68915,0.68965,161.77970218
Kraken:XRPEUR,2021-06-16T17:14:00Z,0.68945,0.69079,0.68933,0.69074,6467.58844268
Kraken:XRPEUR,2021-06-16T17:15:00Z,0.69036,0.69044,0.69025,0.69033,7255.35654069
Kraken:XRPEUR,2021-06-16T17:16:00Z,0.69037,0.69037,0.68933,0.68934,87.04556564
Kraken:XRPEUR,2021-06-16T17:17:00Z,0.68929,0.68929,0.68822,0.68822,799.40143062
Kraken:XRPEUR,2021-06-16T17:18:00Z,0.68836,0.68836,0.68778,0.68778,55.9506944
Kraken:XRPEUR,2021-06-16T17:19:00Z,0.6873,0.6873,0.6873,0.6873,75.9897827
Kraken:XRPEUR,2021-06-16T17:20:00Z,0.6871,0.6871,0.68658,0.68658,10.02409184
Kraken:XRPEUR,2021-06-16T17:23:00Z,0.68875,0.68915,0.68875,0.68915,6736.79727999
Kraken:XRPEUR,2021-06-16T17:24:00Z,0.68961,0.69066,0.68961,0.69066,7593.7029077
Kraken:XRPEUR,2021-06-16T17:25:00Z,0.68985,0.68985,0.68985,0.68985,58.248261
Kraken:XRPEUR,2021-06-16T17:26:00Z,0.6903,0.6903,0.6903,0.6903,114
Kraken:XRPEUR,2021-06-16T17:27:00Z,0.68921,0.68921,0.68921,0.68921,274.71661
Kraken:XRPEUR,2021-06-16T17:28:00Z,0.68916,0.68925,0.68845,0.68845,5992.09738889
Kraken:XRPEUR,2021-06-16T17:29:00Z,0.68895,0.68895,0.68895,0.68895,17.57560962
Kraken:XRPEUR,2021-06-16T17:30:00Z,0.69,0.69,0.69,0.69,336.726712
Kraken:XRPEUR,2021-06-16T17:31:00Z,0.69,0.69029,0.69,0.69029,67.43568
Kraken:XRPEUR,2021-06-16T17:32:00Z,0.69017,0.69038,0.68991,0.69025,4991.96351156
Kraken:XRPEUR,2021-06-16T17:33:00Z,0.69017,0.69084,0.69017,0.69084,190.534676
Kraken:XRPEUR,2021-06-16T17:34:00Z,0.69058,0.69122,0.69058,0.69122,230.71814793
Kraken:XRPEUR,2021-06-16T17:35:00Z,0.69152,0.69249,0.69152,0.69249,2813.93482895
Kraken:XRPEUR,2021-06-16T17:36:00Z,0.69226,0.6925,0.69226,0.6925,810.618496
Kraken:XRPEUR,2021-06-16T17:37:00Z,0.6925,0.69343,0.6925,0.69343,4807.55285064
Kraken:XRPEUR,2021-06-16T17:38:00Z,0.69325,0.69327,0.69295,0.69295,2451.50836201
Kraken:XRPEUR,2021-06-16T17:39:00Z,0.69249,0.69249,0.69249,0.69249,273.2936
Kraken:XRPEUR,2021-06-16T17:40:00Z,0.6925,0.69251,0.6917,0.6925,635104.13988109
Kraken:XRPEUR,2021-06-16T17:42:00Z,0.69116,0.69221,0.69116,0.69221,149.25379378
Kraken:XRPEUR,2021-06-16T17:43:00Z,0.69171,0.69216,0.69171,0.69216,1852.203465
Kraken:XRPEUR,2021-06-16T17:44:00Z,0.69212,0.69212,0.69202,0.69207,186.445131
Kraken:XRPEUR,2021-06-16T17:45:00Z,0.69145,0.69153,0.69145,0.69153,66.614783
Kraken:XRPEUR,2021-06-16T17:46:00Z,0.69136,0.69143,0.69136,0.69136,1656.35636
Kraken:XRPEUR,2021-06-16T17:47:00Z,0.69146,0.69146,0.69146,0.69146,284.57711442
Kraken:XRPEUR,2021-06-16T17:48:00Z,0.69188,0.69233,0.69188,0.69233,158520.18996
Kraken:XRPEUR,2021-06-16T17:49:00Z,0.69212,0.69212,0.69212,0.69212,712.34919
Kraken:XRPEUR,2021-06-16T17:50:00Z,0.6921,0.6921,0.6921,0.6921,288.97558
Kraken:XRPEUR,2021-06-16T17:51:00Z,0.69136,0.69136,0.69128,0.69128,211.0591
Kraken:XRPEUR,2021-06-16T17:52:00Z,0.69233,0.69233,0.69233,0.69233,79.99999999
Kraken:XRPEUR,2021-06-16T17:53:00Z,0.69229,0.69229,0.69209,0.69209,12.48998
Kraken:XRPEUR,2021-06-16T17:54:00Z,0.692,0.692,0.69183,0.69195,882.63633312
Kraken:XRPEUR,2021-06-16T17:55:00Z,0.69133,0.69204,0.6913,0.69204,470.08314125
Kraken:XRPEUR,2021-06-16T17:56:00Z,0.69156,0.69156,0.69145,0.69145,505.01892012
Kraken:XRPEUR,2021-06-16T17:57:00Z,0.69163,0.69163,0.6915,0.6915,1354.85724
Kraken:XRPEUR,2021-06-16T17:58:00Z,0.69206,0.69338,0.69205,0.69305,2500.02
Kraken:XRPEUR,2021-06-16T17:59:00Z,0.69348,0.69425,0.69348,0.69425,438.26539504
Kraken:XRPEUR,2021-06-16T18:00:00Z,0.69342,0.69342,0.69149,0.69149,76293.7224641
Kraken:XRPEUR,2021-06-16T18:01:00Z,0.69035,0.69239,0.6899,0.6922,70787.96943058
Kraken:XRPEUR,2021-06-16T18:02:00Z,0.69256,0.70295,0.69256,0.70106,170990.95388803
Kraken:XRPEUR,2021-06-16T18:03:00Z,0.69925,0.70317,0.69906,0.70242,58040.98076335
Kraken:XRPEUR,2021-06-16T18:04:00Z,0.702,0.7023,0.70011,0.70011,9115.0031016
Kraken:XRPEUR,2021-06-16T18:05:00Z,0.70026,0.70057,0.70025,0.70057,26181.542064
Kraken:XRPEUR,2021-06-16T18:06:00Z,0.70095,0.70116,0.70021,0.70036,4916.2377385
Kraken:XRPEUR,2021-06-16T18:07:00Z,0.7004,0.70041,0.69905,0.69905,10544.46090898
Kraken:XRPEUR,2021-06-16T18:08:00Z,0.6992,0.69975,0.69856,0.69856,4443.19080062
Kraken:XRPEUR,2021-06-16T18:09:00Z,0.69772,0.69772,0.69772,0.69772,2083.7165711
Kraken:XRPEUR,2021-06-16T18:10:00Z,0.6977,0.6977,0.69052,0.69052,53989.87875669
Kraken:XRPEUR,2021-06-16T18:11:00Z,0.69197,0.69371,0.69197,0.69371,4098.58306059
Kraken:XRPEUR,2021-06-16T18:12:00Z,0.69268,0.69268,0.69268,0.69268,144.28765186
Kraken:XRPEUR,2021-06-16T18:13:00Z,0.69387,0.6946,0.69387,0.6946,7913.6478129
Kraken:XRPEUR,2021-06-16T18:14:00Z,0.69426,0.6944,0.69414,0.69414,5941.23792887
Kraken:XRPEUR,2021-06-16T18:15:00Z,0.69427,0.69482,0.69427,0.69441,294.51698199
Kraken:XRPEUR,2021-06-16T18:16:00Z,0.69315,0.69514,0.69315,0.69514,8808.91990103
Kraken:XRPEUR,2021-06-16T18:17:00Z,0.69451,0.69451,0.69414,0.69414,893.28988613
Kraken:XRPEUR,2021-06-16T18:18:00Z,0.69361,0.69378,0.69335,0.69371,2069.15241767
Kraken:XRPEUR,2021-06-16T18:19:00Z,0.6937,0.6937,0.69314,0.69314,214.99999999
Kraken:XRPEUR,2021-06-16T18:20:00Z,0.69204,0.6922,0.69131,0.69131,1523.08546858
Kraken:XRPEUR,2021-06-16T18:21:00Z,0.69097,0.69104,0.69008,0.69104,4239.19159175
Kraken:XRPEUR,2021-06-16T18:22:00Z,0.692,0.692,0.692,0.692,105
Kraken:XRPEUR,2021-06-16T18:23:00Z,0.692,0.69283,0.69198,0.69283,7394.362899
Kraken:XRPEUR,2021-06-16T18:24:00Z,0.69226,0.69226,0.69226,0.69226,43.010952
Kraken:XRPEUR,2021-06-16T18:25:00Z,0.69226,0.69227,0.69206,0.69206,3073.009479
Kraken:XRPEUR,2021-06-16T18:26:00Z,0.69246,0.69246,0.69246,0.69246,28.45734
Kraken:XRPEUR,2021-06-16T18:27:00Z,0.69272,0.69272,0.69216,0.69216,1559.78789006
Kraken:XRPEUR,2021-06-16T18:28:00Z,0.69264,0.69275,0.69254,0.69275,1221.87120801
Kraken:XRPEUR,2021-06-16T18:29:00Z,0.69284,0.69284,0.69275,0.69275,525.714286
Kraken:XRPEUR,2021-06-16T18:30:00Z,0.6932,0.6932,0.6932,0.6932,31.3994
Kraken:XRPEUR,2021-06-16T18:31:00Z,0.69406,0.69457,0.69396,0.69457,586.105066
Kraken:XRPEUR,2021-06-16T18:33:00Z,0.6946,0.6946,0.69447,0.69447,130.033367
Kraken:XRPEUR,2021-06-16T18:34:00Z,0.69459,0.69481,0.69375,0.69375,57438.02264162
Kraken:XRPEUR,2021-06-16T18:36:00Z,0.69443,0.69443,0.69443,0.69443,41.66598364
Kraken:XRPEUR,2021-06-16T18:37:00Z,0.69365,0.69374,0.69365,0.69374,3883.071906
Kraken:XRPEUR,2021-06-16T18:38:00Z,0.69388,0.6949,0.69388,0.6949,282.85800597
Kraken:XRPEUR,2021-06-16T18:39:00Z,0.69437,0.69466,0.6939,0.69466,11352.43845956
Kraken:XRPEUR,2021-06-16T18:40:00Z,0.69531,0.69602,0.69524,0.69581,4381.82507862
Kraken:XRPEUR,2021-06-16T18:41:00Z,0.69629,0.69696,0.69629,0.69696,63913.32002316
Kraken:XRPEUR,2021-06-16T18:43:00Z,0.69694,0.69694,0.69646,0.69646,1436.54934742
Kraken:XRPEUR,2021-06-16T18:44:00Z,0.69661,0.69663,0.69645,0.69663,11470.44323465
Kraken:XRPEUR,2021-06-16T18:45:00Z,0.69643,0.69672,0.69636,0.69672,636.11394998
Kraken:XRPEUR,2021-06-16T18:46:00Z,0.697,0.69731,0.697,0.69731,134.4444
Kraken:XRPEUR,2021-06-16T18:47:00Z,0.69707,0.69714,0.69695,0.69714,1470.755209
Kraken:XRPEUR,2021-06-16T18:48:00Z,0.69731,0.698,0.69731,0.6979,442.43061777
Kraken:XRPEUR,2021-06-16T18:50:00Z,0.69777,0.698,0.69777,0.698,1635.50761
Kraken:XRPEUR,2021-06-16T18:51:00Z,0.69861,0.69861,0.69861,0.69861,84.33874778
Kraken:XRPEUR,2021-06-16T18:52:00Z,0.699,0.69961,0.699,0.69906,1392.036858
Kraken:XRPEUR,2021-06-16T18:53:00Z,0.69885,0.69894,0.6988,0.6988,21750.13716422
Kraken:XRPEUR,2021-06-16T18:54:00Z,0.69945,0.69945,0.69945,0.69945,79
Kraken:XRPEUR,2021-06-16T18:55:00Z,0.7,0.70057,0.69928,0.70025,14745.8057599
Kraken:XRPEUR,2021-06-16T18:56:00Z,0.70002,0.70002,0.69995,0.70002,5968.93357279
Kraken:XRPEUR,2021-06-16T18:57:00Z,0.69978,0.70017,0.69978,0.70013,1052.24347433
Kraken:XRPEUR,2021-06-16T18:58:00Z,0.70017,0.70017,0.70006,0.70017,579.11462764
Kraken:XRPEUR,2021-06-16T18:59:00Z,0.70009,0.70023,0.7,0.70001,23159.47172034
Kraken:XRPEUR,2021-06-16T19:00:00Z,0.70001,0.70107,0.7,0.70107,16853.33446181
Kraken:XRPEUR,2021-06-16T19:01:00Z,0.70129,0.70174,0.70129,0.70174,2177.77515874
Kraken:XRPEUR,2021-06-16T19:02:00Z,0.70163,0.70166,0.70134,0.70134,6147.13478015
Kraken:XRPEUR,2021-06-16T19:03:00Z,0.702,0.70205,0.70165,0.70165,558
Kraken:XRPEUR,2021-06-16T19:04:00Z,0.70164,0.70165,0.70164,0.70165,2775
Kraken:XRPEUR,2021-06-16T19:05:00Z,0.70194,0.70194,0.70194,0.70194,2.5E+3
Kraken:XRPEUR,2021-06-16T19:06:00Z,0.70235,0.70235,0.70224,0.70226,558.64696146
Kraken:XRPEUR,2021-06-16T19:07:00Z,0.70218,0.70218,0.70218,0.70218,140.30299
Kraken:XRPEUR,2021-06-16T19:08:00Z,0.70229,0.70244,0.70229,0.70244,519.2052506
Kraken:XRPEUR,2021-06-16T19:09:00Z,0.70249,0.70249,0.70244,0.70244,6999.99999999
Kraken:XRPEUR,2021-06-16T19:10:00Z,0.7025,0.70317,0.7025,0.70317,378.12856907
Kraken:XRPEUR,2021-06-16T19:11:00Z,0.703,0.703,0.703,0.703,194.85421349
Kraken:XRPEUR,2021-06-16T19:12:00Z,0.70317,0.70378,0.70317,0.70378,736.25633161
Kraken:XRPEUR,2021-06-16T19:13:00Z,0.70379,0.70379,0.70379,0.70379,56.52616376
Kraken:XRPEUR,2021-06-16T19:14:00Z,0.70379,0.70379,0.70379,0.70379,279.97603
Kraken:XRPEUR,2021-06-16T19:15:00Z,0.70378,0.70378,0.70375,0.70375,1542.93139096
Kraken:XRPEUR,2021-06-16T19:16:00Z,0.70322,0.70323,0.70274,0.70322,4291.54889153
Kraken:XRPEUR,2021-06-16T19:17:00Z,0.70308,0.70355,0.70308,0.70355,2326.52652
Kraken:XRPEUR,2021-06-16T19:18:00Z,0.70336,0.70336,0.70336,0.70336,49874.387637
Kraken:XRPEUR,2021-06-16T19:19:00Z,0.7033,0.7033,0.7033,0.7033,423.386393
Kraken:XRPEUR,2021-06-16T19:22:00Z,0.70288,0.70288,0.70249,0.70249,17804.50808358
Kraken:XRPEUR,2021-06-16T19:23:00Z,0.70282,0.70282,0.70282,0.70282,70.628001
Kraken:XRPEUR,2021-06-16T19:24:00Z,0.7027,0.70316,0.7027,0.70316,1307.19826152
Kraken:XRPEUR,2021-06-16T19:25:00Z,0.70312,0.7037,0.70312,0.7037,2157.31817536
Kraken:XRPEUR,2021-06-16T19:26:00Z,0.704,0.70446,0.704,0.70443,55.403516
Kraken:XRPEUR,2021-06-16T19:28:00Z,0.70469,0.70503,0.70469,0.70503,515.71826646
Kraken:XRPEUR,2021-06-16T19:30:00Z,0.70439,0.70439,0.70342,0.70342,1206.23040811
Kraken:XRPEUR,2021-06-16T19:31:00Z,0.70358,0.70358,0.70358,0.70358,139.5999832
Kraken:XRPEUR,2021-06-16T19:32:00Z,0.70365,0.70365,0.70365,0.70365,14.00079
Kraken:XRPEUR,2021-06-16T19:33:00Z,0.70357,0.70357,0.70285,0.70285,1103.62847
Kraken:XRPEUR,2021-06-16T19:34:00Z,0.70294,0.7031,0.70294,0.7031,7455.45067
Kraken:XRPEUR,2021-06-16T19:35:00Z,0.70332,0.70332,0.70331,0.70331,7E+3
Kraken:XRPEUR,2021-06-16T19:37:00Z,0.70285,0.70285,0.70275,0.70275,162.0435927
Kraken:XRPEUR,2021-06-16T19:38:00Z,0.703,0.703,0.703,0.703,90.25773842
Kraken:XRPEUR,2021-06-16T19:39:00Z,0.7033,0.70357,0.7033,0.70357,912.646473
Kraken:XRPEUR,2021-06-16T19:40:00Z,0.70345,0.70345,0.70323,0.70323,2480.22813136
Kraken:XRPEUR,2021-06-16T19:42:00Z,0.70245,0.70248,0.70245,0.70248,227.44950083
Kraken:XRPEUR,2021-06-16T19:43:00Z,0.7025,0.7025,0.7025,0.7025,141.4
Kraken:XRPEUR,2021-06-16T19:44:00Z,0.7031,0.7031,0.7031,0.7031,58.4870145
Kraken:XRPEUR,2021-06-16T19:45:00Z,0.70333,0.70333,0.70333,0.70333,13.12657
Kraken:XRPEUR,2021-06-16T19:46:00Z,0.70275,0.70275,0.70259,0.70259,655.39388146
Kraken:XRPEUR,2021-06-16T19:47:00Z,0.70247,0.70278,0.70203,0.70203,41386.61633
Kraken:XRPEUR,2021-06-16T19:48:00Z,0.70224,0.70241,0.70185,0.70185,17317.0260725
Kraken:XRPEUR,2021-06-16T19:49:00Z,0.70234,0.70306,0.70234,0.70297,107073.276339
Kraken:XRPEUR,2021-06-16T19:50:00Z,0.70288,0.70327,0.70271,0.70271,56502.998405
Kraken:XRPEUR,2021-06-16T19:52:00Z,0.70288,0.70288,0.70288,0.70288,726.312366
Kraken:XRPEUR,2021-06-16T19:53:00Z,0.70269,0.70269,0.70269,0.70269,341.25826
Kraken:XRPEUR,2021-06-16T19:54:00Z,0.70201,0.70201,0.70187,0.70187,228.41452744
Kraken:XRPEUR,2021-06-16T19:55:00Z,0.70187,0.70187,0.70186,0.70186,543.824816
Kraken:XRPEUR,2021-06-16T19:56:00Z,0.70187,0.70187,0.70187,0.70187,127.64065655
Kraken:XRPEUR,2021-06-16T19:57:00Z,0.70219,0.70219,0.70216,0.70216,776.57900254
Kraken:XRPEUR,2021-06-16T19:59:00Z,0.70213,0.70213,0.70173,0.70173,608.82721
Kraken:XRPEUR,2021-06-16T20:00:00Z,0.70173,0.70173,0.70099,0.70138,1495.91945138
Kraken:XRPEUR,2021-06-16T20:01:00Z,0.70096,0.70096,0.70072,0.70072,2041.01945
Kraken:XRPEUR,2021-06-16T20:02:00Z,0.70131,0.70175,0.70131,0.70154,1.01E+4
Kraken:XRPEUR,2021-06-16T20:04:00Z,0.70145,0.70145,0.70122,0.70126,7844
Kraken:XRPEUR,2021-06-16T20:05:00Z,0.70099,0.70161,0.70085,0.70161,11470.68658247
Kraken:XRPEUR,2021-06-16T20:07:00Z,0.70215,0.70291,0.70215,0.70234,18891.75397369
Kraken:XRPEUR,2021-06-16T20:09:00Z,0.70285,0.70285,0.7021,0.7021,1080.07730041
Kraken:XRPEUR,2021-06-16T20:10:00Z,0.7021,0.70261,0.7007,0.7007,11775.40213562
Kraken:XRPEUR,2021-06-16T20:11:00Z,0.70084,0.70174,0.70058,0.7012,5572.64099638
Kraken:XRPEUR,2021-06-16T20:12:00Z,0.70135,0.70143,0.70104,0.70108,42984.89610759
Kraken:XRPEUR,2021-06-16T20:13:00Z,0.70174,0.70174,0.7016,0.7016,457.0795
Kraken:XRPEUR,2021-06-16T20:14:00Z,0.70175,0.70175,0.70175,0.70175,2E+2
Kraken:XRPEUR,2021-06-16T20:15:00Z,0.70292,0.7033,0.70292,0.70316,1.2E+3
Kraken:XRPEUR,2021-06-16T20:17:00Z,0.70447,0.70493,0.70447,0.70493,1690.14129062
Kraken:XRPEUR,2021-06-16T20:18:00Z,0.70463,0.70463,0.70391,0.70391,135.4457361
Kraken:XRPEUR,2021-06-16T20:19:00Z,0.70405,0.70405,0.70225,0.70225,4.9E+3
Kraken:XRPEUR,2021-06-16T20:20:00Z,0.70176,0.70176,0.70144,0.70161,2144.22130088
Kraken:XRPEUR,2021-06-16T20:21:00Z,0.70162,0.70199,0.70162,0.70199,455.332968
Kraken:XRPEUR,2021-06-16T20:22:00Z,0.70182,0.70202,0.70179,0.70179,33928.83539032
Kraken:XRPEUR,2021-06-16T20:23:00Z,0.70216,0.70216,0.70216,0.70216,68.88898051
Kraken:XRPEUR,2021-06-16T20:25:00Z,0.70175,0.7023,0.70175,0.70181,1567.1188698
Kraken:XRPEUR,2021-06-16T20:26:00Z,0.70242,0.70242,0.70217,0.70217,939.14460262
Kraken:XRPEUR,2021-06-16T20:27:00Z,0.7021,0.7021,0.7021,0.7021,17.7530597
Kraken:XRPEUR,2021-06-16T20:28:00Z,0.702,0.702,0.702,0.702,1E+2
Kraken:XRPEUR,2021-06-16T20:30:00Z,0.70227,0.70227,0.70129,0.70129,5073.18014855
Kraken:XRPEUR,2021-06-16T20:32:00Z,0.70274,0.70274,0.70274,0.70274,5
Kraken:XRPEUR,2021-06-16T20:33:00Z,0.70237,0.70237,0.70237,0.70237,14.01772
Kraken:XRPEUR,2021-06-16T20:34:00Z,0.70119,0.70119,0.70119,0.70119,26.6815
Kraken:XRPEUR,2021-06-16T20:35:00Z,0.7016,0.7016,0.70115,0.70135,2537.06042421
Kraken:XRPEUR,2021-06-16T20:36:00Z,0.70079,0.70079,0.70071,0.70071,746.88
Kraken:XRPEUR,2021-06-16T20:37:00Z,0.70034,0.70034,0.70015,0.70015,2196.36911938
Kraken:XRPEUR,2021-06-16T20:38:00Z,0.70009,0.7003,0.6999,0.6999,25315
Kraken:XRPEUR,2021-06-16T20:39:00Z,0.69955,0.69955,0.69955,0.69955,49.098606
Kraken:XRPEUR,2021-06-16T20:40:00Z,0.70004,0.70032,0.70004,0.70032,7640.472792
Kraken:XRPEUR,2021-06-16T20:41:00Z,0.70019,0.70067,0.70019,0.70044,6679
Kraken:XRPEUR,2021-06-16T20:42:00Z,0.70118,0.70156,0.70118,0.70156,13525.19724846
Kraken:XRPEUR,2021-06-16T20:43:00Z,0.70114,0.70123,0.70085,0.70123,8415.56248
Kraken:XRPEUR,2021-06-16T20:44:00Z,0.701,0.70123,0.70054,0.70054,3518.03764052
Kraken:XRPEUR,2021-06-16T20:45:00Z,0.70072,0.70083,0.70023,0.70083,15097.2515086
Kraken:XRPEUR,2021-06-16T20:46:00Z,0.70122,0.70155,0.70122,0.70144,14985.295694
Kraken:XRPEUR,2021-06-16T20:47:00Z,0.70149,0.70176,0.70124,0.70124,43917.36337871
Kraken:XRPEUR,2021-06-16T20:48:00Z,0.70114,0.70114,0.70103,0.70113,3993.72325879
Kraken:XRPEUR,2021-06-16T20:49:00Z,0.70102,0.70102,0.70102,0.70102,218.28977724
Kraken:XRPEUR,2021-06-16T20:50:00Z,0.70084,0.7014,0.70084,0.70118,84984.08479352
Kraken:XRPEUR,2021-06-16T20:51:00Z,0.70132,0.70136,0.70132,0.70136,3271.31904567
Kraken:XRPEUR,2021-06-16T20:52:00Z,0.70116,0.70251,0.70116,0.70251,29464.58200837
Kraken:XRPEUR,2021-06-16T20:53:00Z,0.70228,0.70228,0.70218,0.70218,3275.063902
Kraken:XRPEUR,2021-06-16T20:54:00Z,0.70217,0.70217,0.70135,0.70135,3302.90581
Kraken:XRPEUR,2021-06-16T20:55:00Z,0.70115,0.7017,0.70115,0.70164,220.87093
Kraken:XRPEUR,2021-06-16T20:58:00Z,0.70149,0.70149,0.70149,0.70149,1E+3
Kraken:XRPEUR,2021-06-16T20:59:00Z,0.70051,0.70054,0.70028,0.70054,1939.93990131
Kraken:XRPEUR,2021-06-16T21:00:00Z,0.70024,0.70024,0.70024,0.70024,132.5071
Kraken:XRPEUR,2021-06-16T21:01:00Z,0.70024,0.70025,0.70024,0.70024,521.528861
Kraken:XRPEUR,2021-06-16T21:03:00Z,0.7007,0.7007,0.7007,0.7007,60.55157
Kraken:XRPEUR,2021-06-16T21:05:00Z,0.70062,0.70062,0.70007,0.70012,9109.46592439
Kraken:XRPEUR,2021-06-16T21:07:00Z,0.70034,0.70035,0.69985,0.69985,242.345998
Kraken:XRPEUR,2021-06-16T21:08:00Z,0.69967,0.69967,0.69967,0.69967,439.64067
Kraken:XRPEUR,2021-06-16T21:09:00Z,0.69953,0.69953,0.69953,0.69953,199.99999999
Kraken:XRPEUR,2021-06-16T21:10:00Z,0.7008,0.7008,0.7008,0.7008,283.362908
Kraken:XRPEUR,2021-06-16T21:11:00Z,0.70016,0.70046,0.70013,0.70046,5834.12501448
Kraken:XRPEUR,2021-06-16T21:12:00Z,0.70046,0.70046,0.70046,0.70046,1.90031
Kraken:XRPEUR,2021-06-16T21:13:00Z,0.70004,0.70004,0.70004,0.70004,29.9963231
Kraken:XRPEUR,2021-06-16T21:15:00Z,0.69964,0.70022,0.69964,0.70022,1196.98
Kraken:XRPEUR,2021-06-16T21:16:00Z,0.70043,0.70043,0.70043,0.70043,309.714095
Kraken:XRPEUR,2021-06-16T21:17:00Z,0.70146,0.70146,0.70103,0.70103,2019.281816
Kraken:XRPEUR,2021-06-16T21:18:00Z,0.70151,0.70151,0.70151,0.70151,280.88599
Kraken:XRPEUR,2021-06-16T21:19:00Z,0.70106,0.70106,0.70106,0.70106,108.22253
Kraken:XRPEUR,2021-06-16T21:21:00Z,0.70224,0.70224,0.70224,0.70224,70.18048
Kraken:XRPEUR,2021-06-16T21:22:00Z,0.70206,0.70213,0.70177,0.70213,176.3454753
Kraken:XRPEUR,2021-06-16T21:23:00Z,0.70235,0.70235,0.70235,0.70235,2967.685339
Kraken:XRPEUR,2021-06-16T21:24:00Z,0.70238,0.70303,0.70238,0.70303,269.62757
Kraken:XRPEUR,2021-06-16T21:25:00Z,0.70295,0.70355,0.70295,0.70355,2134.03761
Kraken:XRPEUR,2021-06-16T21:27:00Z,0.70387,0.70387,0.70373,0.70373,858.25398514
Kraken:XRPEUR,2021-06-16T21:28:00Z,0.70369,0.70369,0.70369,0.70369,5E+1
Kraken:XRPEUR,2021-06-16T21:30:00Z,0.70391,0.70391,0.70391,0.70391,57.338583
Kraken:XRPEUR,2021-06-16T21:31:00Z,0.70359,0.70359,0.70326,0.70326,594.07058
Kraken:XRPEUR,2021-06-16T21:32:00Z,0.70419,0.70419,0.70419,0.70419,168.86014
Kraken:XRPEUR,2021-06-16T21:33:00Z,0.70386,0.70386,0.70386,0.70386,51
Kraken:XRPEUR,2021-06-16T21:36:00Z,0.7041,0.70417,0.7041,0.70417,921.87349
Kraken:XRPEUR,2021-06-16T21:37:00Z,0.7041,0.7041,0.70374,0.70374,1548.12597
Kraken:XRPEUR,2021-06-16T21:38:00Z,0.70417,0.70417,0.70417,0.70417,13.10979
Kraken:XRPEUR,2021-06-16T21:39:00Z,0.70435,0.70435,0.70435,0.70435,13.98767
Kraken:XRPEUR,2021-06-16T21:40:00Z,0.70401,0.70401,0.70401,0.70401,6E+1
Kraken:XRPEUR,2021-06-16T21:41:00Z,0.70309,0.70309,0.70309,0.70309,22425.77194954
Kraken:XRPEUR,2021-06-16T21:45:00Z,0.70257,0.70257,0.70227,0.70227,2417.08299529
Kraken:XRPEUR,2021-06-16T21:46:00Z,0.70222,0.70222,0.70222,0.70222,56.365403
Kraken:XRPEUR,2021-06-16T21:47:00Z,0.70238,0.70238,0.70238,0.70238,35.60137849
Kraken:XRPEUR,2021-06-16T21:48:00Z,0.70216,0.70239,0.70216,0.70239,156.76101672
Kraken:XRPEUR,2021-06-16T21:49:00Z,0.70265,0.70265,0.70265,0.70265,17.52689
Kraken:XRPEUR,2021-06-16T21:50:00Z,0.70251,0.70251,0.70251,0.70251,809.69149
Kraken:XRPEUR,2021-06-16T21:51:00Z,0.7023,0.70249,0.7023,0.70249,126.32244
Kraken:XRPEUR,2021-06-16T21:53:00Z,0.70269,0.70325,0.70269,0.70325,4816.12247939
Kraken:XRPEUR,2021-06-16T21:54:00Z,0.7035,0.7035,0.70333,0.70333,61.478102
Kraken:XRPEUR,2021-06-16T21:55:00Z,0.70347,0.70347,0.70312,0.70312,272.45869099
Kraken:XRPEUR,2021-06-16T21:56:00Z,0.70279,0.70279,0.70279,0.70279,14.16827738
Kraken:XRPEUR,2021-06-16T21:58:00Z,0.70323,0.70323,0.70323,0.70323,144.36685
Kraken:XRPEUR,2021-06-16T22:02:00Z,0.70294,0.70294,0.70294,0.70294,30.71428571
Kraken:XRPEUR,2021-06-16T22:04:00Z,0.70288,0.70364,0.70288,0.70364,35.290974
Kraken:XRPEUR,2021-06-16T22:05:00Z,0.70348,0.70348,0.70335,0.70335,4988.93439836
Kraken:XRPEUR,2021-06-16T22:06:00Z,0.70259,0.70259,0.70259,0.70259,25.574672
Kraken:XRPEUR,2021-06-16T22:07:00Z,0.70276,0.70276,0.70276,0.70276,3068.15390346
Kraken:XRPEUR,2021-06-16T22:10:00Z,0.70331,0.70348,0.70331,0.70348,2.5E+2
Kraken:XRPEUR,2021-06-16T22:11:00Z,0.70351,0.70351,0.70351,0.70351,1.5E+3
Kraken:XRPEUR,2021-06-16T22:13:00Z,0.70361,0.70361,0.703,0.703,1886.47337597
Kraken:XRPEUR,2021-06-16T22:14:00Z,0.703,0.703,0.703,0.703,699.98
Kraken:XRPEUR,2021-06-16T22:15:00Z,0.703,0.703,0.703,0.703,9768.31038407
Kraken:XRPEUR,2021-06-16T22:16:00Z,0.70191,0.70191,0.70191,0.70191,42.0885
Kraken:XRPEUR,2021-06-16T22:19:00Z,0.70049,0.70049,0.70049,0.70049,9E+2
Kraken:XRPEUR,2021-06-16T22:21:00Z,0.7019,0.70199,0.7019,0.70199,139.40788902
Kraken:XRPEUR,2021-06-16T22:24:00Z,0.70261,0.70261,0.70261,0.70261,1.5E+2
Kraken:XRPEUR,2021-06-16T22:25:00Z,0.70258,0.70258,0.70258,0.70258,103.695101
Kraken:XRPEUR,2021-06-16T22:26:00Z,0.70244,0.70252,0.70244,0.70245,2065.21660286
Kraken:XRPEUR,2021-06-16T22:27:00Z,0.70156,0.70156,0.70156,0.70156,3651
Kraken:XRPEUR,2021-06-16T22:28:00Z,0.70069,0.70138,0.70069,0.70138,453.0390839
Kraken:XRPEUR,2021-06-16T22:30:00Z,0.70134,0.70134,0.7007,0.7007,1E+5
Kraken:XRPEUR,2021-06-16T22:32:00Z,0.70026,0.70026,0.70026,0.70026,1E+2
Kraken:XRPEUR,2021-06-16T22:33:00Z,0.70073,0.70073,0.70073,0.70073,14.06836
Kraken:XRPEUR,2021-06-16T22:34:00Z,0.70093,0.70093,0.70093,0.70093,46.79154837
Kraken:XRPEUR,2021-06-16T22:35:00Z,0.70107,0.70107,0.70107,0.70107,428.1
Kraken:XRPEUR,2021-06-16T22:36:00Z,0.70086,0.70086,0.70054,0.70054,74999.99999997
Kraken:XRPEUR,2021-06-16T22:37:00Z,0.70027,0.70027,0.70003,0.70015,3528.18941
Kraken:XRPEUR,2021-06-16T22:39:00Z,0.70013,0.70013,0.6992,0.69946,303608.3570116401
Kraken:XRPEUR,2021-06-16T22:40:00Z,0.69884,0.69956,0.69884,0.69956,1256.62660816
Kraken:XRPEUR,2021-06-16T22:41:00Z,0.69903,0.69903,0.69813,0.69813,2730.46969871
Kraken:XRPEUR,2021-06-16T22:42:00Z,0.69813,0.69861,0.69813,0.69861,622
Kraken:XRPEUR,2021-06-16T22:43:00Z,0.69847,0.69847,0.69847,0.69847,157.10745
Kraken:XRPEUR,2021-06-16T22:44:00Z,0.69811,0.69811,0.69811,0.69811,1910.71992326
Kraken:XRPEUR,2021-06-16T22:47:00Z,0.69847,0.69895,0.69847,0.69895,1883.55
Kraken:XRPEUR,2021-06-16T22:48:00Z,0.69903,0.69943,0.69903,0.69943,58.27704573
Kraken:XRPEUR,2021-06-16T22:50:00Z,0.69811,0.69811,0.69811,0.69811,45
Kraken:XRPEUR,2021-06-16T22:51:00Z,0.69811,0.69811,0.69756,0.69759,18394.30898274
Kraken:XRPEUR,2021-06-16T22:52:00Z,0.69747,0.69747,0.69747,0.69747,75.98978269
Kraken:XRPEUR,2021-06-16T22:53:00Z,0.69695,0.69695,0.69694,0.69694,444.90571419
Kraken:XRPEUR,2021-06-16T22:54:00Z,0.6968,0.6968,0.6968,0.6968,209.1276
Kraken:XRPEUR,2021-06-16T22:55:00Z,0.69732,0.69732,0.69732,0.69732,13.24846
Kraken:XRPEUR,2021-06-16T22:56:00Z,0.69694,0.69694,0.69659,0.69659,699.98
Kraken:XRPEUR,2021-06-16T22:57:00Z,0.69732,0.69732,0.69732,0.69732,1.5E+2
Kraken:XRPEUR,2021-06-16T22:59:00Z,0.69783,0.69783,0.697,0.697,1328.31325
Kraken:XRPEUR,2021-06-16T23:00:00Z,0.69745,0.69745,0.69716,0.69716,180.2034
Kraken:XRPEUR,2021-06-16T23:01:00Z,0.6972,0.69732,0.6972,0.69732,1147
Kraken:XRPEUR,2021-06-16T23:02:00Z,0.69671,0.69671,0.69647,0.69647,270.841613
Kraken:XRPEUR,2021-06-16T23:03:00Z,0.69639,0.69639,0.69517,0.69517,3787.93952578
Kraken:XRPEUR,2021-06-16T23:04:00Z,0.695,0.695,0.69485,0.69485,264.60350849
Kraken:XRPEUR,2021-06-16T23:05:00Z,0.69544,0.69544,0.69544,0.69544,107.845394
Kraken:XRPEUR,2021-06-16T23:06:00Z,0.69526,0.69648,0.69526,0.69648,1378.11225179
Kraken:XRPEUR,2021-06-16T23:08:00Z,0.69634,0.69634,0.69634,0.69634,35.89478521
Kraken:XRPEUR,2021-06-16T23:09:00Z,0.69565,0.69565,0.69564,0.69564,293.049025
Kraken:XRPEUR,2021-06-16T23:10:00Z,0.69543,0.69543,0.69543,0.69543,35.44330771
Kraken:XRPEUR,2021-06-16T23:11:00Z,0.69543,0.69549,0.69489,0.69539,1526.88559
Kraken:XRPEUR,2021-06-16T23:12:00Z,0.69552,0.69575,0.69485,0.69485,487.51743074
Kraken:XRPEUR,2021-06-16T23:13:00Z,0.69425,0.69425,0.69404,0.6941,3046.07779199
Kraken:XRPEUR,2021-06-16T23:14:00Z,0.694,0.694,0.69381,0.69382,989.00212999
Kraken:XRPEUR,2021-06-16T23:15:00Z,0.69335,0.69335,0.69183,0.69183,3258.5305702
Kraken:XRPEUR,2021-06-16T23:16:00Z,0.69224,0.69233,0.69208,0.6922,3077.265332
Kraken:XRPEUR,2021-06-16T23:17:00Z,0.69118,0.69118,0.69065,0.69115,2093.76427235
Kraken:XRPEUR,2021-06-16T23:18:00Z,0.69186,0.69248,0.69186,0.69234,455.015661
Kraken:XRPEUR,2021-06-16T23:19:00Z,0.69234,0.69234,0.69234,0.69234,31.93127
Kraken:XRPEUR,2021-06-16T23:20:00Z,0.69321,0.6934,0.69321,0.6934,313.367282
Kraken:XRPEUR,2021-06-16T23:21:00Z,0.69273,0.69285,0.69273,0.69285,842.305479
Kraken:XRPEUR,2021-06-16T23:24:00Z,0.69231,0.69231,0.69138,0.69138,423
Kraken:XRPEUR,2021-06-16T23:26:00Z,0.69218,0.69221,0.69155,0.69155,5187.425079
Kraken:XRPEUR,2021-06-16T23:27:00Z,0.69141,0.69207,0.69141,0.69207,4E+2
Kraken:XRPEUR,2021-06-16T23:28:00Z,0.69275,0.69275,0.69275,0.69275,552.747134
Kraken:XRPEUR,2021-06-16T23:30:00Z,0.6925,0.6925,0.6925,0.6925,267.343552
Kraken:XRPEUR,2021-06-16T23:31:00Z,0.6923,0.69322,0.6923,0.69322,6742.16557
Kraken:XRPEUR,2021-06-16T23:35:00Z,0.69251,0.69251,0.69235,0.69235,1.25E+4
Kraken:XRPEUR,2021-06-16T23:36:00Z,0.69304,0.69304,0.69301,0.69301,215.799717
Kraken:XRPEUR,2021-06-16T23:38:00Z,0.69356,0.69356,0.69356,0.69356,143.113508
Kraken:XRPEUR,2021-06-16T23:42:00Z,0.6936,0.6936,0.6936,0.6936,126.2399
Kraken:XRPEUR,2021-06-16T23:47:00Z,0.69215,0.69215,0.69215,0.69215,143.4232464
Kraken:XRPEUR,2021-06-16T23:48:00Z,0.69141,0.69141,0.69141,0.69141,108.472417
Kraken:XRPEUR,2021-06-16T23:49:00Z,0.69277,0.69277,0.69256,0.69256,627.03057
Kraken:XRPEUR,2021-06-16T23:52:00Z,0.6927,0.693,0.6927,0.693,291581.40551782
Kraken:XRPEUR,2021-06-16T23:53:00Z,0.69231,0.69231,0.69229,0.69229,2017
Kraken:XRPEUR,2021-06-16T23:54:00Z,0.69252,0.69272,0.69252,0.69272,28875.41958879
Kraken:XRPEUR,2021-06-16T23:56:00Z,0.6932,0.6932,0.6932,0.6932,211.300148
Kraken:XRPEUR,2021-06-16T23:57:00Z,0.69303,0.6932,0.69303,0.6932,373.027783
