Kraken:XBTUSD,2022-01-26T00:00:00Z,36994.6,37017.2,36994.5,37001.4,0.14619399
Kraken:XBTUSD,2022-01-26T00:01:00Z,37001.3,37001.3,36906.0,36906.0,0.9452065
Kraken:XBTUSD,2022-01-26T00:02:00Z,36925.9,36946.0,36900.1,36906.9,0.31335875
Kraken:XBTUSD,2022-01-26T00:03:00Z,36900.4,36915.1,36900.1,36900.1,0.21501246
Kraken:XBTUSD,2022-01-26T00:04:00Z,36900.0,36900.0,36859.2,36859.2,0.76076805
Kraken:XBTUSD,2022-01-26T00:05:00Z,36877.6,36915.9,36877.6,36880.0,0.43555114
Kraken:XBTUSD,2022-01-26T00:06:00Z,36873.7,36898.3,36873.7,36880.1,1.31417538
Kraken:XBTUSD,2022-01-26T00:07:00Z,36880.0,36880.0,36853.1,36871.6,0.09046675
Kraken:XBTUSD,2022-01-26T00:08:00Z,36871.7,36880.0,36868.4,36872.2,0.01054326
Kraken:XBTUSD,2022-01-26T00:09:00Z,36880.0,36891.0,36871.9,36891.0,2.52828151
Kraken:XBTUSD,2022-01-26T00:10:00Z,36885.9,36980.1,36865.1,36967.8,0.80088514
Kraken:XBTUSD,2022-01-26T00:11:00Z,36980.0,36980.1,36968.3,36980.1,0.18125739
Kraken:XBTUSD,2022-01-26T00:12:00Z,36954.2,36984.0,36918.6,36918.7,0.28453646
Kraken:XBTUSD,2022-01-26T00:13:00Z,36890.5,36890.5,36844.6,36844.6,0.0586895
Kraken:XBTUSD,2022-01-26T00:14:00Z,36849.9,36870.0,36845.0,36870.0,0.27674264
Kraken:XBTUSD,2022-01-26T00:15:00Z,36844.5,36879.4,36844.5,36879.4,0.14809726
Kraken:XBTUSD,2022-01-26T00:16:00Z,36874.2,36889.7,36869.4,36883.9,0.67028585
Kraken:XBTUSD,2022-01-26T00:17:00Z,36867.5,36867.5,36844.6,36844.6,0.04614741
Kraken:XBTUSD,2022-01-26T00:18:00Z,36844.5,36844.5,36801.1,36802.2,0.16289823
Kraken:XBTUSD,2022-01-26T00:19:00Z,36801.1,36801.1,36797.7,36797.7,0.43257589
Kraken:XBTUSD,2022-01-26T00:20:00Z,36794.7,36794.7,36777.0,36777.0,0.02490449
Kraken:XBTUSD,2022-01-26T00:21:00Z,36777.1,36793.5,36775.6,36793.5,2.46335147
Kraken:XBTUSD,2022-01-26T00:22:00Z,36792.3,36819.0,36788.9,36812.5,0.22685731
Kraken:XBTUSD,2022-01-26T00:23:00Z,36812.5,36819.0,36812.5,36819.0,0.08144196
Kraken:XBTUSD,2022-01-26T00:24:00Z,36819.0,36844.7,36819.0,36844.7,0.09184142
Kraken:XBTUSD,2022-01-26T00:25:00Z,36847.0,36908.2,36847.0,36887.4,0.07638487
Kraken:XBTUSD,2022-01-26T00:26:00Z,36859.6,36859.6,36809.0,36817.9,0.02849614
Kraken:XBTUSD,2022-01-26T00:27:00Z,36816.7,36859.6,36816.7,36859.6,0.05830113
Kraken:XBTUSD,2022-01-26T00:28:00Z,36861.0,36863.4,36861.0,36863.4,0.59269706
Kraken:XBTUSD,2022-01-26T00:29:00Z,36861.2,36880.6,36861.2,36861.9,0.02704709
Kraken:XBTUSD,2022-01-26T00:30:00Z,36861.9,36884.2,36818.9,36875.5,1.0023377
Kraken:XBTUSD,2022-01-26T00:31:00Z,36878.8,36878.8,36855.4,36866.5,1.22031394
Kraken:XBTUSD,2022-01-26T00:32:00Z,36855.0,36868.6,36850.7,36868.6,0.06628373
Kraken:XBTUSD,2022-01-26T00:33:00Z,36874.1,36876.5,36860.1,36860.1,0.05178291
Kraken:XBTUSD,2022-01-26T00:34:00Z,36890.1,36890.1,36890.1,36890.1,0.00170301
Kraken:XBTUSD,2022-01-26T00:35:00Z,36890.0,36892.0,36890.0,36892.0,0.00879087
Kraken:XBTUSD,2022-01-26T00:36:00Z,36901.1,36926.8,36901.1,36924.0,0.90932055
Kraken:XBTUSD,2022-01-26T00:37:00Z,36925.4,36937.9,36925.4,36928.1,1.13318816
Kraken:XBTUSD,2022-01-26T00:38:00Z,36928.0,36928.0,36890.1,36890.1,0.52867701
Kraken:XBTUSD,2022-01-26T00:39:00Z,36893.9,36976.0,36890.1,36930.2,51.70132072
Kraken:XBTUSD,2022-01-26T00:40:00Z,36942.3,36942.3,36915.8,36916.9,1.05628224
Kraken:XBTUSD,2022-01-26T00:41:00Z,36894.2,36918.7,36894.2,36917.1,0.12850883
Kraken:XBTUSD,2022-01-26T00:42:00Z,36894.3,36907.4,36894.3,36907.4,0.29399431
Kraken:XBTUSD,2022-01-26T00:43:00Z,36913.0,36918.2,36890.1,36890.1,0.84300784
Kraken:XBTUSD,2022-01-26T00:44:00Z,36884.8,36884.8,36870.7,36870.8,0.1508082
Kraken:XBTUSD,2022-01-26T00:45:00Z,36870.8,36870.8,36819.9,36819.9,0.12711651
Kraken:XBTUSD,2022-01-26T00:46:00Z,36803.3,36803.4,36719.3,36720.7,0.19185366
Kraken:XBTUSD,2022-01-26T00:47:00Z,36731.7,36734.4,36715.0,36715.0,1.66125552
Kraken:XBTUSD,2022-01-26T00:48:00Z,36715.1,36758.4,36715.1,36751.1,0.0618056
Kraken:XBTUSD,2022-01-26T00:49:00Z,36752.3,36753.8,36724.1,36727.8,0.11121722
Kraken:XBTUSD,2022-01-26T00:50:00Z,36715.3,36729.7,36715.3,36729.7,0.03627494
Kraken:XBTUSD,2022-01-26T00:51:00Z,36729.7,36729.7,36729.7,36729.7,0.03744631
Kraken:XBTUSD,2022-01-26T00:52:00Z,36729.7,36729.7,36616.0,36692.2,57.12664891
Kraken:XBTUSD,2022-01-26T00:53:00Z,36689.4,36689.4,36620.6,36659.6,1.46117178
Kraken:XBTUSD,2022-01-26T00:54:00Z,36659.5,36659.5,36626.4,36637.0,0.19654535
Kraken:XBTUSD,2022-01-26T00:55:00Z,36627.1,36653.3,36612.6,36612.6,0.06972058
Kraken:XBTUSD,2022-01-26T00:56:00Z,36612.2,36612.5,36610.7,36612.5,0.08435673
Kraken:XBTUSD,2022-01-26T00:57:00Z,36653.3,36659.9,36628.7,36659.9,0.33361124
Kraken:XBTUSD,2022-01-26T00:58:00Z,36657.2,36657.2,36653.2,36653.3,0.52260699
Kraken:XBTUSD,2022-01-26T00:59:00Z,36653.3,36657.1,36653.3,36656.0,0.06812895
Kraken:XBTUSD,2022-01-26T01:00:00Z,36656.0,36656.0,36655.8,36655.9,2.86525661
Kraken:XBTUSD,2022-01-26T01:01:00Z,36655.9,36655.9,36655.8,36655.8,0.46703095
Kraken:XBTUSD,2022-01-26T01:02:00Z,36655.9,36666.2,36654.5,36666.2,0.24714229
Kraken:XBTUSD,2022-01-26T01:03:00Z,36675.4,36713.6,36675.4,36701.2,0.28320309
Kraken:XBTUSD,2022-01-26T01:04:00Z,36701.2,36702.8,36701.1,36702.8,0.64681311
Kraken:XBTUSD,2022-01-26T01:05:00Z,36723.9,36729.2,36723.9,36729.2,0.02124879
Kraken:XBTUSD,2022-01-26T01:06:00Z,36738.1,36755.8,36738.1,36750.4,0.35802173
Kraken:XBTUSD,2022-01-26T01:07:00Z,36750.4,36750.4,36727.3,36727.6,2.00721635
Kraken:XBTUSD,2022-01-26T01:08:00Z,36727.3,36727.8,36653.2,36653.2,2.66001841
Kraken:XBTUSD,2022-01-26T01:09:00Z,36653.3,36653.3,36653.2,36653.2,0.37362831
Kraken:XBTUSD,2022-01-26T01:10:00Z,36653.3,36653.3,36653.2,36653.2,0.30149575
Kraken:XBTUSD,2022-01-26T01:11:00Z,36653.3,36653.3,36634.3,36634.3,0.69508465
Kraken:XBTUSD,2022-01-26T01:12:00Z,36627.5,36627.5,36608.7,36616.1,0.05285328
Kraken:XBTUSD,2022-01-26T01:13:00Z,36614.7,36631.5,36600.0,36606.5,0.18099967
Kraken:XBTUSD,2022-01-26T01:14:00Z,36635.1,36640.3,36607.3,36607.3,0.43703489
Kraken:XBTUSD,2022-01-26T01:15:00Z,36606.2,36650.7,36600.2,36650.7,0.08552458
Kraken:XBTUSD,2022-01-26T01:16:00Z,36688.3,36688.3,36680.1,36680.1,0.02330091
Kraken:XBTUSD,2022-01-26T01:17:00Z,36680.9,36680.9,36680.0,36680.1,0.0378818
Kraken:XBTUSD,2022-01-26T01:18:00Z,36680.1,36680.1,36629.6,36629.6,0.42629521
Kraken:XBTUSD,2022-01-26T01:19:00Z,36626.6,36626.6,36606.1,36626.6,0.03880125
Kraken:XBTUSD,2022-01-26T01:20:00Z,36651.1,36670.8,36647.5,36670.8,0.02990676
Kraken:XBTUSD,2022-01-26T01:21:00Z,36670.9,36676.8,36670.9,36676.7,0.20725468
Kraken:XBTUSD,2022-01-26T01:22:00Z,36676.7,36698.0,36676.7,36697.9,0.21581572
Kraken:XBTUSD,2022-01-26T01:23:00Z,36698.0,36712.2,36698.0,36712.2,0.83338577
Kraken:XBTUSD,2022-01-26T01:24:00Z,36748.7,36750.5,36742.4,36742.4,0.02346928
Kraken:XBTUSD,2022-01-26T01:25:00Z,36747.5,36754.6,36747.5,36750.5,0.0991427
Kraken:XBTUSD,2022-01-26T01:26:00Z,36744.1,36744.1,36734.1,36734.1,0.00475301
Kraken:XBTUSD,2022-01-26T01:27:00Z,36748.8,36769.9,36748.8,36768.9,0.11008877
Kraken:XBTUSD,2022-01-26T01:28:00Z,36768.9,36768.9,36768.8,36768.8,0.04259224
Kraken:XBTUSD,2022-01-26T01:29:00Z,36728.8,36728.8,36728.8,36728.8,0.00506672
Kraken:XBTUSD,2022-01-26T01:30:00Z,36745.2,36745.2,36700.1,36711.4,0.17839155
Kraken:XBTUSD,2022-01-26T01:31:00Z,36719.1,36729.9,36717.3,36729.9,0.07157185
Kraken:XBTUSD,2022-01-26T01:32:00Z,36707.9,36707.9,36683.2,36701.5,0.18063597
Kraken:XBTUSD,2022-01-26T01:33:00Z,36703.1,36714.4,36703.1,36714.4,0.08435117
Kraken:XBTUSD,2022-01-26T01:34:00Z,36680.2,36680.2,36680.2,36680.2,0.00085086
Kraken:XBTUSD,2022-01-26T01:35:00Z,36680.2,36680.2,36680.1,36680.2,0.01126836
Kraken:XBTUSD,2022-01-26T01:36:00Z,36680.2,36680.2,36620.0,36620.0,0.1516577
Kraken:XBTUSD,2022-01-26T01:37:00Z,36620.0,36634.0,36620.0,36621.9,0.04632502
Kraken:XBTUSD,2022-01-26T01:38:00Z,36652.1,36697.6,36652.1,36697.6,0.05240116
Kraken:XBTUSD,2022-01-26T01:39:00Z,36693.1,36693.1,36680.7,36680.7,0.00201631
Kraken:XBTUSD,2022-01-26T01:40:00Z,36681.6,36698.7,36681.6,36698.7,0.20273007
Kraken:XBTUSD,2022-01-26T01:41:00Z,36699.9,36735.9,36699.9,36719.1,0.133912
Kraken:XBTUSD,2022-01-26T01:42:00Z,36723.7,36742.4,36723.7,36737.6,1.63309365
Kraken:XBTUSD,2022-01-26T01:43:00Z,36724.2,36729.9,36715.8,36719.1,0.461668
Kraken:XBTUSD,2022-01-26T01:44:00Z,36718.0,36718.0,36718.0,36718.0,0.00164134
Kraken:XBTUSD,2022-01-26T01:45:00Z,36718.8,36758.8,36718.8,36758.8,0.14809625
Kraken:XBTUSD,2022-01-26T01:46:00Z,36755.3,36763.5,36754.2,36763.5,0.03982448
Kraken:XBTUSD,2022-01-26T01:47:00Z,36763.5,36799.8,36763.5,36799.8,0.04833534
Kraken:XBTUSD,2022-01-26T01:48:00Z,36788.1,36794.5,36784.9,36788.5,0.01686247
Kraken:XBTUSD,2022-01-26T01:49:00Z,36788.4,36809.4,36788.4,36809.4,0.1598597
Kraken:XBTUSD,2022-01-26T01:50:00Z,36809.5,36819.5,36808.0,36819.5,0.37075901
Kraken:XBTUSD,2022-01-26T01:51:00Z,36826.8,36832.6,36826.3,36832.6,0.07481706
Kraken:XBTUSD,2022-01-26T01:52:00Z,36832.6,36848.4,36832.5,36848.4,0.55186819
Kraken:XBTUSD,2022-01-26T01:53:00Z,36853.9,36877.5,36853.9,36877.5,0.57319998
Kraken:XBTUSD,2022-01-26T01:54:00Z,36882.6,36882.6,36882.5,36882.6,0.08155466
Kraken:XBTUSD,2022-01-26T01:55:00Z,36882.6,36882.6,36882.6,36882.6,0.04332562
Kraken:XBTUSD,2022-01-26T01:56:00Z,36895.8,36900.0,36895.8,36900.0,0.08161268
Kraken:XBTUSD,2022-01-26T01:57:00Z,36900.0,36910.7,36900.0,36910.6,0.20421318
Kraken:XBTUSD,2022-01-26T01:58:00Z,36910.7,36923.6,36910.7,36911.9,1.03694369
Kraken:XBTUSD,2022-01-26T01:59:00Z,36911.8,36911.8,36875.6,36875.6,0.75429201
Kraken:XBTUSD,2022-01-26T02:00:00Z,36875.5,36882.5,36870.6,36882.5,0.066833
Kraken:XBTUSD,2022-01-26T02:01:00Z,36889.2,36914.8,36889.2,36914.8,0.5568436
Kraken:XBTUSD,2022-01-26T02:02:00Z,36911.9,36931.7,36911.9,36931.7,0.09690356
Kraken:XBTUSD,2022-01-26T02:03:00Z,36932.1,36932.6,36917.1,36932.6,0.10257407
Kraken:XBTUSD,2022-01-26T02:04:00Z,36935.0,36935.0,36934.9,36935.0,0.05571204
Kraken:XBTUSD,2022-01-26T02:05:00Z,36932.5,36954.9,36932.5,36940.8,0.09106687
Kraken:XBTUSD,2022-01-26T02:06:00Z,36932.8,36939.2,36920.2,36936.2,0.00971921
Kraken:XBTUSD,2022-01-26T02:07:00Z,36931.8,36935.2,36920.4,36921.5,0.11970392
Kraken:XBTUSD,2022-01-26T02:08:00Z,36919.6,36919.6,36919.6,36919.6,0.03109081
Kraken:XBTUSD,2022-01-26T02:09:00Z,36919.6,36919.6,36919.5,36919.6,0.24000934
Kraken:XBTUSD,2022-01-26T02:10:00Z,36919.6,36956.1,36919.6,36956.1,0.16351801
Kraken:XBTUSD,2022-01-26T02:11:00Z,36968.7,36985.7,36968.7,36985.7,0.84119634
Kraken:XBTUSD,2022-01-26T02:12:00Z,36986.1,37032.6,36986.1,37032.6,0.67186975
Kraken:XBTUSD,2022-01-26T02:13:00Z,37033.3,37047.1,37027.1,37027.1,0.09552894
Kraken:XBTUSD,2022-01-26T02:14:00Z,37027.0,37027.4,37011.1,37027.4,0.26914331
Kraken:XBTUSD,2022-01-26T02:15:00Z,37027.0,37027.0,36980.6,36995.6,0.91216123
Kraken:XBTUSD,2022-01-26T02:16:00Z,36993.3,36993.3,36982.5,36986.6,0.19482928
Kraken:XBTUSD,2022-01-26T02:17:00Z,36986.6,36989.2,36984.9,36986.0,0.17066518
Kraken:XBTUSD,2022-01-26T02:18:00Z,36986.2,36986.2,36986.1,36986.2,0.02689447
Kraken:XBTUSD,2022-01-26T02:19:00Z,36986.1,36994.1,36986.1,36994.1,0.50963483
Kraken:XBTUSD,2022-01-26T02:20:00Z,36994.6,36994.6,36986.3,36986.3,0.11818337
Kraken:XBTUSD,2022-01-26T02:21:00Z,36986.4,36986.4,36986.3,36986.3,0.09583251
Kraken:XBTUSD,2022-01-26T02:22:00Z,36986.4,36986.4,36986.2,36986.2,0.21705133
Kraken:XBTUSD,2022-01-26T02:23:00Z,36955.5,36982.0,36944.3,36982.0,0.11520233
Kraken:XBTUSD,2022-01-26T02:24:00Z,36972.7,36972.7,36972.6,36972.6,0.69099476
Kraken:XBTUSD,2022-01-26T02:25:00Z,36934.8,36945.3,36932.6,36943.9,0.12646905
Kraken:XBTUSD,2022-01-26T02:26:00Z,36944.0,36946.3,36944.0,36946.3,0.03977601
Kraken:XBTUSD,2022-01-26T02:27:00Z,36944.4,36944.4,36944.4,36944.4,0.03146316
Kraken:XBTUSD,2022-01-26T02:28:00Z,36944.4,36944.4,36944.3,36944.4,0.03338405
Kraken:XBTUSD,2022-01-26T02:29:00Z,36944.4,36944.4,36944.4,36944.4,0.02482385
Kraken:XBTUSD,2022-01-26T02:30:00Z,36944.4,36944.7,36928.2,36928.2,0.30607917
Kraken:XBTUSD,2022-01-26T02:31:00Z,36916.1,36929.9,36916.1,36925.0,0.13479014
Kraken:XBTUSD,2022-01-26T02:32:00Z,36928.6,36945.0,36928.6,36945.0,0.03947324
Kraken:XBTUSD,2022-01-26T02:33:00Z,36944.9,36944.9,36924.2,36944.3,0.14160456
Kraken:XBTUSD,2022-01-26T02:34:00Z,36929.6,36942.1,36924.2,36942.1,0.64877047
Kraken:XBTUSD,2022-01-26T02:35:00Z,36942.2,36942.2,36942.1,36942.2,0.35721254
Kraken:XBTUSD,2022-01-26T02:36:00Z,36942.2,36942.2,36942.2,36942.2,0.23922449
Kraken:XBTUSD,2022-01-26T02:37:00Z,36942.2,36942.2,36942.2,36942.2,0.13338779
Kraken:XBTUSD,2022-01-26T02:38:00Z,36942.2,36986.2,36942.2,36986.2,0.56602418
Kraken:XBTUSD,2022-01-26T02:39:00Z,36960.9,36960.9,36959.9,36959.9,0.01011179
Kraken:XBTUSD,2022-01-26T02:40:00Z,36959.8,36959.8,36942.1,36942.2,1.11580584
Kraken:XBTUSD,2022-01-26T02:41:00Z,36942.2,36942.2,36898.6,36899.3,2.6807369
Kraken:XBTUSD,2022-01-26T02:42:00Z,36907.3,36907.3,36874.9,36874.9,0.55231956
Kraken:XBTUSD,2022-01-26T02:43:00Z,36879.4,36883.8,36877.9,36883.8,0.08033295
Kraken:XBTUSD,2022-01-26T02:44:00Z,36878.1,36903.0,36877.2,36902.6,0.36004797
Kraken:XBTUSD,2022-01-26T02:45:00Z,36902.3,36924.8,36902.3,36907.2,0.33419296
Kraken:XBTUSD,2022-01-26T02:46:00Z,36902.2,36902.2,36861.8,36865.7,1.30885869
Kraken:XBTUSD,2022-01-26T02:47:00Z,36862.1,36862.1,36853.5,36853.5,0.01698147
Kraken:XBTUSD,2022-01-26T02:48:00Z,36847.9,36847.9,36844.3,36844.4,0.00849058
Kraken:XBTUSD,2022-01-26T02:49:00Z,36844.1,36844.2,36844.0,36844.0,0.0138091
Kraken:XBTUSD,2022-01-26T02:50:00Z,36844.2,36844.2,36843.9,36844.0,0.46776698
Kraken:XBTUSD,2022-01-26T02:51:00Z,36844.2,36852.4,36844.2,36852.4,0.17368293
Kraken:XBTUSD,2022-01-26T02:52:00Z,36852.5,36869.0,36852.5,36868.9,0.02792254
Kraken:XBTUSD,2022-01-26T02:53:00Z,36869.0,36869.0,36869.0,36869.0,1.22507439
Kraken:XBTUSD,2022-01-26T02:54:00Z,36867.9,36867.9,36854.6,36855.8,0.02373237
Kraken:XBTUSD,2022-01-26T02:55:00Z,36856.1,36870.5,36856.1,36868.6,0.39916185
Kraken:XBTUSD,2022-01-26T02:56:00Z,36871.4,36886.4,36871.4,36886.4,0.03823403
Kraken:XBTUSD,2022-01-26T02:57:00Z,36866.9,36866.9,36857.0,36861.1,0.29712083
Kraken:XBTUSD,2022-01-26T02:58:00Z,36872.6,36872.6,36872.6,36872.6,0.15507915
Kraken:XBTUSD,2022-01-26T02:59:00Z,36856.8,36856.8,36852.5,36854.4,0.65110733
Kraken:XBTUSD,2022-01-26T03:00:00Z,36854.4,36854.4,36843.9,36844.0,0.05482116
Kraken:XBTUSD,2022-01-26T03:01:00Z,36844.0,36844.0,36840.0,36840.1,0.36168105
Kraken:XBTUSD,2022-01-26T03:02:00Z,36840.1,36860.6,36840.1,36860.6,0.17261828
Kraken:XBTUSD,2022-01-26T03:03:00Z,36862.5,36896.6,36862.5,36896.6,0.10443254
Kraken:XBTUSD,2022-01-26T03:04:00Z,36896.4,36896.4,36859.9,36859.9,0.61376081
Kraken:XBTUSD,2022-01-26T03:05:00Z,36858.3,36889.0,36856.3,36885.3,0.08271117
Kraken:XBTUSD,2022-01-26T03:06:00Z,36884.3,36900.0,36884.3,36900.0,0.24426739
Kraken:XBTUSD,2022-01-26T03:07:00Z,36900.0,37014.8,36900.0,37014.8,4.47741023
Kraken:XBTUSD,2022-01-26T03:08:00Z,37007.2,37027.4,37005.8,37027.4,0.41858149
Kraken:XBTUSD,2022-01-26T03:09:00Z,37027.4,37091.9,37027.4,37032.7,3.16180554
Kraken:XBTUSD,2022-01-26T03:10:00Z,37046.5,37060.9,37046.1,37046.1,0.05917096
Kraken:XBTUSD,2022-01-26T03:11:00Z,37043.2,37057.1,37043.2,37054.4,0.01623838
Kraken:XBTUSD,2022-01-26T03:12:00Z,37050.7,37050.7,37032.6,37032.6,0.00304974
Kraken:XBTUSD,2022-01-26T03:13:00Z,37030.5,37049.9,37025.4,37049.9,1.11068349
Kraken:XBTUSD,2022-01-26T03:14:00Z,37051.5,37051.5,37051.5,37051.5,0.00731652
Kraken:XBTUSD,2022-01-26T03:15:00Z,37051.5,37051.5,37031.7,37031.7,1.27278189
Kraken:XBTUSD,2022-01-26T03:16:00Z,37015.7,37015.7,37014.4,37014.4,0.0083804
Kraken:XBTUSD,2022-01-26T03:17:00Z,37014.5,37032.1,37014.5,37014.5,21.12350734
Kraken:XBTUSD,2022-01-26T03:18:00Z,37009.6,37019.0,37005.8,37019.0,0.11623113
Kraken:XBTUSD,2022-01-26T03:19:00Z,37018.6,37018.9,37018.6,37018.9,0.00409128
Kraken:XBTUSD,2022-01-26T03:20:00Z,37061.9,37180.0,37061.9,37180.0,1.76327401
Kraken:XBTUSD,2022-01-26T03:21:00Z,37180.0,37182.5,37179.9,37182.5,3.33194244
Kraken:XBTUSD,2022-01-26T03:22:00Z,37182.6,37210.0,37182.6,37198.5,2.82289154
Kraken:XBTUSD,2022-01-26T03:23:00Z,37190.9,37190.9,37136.6,37151.3,0.0571684
Kraken:XBTUSD,2022-01-26T03:24:00Z,37145.5,37145.5,37136.9,37142.0,0.08684185
Kraken:XBTUSD,2022-01-26T03:25:00Z,37143.4,37143.4,37135.1,37135.7,0.71821398
Kraken:XBTUSD,2022-01-26T03:26:00Z,37135.1,37135.2,37135.0,37135.2,0.06205578
Kraken:XBTUSD,2022-01-26T03:27:00Z,37199.8,37201.8,37170.5,37170.5,1.15380737
Kraken:XBTUSD,2022-01-26T03:28:00Z,37177.4,37192.0,37177.4,37192.0,0.00618431
Kraken:XBTUSD,2022-01-26T03:29:00Z,37192.0,37205.9,37192.0,37202.4,0.04434154
Kraken:XBTUSD,2022-01-26T03:30:00Z,37202.4,37210.0,37202.3,37210.0,0.12982967
Kraken:XBTUSD,2022-01-26T03:31:00Z,37210.0,37269.7,37210.0,37258.4,1.03632405
Kraken:XBTUSD,2022-01-26T03:32:00Z,37248.3,37260.1,37248.3,37260.1,0.10352416
Kraken:XBTUSD,2022-01-26T03:33:00Z,37260.2,37260.2,37260.1,37260.2,0.38244713
Kraken:XBTUSD,2022-01-26T03:34:00Z,37260.2,37392.1,37260.2,37349.9,7.02251268
Kraken:XBTUSD,2022-01-26T03:35:00Z,37321.1,37321.1,37283.1,37283.1,0.30954255
Kraken:XBTUSD,2022-01-26T03:36:00Z,37286.1,37291.0,37286.0,37291.0,0.3172669
Kraken:XBTUSD,2022-01-26T03:37:00Z,37291.0,37384.3,37288.0,37384.3,5.92332461
Kraken:XBTUSD,2022-01-26T03:38:00Z,37339.2,37347.2,37336.7,37336.7,0.08876142
Kraken:XBTUSD,2022-01-26T03:39:00Z,37336.8,37336.8,37336.8,37336.8,0.02308723
Kraken:XBTUSD,2022-01-26T03:40:00Z,37336.8,37444.1,37336.8,37443.5,6.20941558
Kraken:XBTUSD,2022-01-26T03:41:00Z,37422.9,37439.9,37422.9,37439.9,0.60639436
Kraken:XBTUSD,2022-01-26T03:42:00Z,37442.8,37444.3,37442.8,37443.9,0.06084927
Kraken:XBTUSD,2022-01-26T03:43:00Z,37449.9,37450.0,37440.0,37441.9,1.56793548
Kraken:XBTUSD,2022-01-26T03:44:00Z,37446.4,37448.8,37440.0,37440.1,4.22033193
Kraken:XBTUSD,2022-01-26T03:45:00Z,37440.0,37450.0,37432.6,37450.0,1.67499013
Kraken:XBTUSD,2022-01-26T03:46:00Z,37450.0,37472.0,37449.9,37461.4,2.09058738
Kraken:XBTUSD,2022-01-26T03:47:00Z,37459.7,37459.9,37430.4,37459.9,11.15139322
Kraken:XBTUSD,2022-01-26T03:48:00Z,37459.2,37459.2,37450.4,37452.1,1.19768639
Kraken:XBTUSD,2022-01-26T03:49:00Z,37480.4,37490.0,37480.4,37487.0,1.15083839
Kraken:XBTUSD,2022-01-26T03:50:00Z,37490.0,37490.0,37452.5,37452.5,4.03637798
Kraken:XBTUSD,2022-01-26T03:51:00Z,37467.9,37489.8,37467.9,37489.8,0.16213362
Kraken:XBTUSD,2022-01-26T03:52:00Z,37489.8,37490.0,37452.3,37452.3,8.14646118
Kraken:XBTUSD,2022-01-26T03:53:00Z,37452.3,37521.0,37415.6,37498.8,13.62837094
Kraken:XBTUSD,2022-01-26T03:54:00Z,37479.6,37500.0,37471.8,37479.1,1.31630887
Kraken:XBTUSD,2022-01-26T03:55:00Z,37478.6,37479.1,37460.6,37466.4,0.63213652
Kraken:XBTUSD,2022-01-26T03:56:00Z,37457.3,37460.1,37423.5,37435.8,0.83337962
Kraken:XBTUSD,2022-01-26T03:57:00Z,37433.5,37433.8,37427.7,37433.8,0.12760877
Kraken:XBTUSD,2022-01-26T03:58:00Z,37434.4,37436.0,37364.8,37407.4,6.09131508
Kraken:XBTUSD,2022-01-26T03:59:00Z,37414.9,37433.9,37414.9,37433.9,0.12380855
Kraken:XBTUSD,2022-01-26T04:00:00Z,37431.8,37448.8,37431.7,37441.3,0.13943903
Kraken:XBTUSD,2022-01-26T04:01:00Z,37433.9,37433.9,37396.0,37399.0,1.16014824
Kraken:XBTUSD,2022-01-26T04:02:00Z,37404.0,37444.6,37404.0,37405.1,0.17531907
Kraken:XBTUSD,2022-01-26T04:03:00Z,37407.6,37409.1,37405.0,37405.1,0.19212326
Kraken:XBTUSD,2022-01-26T04:04:00Z,37405.1,37405.1,37387.0,37387.0,0.04367403
Kraken:XBTUSD,2022-01-26T04:05:00Z,37387.0,37387.0,37334.6,37351.8,2.49214051
Kraken:XBTUSD,2022-01-26T04:06:00Z,37357.7,37361.6,37334.8,37336.7,1.53902117
Kraken:XBTUSD,2022-01-26T04:07:00Z,37329.8,37379.8,37316.6,37362.6,7.26859632
Kraken:XBTUSD,2022-01-26T04:08:00Z,37354.9,37354.9,37354.9,37354.9,0.06512946
Kraken:XBTUSD,2022-01-26T04:09:00Z,37363.2,37363.2,37363.2,37363.2,0.0494
Kraken:XBTUSD,2022-01-26T04:10:00Z,37363.3,37385.7,37363.3,37374.6,0.29571817
Kraken:XBTUSD,2022-01-26T04:11:00Z,37374.7,37379.1,37374.7,37377.2,3.50391551
Kraken:XBTUSD,2022-01-26T04:12:00Z,37379.0,37379.3,37379.0,37379.3,0.20954556
Kraken:XBTUSD,2022-01-26T04:13:00Z,37379.3,37384.5,37375.3,37375.3,0.48710409
Kraken:XBTUSD,2022-01-26T04:14:00Z,37380.5,37390.6,37380.5,37388.8,0.50852964
Kraken:XBTUSD,2022-01-26T04:15:00Z,37375.3,37392.6,37375.2,37386.2,0.11315222
Kraken:XBTUSD,2022-01-26T04:16:00Z,37386.8,37386.8,37375.2,37375.3,0.14611186
Kraken:XBTUSD,2022-01-26T04:17:00Z,37375.3,37375.3,37329.9,37330.0,1.14504299
Kraken:XBTUSD,2022-01-26T04:18:00Z,37329.9,37330.0,37319.7,37319.8,0.03895554
Kraken:XBTUSD,2022-01-26T04:19:00Z,37319.7,37319.8,37314.1,37314.6,0.18002081
Kraken:XBTUSD,2022-01-26T04:20:00Z,37308.2,37319.3,37308.2,37313.0,0.03537018
Kraken:XBTUSD,2022-01-26T04:21:00Z,37319.0,37319.0,37290.6,37290.6,0.25616619
Kraken:XBTUSD,2022-01-26T04:22:00Z,37292.8,37300.7,37289.2,37300.7,0.12895516
Kraken:XBTUSD,2022-01-26T04:23:00Z,37300.7,37316.4,37300.7,37314.7,0.07268966
Kraken:XBTUSD,2022-01-26T04:24:00Z,37304.4,37316.9,37304.4,37316.9,0.43251877
Kraken:XBTUSD,2022-01-26T04:25:00Z,37314.0,37314.0,37294.9,37294.9,0.37828435
Kraken:XBTUSD,2022-01-26T04:26:00Z,37312.4,37312.7,37312.4,37312.6,0.06423287
Kraken:XBTUSD,2022-01-26T04:27:00Z,37313.7,37319.1,37312.7,37319.1,0.35423215
Kraken:XBTUSD,2022-01-26T04:28:00Z,37319.3,37350.0,37319.3,37350.0,0.41856085
Kraken:XBTUSD,2022-01-26T04:29:00Z,37351.3,37366.9,37351.3,37356.6,0.06585336
Kraken:XBTUSD,2022-01-26T04:30:00Z,37354.9,37355.0,37330.7,37330.7,0.73553273
Kraken:XBTUSD,2022-01-26T04:31:00Z,37321.9,37322.9,37304.5,37313.2,0.09829564
Kraken:XBTUSD,2022-01-26T04:32:00Z,37327.9,37327.9,37319.6,37322.0,0.0160675
Kraken:XBTUSD,2022-01-26T04:33:00Z,37322.0,37348.4,37322.0,37332.1,0.22223476
Kraken:XBTUSD,2022-01-26T04:34:00Z,37335.6,37337.8,37329.8,37329.8,0.23297721
Kraken:XBTUSD,2022-01-26T04:35:00Z,37323.1,37327.3,37323.0,37327.3,0.33454531
Kraken:XBTUSD,2022-01-26T04:36:00Z,37337.8,37354.9,37337.8,37354.7,0.05958468
Kraken:XBTUSD,2022-01-26T04:37:00Z,37355.0,37380.3,37355.0,37380.3,0.11408486
Kraken:XBTUSD,2022-01-26T04:38:00Z,37380.3,37380.3,37380.3,37380.3,0.0001303
Kraken:XBTUSD,2022-01-26T04:39:00Z,37380.3,37397.2,37380.3,37393.0,0.45583339
Kraken:XBTUSD,2022-01-26T04:40:00Z,37392.3,37392.3,37382.1,37387.4,0.7909312
Kraken:XBTUSD,2022-01-26T04:41:00Z,37392.2,37392.2,37392.1,37392.1,0.0130061
Kraken:XBTUSD,2022-01-26T04:42:00Z,37381.2,37381.2,37375.9,37375.9,0.00170383
Kraken:XBTUSD,2022-01-26T04:43:00Z,37376.4,37396.9,37376.4,37393.7,0.05094979
Kraken:XBTUSD,2022-01-26T04:44:00Z,37403.9,37403.9,37400.0,37400.1,0.11008056
Kraken:XBTUSD,2022-01-26T04:45:00Z,37400.1,37410.5,37400.1,37409.1,0.30187196
Kraken:XBTUSD,2022-01-26T04:46:00Z,37409.2,37424.0,37409.2,37424.0,0.26702334
Kraken:XBTUSD,2022-01-26T04:47:00Z,37433.6,37436.8,37432.7,37436.8,0.69059801
Kraken:XBTUSD,2022-01-26T04:48:00Z,37443.6,37800.0,37443.6,37800.0,115.75062883
Kraken:XBTUSD,2022-01-26T04:49:00Z,37800.0,37881.0,37690.7,37810.0,34.86716893
Kraken:XBTUSD,2022-01-26T04:50:00Z,37811.1,37846.7,37773.3,37774.5,4.69873623
Kraken:XBTUSD,2022-01-26T04:51:00Z,37737.1,37737.1,37691.9,37691.9,1.60775091
Kraken:XBTUSD,2022-01-26T04:52:00Z,37691.9,37709.2,37660.8,37709.2,0.86575102
Kraken:XBTUSD,2022-01-26T04:53:00Z,37721.8,37732.2,37719.8,37719.8,0.88501167
Kraken:XBTUSD,2022-01-26T04:54:00Z,37732.0,37825.8,37732.0,37825.8,0.01685348
Kraken:XBTUSD,2022-01-26T04:55:00Z,37802.7,37828.9,37789.6,37815.0,2.76134703
Kraken:XBTUSD,2022-01-26T04:56:00Z,37819.5,37819.5,37815.0,37815.0,1.50418997
Kraken:XBTUSD,2022-01-26T04:57:00Z,37815.0,37820.1,37814.9,37820.0,0.7605135
Kraken:XBTUSD,2022-01-26T04:58:00Z,37820.1,37820.1,37820.0,37820.0,0.13175215
Kraken:XBTUSD,2022-01-26T04:59:00Z,37820.1,37820.3,37814.9,37814.9,6.96027391
Kraken:XBTUSD,2022-01-26T05:00:00Z,37820.3,37872.0,37820.3,37872.0,0.31296565
Kraken:XBTUSD,2022-01-26T05:01:00Z,37872.2,37885.9,37872.2,37878.0,3.47651324
Kraken:XBTUSD,2022-01-26T05:02:00Z,37875.0,37888.0,37875.0,37888.0,0.21960193
Kraken:XBTUSD,2022-01-26T05:03:00Z,37879.8,37879.8,37827.8,37828.1,0.61225297
Kraken:XBTUSD,2022-01-26T05:04:00Z,37826.5,37826.5,37815.0,37815.0,0.32280097
Kraken:XBTUSD,2022-01-26T05:05:00Z,37815.0,37815.0,37758.2,37758.2,3.71046537
Kraken:XBTUSD,2022-01-26T05:06:00Z,37751.7,37751.8,37700.0,37700.0,1.39723501
Kraken:XBTUSD,2022-01-26T05:07:00Z,37700.1,37700.1,37700.0,37700.1,0.1183267
Kraken:XBTUSD,2022-01-26T05:08:00Z,37700.1,37700.1,37700.1,37700.1,0.15170901
Kraken:XBTUSD,2022-01-26T05:09:00Z,37700.1,37700.1,37700.0,37700.0,0.21148425
Kraken:XBTUSD,2022-01-26T05:10:00Z,37700.1,37702.8,37700.0,37700.1,1.86501398
Kraken:XBTUSD,2022-01-26T05:11:00Z,37700.0,37700.1,37654.2,37655.7,1.96143712
Kraken:XBTUSD,2022-01-26T05:12:00Z,37651.4,37660.0,37651.4,37659.9,0.36762144
Kraken:XBTUSD,2022-01-26T05:13:00Z,37660.0,37660.0,37660.0,37660.0,0.00082173
Kraken:XBTUSD,2022-01-26T05:14:00Z,37659.9,37659.9,37659.9,37659.9,0.00306526
Kraken:XBTUSD,2022-01-26T05:15:00Z,37660.0,37660.0,37637.2,37659.8,0.70887733
Kraken:XBTUSD,2022-01-26T05:16:00Z,37660.0,37699.7,37660.0,37670.5,1.5186843
Kraken:XBTUSD,2022-01-26T05:17:00Z,37672.0,37672.0,37672.0,37672.0,0.0675183
Kraken:XBTUSD,2022-01-26T05:18:00Z,37643.3,37654.0,37643.3,37654.0,0.17119037
Kraken:XBTUSD,2022-01-26T05:19:00Z,37654.0,37672.0,37654.0,37671.9,0.29320484
Kraken:XBTUSD,2022-01-26T05:20:00Z,37672.0,37672.0,37671.9,37672.0,0.05622693
Kraken:XBTUSD,2022-01-26T05:21:00Z,37672.0,37680.0,37672.0,37680.0,0.45440709
Kraken:XBTUSD,2022-01-26T05:22:00Z,37680.0,37713.6,37680.0,37713.6,0.38516578
Kraken:XBTUSD,2022-01-26T05:23:00Z,37711.2,37718.6,37711.2,37717.1,2.51043773
Kraken:XBTUSD,2022-01-26T05:24:00Z,37717.1,37717.1,37717.1,37717.1,1.03836673
Kraken:XBTUSD,2022-01-26T05:25:00Z,37717.1,37717.1,37700.0,37700.0,1.03821126
Kraken:XBTUSD,2022-01-26T05:26:00Z,37700.1,37700.1,37680.0,37680.0,2.10862789
Kraken:XBTUSD,2022-01-26T05:27:00Z,37680.0,37680.0,37680.0,37680.0,0.02546044
Kraken:XBTUSD,2022-01-26T05:28:00Z,37680.0,37680.0,37679.9,37680.0,0.31645175
Kraken:XBTUSD,2022-01-26T05:29:00Z,37717.2,37737.8,37717.2,37726.7,0.14771558
Kraken:XBTUSD,2022-01-26T05:30:00Z,37728.3,37737.8,37728.3,37737.1,0.06615657
Kraken:XBTUSD,2022-01-26T05:31:00Z,37737.0,37737.0,37717.1,37717.1,0.70600213
Kraken:XBTUSD,2022-01-26T05:32:00Z,37717.2,37717.2,37706.1,37706.1,0.32996084
Kraken:XBTUSD,2022-01-26T05:33:00Z,37707.7,37707.7,37686.0,37687.5,2.39933596
Kraken:XBTUSD,2022-01-26T05:34:00Z,37687.1,37701.2,37687.0,37701.2,0.06795943
Kraken:XBTUSD,2022-01-26T05:35:00Z,37702.9,37707.8,37702.9,37707.8,0.00297793
Kraken:XBTUSD,2022-01-26T05:36:00Z,37707.8,37707.8,37689.1,37689.1,0.19067044
Kraken:XBTUSD,2022-01-26T05:37:00Z,37692.1,37707.8,37692.1,37707.8,0.28865608
Kraken:XBTUSD,2022-01-26T05:38:00Z,37707.8,37707.8,37707.8,37707.8,0.00293623
Kraken:XBTUSD,2022-01-26T05:39:00Z,37707.8,37707.8,37707.8,37707.8,0.03898977
Kraken:XBTUSD,2022-01-26T05:40:00Z,37707.8,37727.5,37707.7,37727.5,0.31586047
Kraken:XBTUSD,2022-01-26T05:41:00Z,37727.0,37765.1,37727.0,37765.1,1.34569314
Kraken:XBTUSD,2022-01-26T05:42:00Z,37759.0,37798.1,37759.0,37795.5,18.58069244
Kraken:XBTUSD,2022-01-26T05:43:00Z,37800.0,37860.7,37800.0,37850.9,7.95691599
Kraken:XBTUSD,2022-01-26T05:44:00Z,37849.9,37879.5,37849.9,37879.5,0.09989272
Kraken:XBTUSD,2022-01-26T05:45:00Z,37879.5,37885.2,37819.4,37819.4,2.07989971
Kraken:XBTUSD,2022-01-26T05:46:00Z,37808.3,37856.7,37808.3,37856.7,1.09217361
Kraken:XBTUSD,2022-01-26T05:47:00Z,37857.6,37988.7,37857.6,37944.4,28.0395253
Kraken:XBTUSD,2022-01-26T05:48:00Z,37955.8,37963.5,37894.7,37930.2,2.28398917
Kraken:XBTUSD,2022-01-26T05:49:00Z,37903.6,37903.6,37829.3,37847.0,0.05478146
Kraken:XBTUSD,2022-01-26T05:50:00Z,37843.0,37843.0,37827.9,37827.9,0.05807502
Kraken:XBTUSD,2022-01-26T05:51:00Z,37822.6,37822.6,37819.5,37822.5,0.18572489
Kraken:XBTUSD,2022-01-26T05:52:00Z,37819.5,37819.5,37712.6,37717.3,0.09817588
Kraken:XBTUSD,2022-01-26T05:53:00Z,37712.8,37712.9,37680.1,37680.1,0.17813012
Kraken:XBTUSD,2022-01-26T05:54:00Z,37684.1,37684.1,37650.0,37650.0,0.52969897
Kraken:XBTUSD,2022-01-26T05:55:00Z,37650.1,37657.9,37650.1,37657.8,0.0835738
Kraken:XBTUSD,2022-01-26T05:56:00Z,37657.9,37674.8,37657.9,37674.8,0.00738501
Kraken:XBTUSD,2022-01-26T05:57:00Z,37689.6,37689.7,37658.0,37683.8,0.46078246
Kraken:XBTUSD,2022-01-26T05:58:00Z,37669.3,37700.0,37669.3,37684.2,9.0547264
Kraken:XBTUSD,2022-01-26T05:59:00Z,37672.0,37672.0,37656.1,37656.1,1.53452774
Kraken:XBTUSD,2022-01-26T06:00:00Z,37656.0,37682.4,37650.1,37681.6,0.10901133
Kraken:XBTUSD,2022-01-26T06:01:00Z,37650.1,37661.0,37650.1,37661.0,0.38810536
Kraken:XBTUSD,2022-01-26T06:02:00Z,37669.4,37674.0,37669.4,37674.0,0.03901776
Kraken:XBTUSD,2022-01-26T06:03:00Z,37672.5,37672.5,37650.1,37650.1,1.17825584
Kraken:XBTUSD,2022-01-26T06:04:00Z,37650.1,37650.1,37650.0,37650.1,0.11771429
Kraken:XBTUSD,2022-01-26T06:05:00Z,37650.1,37711.3,37650.1,37711.3,0.1495317
Kraken:XBTUSD,2022-01-26T06:06:00Z,37669.8,37669.8,37668.9,37668.9,0.02077162
Kraken:XBTUSD,2022-01-26T06:07:00Z,37668.9,37673.5,37668.8,37673.5,0.10959858
Kraken:XBTUSD,2022-01-26T06:08:00Z,37673.5,37673.5,37673.5,37673.5,0.03143257
Kraken:XBTUSD,2022-01-26T06:09:00Z,37673.5,37673.5,37673.5,37673.5,0.01234947
Kraken:XBTUSD,2022-01-26T06:10:00Z,37673.4,37673.5,37650.1,37650.1,0.98337467
Kraken:XBTUSD,2022-01-26T06:11:00Z,37662.6,37663.0,37661.6,37661.6,0.00637763
Kraken:XBTUSD,2022-01-26T06:12:00Z,37659.4,37673.5,37659.4,37665.2,1.08184525
Kraken:XBTUSD,2022-01-26T06:13:00Z,37667.5,37683.2,37662.2,37683.2,0.89539414
Kraken:XBTUSD,2022-01-26T06:14:00Z,37660.9,37660.9,37660.6,37660.7,0.01294782
Kraken:XBTUSD,2022-01-26T06:15:00Z,37660.7,37660.7,37660.6,37660.6,0.00444
Kraken:XBTUSD,2022-01-26T06:16:00Z,37660.7,37679.9,37660.7,37679.9,0.22713432
Kraken:XBTUSD,2022-01-26T06:17:00Z,37682.9,37794.8,37682.9,37768.3,4.35932909
Kraken:XBTUSD,2022-01-26T06:18:00Z,37768.3,37768.7,37768.2,37768.2,0.06002747
Kraken:XBTUSD,2022-01-26T06:19:00Z,37768.2,37768.3,37768.2,37768.3,0.02226206
Kraken:XBTUSD,2022-01-26T06:20:00Z,37768.3,37788.0,37768.3,37780.6,0.54211611
Kraken:XBTUSD,2022-01-26T06:21:00Z,37768.2,37768.2,37732.2,37732.2,4.21245832
Kraken:XBTUSD,2022-01-26T06:22:00Z,37732.2,37732.2,37732.1,37732.2,0.05366809
Kraken:XBTUSD,2022-01-26T06:23:00Z,37732.1,37732.1,37704.0,37708.4,0.31218071
Kraken:XBTUSD,2022-01-26T06:24:00Z,37704.1,37704.9,37681.1,37681.1,2.72616447
Kraken:XBTUSD,2022-01-26T06:25:00Z,37678.6,37678.6,37665.5,37671.7,0.48885443
Kraken:XBTUSD,2022-01-26T06:26:00Z,37667.6,37667.6,37629.3,37629.3,1.14892066
Kraken:XBTUSD,2022-01-26T06:27:00Z,37629.2,37629.2,37562.5,37580.1,0.58883078
Kraken:XBTUSD,2022-01-26T06:28:00Z,37562.5,37562.5,37531.6,37531.6,1.22013014
Kraken:XBTUSD,2022-01-26T06:29:00Z,37531.5,37531.5,37507.9,37507.9,0.49298084
Kraken:XBTUSD,2022-01-26T06:30:00Z,37507.9,37507.9,37468.0,37468.0,0.08524531
Kraken:XBTUSD,2022-01-26T06:31:00Z,37473.3,37523.7,37473.3,37500.1,1.06250022
Kraken:XBTUSD,2022-01-26T06:32:00Z,37500.0,37500.1,37450.0,37450.1,0.37304591
Kraken:XBTUSD,2022-01-26T06:33:00Z,37450.0,37450.0,37431.3,37431.8,2.57730994
Kraken:XBTUSD,2022-01-26T06:34:00Z,37431.3,37431.3,37381.1,37415.4,8.14314078
Kraken:XBTUSD,2022-01-26T06:35:00Z,37415.4,37415.4,37380.2,37380.2,1.13805049
Kraken:XBTUSD,2022-01-26T06:36:00Z,37410.7,37453.8,37410.7,37452.0,0.44914051
Kraken:XBTUSD,2022-01-26T06:37:00Z,37465.9,37484.4,37422.2,37422.2,1.4733701
Kraken:XBTUSD,2022-01-26T06:38:00Z,37421.9,37431.2,37411.2,37420.5,2.61478335
Kraken:XBTUSD,2022-01-26T06:39:00Z,37421.0,37421.0,37411.3,37411.3,0.02120638
Kraken:XBTUSD,2022-01-26T06:40:00Z,37411.4,37416.4,37411.3,37416.4,0.45747818
Kraken:XBTUSD,2022-01-26T06:41:00Z,37416.0,37434.4,37415.1,37434.3,0.56548592
Kraken:XBTUSD,2022-01-26T06:42:00Z,37443.0,37465.0,37443.0,37465.0,1.21965649
Kraken:XBTUSD,2022-01-26T06:43:00Z,37465.0,37465.0,37464.7,37464.8,0.30022688
Kraken:XBTUSD,2022-01-26T06:44:00Z,37471.3,37471.4,37469.6,37469.6,0.00406399
Kraken:XBTUSD,2022-01-26T06:45:00Z,37474.7,37474.7,37469.0,37469.0,1.72442521
Kraken:XBTUSD,2022-01-26T06:46:00Z,37468.4,37468.5,37395.8,37395.8,2.47323173
Kraken:XBTUSD,2022-01-26T06:47:00Z,37386.0,37386.0,37350.0,37350.0,0.41980103
Kraken:XBTUSD,2022-01-26T06:48:00Z,37350.1,37350.1,37327.4,37327.4,0.75295067
Kraken:XBTUSD,2022-01-26T06:49:00Z,37323.1,37340.4,37316.3,37340.2,0.33716552
Kraken:XBTUSD,2022-01-26T06:50:00Z,37341.5,37341.5,37234.4,37246.4,3.01370456
Kraken:XBTUSD,2022-01-26T06:51:00Z,37276.2,37337.2,37276.2,37337.2,0.28152229
Kraken:XBTUSD,2022-01-26T06:52:00Z,37361.5,37379.6,37361.5,37364.7,0.25673519
Kraken:XBTUSD,2022-01-26T06:53:00Z,37364.7,37381.0,37364.7,37381.0,0.04047652
Kraken:XBTUSD,2022-01-26T06:54:00Z,37380.9,37381.0,37373.0,37373.5,1.92907207
Kraken:XBTUSD,2022-01-26T06:55:00Z,37361.8,37361.8,37307.4,37307.4,0.55837775
Kraken:XBTUSD,2022-01-26T06:56:00Z,37320.3,37345.4,37320.3,37333.5,0.0417319
Kraken:XBTUSD,2022-01-26T06:57:00Z,37294.6,37339.6,37286.7,37331.5,0.3536842
Kraken:XBTUSD,2022-01-26T06:58:00Z,37332.6,37334.6,37292.4,37292.4,0.05853347
Kraken:XBTUSD,2022-01-26T06:59:00Z,37286.8,37310.3,37286.8,37310.3,0.50970315
Kraken:XBTUSD,2022-01-26T07:00:00Z,37309.8,37331.4,37309.8,37331.4,0.00620289
Kraken:XBTUSD,2022-01-26T07:01:00Z,37328.0,37334.0,37299.5,37326.6,0.01430628
Kraken:XBTUSD,2022-01-26T07:02:00Z,37332.7,37332.7,37222.0,37235.9,5.58420093
Kraken:XBTUSD,2022-01-26T07:03:00Z,37255.7,37261.2,37247.6,37247.6,0.10330897
Kraken:XBTUSD,2022-01-26T07:04:00Z,37255.5,37256.4,37255.4,37256.4,0.09908746
Kraken:XBTUSD,2022-01-26T07:05:00Z,37255.5,37270.4,37255.4,37255.4,0.12610183
Kraken:XBTUSD,2022-01-26T07:06:00Z,37226.4,37228.9,37226.4,37228.9,0.00761336
Kraken:XBTUSD,2022-01-26T07:07:00Z,37244.2,37244.2,37226.4,37226.4,0.37804889
Kraken:XBTUSD,2022-01-26T07:08:00Z,37226.4,37236.8,37226.4,37236.8,0.00151682
Kraken:XBTUSD,2022-01-26T07:09:00Z,37236.9,37236.9,37236.8,37236.8,0.00048414
Kraken:XBTUSD,2022-01-26T07:10:00Z,37236.9,37236.9,37226.4,37226.4,0.01507835
Kraken:XBTUSD,2022-01-26T07:11:00Z,37226.6,37231.8,37226.6,37231.8,0.01780967
Kraken:XBTUSD,2022-01-26T07:12:00Z,37225.8,37225.8,37200.0,37200.0,0.08109219
Kraken:XBTUSD,2022-01-26T07:13:00Z,37200.1,37200.1,37175.0,37181.4,2.12380251
Kraken:XBTUSD,2022-01-26T07:14:00Z,37183.0,37211.3,37183.0,37202.0,0.04503846
Kraken:XBTUSD,2022-01-26T07:15:00Z,37198.8,37198.8,37184.9,37193.7,0.11793122
Kraken:XBTUSD,2022-01-26T07:16:00Z,37196.0,37196.0,37195.7,37196.0,0.14387612
Kraken:XBTUSD,2022-01-26T07:17:00Z,37196.0,37251.8,37196.0,37251.8,0.08123529
Kraken:XBTUSD,2022-01-26T07:18:00Z,37240.2,37271.5,37240.2,37271.5,0.4765337
Kraken:XBTUSD,2022-01-26T07:19:00Z,37270.9,37272.7,37270.2,37270.2,0.4463692
Kraken:XBTUSD,2022-01-26T07:20:00Z,37270.2,37296.0,37270.2,37294.4,0.93684255
Kraken:XBTUSD,2022-01-26T07:21:00Z,37294.4,37302.9,37281.5,37281.5,0.05876219
Kraken:XBTUSD,2022-01-26T07:22:00Z,37280.5,37290.3,37271.1,37290.3,0.05025645
Kraken:XBTUSD,2022-01-26T07:23:00Z,37285.3,37286.8,37283.1,37283.1,0.22466333
Kraken:XBTUSD,2022-01-26T07:24:00Z,37283.1,37283.1,37218.9,37218.9,0.65740329
Kraken:XBTUSD,2022-01-26T07:25:00Z,37221.8,37229.5,37201.5,37202.8,0.07961777
Kraken:XBTUSD,2022-01-26T07:26:00Z,37195.5,37195.5,37193.8,37193.9,0.05428052
Kraken:XBTUSD,2022-01-26T07:27:00Z,37193.9,37212.9,37193.9,37198.1,1.05684906
Kraken:XBTUSD,2022-01-26T07:28:00Z,37204.6,37204.6,37204.6,37204.6,0.0039281
Kraken:XBTUSD,2022-01-26T07:29:00Z,37204.6,37204.6,37204.4,37204.5,0.17270624
Kraken:XBTUSD,2022-01-26T07:30:00Z,37204.6,37228.9,37204.6,37228.9,1.07839022
Kraken:XBTUSD,2022-01-26T07:31:00Z,37229.0,37290.5,37229.0,37290.5,0.14789886
Kraken:XBTUSD,2022-01-26T07:32:00Z,37297.6,37297.7,37297.6,37297.7,0.09662245
Kraken:XBTUSD,2022-01-26T07:34:00Z,37297.9,37303.8,37297.8,37303.8,0.2043778
Kraken:XBTUSD,2022-01-26T07:35:00Z,37307.3,37323.7,37297.6,37321.9,0.13559474
Kraken:XBTUSD,2022-01-26T07:36:00Z,37326.7,37330.0,37312.2,37330.0,0.01406057
Kraken:XBTUSD,2022-01-26T07:37:00Z,37328.8,37350.0,37319.8,37343.3,1.08886422
Kraken:XBTUSD,2022-01-26T07:38:00Z,37342.8,37342.8,37334.4,37334.4,0.0776517
Kraken:XBTUSD,2022-01-26T07:39:00Z,37350.0,37350.0,37349.9,37350.0,0.03513945
Kraken:XBTUSD,2022-01-26T07:40:00Z,37350.0,37350.0,37337.5,37343.2,0.04549136
Kraken:XBTUSD,2022-01-26T07:41:00Z,37342.5,37350.0,37342.5,37349.9,0.02211037
Kraken:XBTUSD,2022-01-26T07:42:00Z,37350.0,37386.8,37350.0,37386.8,0.10188427
Kraken:XBTUSD,2022-01-26T07:43:00Z,37392.0,37395.5,37388.3,37388.7,0.03826393
Kraken:XBTUSD,2022-01-26T07:44:00Z,37389.8,37389.8,37388.6,37388.7,0.05790123
Kraken:XBTUSD,2022-01-26T07:45:00Z,37388.6,37388.6,37356.4,37356.4,0.250652
Kraken:XBTUSD,2022-01-26T07:46:00Z,37351.4,37351.4,37332.0,37332.1,0.14168365
Kraken:XBTUSD,2022-01-26T07:47:00Z,37332.1,37332.1,37324.5,37330.7,0.25547641
Kraken:XBTUSD,2022-01-26T07:48:00Z,37332.1,37332.3,37332.1,37332.3,5.93524622
Kraken:XBTUSD,2022-01-26T07:49:00Z,37332.3,37332.3,37332.3,37332.3,0.22015453
Kraken:XBTUSD,2022-01-26T07:50:00Z,37332.3,37332.3,37332.2,37332.2,0.05221937
Kraken:XBTUSD,2022-01-26T07:51:00Z,37332.3,37332.3,37329.3,37329.3,0.02738159
Kraken:XBTUSD,2022-01-26T07:52:00Z,37300.3,37306.5,37297.0,37297.0,0.18297537
Kraken:XBTUSD,2022-01-26T07:53:00Z,37297.1,37297.1,37297.0,37297.1,0.3016738
Kraken:XBTUSD,2022-01-26T07:54:00Z,37314.3,37325.3,37314.3,37325.3,1.8928366
Kraken:XBTUSD,2022-01-26T07:55:00Z,37327.4,37332.3,37322.7,37322.7,0.08646795
Kraken:XBTUSD,2022-01-26T07:56:00Z,37313.4,37313.4,37308.9,37308.9,0.00286949
Kraken:XBTUSD,2022-01-26T07:57:00Z,37309.0,37364.3,37309.0,37364.3,5.35210248
Kraken:XBTUSD,2022-01-26T07:58:00Z,37363.2,37369.2,37363.1,37369.2,0.03408927
Kraken:XBTUSD,2022-01-26T07:59:00Z,37369.2,37375.4,37369.2,37372.4,0.8612763
Kraken:XBTUSD,2022-01-26T08:00:00Z,37370.4,37370.4,37370.4,37370.4,0.00018044
Kraken:XBTUSD,2022-01-26T08:01:00Z,37397.2,37397.2,37397.2,37397.2,0.2644859
Kraken:XBTUSD,2022-01-26T08:02:00Z,37397.1,37411.6,37397.1,37408.6,0.0805952
Kraken:XBTUSD,2022-01-26T08:03:00Z,37408.5,37424.5,37397.2,37424.5,0.06081138
Kraken:XBTUSD,2022-01-26T08:04:00Z,37421.4,37421.4,37414.3,37419.4,0.01445577
Kraken:XBTUSD,2022-01-26T08:05:00Z,37419.5,37447.1,37414.9,37447.1,0.04625036
Kraken:XBTUSD,2022-01-26T08:06:00Z,37447.2,37490.0,37447.2,37490.0,1.50370148
Kraken:XBTUSD,2022-01-26T08:07:00Z,37490.0,37490.0,37489.9,37489.9,0.26975423
Kraken:XBTUSD,2022-01-26T08:08:00Z,37490.0,37500.0,37490.0,37500.0,1.30610309
Kraken:XBTUSD,2022-01-26T08:09:00Z,37500.0,37545.8,37500.0,37536.6,1.49137453
Kraken:XBTUSD,2022-01-26T08:10:00Z,37542.9,37542.9,37519.7,37519.7,0.05061753
Kraken:XBTUSD,2022-01-26T08:11:00Z,37510.5,37510.5,37509.3,37509.3,0.05671329
Kraken:XBTUSD,2022-01-26T08:12:00Z,37509.2,37509.3,37509.2,37509.3,0.02557276
Kraken:XBTUSD,2022-01-26T08:13:00Z,37525.1,37525.1,37509.2,37509.2,0.03322122
Kraken:XBTUSD,2022-01-26T08:14:00Z,37509.3,37509.3,37509.2,37509.3,0.49930017
Kraken:XBTUSD,2022-01-26T08:15:00Z,37509.3,37518.6,37502.1,37517.6,0.11649687
Kraken:XBTUSD,2022-01-26T08:16:00Z,37500.0,37500.1,37500.0,37500.1,0.0035343
Kraken:XBTUSD,2022-01-26T08:17:00Z,37500.1,37516.3,37500.1,37516.3,0.09284847
Kraken:XBTUSD,2022-01-26T08:18:00Z,37515.0,37515.0,37515.0,37515.0,0.00049638
Kraken:XBTUSD,2022-01-26T08:19:00Z,37521.7,37528.5,37521.7,37524.5,0.00562968
Kraken:XBTUSD,2022-01-26T08:20:00Z,37509.1,37521.0,37509.1,37520.0,0.83906939
Kraken:XBTUSD,2022-01-26T08:21:00Z,37520.0,37567.0,37520.0,37560.8,2.57447876
Kraken:XBTUSD,2022-01-26T08:22:00Z,37560.9,37567.8,37557.6,37567.8,0.27115996
Kraken:XBTUSD,2022-01-26T08:23:00Z,37563.6,37597.4,37562.5,37590.2,1.041533
Kraken:XBTUSD,2022-01-26T08:24:00Z,37595.0,37595.0,37585.4,37585.4,0.98883052
Kraken:XBTUSD,2022-01-26T08:25:00Z,37585.3,37585.5,37585.3,37585.4,0.13609507
Kraken:XBTUSD,2022-01-26T08:26:00Z,37585.4,37585.4,37546.4,37546.4,0.47148335
Kraken:XBTUSD,2022-01-26T08:27:00Z,37546.4,37552.4,37546.3,37552.4,0.09754582
Kraken:XBTUSD,2022-01-26T08:28:00Z,37551.9,37633.5,37551.1,37633.5,2.05385606
Kraken:XBTUSD,2022-01-26T08:29:00Z,37561.2,37561.2,37561.2,37561.2,0.001464
Kraken:XBTUSD,2022-01-26T08:30:00Z,37561.1,37580.0,37559.1,37580.0,0.06907585
Kraken:XBTUSD,2022-01-26T08:31:00Z,37580.0,37611.7,37580.0,37611.7,0.07587241
Kraken:XBTUSD,2022-01-26T08:32:00Z,37620.0,37632.8,37612.0,37612.0,1.46420951
Kraken:XBTUSD,2022-01-26T08:33:00Z,37590.3,37651.7,37590.3,37651.7,0.15610299
Kraken:XBTUSD,2022-01-26T08:34:00Z,37654.7,37654.7,37636.2,37640.0,4.49470397
Kraken:XBTUSD,2022-01-26T08:35:00Z,37640.1,37654.5,37640.1,37652.4,0.02213312
Kraken:XBTUSD,2022-01-26T08:36:00Z,37655.9,37693.9,37655.9,37692.1,0.37329758
Kraken:XBTUSD,2022-01-26T08:37:00Z,37697.2,37700.0,37682.0,37688.9,0.23820649
Kraken:XBTUSD,2022-01-26T08:38:00Z,37691.0,37692.9,37687.8,37690.0,1.26172481
Kraken:XBTUSD,2022-01-26T08:39:00Z,37686.2,37686.2,37678.8,37679.3,1.07326664
Kraken:XBTUSD,2022-01-26T08:40:00Z,37678.7,37679.3,37659.5,37679.2,0.05734778
Kraken:XBTUSD,2022-01-26T08:41:00Z,37678.4,37678.5,37678.4,37678.4,5.03402077
Kraken:XBTUSD,2022-01-26T08:42:00Z,37647.0,37647.0,37640.0,37640.1,1.69772781
Kraken:XBTUSD,2022-01-26T08:43:00Z,37640.0,37640.0,37640.0,37640.0,0.00010427
Kraken:XBTUSD,2022-01-26T08:44:00Z,37640.1,37640.1,37640.0,37640.1,0.53720909
Kraken:XBTUSD,2022-01-26T08:45:00Z,37644.6,37647.9,37640.1,37640.1,0.0764706
Kraken:XBTUSD,2022-01-26T08:46:00Z,37640.0,37640.1,37585.0,37585.8,11.42464558
Kraken:XBTUSD,2022-01-26T08:47:00Z,37561.8,37561.8,37542.7,37542.7,0.39131418
Kraken:XBTUSD,2022-01-26T08:48:00Z,37542.7,37559.3,37542.7,37559.3,0.04708662
Kraken:XBTUSD,2022-01-26T08:49:00Z,37559.4,37559.4,37559.3,37559.4,1.45880616
Kraken:XBTUSD,2022-01-26T08:50:00Z,37559.4,37576.4,37559.4,37570.1,0.17592
Kraken:XBTUSD,2022-01-26T08:51:00Z,37570.5,37585.1,37570.5,37585.1,0.516
Kraken:XBTUSD,2022-01-26T08:52:00Z,37585.9,37619.8,37585.9,37616.7,0.03672285
Kraken:XBTUSD,2022-01-26T08:53:00Z,37616.6,37616.6,37608.2,37610.6,0.77240956
Kraken:XBTUSD,2022-01-26T08:54:00Z,37619.8,37625.2,37588.0,37591.2,0.01488613
Kraken:XBTUSD,2022-01-26T08:55:00Z,37605.7,37635.1,37605.7,37621.4,1.70890961
Kraken:XBTUSD,2022-01-26T08:56:00Z,37631.7,37644.2,37631.7,37644.2,0.01727831
Kraken:XBTUSD,2022-01-26T08:57:00Z,37662.8,37668.4,37650.4,37667.3,0.01892052
Kraken:XBTUSD,2022-01-26T08:58:00Z,37667.4,37667.4,37651.2,37651.2,0.04614332
Kraken:XBTUSD,2022-01-26T08:59:00Z,37650.3,37662.7,37650.3,37650.6,4.31956242
Kraken:XBTUSD,2022-01-26T09:00:00Z,37650.5,37650.5,37638.1,37647.5,1.3890793
Kraken:XBTUSD,2022-01-26T09:01:00Z,37647.5,37711.2,37647.5,37688.0,0.51551482
Kraken:XBTUSD,2022-01-26T09:02:00Z,37714.8,37714.8,37709.8,37709.8,0.52430517
Kraken:XBTUSD,2022-01-26T09:03:00Z,37723.9,37724.0,37723.9,37724.0,0.00236449
Kraken:XBTUSD,2022-01-26T09:04:00Z,37723.9,37724.0,37723.9,37724.0,0.60859398
Kraken:XBTUSD,2022-01-26T09:05:00Z,37724.0,37724.0,37718.8,37718.8,0.10690308
Kraken:XBTUSD,2022-01-26T09:06:00Z,37707.2,37707.2,37707.1,37707.1,0.00967098
Kraken:XBTUSD,2022-01-26T09:07:00Z,37707.2,37724.0,37707.2,37724.0,0.00930625
Kraken:XBTUSD,2022-01-26T09:08:00Z,37724.0,37736.3,37724.0,37736.3,0.65178377
Kraken:XBTUSD,2022-01-26T09:09:00Z,37736.2,37746.6,37731.8,37746.6,0.02070594
Kraken:XBTUSD,2022-01-26T09:10:00Z,37747.1,37749.2,37729.3,37729.3,1.79110393
Kraken:XBTUSD,2022-01-26T09:11:00Z,37717.6,37717.7,37708.8,37717.7,0.11987484
Kraken:XBTUSD,2022-01-26T09:12:00Z,37720.8,37720.8,37720.8,37720.8,0.032
Kraken:XBTUSD,2022-01-26T09:13:00Z,37719.3,37734.9,37719.3,37734.9,0.01289208
Kraken:XBTUSD,2022-01-26T09:14:00Z,37749.3,37754.9,37748.0,37754.9,0.99533878
Kraken:XBTUSD,2022-01-26T09:15:00Z,37734.4,37750.9,37726.3,37750.9,0.05553083
Kraken:XBTUSD,2022-01-26T09:16:00Z,37765.5,37770.0,37765.5,37770.0,0.3049332
Kraken:XBTUSD,2022-01-26T09:17:00Z,37768.6,37771.0,37768.6,37771.0,0.07937463
Kraken:XBTUSD,2022-01-26T09:18:00Z,37771.0,37788.3,37771.0,37788.3,1.57526028
Kraken:XBTUSD,2022-01-26T09:19:00Z,37784.8,37784.8,37744.7,37770.6,5.03699301
Kraken:XBTUSD,2022-01-26T09:20:00Z,37778.6,37840.0,37778.6,37812.9,0.58000712
Kraken:XBTUSD,2022-01-26T09:21:00Z,37816.0,37913.6,37816.0,37913.6,1.59560811
Kraken:XBTUSD,2022-01-26T09:22:00Z,37916.7,37980.0,37916.7,37980.0,2.67809572
Kraken:XBTUSD,2022-01-26T09:23:00Z,37972.4,37972.4,37923.9,37923.9,0.64593322
Kraken:XBTUSD,2022-01-26T09:24:00Z,37932.8,37963.3,37911.0,37913.9,9.50939498
Kraken:XBTUSD,2022-01-26T09:25:00Z,37915.0,37915.0,37871.8,37871.8,1.23909909
Kraken:XBTUSD,2022-01-26T09:26:00Z,37863.4,37873.2,37846.1,37846.1,0.17430837
Kraken:XBTUSD,2022-01-26T09:27:00Z,37841.9,37842.7,37804.4,37805.9,0.52810676
Kraken:XBTUSD,2022-01-26T09:28:00Z,37804.7,37816.6,37804.4,37804.4,0.05852865
Kraken:XBTUSD,2022-01-26T09:29:00Z,37804.5,37814.4,37793.4,37793.4,0.64331035
Kraken:XBTUSD,2022-01-26T09:30:00Z,37802.8,37862.5,37802.8,37841.5,0.03524947
Kraken:XBTUSD,2022-01-26T09:31:00Z,37841.5,37841.5,37751.6,37751.6,0.1708929
Kraken:XBTUSD,2022-01-26T09:32:00Z,37771.8,37786.1,37744.9,37744.9,0.05198597
Kraken:XBTUSD,2022-01-26T09:33:00Z,37744.8,37744.8,37744.8,37744.8,0.00011524
Kraken:XBTUSD,2022-01-26T09:34:00Z,37716.1,37716.1,37679.0,37716.1,2.38975394
Kraken:XBTUSD,2022-01-26T09:35:00Z,37716.1,37808.3,37716.1,37808.3,3.35038478
Kraken:XBTUSD,2022-01-26T09:36:00Z,37781.3,37781.3,37762.6,37762.6,0.00287695
Kraken:XBTUSD,2022-01-26T09:37:00Z,37817.4,37817.4,37783.1,37806.5,0.05970927
Kraken:XBTUSD,2022-01-26T09:38:00Z,37804.1,37806.4,37776.3,37788.1,0.15258032
Kraken:XBTUSD,2022-01-26T09:39:00Z,37777.2,37782.5,37769.4,37769.4,0.06908371
Kraken:XBTUSD,2022-01-26T09:40:00Z,37773.0,37787.5,37773.0,37773.6,3.08668434
Kraken:XBTUSD,2022-01-26T09:41:00Z,37781.2,37790.0,37781.2,37789.9,0.20870164
Kraken:XBTUSD,2022-01-26T09:42:00Z,37790.0,37817.8,37790.0,37817.8,0.40557161
Kraken:XBTUSD,2022-01-26T09:43:00Z,37831.9,37831.9,37803.9,37803.9,0.52558807
Kraken:XBTUSD,2022-01-26T09:44:00Z,37810.0,37831.9,37810.0,37829.6,0.59770376
Kraken:XBTUSD,2022-01-26T09:45:00Z,37831.8,37867.2,37831.8,37854.3,3.42290746
Kraken:XBTUSD,2022-01-26T09:46:00Z,37854.3,37854.3,37831.8,37839.2,0.02882824
Kraken:XBTUSD,2022-01-26T09:47:00Z,37831.9,37831.9,37831.8,37831.9,0.10400084
Kraken:XBTUSD,2022-01-26T09:48:00Z,37831.9,37843.0,37831.9,37843.0,2.30875566
Kraken:XBTUSD,2022-01-26T09:49:00Z,37871.6,37873.1,37871.6,37873.0,0.0160381
Kraken:XBTUSD,2022-01-26T09:50:00Z,37873.1,37873.1,37873.0,37873.0,0.03837862
Kraken:XBTUSD,2022-01-26T09:51:00Z,37873.0,37901.7,37873.0,37900.8,0.17987003
Kraken:XBTUSD,2022-01-26T09:52:00Z,37904.1,37935.1,37904.1,37909.5,7.7211642
Kraken:XBTUSD,2022-01-26T09:53:00Z,37909.7,37909.7,37884.1,37884.1,0.03819691
Kraken:XBTUSD,2022-01-26T09:54:00Z,37880.2,37880.2,37707.5,37707.5,16.21818865
Kraken:XBTUSD,2022-01-26T09:55:00Z,37712.5,37712.5,37593.0,37593.0,9.94481173
Kraken:XBTUSD,2022-01-26T09:56:00Z,37643.3,37663.2,37643.3,37662.5,0.05289894
Kraken:XBTUSD,2022-01-26T09:57:00Z,37662.6,37684.1,37662.6,37684.1,0.4865569
Kraken:XBTUSD,2022-01-26T09:58:00Z,37684.1,37744.5,37684.1,37684.2,0.02377971
Kraken:XBTUSD,2022-01-26T09:59:00Z,37690.0,37714.3,37690.0,37714.2,0.21045326
Kraken:XBTUSD,2022-01-26T10:00:00Z,37697.7,37697.7,37663.3,37676.4,0.38418694
Kraken:XBTUSD,2022-01-26T10:01:00Z,37675.5,37675.5,37604.7,37612.7,1.33641945
Kraken:XBTUSD,2022-01-26T10:02:00Z,37622.0,37622.0,37615.0,37615.0,0.10337429
Kraken:XBTUSD,2022-01-26T10:03:00Z,37615.0,37680.9,37615.0,37663.3,0.21790849
Kraken:XBTUSD,2022-01-26T10:04:00Z,37671.4,37719.1,37671.3,37719.1,2.30527314
Kraken:XBTUSD,2022-01-26T10:05:00Z,37719.1,37795.8,37719.1,37795.8,1.55647017
Kraken:XBTUSD,2022-01-26T10:06:00Z,37785.5,37785.5,37770.3,37770.3,1.87753021
Kraken:XBTUSD,2022-01-26T10:07:00Z,37702.4,37704.9,37699.5,37699.5,0.04210048
Kraken:XBTUSD,2022-01-26T10:08:00Z,37698.6,37698.6,37671.5,37671.5,0.05518468
Kraken:XBTUSD,2022-01-26T10:09:00Z,37671.5,37712.0,37657.6,37657.6,0.57810365
Kraken:XBTUSD,2022-01-26T10:10:00Z,37656.5,37668.5,37649.1,37668.5,0.03610634
Kraken:XBTUSD,2022-01-26T10:11:00Z,37703.2,37703.2,37702.4,37703.2,0.04737488
Kraken:XBTUSD,2022-01-26T10:12:00Z,37703.2,37743.2,37703.2,37736.5,0.48729089
Kraken:XBTUSD,2022-01-26T10:13:00Z,37738.7,37738.7,37721.9,37724.5,0.97978517
Kraken:XBTUSD,2022-01-26T10:14:00Z,37724.5,37739.2,37724.5,37736.7,1.02738514
Kraken:XBTUSD,2022-01-26T10:15:00Z,37736.7,37751.6,37736.6,37751.6,0.38984526
Kraken:XBTUSD,2022-01-26T10:16:00Z,37745.9,37751.7,37740.1,37740.1,0.00700214
Kraken:XBTUSD,2022-01-26T10:17:00Z,37740.1,37740.1,37724.4,37726.1,0.64366814
Kraken:XBTUSD,2022-01-26T10:18:00Z,37730.9,37730.9,37685.0,37685.0,0.36155325
Kraken:XBTUSD,2022-01-26T10:19:00Z,37685.1,37685.1,37660.3,37660.3,0.39416733
Kraken:XBTUSD,2022-01-26T10:20:00Z,37648.8,37690.1,37645.6,37687.9,2.46980828
Kraken:XBTUSD,2022-01-26T10:21:00Z,37690.2,37718.1,37690.2,37718.1,0.21575042
Kraken:XBTUSD,2022-01-26T10:22:00Z,37718.2,37719.1,37718.2,37719.1,0.00358696
Kraken:XBTUSD,2022-01-26T10:23:00Z,37751.7,37757.3,37751.7,37757.3,0.1809292
Kraken:XBTUSD,2022-01-26T10:24:00Z,37751.8,37751.9,37751.8,37751.9,0.04399151
Kraken:XBTUSD,2022-01-26T10:25:00Z,37755.4,37755.6,37755.4,37755.6,0.01667048
Kraken:XBTUSD,2022-01-26T10:26:00Z,37760.3,37760.3,37756.5,37757.0,0.0260077
Kraken:XBTUSD,2022-01-26T10:27:00Z,37757.0,37768.3,37757.0,37763.3,0.0794046
Kraken:XBTUSD,2022-01-26T10:28:00Z,37763.3,37763.4,37763.3,37763.4,0.07976297
Kraken:XBTUSD,2022-01-26T10:29:00Z,37763.4,37763.4,37750.0,37750.1,12.96163601
Kraken:XBTUSD,2022-01-26T10:30:00Z,37759.7,37791.3,37759.7,37791.1,1.68420927
Kraken:XBTUSD,2022-01-26T10:31:00Z,37791.1,37803.6,37791.1,37803.6,2.04395009
Kraken:XBTUSD,2022-01-26T10:32:00Z,37809.6,37810.5,37809.6,37810.5,1.45684463
Kraken:XBTUSD,2022-01-26T10:33:00Z,37810.6,37810.6,37810.5,37810.5,0.0101
Kraken:XBTUSD,2022-01-26T10:34:00Z,37810.6,37810.7,37810.6,37810.7,0.73207171
Kraken:XBTUSD,2022-01-26T10:35:00Z,37810.7,37810.7,37810.6,37810.7,0.50855803
Kraken:XBTUSD,2022-01-26T10:36:00Z,37810.7,37821.7,37810.7,37821.7,0.33795448
Kraken:XBTUSD,2022-01-26T10:37:00Z,37811.3,37811.3,37810.8,37811.3,0.42972964
Kraken:XBTUSD,2022-01-26T10:38:00Z,37811.0,37811.2,37811.0,37811.2,0.08661423
Kraken:XBTUSD,2022-01-26T10:39:00Z,37810.9,37810.9,37762.6,37773.1,3.84171701
Kraken:XBTUSD,2022-01-26T10:40:00Z,37773.2,37827.2,37773.2,37827.2,13.12748272
Kraken:XBTUSD,2022-01-26T10:41:00Z,37809.3,37809.4,37809.3,37809.3,0.00074326
Kraken:XBTUSD,2022-01-26T10:42:00Z,37809.4,37809.4,37809.4,37809.4,0.0019
Kraken:XBTUSD,2022-01-26T10:43:00Z,37833.0,37885.0,37833.0,37885.0,0.75983039
Kraken:XBTUSD,2022-01-26T10:44:00Z,37887.0,37887.0,37872.7,37872.7,0.74810261
Kraken:XBTUSD,2022-01-26T10:45:00Z,37872.5,37902.4,37872.5,37902.4,1.26319574
Kraken:XBTUSD,2022-01-26T10:46:00Z,37902.3,37902.4,37876.1,37881.7,0.89069846
Kraken:XBTUSD,2022-01-26T10:47:00Z,37881.7,37881.8,37839.4,37840.0,0.60606089
Kraken:XBTUSD,2022-01-26T10:48:00Z,37847.4,37847.4,37841.5,37841.6,0.03253474
Kraken:XBTUSD,2022-01-26T10:49:00Z,37841.6,37854.9,37841.6,37854.9,0.05796837
Kraken:XBTUSD,2022-01-26T10:50:00Z,37853.3,37879.9,37853.3,37879.9,0.05817695
Kraken:XBTUSD,2022-01-26T10:51:00Z,37880.0,37880.0,37880.0,37880.0,0.03100472
Kraken:XBTUSD,2022-01-26T10:52:00Z,37880.0,37880.3,37880.0,37880.2,0.22248199
Kraken:XBTUSD,2022-01-26T10:53:00Z,37883.4,37889.7,37883.3,37889.7,1.9254526
Kraken:XBTUSD,2022-01-26T10:54:00Z,37900.8,37925.4,37887.4,37925.4,6.11072355
Kraken:XBTUSD,2022-01-26T10:55:00Z,37925.7,37969.0,37925.7,37953.0,1.58993766
Kraken:XBTUSD,2022-01-26T10:56:00Z,37927.3,37927.3,37919.8,37923.8,2.52966899
Kraken:XBTUSD,2022-01-26T10:57:00Z,37960.6,37980.0,37960.6,37980.0,4.19701072
Kraken:XBTUSD,2022-01-26T10:58:00Z,37980.0,38200.0,37980.0,38132.7,79.30709532
Kraken:XBTUSD,2022-01-26T10:59:00Z,38132.8,38132.8,37961.0,37976.0,3.27776971
Kraken:XBTUSD,2022-01-26T11:00:00Z,37986.6,38250.0,37986.6,38239.3,16.3817347
Kraken:XBTUSD,2022-01-26T11:01:00Z,38204.5,38206.9,38033.9,38089.3,5.68277238
Kraken:XBTUSD,2022-01-26T11:02:00Z,38093.5,38093.5,38022.2,38022.2,2.93405045
Kraken:XBTUSD,2022-01-26T11:03:00Z,37986.5,38016.1,37893.7,37911.5,1.7721762
Kraken:XBTUSD,2022-01-26T11:04:00Z,37922.5,37969.5,37911.5,37969.5,2.27898087
Kraken:XBTUSD,2022-01-26T11:05:00Z,37961.1,37961.1,37880.0,37880.0,0.54667882
Kraken:XBTUSD,2022-01-26T11:06:00Z,37866.2,37866.2,37846.8,37846.8,2.92542305
Kraken:XBTUSD,2022-01-26T11:07:00Z,37855.3,37922.8,37855.3,37902.2,4.02947444
Kraken:XBTUSD,2022-01-26T11:08:00Z,37906.0,37944.0,37897.2,37897.2,0.20133785
Kraken:XBTUSD,2022-01-26T11:09:00Z,37897.4,37915.1,37875.5,37875.5,3.28589964
Kraken:XBTUSD,2022-01-26T11:10:00Z,37872.2,37872.2,37818.2,37864.2,0.26117134
Kraken:XBTUSD,2022-01-26T11:11:00Z,37861.5,37861.5,37845.1,37845.1,0.06258838
Kraken:XBTUSD,2022-01-26T11:12:00Z,37849.8,37868.1,37839.4,37839.4,0.01048098
Kraken:XBTUSD,2022-01-26T11:13:00Z,37854.2,37903.4,37854.2,37898.1,0.29673936
Kraken:XBTUSD,2022-01-26T11:14:00Z,37878.8,37878.8,37858.1,37871.5,0.65475818
Kraken:XBTUSD,2022-01-26T11:15:00Z,37858.1,37897.9,37858.1,37897.9,0.00404729
Kraken:XBTUSD,2022-01-26T11:16:00Z,37885.9,37885.9,37863.9,37863.9,0.01538218
Kraken:XBTUSD,2022-01-26T11:17:00Z,37858.1,37858.1,37818.2,37820.0,0.01777336
Kraken:XBTUSD,2022-01-26T11:18:00Z,37820.0,37843.7,37820.0,37824.2,0.03485336
Kraken:XBTUSD,2022-01-26T11:19:00Z,37829.9,37851.3,37825.2,37851.3,0.92904388
Kraken:XBTUSD,2022-01-26T11:20:00Z,37843.6,37844.9,37839.4,37844.9,0.0720889
Kraken:XBTUSD,2022-01-26T11:21:00Z,37840.2,37854.4,37840.2,37854.0,1.00860244
Kraken:XBTUSD,2022-01-26T11:22:00Z,37856.7,37897.4,37856.7,37875.0,1.30349747
Kraken:XBTUSD,2022-01-26T11:23:00Z,37875.1,37906.0,37875.1,37897.0,0.30442739
Kraken:XBTUSD,2022-01-26T11:24:00Z,37889.1,37891.8,37889.1,37889.1,0.2953425
Kraken:XBTUSD,2022-01-26T11:25:00Z,37889.1,37889.1,37868.3,37870.1,0.52785815
Kraken:XBTUSD,2022-01-26T11:26:00Z,37870.0,37870.0,37834.2,37838.2,0.98024916
Kraken:XBTUSD,2022-01-26T11:27:00Z,37838.2,37870.0,37838.2,37870.0,0.07685648
Kraken:XBTUSD,2022-01-26T11:28:00Z,37847.5,37867.5,37837.4,37867.5,0.09618985
Kraken:XBTUSD,2022-01-26T11:29:00Z,37864.8,37870.0,37864.8,37870.0,0.05076691
Kraken:XBTUSD,2022-01-26T11:30:00Z,37869.9,37943.9,37865.0,37943.9,0.30637198
Kraken:XBTUSD,2022-01-26T11:31:00Z,37943.8,37943.8,37935.5,37935.5,0.39795535
Kraken:XBTUSD,2022-01-26T11:32:00Z,37943.9,38000.0,37943.8,37999.9,0.23956936
Kraken:XBTUSD,2022-01-26T11:33:00Z,38000.0,38030.2,38000.0,38030.2,1.96827861
Kraken:XBTUSD,2022-01-26T11:34:00Z,38049.3,38049.3,38033.8,38046.3,0.01953768
Kraken:XBTUSD,2022-01-26T11:35:00Z,38002.0,38002.0,37959.0,37963.1,2.93598648
Kraken:XBTUSD,2022-01-26T11:36:00Z,37967.8,37973.7,37964.7,37970.7,5.84496494
Kraken:XBTUSD,2022-01-26T11:37:00Z,37957.5,37957.5,37956.6,37956.6,0.14741061
Kraken:XBTUSD,2022-01-26T11:38:00Z,37956.5,37956.5,37926.7,37942.1,0.7986941
Kraken:XBTUSD,2022-01-26T11:39:00Z,37944.2,37944.2,37903.6,37913.4,0.90560388
Kraken:XBTUSD,2022-01-26T11:41:00Z,37896.2,37896.3,37896.2,37896.3,0.20074173
Kraken:XBTUSD,2022-01-26T11:42:00Z,37896.2,37954.3,37896.2,37954.3,0.09590656
Kraken:XBTUSD,2022-01-26T11:43:00Z,37964.4,37989.3,37964.4,37989.3,1.81024896
Kraken:XBTUSD,2022-01-26T11:44:00Z,37984.6,37999.8,37980.1,37980.1,1.22381114
Kraken:XBTUSD,2022-01-26T11:45:00Z,37990.6,37994.0,37970.1,37990.1,13.52400712
Kraken:XBTUSD,2022-01-26T11:46:00Z,37961.4,37984.9,37943.0,37949.1,2.24259165
Kraken:XBTUSD,2022-01-26T11:47:00Z,37966.2,37966.2,37965.8,37965.8,0.00258977
Kraken:XBTUSD,2022-01-26T11:48:00Z,37957.1,37986.0,37957.1,37986.0,0.03817129
Kraken:XBTUSD,2022-01-26T11:49:00Z,37976.9,37976.9,37962.7,37962.9,0.93890859
Kraken:XBTUSD,2022-01-26T11:50:00Z,37960.5,38000.0,37960.5,38000.0,0.34362045
Kraken:XBTUSD,2022-01-26T11:51:00Z,38000.0,38049.8,37994.7,38049.8,1.64752377
Kraken:XBTUSD,2022-01-26T11:52:00Z,38065.8,38065.8,38058.2,38065.8,4.27404126
Kraken:XBTUSD,2022-01-26T11:53:00Z,38067.8,38067.9,38067.5,38067.5,0.70125261
Kraken:XBTUSD,2022-01-26T11:54:00Z,38067.5,38067.5,38065.8,38065.8,0.21714976
Kraken:XBTUSD,2022-01-26T11:55:00Z,38067.4,38090.1,38067.4,38085.5,0.3655141
Kraken:XBTUSD,2022-01-26T11:56:00Z,38070.7,38077.6,38059.9,38059.9,0.33680184
Kraken:XBTUSD,2022-01-26T11:57:00Z,38059.1,38059.1,38014.6,38023.9,0.22209179
Kraken:XBTUSD,2022-01-26T11:58:00Z,38023.9,38023.9,38023.8,38023.9,0.05392026
Kraken:XBTUSD,2022-01-26T11:59:00Z,38059.9,38098.5,38059.9,38098.5,0.14128237
Kraken:XBTUSD,2022-01-26T12:00:00Z,38099.0,38100.0,38030.4,38050.0,4.4282297
Kraken:XBTUSD,2022-01-26T12:01:00Z,38040.4,38040.4,38018.5,38030.6,0.53151589
Kraken:XBTUSD,2022-01-26T12:02:00Z,38030.6,38046.1,38027.8,38027.8,2.18076243
Kraken:XBTUSD,2022-01-26T12:03:00Z,38011.0,38011.0,37952.6,37962.9,0.31060538
Kraken:XBTUSD,2022-01-26T12:04:00Z,37958.6,37960.7,37937.1,37937.2,0.44489452
Kraken:XBTUSD,2022-01-26T12:05:00Z,37937.2,37984.5,37937.2,37984.5,0.0797596
Kraken:XBTUSD,2022-01-26T12:06:00Z,37983.0,37983.0,37974.3,37974.3,0.09968798
Kraken:XBTUSD,2022-01-26T12:07:00Z,37972.5,37986.8,37972.5,37986.8,0.53486546
Kraken:XBTUSD,2022-01-26T12:08:00Z,37999.8,37999.8,37975.1,37975.1,1.19254065
Kraken:XBTUSD,2022-01-26T12:09:00Z,37975.2,37994.4,37975.1,37994.4,0.91065682
Kraken:XBTUSD,2022-01-26T12:10:00Z,37975.1,37975.1,37940.0,37940.1,1.89689415
Kraken:XBTUSD,2022-01-26T12:11:00Z,37956.4,37961.4,37947.0,37961.4,0.07785254
Kraken:XBTUSD,2022-01-26T12:12:00Z,37956.8,37982.0,37956.8,37971.3,1.75640282
Kraken:XBTUSD,2022-01-26T12:13:00Z,37971.9,37978.5,37956.6,37956.6,0.12907471
Kraken:XBTUSD,2022-01-26T12:14:00Z,37956.6,37956.6,37926.5,37926.5,4.20066181
Kraken:XBTUSD,2022-01-26T12:15:00Z,37926.5,37926.5,37864.9,37865.1,0.24515475
Kraken:XBTUSD,2022-01-26T12:16:00Z,37865.1,37888.8,37865.1,37865.1,3.28009379
Kraken:XBTUSD,2022-01-26T12:17:00Z,37865.1,37866.3,37835.4,37864.0,2.45806567
Kraken:XBTUSD,2022-01-26T12:18:00Z,37870.6,37906.7,37862.3,37867.3,6.46275495
Kraken:XBTUSD,2022-01-26T12:19:00Z,37867.3,37867.3,37850.8,37865.7,34.85338378
Kraken:XBTUSD,2022-01-26T12:20:00Z,37867.0,37886.6,37867.0,37886.6,1.56340792
Kraken:XBTUSD,2022-01-26T12:21:00Z,37877.5,37877.5,37865.0,37876.0,0.35884527
Kraken:XBTUSD,2022-01-26T12:22:00Z,37876.0,37927.0,37876.0,37904.2,1.14844481
Kraken:XBTUSD,2022-01-26T12:23:00Z,37919.4,37919.4,37895.6,37895.6,1.13651909
Kraken:XBTUSD,2022-01-26T12:24:00Z,37895.6,37895.6,37851.1,37861.6,0.6726823
Kraken:XBTUSD,2022-01-26T12:25:00Z,37851.5,37867.1,37841.1,37867.1,1.55214209
Kraken:XBTUSD,2022-01-26T12:26:00Z,37866.6,37871.0,37856.1,37856.1,0.02601877
Kraken:XBTUSD,2022-01-26T12:27:00Z,37855.4,37855.4,37839.3,37839.3,0.15595818
Kraken:XBTUSD,2022-01-26T12:28:00Z,37835.9,37855.2,37835.9,37849.7,0.41221786
Kraken:XBTUSD,2022-01-26T12:29:00Z,37850.6,37850.6,37848.4,37848.4,0.03143291
Kraken:XBTUSD,2022-01-26T12:30:00Z,37859.7,37859.7,37835.3,37846.7,5.63751402
Kraken:XBTUSD,2022-01-26T12:31:00Z,37839.8,37846.1,37828.6,37846.1,0.7021069
Kraken:XBTUSD,2022-01-26T12:32:00Z,37846.1,37846.1,37846.1,37846.1,0.02760392
Kraken:XBTUSD,2022-01-26T12:33:00Z,37846.1,37850.0,37846.0,37850.0,0.09196683
Kraken:XBTUSD,2022-01-26T12:34:00Z,37850.0,37880.0,37850.0,37879.9,0.4582951
Kraken:XBTUSD,2022-01-26T12:35:00Z,37880.0,37910.0,37880.0,37896.9,4.45777046
Kraken:XBTUSD,2022-01-26T12:36:00Z,37894.6,37949.9,37887.3,37939.2,2.0370369
Kraken:XBTUSD,2022-01-26T12:37:00Z,37934.8,37952.4,37934.8,37935.6,0.40059218
Kraken:XBTUSD,2022-01-26T12:38:00Z,37948.8,37964.4,37948.8,37956.6,1.56359358
Kraken:XBTUSD,2022-01-26T12:39:00Z,37956.6,37956.8,37935.3,37935.3,5.41420251
Kraken:XBTUSD,2022-01-26T12:40:00Z,37935.3,37935.3,37912.6,37913.9,0.0345869
Kraken:XBTUSD,2022-01-26T12:41:00Z,37896.0,37899.9,37867.0,37867.0,1.83243528
Kraken:XBTUSD,2022-01-26T12:42:00Z,37869.0,37869.0,37846.0,37846.0,0.90033816
Kraken:XBTUSD,2022-01-26T12:43:00Z,37821.7,37901.5,37810.0,37815.8,60.82832429
Kraken:XBTUSD,2022-01-26T12:44:00Z,37826.6,37862.5,37826.6,37845.3,10.19521616
Kraken:XBTUSD,2022-01-26T12:45:00Z,37833.0,37861.5,37828.4,37861.5,1.70138805
Kraken:XBTUSD,2022-01-26T12:46:00Z,37863.6,37870.0,37863.6,37869.8,1.53455181
Kraken:XBTUSD,2022-01-26T12:47:00Z,37869.7,37869.8,37835.3,37835.3,0.12114191
Kraken:XBTUSD,2022-01-26T12:48:00Z,37835.3,37848.8,37835.3,37848.8,0.39235499
Kraken:XBTUSD,2022-01-26T12:49:00Z,37848.8,37848.8,37810.5,37825.0,0.41458826
Kraken:XBTUSD,2022-01-26T12:50:00Z,37830.0,37865.8,37830.0,37865.8,0.70676677
Kraken:XBTUSD,2022-01-26T12:51:00Z,37854.5,37854.5,37839.6,37840.3,0.48578925
Kraken:XBTUSD,2022-01-26T12:52:00Z,37840.2,37840.3,37839.7,37839.7,0.14302638
Kraken:XBTUSD,2022-01-26T12:53:00Z,37839.8,37840.3,37839.7,37840.3,0.0402213
Kraken:XBTUSD,2022-01-26T12:54:00Z,37840.3,37840.4,37816.2,37816.5,0.62144928
Kraken:XBTUSD,2022-01-26T12:55:00Z,37822.3,37840.4,37822.3,37840.3,0.09199855
Kraken:XBTUSD,2022-01-26T12:56:00Z,37840.4,37840.4,37804.3,37804.3,0.01960221
Kraken:XBTUSD,2022-01-26T12:57:00Z,37801.5,37801.5,37799.0,37799.0,0.19908285
Kraken:XBTUSD,2022-01-26T12:58:00Z,37799.1,37799.1,37774.8,37782.0,5.1058827
Kraken:XBTUSD,2022-01-26T12:59:00Z,37782.1,37782.9,37781.7,37781.7,0.23920227
Kraken:XBTUSD,2022-01-26T13:00:00Z,37782.9,37799.1,37782.8,37799.1,0.83402001
Kraken:XBTUSD,2022-01-26T13:01:00Z,37799.1,37830.4,37799.1,37829.2,0.90653706
Kraken:XBTUSD,2022-01-26T13:02:00Z,37809.0,37809.0,37806.0,37806.0,0.0558615
Kraken:XBTUSD,2022-01-26T13:03:00Z,37808.1,37808.1,37805.9,37806.0,0.10152741
Kraken:XBTUSD,2022-01-26T13:04:00Z,37806.0,37836.3,37806.0,37833.3,3.38024039
Kraken:XBTUSD,2022-01-26T13:05:00Z,37827.7,37840.4,37800.0,37800.0,0.40668137
Kraken:XBTUSD,2022-01-26T13:06:00Z,37799.9,37799.9,37650.0,37707.4,14.54956449
Kraken:XBTUSD,2022-01-26T13:07:00Z,37720.0,37800.0,37720.0,37800.0,1.99586201
Kraken:XBTUSD,2022-01-26T13:08:00Z,37800.0,37870.0,37800.0,37870.0,6.80945744
Kraken:XBTUSD,2022-01-26T13:09:00Z,37870.0,37996.2,37870.0,37960.4,2.91352638
Kraken:XBTUSD,2022-01-26T13:10:00Z,37925.9,37927.9,37871.4,37871.6,0.73962264
Kraken:XBTUSD,2022-01-26T13:11:00Z,37860.4,37860.4,37745.1,37745.1,1.65741913
Kraken:XBTUSD,2022-01-26T13:12:00Z,37746.8,37775.6,37735.3,37735.3,0.12215859
Kraken:XBTUSD,2022-01-26T13:13:00Z,37715.3,37729.4,37715.1,37716.4,0.5679343
Kraken:XBTUSD,2022-01-26T13:14:00Z,37715.2,37715.2,37715.1,37715.1,0.03134803
Kraken:XBTUSD,2022-01-26T13:15:00Z,37715.3,37761.2,37693.3,37693.3,2.03650199
Kraken:XBTUSD,2022-01-26T13:16:00Z,37691.2,37722.3,37691.2,37714.1,0.27700111
Kraken:XBTUSD,2022-01-26T13:17:00Z,37718.0,37726.2,37718.0,37726.2,0.10797275
Kraken:XBTUSD,2022-01-26T13:18:00Z,37740.7,37764.6,37740.7,37742.1,0.47633439
Kraken:XBTUSD,2022-01-26T13:19:00Z,37755.4,37764.6,37746.1,37750.6,0.2646223
Kraken:XBTUSD,2022-01-26T13:20:00Z,37761.1,37766.6,37759.7,37760.9,0.05872022
Kraken:XBTUSD,2022-01-26T13:21:00Z,37766.6,37810.5,37766.6,37809.0,0.40485503
Kraken:XBTUSD,2022-01-26T13:22:00Z,37814.3,37814.3,37801.1,37801.1,0.49471138
Kraken:XBTUSD,2022-01-26T13:23:00Z,37800.4,37863.7,37800.4,37862.7,20.32370151
Kraken:XBTUSD,2022-01-26T13:24:00Z,37875.9,37996.9,37875.9,37995.7,8.50325813
Kraken:XBTUSD,2022-01-26T13:25:00Z,37994.3,37999.9,37994.3,37999.9,16.55382281
Kraken:XBTUSD,2022-01-26T13:26:00Z,37999.8,37999.8,37939.5,37998.9,0.8887779
Kraken:XBTUSD,2022-01-26T13:27:00Z,37966.4,37986.7,37966.4,37979.0,0.47368331
Kraken:XBTUSD,2022-01-26T13:28:00Z,37977.8,37998.4,37977.8,37998.4,0.14804621
Kraken:XBTUSD,2022-01-26T13:29:00Z,37999.0,37999.9,37998.9,37999.9,0.73214953
Kraken:XBTUSD,2022-01-26T13:30:00Z,37999.1,37999.1,37979.9,37979.9,1.14442976
Kraken:XBTUSD,2022-01-26T13:31:00Z,37980.0,37993.7,37980.0,37980.1,0.21522468
Kraken:XBTUSD,2022-01-26T13:32:00Z,37980.1,37980.1,37979.9,37980.0,0.43139627
Kraken:XBTUSD,2022-01-26T13:33:00Z,37980.0,37980.7,37946.2,37956.6,4.45168983
Kraken:XBTUSD,2022-01-26T13:34:00Z,37954.3,37954.3,37930.4,37931.5,0.63796416
Kraken:XBTUSD,2022-01-26T13:35:00Z,37933.5,37949.9,37925.9,37949.8,2.67963018
Kraken:XBTUSD,2022-01-26T13:36:00Z,37931.5,37980.2,37931.5,37980.2,1.16428758
Kraken:XBTUSD,2022-01-26T13:37:00Z,37980.2,37999.8,37980.2,37999.8,0.46080274
Kraken:XBTUSD,2022-01-26T13:38:00Z,37988.1,37999.9,37980.0,37981.9,1.20339223
Kraken:XBTUSD,2022-01-26T13:39:00Z,37987.9,37987.9,37931.3,37931.8,12.5869432
Kraken:XBTUSD,2022-01-26T13:40:00Z,37957.5,37957.5,37942.6,37942.6,0.71154506
Kraken:XBTUSD,2022-01-26T13:41:00Z,37949.9,37957.5,37949.9,37957.5,1.13676716
Kraken:XBTUSD,2022-01-26T13:42:00Z,37957.5,37976.5,37957.5,37970.2,4.16624789
Kraken:XBTUSD,2022-01-26T13:43:00Z,37980.3,37995.1,37980.2,37995.1,1.10099987
Kraken:XBTUSD,2022-01-26T13:44:00Z,37995.1,37995.1,37970.0,37970.1,0.83297479
Kraken:XBTUSD,2022-01-26T13:45:00Z,37970.2,37999.9,37970.2,37999.9,29.60987735
Kraken:XBTUSD,2022-01-26T13:46:00Z,37999.9,38085.3,37999.8,38085.3,14.86566337
Kraken:XBTUSD,2022-01-26T13:47:00Z,38088.9,38199.9,38088.9,38199.9,7.93811488
Kraken:XBTUSD,2022-01-26T13:48:00Z,38170.3,38183.5,38160.9,38183.5,1.56112188
Kraken:XBTUSD,2022-01-26T13:49:00Z,38192.6,38217.2,38186.2,38217.2,1.52107244
Kraken:XBTUSD,2022-01-26T13:50:00Z,38206.1,38212.4,38179.2,38190.5,6.37951664
Kraken:XBTUSD,2022-01-26T13:51:00Z,38183.2,38222.0,38183.2,38221.9,0.09775666
Kraken:XBTUSD,2022-01-26T13:52:00Z,38221.9,38270.2,38217.2,38217.2,5.89047534
Kraken:XBTUSD,2022-01-26T13:53:00Z,38217.3,38217.3,38217.2,38217.3,3.41005927
Kraken:XBTUSD,2022-01-26T13:54:00Z,38217.2,38217.2,38130.6,38150.0,3.19030274
Kraken:XBTUSD,2022-01-26T13:55:00Z,38150.9,38154.8,38092.5,38092.5,2.57250613
Kraken:XBTUSD,2022-01-26T13:56:00Z,38071.5,38103.9,38071.5,38091.3,10.04157071
Kraken:XBTUSD,2022-01-26T13:57:00Z,38101.0,38139.4,38101.0,38139.4,2.39187997
Kraken:XBTUSD,2022-01-26T13:58:00Z,38143.4,38143.5,38107.3,38142.1,6.49412254
Kraken:XBTUSD,2022-01-26T13:59:00Z,38143.5,38244.3,38143.5,38232.9,3.83413155
Kraken:XBTUSD,2022-01-26T14:00:00Z,38203.6,38212.5,38193.6,38194.7,0.61429882
Kraken:XBTUSD,2022-01-26T14:01:00Z,38205.6,38414.1,38193.8,38367.1,34.47637766
Kraken:XBTUSD,2022-01-26T14:02:00Z,38396.4,38399.3,38288.5,38319.0,7.68071616
Kraken:XBTUSD,2022-01-26T14:03:00Z,38316.4,38316.4,38288.2,38288.9,0.39719167
Kraken:XBTUSD,2022-01-26T14:04:00Z,38294.9,38311.4,38294.9,38310.1,1.40667014
Kraken:XBTUSD,2022-01-26T14:05:00Z,38310.0,38369.5,38310.0,38369.5,2.31078676
Kraken:XBTUSD,2022-01-26T14:06:00Z,38398.0,38470.4,38398.0,38409.5,12.07920445
Kraken:XBTUSD,2022-01-26T14:07:00Z,38409.5,38424.1,38400.0,38424.1,6.68370499
Kraken:XBTUSD,2022-01-26T14:08:00Z,38416.4,38416.4,38346.0,38363.5,14.11465739
Kraken:XBTUSD,2022-01-26T14:09:00Z,38395.9,38395.9,38357.8,38357.8,2.47878701
Kraken:XBTUSD,2022-01-26T14:10:00Z,38357.9,38358.0,38302.9,38312.1,11.69321737
Kraken:XBTUSD,2022-01-26T14:11:00Z,38312.2,38312.2,38302.3,38302.7,0.96673323
Kraken:XBTUSD,2022-01-26T14:12:00Z,38302.7,38371.3,38288.6,38330.0,3.95891883
Kraken:XBTUSD,2022-01-26T14:13:00Z,38354.7,38443.5,38354.7,38434.6,6.79591272
Kraken:XBTUSD,2022-01-26T14:14:00Z,38434.1,38478.2,38433.5,38475.1,17.26588687
Kraken:XBTUSD,2022-01-26T14:15:00Z,38478.3,38490.0,38379.1,38430.1,39.30094771
Kraken:XBTUSD,2022-01-26T14:16:00Z,38433.0,38433.0,38399.5,38405.9,0.21358751
Kraken:XBTUSD,2022-01-26T14:17:00Z,38410.0,38433.3,38405.5,38414.8,0.58226716
Kraken:XBTUSD,2022-01-26T14:18:00Z,38412.5,38412.5,38380.1,38390.5,1.00890996
Kraken:XBTUSD,2022-01-26T14:19:00Z,38415.1,38415.1,38415.0,38415.1,50.72044682
Kraken:XBTUSD,2022-01-26T14:20:00Z,38415.1,38415.1,38415.0,38415.1,1.84617996
Kraken:XBTUSD,2022-01-26T14:21:00Z,38415.0,38490.0,38415.0,38489.9,56.7949234
Kraken:XBTUSD,2022-01-26T14:22:00Z,38489.3,38489.3,38458.9,38474.9,0.24921844
Kraken:XBTUSD,2022-01-26T14:23:00Z,38470.3,38470.3,38392.8,38411.7,8.6552438
Kraken:XBTUSD,2022-01-26T14:24:00Z,38418.3,38430.4,38400.1,38400.1,6.5729578
Kraken:XBTUSD,2022-01-26T14:25:00Z,38400.2,38459.8,38400.2,38445.1,6.71957729
Kraken:XBTUSD,2022-01-26T14:26:00Z,38444.1,38446.3,38400.0,38400.0,1.01098356
Kraken:XBTUSD,2022-01-26T14:27:00Z,38400.0,38400.1,38380.5,38380.5,0.90819453
Kraken:XBTUSD,2022-01-26T14:28:00Z,38389.0,38407.1,38384.1,38384.2,2.02908507
Kraken:XBTUSD,2022-01-26T14:29:00Z,38384.2,38448.5,38384.2,38445.4,1.1476599
Kraken:XBTUSD,2022-01-26T14:30:00Z,38454.6,38454.6,38389.2,38438.2,2.63628061
Kraken:XBTUSD,2022-01-26T14:31:00Z,38438.2,38457.1,38388.2,38388.2,2.35129214
Kraken:XBTUSD,2022-01-26T14:32:00Z,38387.9,38387.9,38288.2,38288.2,8.30833543
Kraken:XBTUSD,2022-01-26T14:33:00Z,38288.2,38288.2,38223.7,38224.0,6.86743911
Kraken:XBTUSD,2022-01-26T14:34:00Z,38249.5,38274.6,38207.3,38216.1,0.81380805
Kraken:XBTUSD,2022-01-26T14:35:00Z,38209.8,38209.8,38209.7,38209.8,0.85201366
Kraken:XBTUSD,2022-01-26T14:36:00Z,38209.8,38251.7,38209.7,38230.4,2.56128899
Kraken:XBTUSD,2022-01-26T14:37:00Z,38230.4,38284.1,38230.4,38284.1,31.81594788
Kraken:XBTUSD,2022-01-26T14:38:00Z,38300.0,38311.7,38270.0,38270.1,53.28183536
Kraken:XBTUSD,2022-01-26T14:39:00Z,38270.1,38297.9,38270.1,38287.1,17.91685588
Kraken:XBTUSD,2022-01-26T14:40:00Z,38250.9,38287.3,38250.9,38253.8,1.56352089
Kraken:XBTUSD,2022-01-26T14:41:00Z,38253.9,38284.5,38253.9,38274.8,0.44202362
Kraken:XBTUSD,2022-01-26T14:42:00Z,38271.6,38289.2,38243.4,38243.4,3.43361238
Kraken:XBTUSD,2022-01-26T14:43:00Z,38209.7,38210.0,38191.7,38192.7,3.47644245
Kraken:XBTUSD,2022-01-26T14:44:00Z,38192.8,38192.8,38124.9,38130.7,2.7162718
Kraken:XBTUSD,2022-01-26T14:45:00Z,38127.0,38190.1,38127.0,38187.5,0.47145535
Kraken:XBTUSD,2022-01-26T14:46:00Z,38187.5,38228.1,38187.5,38222.6,2.18290454
Kraken:XBTUSD,2022-01-26T14:47:00Z,38222.6,38222.6,38169.6,38179.8,4.56610597
Kraken:XBTUSD,2022-01-26T14:48:00Z,38192.9,38192.9,38167.4,38167.4,15.34355372
Kraken:XBTUSD,2022-01-26T14:49:00Z,38180.6,38257.3,38180.6,38248.6,0.83375718
Kraken:XBTUSD,2022-01-26T14:50:00Z,38248.5,38248.5,38225.1,38232.2,0.84624743
Kraken:XBTUSD,2022-01-26T14:51:00Z,38242.5,38250.0,38222.8,38250.0,2.71402682
Kraken:XBTUSD,2022-01-26T14:52:00Z,38250.0,38250.0,38249.9,38250.0,1.34108295
Kraken:XBTUSD,2022-01-26T14:53:00Z,38250.0,38309.7,38250.0,38309.0,6.96522945
Kraken:XBTUSD,2022-01-26T14:54:00Z,38307.4,38308.3,38296.9,38297.0,4.31963596
Kraken:XBTUSD,2022-01-26T14:55:00Z,38296.9,38297.0,38296.9,38297.0,22.24555841
Kraken:XBTUSD,2022-01-26T14:56:00Z,38297.0,38306.6,38296.9,38300.0,0.60728441
Kraken:XBTUSD,2022-01-26T14:57:00Z,38297.3,38297.3,38290.5,38290.5,71.05067961
Kraken:XBTUSD,2022-01-26T14:58:00Z,38250.1,38277.9,38250.0,38250.3,1.23087927
Kraken:XBTUSD,2022-01-26T14:59:00Z,38250.3,38261.0,38250.3,38260.9,0.21824524
Kraken:XBTUSD,2022-01-26T15:00:00Z,38260.9,38331.2,38219.2,38331.2,2.59271124
Kraken:XBTUSD,2022-01-26T15:01:00Z,38329.2,38343.3,38322.1,38322.1,3.44600338
Kraken:XBTUSD,2022-01-26T15:02:00Z,38322.3,38361.0,38322.3,38361.0,1.28803733
Kraken:XBTUSD,2022-01-26T15:03:00Z,38357.6,38357.6,38333.0,38343.3,0.74478573
Kraken:XBTUSD,2022-01-26T15:04:00Z,38343.3,38357.6,38343.2,38357.6,0.65663853
Kraken:XBTUSD,2022-01-26T15:05:00Z,38357.6,38374.5,38357.6,38374.5,0.62540437
Kraken:XBTUSD,2022-01-26T15:06:00Z,38374.9,38379.5,38372.9,38372.9,0.79632091
Kraken:XBTUSD,2022-01-26T15:07:00Z,38373.0,38373.0,38343.2,38343.2,2.03215672
Kraken:XBTUSD,2022-01-26T15:08:00Z,38343.2,38363.0,38343.2,38349.7,1.75736594
Kraken:XBTUSD,2022-01-26T15:09:00Z,38349.7,38350.1,38349.7,38350.0,0.52199785
Kraken:XBTUSD,2022-01-26T15:10:00Z,38369.9,38369.9,38322.1,38322.1,3.51451873
Kraken:XBTUSD,2022-01-26T15:11:00Z,38322.1,38355.6,38322.1,38351.1,2.79141462
Kraken:XBTUSD,2022-01-26T15:12:00Z,38351.1,38377.4,38322.1,38322.1,2.90894746
Kraken:XBTUSD,2022-01-26T15:13:00Z,38322.1,38322.1,38236.0,38247.3,1.2315679
Kraken:XBTUSD,2022-01-26T15:14:00Z,38247.3,38267.5,38182.7,38188.7,1.7607655
Kraken:XBTUSD,2022-01-26T15:15:00Z,38188.8,38215.2,38139.2,38141.2,4.29598118
Kraken:XBTUSD,2022-01-26T15:16:00Z,38135.8,38149.0,38132.6,38148.9,0.65642049
Kraken:XBTUSD,2022-01-26T15:17:00Z,38149.0,38194.9,38149.0,38194.9,2.56373076
Kraken:XBTUSD,2022-01-26T15:18:00Z,38194.9,38194.9,38175.2,38175.3,0.24677374
Kraken:XBTUSD,2022-01-26T15:19:00Z,38175.3,38199.0,38175.3,38198.9,0.51972465
Kraken:XBTUSD,2022-01-26T15:20:00Z,38199.0,38199.0,38198.9,38199.0,0.34833732
Kraken:XBTUSD,2022-01-26T15:21:00Z,38199.0,38199.0,38160.9,38170.4,2.14192486
Kraken:XBTUSD,2022-01-26T15:22:00Z,38162.3,38162.3,38110.6,38117.0,1.87594056
Kraken:XBTUSD,2022-01-26T15:23:00Z,38117.0,38117.1,38100.3,38100.4,1.98975514
Kraken:XBTUSD,2022-01-26T15:24:00Z,38100.4,38100.4,38057.3,38067.1,5.15847676
Kraken:XBTUSD,2022-01-26T15:25:00Z,38067.1,38067.1,37951.8,37958.4,9.88951051
Kraken:XBTUSD,2022-01-26T15:26:00Z,37958.1,37994.7,37950.7,37983.7,2.83689223
Kraken:XBTUSD,2022-01-26T15:27:00Z,37983.7,37997.8,37909.3,37919.7,10.87685287
Kraken:XBTUSD,2022-01-26T15:28:00Z,37940.9,37941.0,37860.6,37860.6,9.2343321
Kraken:XBTUSD,2022-01-26T15:29:00Z,37862.3,37919.3,37862.3,37919.3,0.58172712
Kraken:XBTUSD,2022-01-26T15:30:00Z,37926.6,37949.9,37904.4,37904.4,2.69329266
Kraken:XBTUSD,2022-01-26T15:31:00Z,37904.3,37945.8,37904.3,37941.9,5.67407563
Kraken:XBTUSD,2022-01-26T15:32:00Z,37950.0,38013.4,37950.0,38013.3,0.40300683
Kraken:XBTUSD,2022-01-26T15:33:00Z,38008.3,38013.4,37988.9,38013.4,0.41065355
Kraken:XBTUSD,2022-01-26T15:34:00Z,38013.4,38050.5,38013.3,38037.1,4.41298858
Kraken:XBTUSD,2022-01-26T15:35:00Z,38028.9,38041.1,38012.4,38025.0,1.75164023
Kraken:XBTUSD,2022-01-26T15:36:00Z,38012.5,38025.4,38012.4,38012.4,2.16577001
Kraken:XBTUSD,2022-01-26T15:37:00Z,38012.5,38029.2,38012.4,38012.8,2.29791998
Kraken:XBTUSD,2022-01-26T15:38:00Z,38012.5,38041.1,38012.5,38040.0,0.66143865
Kraken:XBTUSD,2022-01-26T15:39:00Z,38031.1,38031.1,38000.0,38000.1,1.24866666
Kraken:XBTUSD,2022-01-26T15:40:00Z,38012.5,38044.8,38012.5,38023.6,0.22024627
Kraken:XBTUSD,2022-01-26T15:41:00Z,38012.1,38025.0,38010.6,38012.2,0.39879973
Kraken:XBTUSD,2022-01-26T15:42:00Z,38031.8,38032.6,38010.6,38012.1,0.20384509
Kraken:XBTUSD,2022-01-26T15:43:00Z,38012.1,38044.6,38000.7,38006.6,25.45461629
Kraken:XBTUSD,2022-01-26T15:44:00Z,38004.5,38004.5,37924.3,37971.4,41.50586996
Kraken:XBTUSD,2022-01-26T15:45:00Z,37981.0,37990.1,37981.0,37990.1,13.27359402
Kraken:XBTUSD,2022-01-26T15:46:00Z,38014.4,38028.2,37990.0,37990.0,3.06038425
Kraken:XBTUSD,2022-01-26T15:47:00Z,37990.1,38010.8,37935.1,37935.1,37.96896434
Kraken:XBTUSD,2022-01-26T15:48:00Z,37948.7,37967.6,37947.7,37949.4,1.57748786
Kraken:XBTUSD,2022-01-26T15:49:00Z,37955.9,37955.9,37881.6,37890.3,4.92081533
Kraken:XBTUSD,2022-01-26T15:50:00Z,37890.2,37962.4,37863.4,37949.9,4.22810917
Kraken:XBTUSD,2022-01-26T15:51:00Z,37949.9,37949.9,37905.4,37939.7,0.31711453
Kraken:XBTUSD,2022-01-26T15:52:00Z,37941.6,37955.0,37921.1,37921.1,1.3529882
Kraken:XBTUSD,2022-01-26T15:53:00Z,37931.7,37956.9,37923.8,37947.3,2.43248389
Kraken:XBTUSD,2022-01-26T15:54:00Z,37938.3,37958.6,37927.4,37958.6,0.51981039
Kraken:XBTUSD,2022-01-26T15:55:00Z,37958.6,37958.6,37918.8,37930.9,0.01325746
Kraken:XBTUSD,2022-01-26T15:56:00Z,37932.5,37999.9,37932.5,37990.8,1.39901353
Kraken:XBTUSD,2022-01-26T15:57:00Z,38000.0,38050.9,38000.0,38030.5,0.4280755
Kraken:XBTUSD,2022-01-26T15:58:00Z,38030.5,38040.3,38016.6,38031.8,0.1663267
Kraken:XBTUSD,2022-01-26T15:59:00Z,38024.1,38036.3,38024.1,38024.1,0.41578658
Kraken:XBTUSD,2022-01-26T16:00:00Z,38020.1,38024.3,38001.0,38024.3,1.91013906
Kraken:XBTUSD,2022-01-26T16:01:00Z,38001.0,38001.1,37989.4,38001.1,3.11990252
Kraken:XBTUSD,2022-01-26T16:02:00Z,37998.3,38001.1,37998.3,38001.1,10.02106794
Kraken:XBTUSD,2022-01-26T16:03:00Z,38017.2,38017.2,37980.0,37980.1,3.68815467
Kraken:XBTUSD,2022-01-26T16:04:00Z,37980.0,37980.1,37980.0,37980.1,0.55758513
Kraken:XBTUSD,2022-01-26T16:05:00Z,37983.7,38017.3,37983.7,38017.3,0.72884389
Kraken:XBTUSD,2022-01-26T16:06:00Z,38017.3,38088.6,38017.3,38087.3,0.44202172
Kraken:XBTUSD,2022-01-26T16:07:00Z,38087.2,38087.2,38045.1,38080.7,0.50901965
Kraken:XBTUSD,2022-01-26T16:08:00Z,38081.6,38095.8,38080.3,38095.8,2.03596135
Kraken:XBTUSD,2022-01-26T16:09:00Z,38100.0,38111.5,38090.8,38090.9,1.07010583
Kraken:XBTUSD,2022-01-26T16:10:00Z,38090.9,38103.8,38084.2,38084.2,0.58597198
Kraken:XBTUSD,2022-01-26T16:11:00Z,38098.8,38098.8,38098.1,38098.8,0.00924274
Kraken:XBTUSD,2022-01-26T16:12:00Z,38098.8,38134.6,38098.8,38119.2,4.12433632
Kraken:XBTUSD,2022-01-26T16:13:00Z,38120.4,38123.8,38118.9,38119.0,7.3027026
Kraken:XBTUSD,2022-01-26T16:14:00Z,38119.0,38163.8,38118.9,38163.2,9.81371866
Kraken:XBTUSD,2022-01-26T16:15:00Z,38161.6,38161.6,38121.5,38141.7,1.14056866
Kraken:XBTUSD,2022-01-26T16:16:00Z,38137.2,38201.4,38137.2,38200.0,1.29470209
Kraken:XBTUSD,2022-01-26T16:17:00Z,38200.0,38200.0,38122.5,38122.5,3.69473915
Kraken:XBTUSD,2022-01-26T16:18:00Z,38121.9,38138.8,38121.9,38130.6,8.81516621
Kraken:XBTUSD,2022-01-26T16:19:00Z,38125.6,38125.6,38119.1,38119.2,0.47145919
Kraken:XBTUSD,2022-01-26T16:20:00Z,38119.2,38129.8,38119.2,38121.5,2.69473058
Kraken:XBTUSD,2022-01-26T16:21:00Z,38121.5,38144.3,38121.5,38141.2,0.88264906
Kraken:XBTUSD,2022-01-26T16:22:00Z,38141.1,38202.8,38141.1,38202.8,1.35249439
Kraken:XBTUSD,2022-01-26T16:23:00Z,38200.3,38201.3,38193.7,38201.3,1.20217209
Kraken:XBTUSD,2022-01-26T16:24:00Z,38203.0,38203.0,38163.6,38167.0,0.3250587
Kraken:XBTUSD,2022-01-26T16:25:00Z,38167.0,38187.6,38166.9,38173.9,0.50428847
Kraken:XBTUSD,2022-01-26T16:26:00Z,38188.0,38198.7,38188.0,38197.3,2.04997927
Kraken:XBTUSD,2022-01-26T16:27:00Z,38195.3,38195.3,38167.7,38167.7,7.85550303
Kraken:XBTUSD,2022-01-26T16:28:00Z,38167.2,38194.0,38167.1,38194.0,0.12261485
Kraken:XBTUSD,2022-01-26T16:29:00Z,38194.0,38194.0,38167.0,38167.0,1.34965674
Kraken:XBTUSD,2022-01-26T16:30:00Z,38167.0,38184.7,38167.0,38184.7,0.5174414
Kraken:XBTUSD,2022-01-26T16:31:00Z,38184.7,38194.0,38184.7,38194.0,0.15964703
Kraken:XBTUSD,2022-01-26T16:32:00Z,38194.1,38196.5,38166.9,38189.5,1.35823537
Kraken:XBTUSD,2022-01-26T16:33:00Z,38199.9,38199.9,38185.3,38185.3,0.43152415
Kraken:XBTUSD,2022-01-26T16:34:00Z,38174.5,38174.5,38119.1,38119.7,2.23700459
Kraken:XBTUSD,2022-01-26T16:35:00Z,38119.6,38125.0,38119.1,38125.0,0.32991901
Kraken:XBTUSD,2022-01-26T16:36:00Z,38125.0,38125.0,38118.9,38118.9,1.1867794
Kraken:XBTUSD,2022-01-26T16:37:00Z,38111.0,38111.1,38110.0,38110.0,1.87850127
Kraken:XBTUSD,2022-01-26T16:38:00Z,38072.2,38079.7,38070.5,38070.6,2.75604017
Kraken:XBTUSD,2022-01-26T16:39:00Z,38070.6,38130.1,38070.6,38130.1,4.47832003
Kraken:XBTUSD,2022-01-26T16:40:00Z,38130.1,38177.0,38130.0,38177.0,0.1925668
Kraken:XBTUSD,2022-01-26T16:41:00Z,38184.2,38249.9,38184.1,38222.4,13.13562116
Kraken:XBTUSD,2022-01-26T16:42:00Z,38208.7,38208.7,38192.8,38192.8,0.40492664
Kraken:XBTUSD,2022-01-26T16:43:00Z,38203.0,38241.8,38201.7,38241.8,0.47089075
Kraken:XBTUSD,2022-01-26T16:44:00Z,38230.3,38230.3,38202.8,38219.8,0.46990177
Kraken:XBTUSD,2022-01-26T16:45:00Z,38219.8,38226.1,38219.7,38219.8,2.47525094
Kraken:XBTUSD,2022-01-26T16:46:00Z,38219.8,38249.3,38219.7,38229.5,3.91237271
Kraken:XBTUSD,2022-01-26T16:47:00Z,38229.4,38246.1,38221.6,38242.4,7.60358616
Kraken:XBTUSD,2022-01-26T16:48:00Z,38238.5,38246.2,38233.5,38246.2,0.62884462
Kraken:XBTUSD,2022-01-26T16:49:00Z,38246.2,38246.4,38219.7,38231.6,5.70251818
Kraken:XBTUSD,2022-01-26T16:50:00Z,38234.4,38234.4,38219.7,38219.7,0.82334279
Kraken:XBTUSD,2022-01-26T16:51:00Z,38219.7,38219.7,38202.8,38202.9,1.73529655
Kraken:XBTUSD,2022-01-26T16:52:00Z,38202.8,38204.0,38202.8,38204.0,0.29071837
Kraken:XBTUSD,2022-01-26T16:53:00Z,38204.1,38222.1,38204.1,38222.1,0.13978245
Kraken:XBTUSD,2022-01-26T16:54:00Z,38242.9,38250.0,38242.9,38250.0,7.99103865
Kraken:XBTUSD,2022-01-26T16:55:00Z,38250.0,38250.0,38249.9,38250.0,1.51859949
Kraken:XBTUSD,2022-01-26T16:56:00Z,38250.0,38273.2,38249.9,38273.2,4.27547383
Kraken:XBTUSD,2022-01-26T16:57:00Z,38273.3,38280.0,38273.2,38280.0,0.22280066
Kraken:XBTUSD,2022-01-26T16:58:00Z,38275.6,38300.1,38269.0,38300.1,0.62456745
Kraken:XBTUSD,2022-01-26T16:59:00Z,38294.3,38300.0,38294.3,38300.0,0.06335398
Kraken:XBTUSD,2022-01-26T17:00:00Z,38303.8,38326.3,38300.9,38308.7,4.41116148
Kraken:XBTUSD,2022-01-26T17:01:00Z,38324.8,38335.4,38315.7,38320.9,2.5496311
Kraken:XBTUSD,2022-01-26T17:02:00Z,38318.3,38334.9,38317.8,38328.8,0.78278568
Kraken:XBTUSD,2022-01-26T17:03:00Z,38316.8,38361.8,38316.8,38352.5,0.27092125
Kraken:XBTUSD,2022-01-26T17:04:00Z,38329.0,38367.5,38329.0,38367.5,0.08794331
Kraken:XBTUSD,2022-01-26T17:05:00Z,38368.7,38369.5,38361.6,38369.5,0.53186088
Kraken:XBTUSD,2022-01-26T17:06:00Z,38369.3,38370.0,38351.9,38370.0,0.97389892
Kraken:XBTUSD,2022-01-26T17:07:00Z,38369.9,38370.0,38369.9,38370.0,0.11253471
Kraken:XBTUSD,2022-01-26T17:08:00Z,38370.0,38370.0,38358.3,38359.6,0.28341471
Kraken:XBTUSD,2022-01-26T17:09:00Z,38361.1,38370.0,38361.1,38370.0,0.11894931
Kraken:XBTUSD,2022-01-26T17:10:00Z,38370.0,38370.0,38370.0,38370.0,0.12258328
Kraken:XBTUSD,2022-01-26T17:11:00Z,38369.9,38370.0,38348.5,38370.0,0.83022792
Kraken:XBTUSD,2022-01-26T17:12:00Z,38370.0,38370.0,38369.9,38370.0,0.70093707
Kraken:XBTUSD,2022-01-26T17:13:00Z,38370.0,38370.0,38349.9,38364.5,0.06296221
Kraken:XBTUSD,2022-01-26T17:14:00Z,38364.4,38364.4,38350.9,38350.9,0.57022689
Kraken:XBTUSD,2022-01-26T17:15:00Z,38351.0,38351.0,38316.9,38328.6,0.03773897
Kraken:XBTUSD,2022-01-26T17:16:00Z,38332.7,38332.9,38321.7,38332.8,0.33346082
Kraken:XBTUSD,2022-01-26T17:17:00Z,38332.9,38343.2,38322.9,38325.0,0.34377082
Kraken:XBTUSD,2022-01-26T17:18:00Z,38319.0,38325.5,38286.8,38297.7,0.2163302
Kraken:XBTUSD,2022-01-26T17:19:00Z,38300.6,38306.1,38248.0,38250.0,22.94363248
Kraken:XBTUSD,2022-01-26T17:20:00Z,38250.0,38250.0,38250.0,38250.0,5.91089155
Kraken:XBTUSD,2022-01-26T17:21:00Z,38250.0,38250.0,38249.9,38249.9,1.90754543
Kraken:XBTUSD,2022-01-26T17:22:00Z,38249.9,38253.9,38230.4,38237.2,0.0909314
Kraken:XBTUSD,2022-01-26T17:23:00Z,38238.8,38260.8,38235.7,38260.8,0.23033738
Kraken:XBTUSD,2022-01-26T17:24:00Z,38260.8,38263.7,38210.3,38219.1,10.76750439
Kraken:XBTUSD,2022-01-26T17:25:00Z,38223.8,38230.0,38223.8,38230.0,0.21870383
Kraken:XBTUSD,2022-01-26T17:26:00Z,38230.0,38230.0,38229.9,38230.0,1.10951353
Kraken:XBTUSD,2022-01-26T17:27:00Z,38230.0,38230.0,38229.9,38230.0,2.8177903
Kraken:XBTUSD,2022-01-26T17:28:00Z,38230.0,38230.0,38229.9,38230.0,0.4070796
Kraken:XBTUSD,2022-01-26T17:29:00Z,38230.0,38230.0,38229.9,38230.0,0.73086646
Kraken:XBTUSD,2022-01-26T17:30:00Z,38230.0,38230.0,38229.9,38229.9,3.67619242
Kraken:XBTUSD,2022-01-26T17:31:00Z,38230.0,38230.0,38229.9,38230.0,0.40630738
Kraken:XBTUSD,2022-01-26T17:32:00Z,38230.0,38230.0,38207.6,38225.7,3.23984623
Kraken:XBTUSD,2022-01-26T17:33:00Z,38227.3,38229.8,38149.9,38150.0,8.90413734
Kraken:XBTUSD,2022-01-26T17:34:00Z,38142.2,38142.2,38088.0,38088.0,1.55043211
Kraken:XBTUSD,2022-01-26T17:35:00Z,38088.8,38149.9,38088.5,38149.9,5.27772943
Kraken:XBTUSD,2022-01-26T17:36:00Z,38121.8,38143.3,38121.8,38143.3,0.91500601
Kraken:XBTUSD,2022-01-26T17:37:00Z,38143.2,38143.2,38109.6,38118.2,21.32301904
Kraken:XBTUSD,2022-01-26T17:38:00Z,38118.2,38120.8,38118.2,38118.4,0.24252107
Kraken:XBTUSD,2022-01-26T17:39:00Z,38118.3,38118.3,38001.0,38001.0,52.63945864
Kraken:XBTUSD,2022-01-26T17:40:00Z,38067.7,38100.4,38049.9,38049.9,28.56583046
Kraken:XBTUSD,2022-01-26T17:41:00Z,38049.9,38050.0,38049.9,38049.9,8.48146262
Kraken:XBTUSD,2022-01-26T17:42:00Z,38050.0,38170.1,38050.0,38125.4,22.25064015
Kraken:XBTUSD,2022-01-26T17:43:00Z,38129.1,38170.1,38129.1,38151.5,2.54227608
Kraken:XBTUSD,2022-01-26T17:44:00Z,38159.8,38169.6,38144.9,38144.9,0.98230875
Kraken:XBTUSD,2022-01-26T17:45:00Z,38144.9,38157.9,38144.8,38144.8,4.86886468
Kraken:XBTUSD,2022-01-26T17:46:00Z,38144.8,38144.8,38057.0,38057.0,5.21732989
Kraken:XBTUSD,2022-01-26T17:47:00Z,38051.6,38101.9,38051.6,38072.9,2.12750635
Kraken:XBTUSD,2022-01-26T17:48:00Z,38072.7,38091.9,38071.8,38087.9,1.191429
Kraken:XBTUSD,2022-01-26T17:49:00Z,38087.9,38098.5,38078.8,38098.5,0.14630842
Kraken:XBTUSD,2022-01-26T17:50:00Z,38101.9,38101.9,38069.5,38069.5,0.45647392
Kraken:XBTUSD,2022-01-26T17:51:00Z,38069.6,38069.6,38051.7,38053.5,0.30130043
Kraken:XBTUSD,2022-01-26T17:52:00Z,38057.2,38069.5,38057.2,38069.5,0.23839876
Kraken:XBTUSD,2022-01-26T17:53:00Z,38069.6,38100.0,38069.5,38100.0,0.45161695
Kraken:XBTUSD,2022-01-26T17:54:00Z,38100.0,38100.0,38080.5,38080.5,0.56095358
Kraken:XBTUSD,2022-01-26T17:55:00Z,38069.9,38073.1,38069.6,38069.6,0.22076703
Kraken:XBTUSD,2022-01-26T17:56:00Z,38069.6,38070.0,38069.6,38070.0,0.75609914
Kraken:XBTUSD,2022-01-26T17:57:00Z,38070.0,38070.0,38069.9,38070.0,0.01118713
Kraken:XBTUSD,2022-01-26T17:58:00Z,38070.0,38095.0,38070.0,38094.9,11.95508415
Kraken:XBTUSD,2022-01-26T17:59:00Z,38099.9,38101.9,38099.9,38101.7,1.41838869
Kraken:XBTUSD,2022-01-26T18:00:00Z,38101.7,38101.7,38022.5,38022.5,2.87562666
Kraken:XBTUSD,2022-01-26T18:01:00Z,38018.0,38018.0,37865.2,37896.9,12.89194197
Kraken:XBTUSD,2022-01-26T18:02:00Z,37892.8,37892.8,37800.0,37800.0,3.97167108
Kraken:XBTUSD,2022-01-26T18:03:00Z,37800.0,37800.1,37723.4,37749.8,9.85288072
Kraken:XBTUSD,2022-01-26T18:04:00Z,37753.8,37789.2,37740.1,37744.3,6.05875381
Kraken:XBTUSD,2022-01-26T18:05:00Z,37739.9,37739.9,37615.0,37620.8,17.71382705
Kraken:XBTUSD,2022-01-26T18:06:00Z,37624.1,37689.4,37624.1,37689.4,3.06858196
Kraken:XBTUSD,2022-01-26T18:07:00Z,37689.5,37732.0,37689.5,37732.0,1.62888901
Kraken:XBTUSD,2022-01-26T18:08:00Z,37761.2,37761.3,37692.7,37705.7,3.35613716
Kraken:XBTUSD,2022-01-26T18:09:00Z,37710.3,37714.3,37705.7,37714.3,0.90068539
Kraken:XBTUSD,2022-01-26T18:10:00Z,37714.3,37756.7,37714.2,37756.7,1.54703821
Kraken:XBTUSD,2022-01-26T18:11:00Z,37768.8,37794.3,37768.8,37784.9,16.95140534
Kraken:XBTUSD,2022-01-26T18:12:00Z,37784.9,37828.8,37784.9,37828.8,4.14079034
Kraken:XBTUSD,2022-01-26T18:13:00Z,37847.2,37875.7,37833.8,37875.7,33.52843441
Kraken:XBTUSD,2022-01-26T18:14:00Z,37887.4,37887.4,37855.9,37855.9,0.79450224
Kraken:XBTUSD,2022-01-26T18:15:00Z,37856.0,37916.3,37856.0,37885.3,2.03076202
Kraken:XBTUSD,2022-01-26T18:16:00Z,37889.8,37893.4,37869.3,37893.4,0.3734678
Kraken:XBTUSD,2022-01-26T18:17:00Z,37901.4,37901.9,37894.9,37901.9,2.59834715
Kraken:XBTUSD,2022-01-26T18:18:00Z,37901.9,37901.9,37802.2,37802.3,2.84526093
Kraken:XBTUSD,2022-01-26T18:19:00Z,37798.3,37800.0,37798.1,37800.0,0.45641075
Kraken:XBTUSD,2022-01-26T18:20:00Z,37799.9,37799.9,37739.1,37739.1,5.14883311
Kraken:XBTUSD,2022-01-26T18:21:00Z,37735.2,37735.2,37720.0,37720.0,3.78290359
Kraken:XBTUSD,2022-01-26T18:22:00Z,37720.0,37720.0,37682.2,37687.7,7.76123898
Kraken:XBTUSD,2022-01-26T18:23:00Z,37687.7,37687.7,37668.3,37668.5,10.58976863
Kraken:XBTUSD,2022-01-26T18:24:00Z,37668.5,37736.5,37668.5,37723.0,2.04876411
Kraken:XBTUSD,2022-01-26T18:25:00Z,37721.6,37721.6,37706.7,37706.7,0.86689904
Kraken:XBTUSD,2022-01-26T18:26:00Z,37706.8,37756.2,37706.8,37740.7,15.26607276
Kraken:XBTUSD,2022-01-26T18:27:00Z,37743.9,37787.4,37743.6,37785.9,0.94918062
Kraken:XBTUSD,2022-01-26T18:28:00Z,37778.8,37786.9,37731.3,37772.3,1.94502509
Kraken:XBTUSD,2022-01-26T18:29:00Z,37787.7,37837.1,37787.7,37836.4,0.24383251
Kraken:XBTUSD,2022-01-26T18:30:00Z,37836.3,37846.3,37802.5,37846.3,16.44218744
Kraken:XBTUSD,2022-01-26T18:31:00Z,37846.3,37870.4,37846.3,37862.3,1.63547836
Kraken:XBTUSD,2022-01-26T18:32:00Z,37862.2,37862.2,37755.4,37765.4,5.66887591
Kraken:XBTUSD,2022-01-26T18:33:00Z,37761.1,37761.1,37760.9,37761.0,0.58432956
Kraken:XBTUSD,2022-01-26T18:34:00Z,37761.0,37775.3,37760.9,37775.2,0.15742543
Kraken:XBTUSD,2022-01-26T18:35:00Z,37775.2,37779.7,37761.0,37761.0,0.4061842
Kraken:XBTUSD,2022-01-26T18:36:00Z,37761.0,37761.0,37755.3,37755.3,3.05154786
Kraken:XBTUSD,2022-01-26T18:37:00Z,37769.8,37783.4,37768.7,37776.8,4.06587865
Kraken:XBTUSD,2022-01-26T18:38:00Z,37776.9,37776.9,37772.5,37772.5,0.67722063
Kraken:XBTUSD,2022-01-26T18:39:00Z,37758.0,37758.0,37740.4,37740.5,0.50412316
Kraken:XBTUSD,2022-01-26T18:40:00Z,37740.5,37740.5,37717.1,37740.5,1.27097656
Kraken:XBTUSD,2022-01-26T18:41:00Z,37740.5,37823.0,37740.5,37802.1,28.72456123
Kraken:XBTUSD,2022-01-26T18:42:00Z,37797.1,37797.1,37788.9,37788.9,0.45689538
Kraken:XBTUSD,2022-01-26T18:43:00Z,37782.7,37782.7,37782.6,37782.6,0.11353778
Kraken:XBTUSD,2022-01-26T18:44:00Z,37782.2,37782.2,37750.0,37750.0,0.89168602
Kraken:XBTUSD,2022-01-26T18:45:00Z,37750.1,37750.1,37750.0,37750.0,0.0643293
Kraken:XBTUSD,2022-01-26T18:46:00Z,37700.1,37728.1,37685.5,37685.5,1.00433364
Kraken:XBTUSD,2022-01-26T18:47:00Z,37686.8,37737.2,37686.8,37718.4,0.09286987
Kraken:XBTUSD,2022-01-26T18:48:00Z,37708.4,37746.1,37708.4,37746.1,1.00006573
Kraken:XBTUSD,2022-01-26T18:49:00Z,37747.6,37748.6,37746.1,37746.1,0.5868406
Kraken:XBTUSD,2022-01-26T18:50:00Z,37746.2,37764.7,37746.2,37757.0,0.74291357
Kraken:XBTUSD,2022-01-26T18:51:00Z,37768.7,37815.4,37768.7,37815.4,2.48601219
Kraken:XBTUSD,2022-01-26T18:52:00Z,37822.9,38004.8,37822.9,37986.8,6.15640409
Kraken:XBTUSD,2022-01-26T18:53:00Z,37986.8,38279.9,37986.8,38187.8,8.79595669
Kraken:XBTUSD,2022-01-26T18:54:00Z,38195.4,38280.0,38150.6,38214.6,5.44626475
Kraken:XBTUSD,2022-01-26T18:55:00Z,38207.1,38207.1,38081.8,38081.8,1.75837501
Kraken:XBTUSD,2022-01-26T18:56:00Z,38012.4,38032.3,37928.0,37928.0,3.0250015
Kraken:XBTUSD,2022-01-26T18:57:00Z,37960.0,37960.0,37866.0,37866.0,2.88968611
Kraken:XBTUSD,2022-01-26T18:58:00Z,37863.7,37953.0,37837.9,37952.9,0.21391081
Kraken:XBTUSD,2022-01-26T18:59:00Z,37993.1,38014.4,37911.6,37985.4,1.6837714
Kraken:XBTUSD,2022-01-26T19:00:00Z,37982.3,38449.8,37928.6,38171.1,72.43415475
Kraken:XBTUSD,2022-01-26T19:01:00Z,38174.6,38401.5,38173.7,38376.4,28.52401775
Kraken:XBTUSD,2022-01-26T19:02:00Z,38350.0,38828.9,38350.0,38802.7,78.40575148
Kraken:XBTUSD,2022-01-26T19:03:00Z,38783.7,38895.5,38483.1,38563.5,59.11017163
Kraken:XBTUSD,2022-01-26T19:04:00Z,38553.6,38678.9,38521.5,38652.2,16.9720156
Kraken:XBTUSD,2022-01-26T19:05:00Z,38601.8,38693.2,38560.2,38693.2,6.55605332
Kraken:XBTUSD,2022-01-26T19:06:00Z,38700.0,38876.0,38700.0,38832.5,17.79739179
Kraken:XBTUSD,2022-01-26T19:07:00Z,38832.8,38838.8,38753.5,38827.6,16.20216259
Kraken:XBTUSD,2022-01-26T19:08:00Z,38871.2,38880.0,38799.3,38877.4,13.78337618
Kraken:XBTUSD,2022-01-26T19:09:00Z,38878.9,38899.9,38850.0,38876.1,131.32729924
Kraken:XBTUSD,2022-01-26T19:10:00Z,38877.2,38877.2,38697.1,38697.2,17.34607403
Kraken:XBTUSD,2022-01-26T19:11:00Z,38733.6,38764.3,38473.5,38473.5,16.84009017
Kraken:XBTUSD,2022-01-26T19:12:00Z,38473.5,38491.6,38342.2,38491.6,32.43185486
Kraken:XBTUSD,2022-01-26T19:13:00Z,38499.4,38499.4,38250.1,38250.1,12.10367447
Kraken:XBTUSD,2022-01-26T19:14:00Z,38276.7,38276.8,37852.8,37867.0,25.35651319
Kraken:XBTUSD,2022-01-26T19:15:00Z,37880.6,38183.3,37877.0,38050.4,28.62698442
Kraken:XBTUSD,2022-01-26T19:16:00Z,38046.0,38083.9,37780.8,37885.5,26.63513804
Kraken:XBTUSD,2022-01-26T19:17:00Z,37885.1,37925.0,37636.3,37636.3,9.41629651
Kraken:XBTUSD,2022-01-26T19:18:00Z,37636.3,37901.3,37473.9,37901.2,76.57045067
Kraken:XBTUSD,2022-01-26T19:19:00Z,37896.3,37896.3,37690.4,37765.7,9.75450324
Kraken:XBTUSD,2022-01-26T19:20:00Z,37765.7,37891.9,37727.9,37871.8,7.1026021
Kraken:XBTUSD,2022-01-26T19:21:00Z,37828.6,37873.3,37763.3,37873.3,4.26377857
Kraken:XBTUSD,2022-01-26T19:22:00Z,37881.3,37919.1,37806.6,37873.0,10.82768957
Kraken:XBTUSD,2022-01-26T19:23:00Z,37864.9,37877.7,37800.0,37820.3,22.48573598
Kraken:XBTUSD,2022-01-26T19:24:00Z,37820.2,37998.7,37820.2,37998.7,13.51005358
Kraken:XBTUSD,2022-01-26T19:25:00Z,37998.7,38323.5,37998.7,38238.8,29.3502985
Kraken:XBTUSD,2022-01-26T19:26:00Z,38293.4,38298.6,38109.6,38156.6,20.17356334
Kraken:XBTUSD,2022-01-26T19:27:00Z,38188.0,38379.3,38161.6,38324.1,3.75719185
Kraken:XBTUSD,2022-01-26T19:28:00Z,38310.6,38346.8,38168.8,38225.3,5.73078567
Kraken:XBTUSD,2022-01-26T19:29:00Z,38252.9,38294.3,38189.8,38219.9,3.32829269
Kraken:XBTUSD,2022-01-26T19:30:00Z,38258.1,38258.1,38100.1,38117.6,7.56155458
Kraken:XBTUSD,2022-01-26T19:31:00Z,38112.3,38158.6,37919.2,37960.1,15.16930152
Kraken:XBTUSD,2022-01-26T19:32:00Z,38047.0,38047.0,37965.4,38007.5,2.72863944
Kraken:XBTUSD,2022-01-26T19:33:00Z,37992.8,38034.4,37950.8,38003.5,3.26320189
Kraken:XBTUSD,2022-01-26T19:34:00Z,38020.8,38029.2,37809.0,37862.0,33.42493629
Kraken:XBTUSD,2022-01-26T19:35:00Z,37914.7,37961.7,37839.0,37958.7,33.36977395
Kraken:XBTUSD,2022-01-26T19:36:00Z,37969.2,37989.5,37800.0,37817.7,4.08575562
Kraken:XBTUSD,2022-01-26T19:37:00Z,37841.4,38023.0,37821.5,37945.7,6.71733577
Kraken:XBTUSD,2022-01-26T19:38:00Z,37945.7,38287.7,37945.7,38256.3,11.28324911
Kraken:XBTUSD,2022-01-26T19:39:00Z,38238.1,38435.6,38199.4,38310.2,33.93106591
Kraken:XBTUSD,2022-01-26T19:40:00Z,38324.3,38358.0,38184.5,38184.5,6.49325134
Kraken:XBTUSD,2022-01-26T19:41:00Z,38191.4,38259.4,38041.5,38041.5,7.21735231
Kraken:XBTUSD,2022-01-26T19:42:00Z,38054.0,38184.1,38022.9,38080.2,6.3334201
Kraken:XBTUSD,2022-01-26T19:43:00Z,38042.3,38042.3,37907.5,37966.5,2.51901326
Kraken:XBTUSD,2022-01-26T19:44:00Z,37966.5,37966.5,37888.8,37891.0,4.58293237
Kraken:XBTUSD,2022-01-26T19:45:00Z,37891.0,37966.5,37808.9,37838.8,39.5235328
Kraken:XBTUSD,2022-01-26T19:46:00Z,37848.1,37848.1,37591.0,37716.1,27.07588847
Kraken:XBTUSD,2022-01-26T19:47:00Z,37699.9,37699.9,37571.8,37695.9,14.19243441
Kraken:XBTUSD,2022-01-26T19:48:00Z,37696.0,37726.2,37600.0,37674.1,12.57919976
Kraken:XBTUSD,2022-01-26T19:49:00Z,37644.7,37686.1,37571.8,37571.8,15.53670584
Kraken:XBTUSD,2022-01-26T19:50:00Z,37584.9,37749.7,37560.0,37609.0,5.02338372
Kraken:XBTUSD,2022-01-26T19:51:00Z,37626.9,37845.9,37616.7,37802.6,42.42423636
Kraken:XBTUSD,2022-01-26T19:52:00Z,37805.0,37850.0,37700.0,37727.8,5.93656743
Kraken:XBTUSD,2022-01-26T19:53:00Z,37700.0,37774.8,37700.0,37712.9,2.91307302
Kraken:XBTUSD,2022-01-26T19:54:00Z,37731.8,37772.7,37709.3,37750.5,2.45685007
Kraken:XBTUSD,2022-01-26T19:55:00Z,37700.1,37723.2,37633.6,37675.1,34.8526808
Kraken:XBTUSD,2022-01-26T19:56:00Z,37642.6,37660.9,37631.5,37639.9,5.30415881
Kraken:XBTUSD,2022-01-26T19:57:00Z,37640.0,37657.8,37600.0,37643.0,1.90615347
Kraken:XBTUSD,2022-01-26T19:58:00Z,37637.4,37653.8,37612.2,37612.2,1.25271258
Kraken:XBTUSD,2022-01-26T19:59:00Z,37614.5,37634.5,37529.2,37588.5,6.42585083
Kraken:XBTUSD,2022-01-26T20:00:00Z,37573.9,37586.4,37351.0,37351.2,15.78987934
Kraken:XBTUSD,2022-01-26T20:01:00Z,37351.3,37351.3,37130.9,37239.7,44.74517592
Kraken:XBTUSD,2022-01-26T20:02:00Z,37253.5,37287.5,37126.7,37159.6,15.93632497
Kraken:XBTUSD,2022-01-26T20:03:00Z,37178.2,37240.0,37125.0,37125.0,17.059572
Kraken:XBTUSD,2022-01-26T20:04:00Z,37137.2,37286.9,37137.2,37274.6,12.44226487
Kraken:XBTUSD,2022-01-26T20:05:00Z,37281.9,37437.8,37189.2,37228.8,39.64282167
Kraken:XBTUSD,2022-01-26T20:06:00Z,37225.1,37298.3,37205.2,37282.3,9.00546372
Kraken:XBTUSD,2022-01-26T20:07:00Z,37313.1,37320.6,37240.6,37302.5,1.32366841
Kraken:XBTUSD,2022-01-26T20:08:00Z,37281.6,37289.2,37189.3,37215.0,20.33729119
Kraken:XBTUSD,2022-01-26T20:09:00Z,37191.8,37193.5,37125.0,37125.0,21.68785219
Kraken:XBTUSD,2022-01-26T20:10:00Z,37161.2,37193.8,37113.4,37181.5,17.3133993
Kraken:XBTUSD,2022-01-26T20:11:00Z,37189.1,37314.8,37189.1,37304.2,5.22039108
Kraken:XBTUSD,2022-01-26T20:12:00Z,37310.3,37310.3,37148.9,37250.0,3.50440366
Kraken:XBTUSD,2022-01-26T20:13:00Z,37241.0,37251.6,37200.1,37236.3,5.89273933
Kraken:XBTUSD,2022-01-26T20:14:00Z,37231.0,37244.0,37085.5,37085.5,13.81668454
Kraken:XBTUSD,2022-01-26T20:15:00Z,37131.3,37194.3,37064.7,37064.7,0.95526546
Kraken:XBTUSD,2022-01-26T20:16:00Z,37061.1,37074.3,36948.0,36987.6,10.19210776
Kraken:XBTUSD,2022-01-26T20:17:00Z,36989.8,36989.8,36750.5,36784.0,28.18438961
Kraken:XBTUSD,2022-01-26T20:18:00Z,36780.6,36954.2,36780.6,36849.9,16.45162225
Kraken:XBTUSD,2022-01-26T20:19:00Z,36850.0,36892.2,36825.0,36825.0,2.29420559
Kraken:XBTUSD,2022-01-26T20:20:00Z,36831.2,36900.0,36750.5,36753.0,11.93888335
Kraken:XBTUSD,2022-01-26T20:21:00Z,36762.1,36953.7,36759.0,36888.0,17.09291004
Kraken:XBTUSD,2022-01-26T20:22:00Z,36912.6,36917.1,36778.1,36778.1,0.32829788
Kraken:XBTUSD,2022-01-26T20:23:00Z,36797.9,36897.4,36709.5,36842.4,28.37365628
Kraken:XBTUSD,2022-01-26T20:24:00Z,36871.6,36950.5,36796.3,36897.7,2.92314356
Kraken:XBTUSD,2022-01-26T20:25:00Z,36901.1,36959.2,36872.7,36873.2,3.75323466
Kraken:XBTUSD,2022-01-26T20:26:00Z,36872.4,36942.3,36820.3,36927.9,9.40392547
Kraken:XBTUSD,2022-01-26T20:27:00Z,36928.0,37050.0,36928.0,37050.0,20.63787593
Kraken:XBTUSD,2022-01-26T20:28:00Z,37050.0,37292.1,37050.0,37175.9,30.21493415
Kraken:XBTUSD,2022-01-26T20:29:00Z,37177.1,37229.9,37152.8,37205.6,21.21317633
Kraken:XBTUSD,2022-01-26T20:30:00Z,37218.7,37294.6,37160.0,37294.6,4.65499366
Kraken:XBTUSD,2022-01-26T20:31:00Z,37297.2,37318.7,37170.2,37192.7,15.34025758
Kraken:XBTUSD,2022-01-26T20:32:00Z,37215.1,37215.1,37191.1,37191.1,31.74065885
Kraken:XBTUSD,2022-01-26T20:33:00Z,37191.1,37191.2,37003.6,37050.3,21.68555245
Kraken:XBTUSD,2022-01-26T20:34:00Z,37055.1,37076.4,36948.8,36948.8,4.46409741
Kraken:XBTUSD,2022-01-26T20:35:00Z,36948.8,36957.8,36760.5,36927.1,35.34127392
Kraken:XBTUSD,2022-01-26T20:36:00Z,36923.9,37112.2,36870.9,36909.6,8.6408109
Kraken:XBTUSD,2022-01-26T20:37:00Z,36940.7,37054.0,36915.8,36940.3,11.24080535
Kraken:XBTUSD,2022-01-26T20:38:00Z,36926.6,37062.0,36926.6,37028.9,2.26154103
Kraken:XBTUSD,2022-01-26T20:39:00Z,37059.4,37091.7,37015.2,37052.2,2.00703483
Kraken:XBTUSD,2022-01-26T20:40:00Z,37076.4,37110.0,37015.3,37110.0,1.19877188
Kraken:XBTUSD,2022-01-26T20:41:00Z,37128.4,37204.8,37128.4,37200.7,3.90265543
Kraken:XBTUSD,2022-01-26T20:42:00Z,37200.7,37200.7,37073.4,37073.4,6.56772778
Kraken:XBTUSD,2022-01-26T20:43:00Z,37101.7,37170.6,37077.3,37153.1,2.68883554
Kraken:XBTUSD,2022-01-26T20:44:00Z,37171.2,37171.2,37087.4,37106.6,4.14197343
Kraken:XBTUSD,2022-01-26T20:45:00Z,37100.2,37114.4,37000.2,37018.8,3.09098623
Kraken:XBTUSD,2022-01-26T20:46:00Z,37044.4,37168.5,37043.1,37144.9,0.35474618
Kraken:XBTUSD,2022-01-26T20:47:00Z,37149.8,37159.1,37035.5,37035.5,0.17220093
Kraken:XBTUSD,2022-01-26T20:48:00Z,37034.6,37060.6,36919.5,36978.5,0.88894102
Kraken:XBTUSD,2022-01-26T20:49:00Z,36987.5,37009.8,36899.6,37009.8,15.03234311
Kraken:XBTUSD,2022-01-26T20:50:00Z,36991.0,36991.0,36915.4,36935.9,1.01350779
Kraken:XBTUSD,2022-01-26T20:51:00Z,36954.7,36992.6,36943.0,36965.6,3.42677826
Kraken:XBTUSD,2022-01-26T20:52:00Z,36965.6,36988.3,36940.0,36952.8,0.66100124
Kraken:XBTUSD,2022-01-26T20:53:00Z,36940.7,36986.0,36940.5,36985.4,1.83860459
Kraken:XBTUSD,2022-01-26T20:54:00Z,36992.2,37120.3,36992.2,37120.3,0.76244909
Kraken:XBTUSD,2022-01-26T20:55:00Z,37098.0,37132.0,37053.7,37053.8,1.92583236
Kraken:XBTUSD,2022-01-26T20:56:00Z,37091.0,37091.0,37014.9,37052.1,0.56838749
Kraken:XBTUSD,2022-01-26T20:57:00Z,37053.8,37090.0,37045.5,37090.0,10.20293595
Kraken:XBTUSD,2022-01-26T20:58:00Z,37099.0,37099.0,37053.3,37069.0,1.20918954
Kraken:XBTUSD,2022-01-26T20:59:00Z,37069.0,37117.5,37050.0,37050.1,5.79358988
Kraken:XBTUSD,2022-01-26T21:00:00Z,37050.0,37086.6,36994.1,37076.8,0.43026946
Kraken:XBTUSD,2022-01-26T21:01:00Z,37073.2,37089.0,37073.2,37083.2,11.72842228
Kraken:XBTUSD,2022-01-26T21:02:00Z,37079.6,37099.0,37065.6,37099.0,1.98439716
Kraken:XBTUSD,2022-01-26T21:03:00Z,37099.0,37163.0,37099.0,37155.6,6.07518217
Kraken:XBTUSD,2022-01-26T21:04:00Z,37160.3,37176.5,37122.2,37122.2,1.40951254
Kraken:XBTUSD,2022-01-26T21:05:00Z,37162.1,37162.1,37148.9,37153.6,0.13013339
Kraken:XBTUSD,2022-01-26T21:06:00Z,37156.7,37156.7,37083.4,37090.0,7.62696289
Kraken:XBTUSD,2022-01-26T21:07:00Z,37093.1,37095.6,37030.6,37054.0,3.05950347
Kraken:XBTUSD,2022-01-26T21:08:00Z,37046.3,37082.5,37032.5,37044.9,10.1344805
Kraken:XBTUSD,2022-01-26T21:09:00Z,37047.8,37114.8,37047.8,37107.2,1.01746328
Kraken:XBTUSD,2022-01-26T21:10:00Z,37107.2,37129.7,37107.1,37114.2,0.38072762
Kraken:XBTUSD,2022-01-26T21:11:00Z,37112.2,37143.2,37112.2,37143.2,0.14263728
Kraken:XBTUSD,2022-01-26T21:12:00Z,37152.0,37152.0,37076.1,37076.1,0.11606511
Kraken:XBTUSD,2022-01-26T21:13:00Z,37077.9,37123.6,37075.9,37120.7,0.57506273
Kraken:XBTUSD,2022-01-26T21:14:00Z,37096.2,37096.2,37075.0,37075.3,1.07375912
Kraken:XBTUSD,2022-01-26T21:15:00Z,37075.0,37087.8,37075.0,37083.5,5.2087432
Kraken:XBTUSD,2022-01-26T21:16:00Z,37083.5,37083.5,36966.1,36966.1,5.82719518
Kraken:XBTUSD,2022-01-26T21:17:00Z,36976.6,37057.9,36976.6,37027.2,0.83006159
Kraken:XBTUSD,2022-01-26T21:18:00Z,37041.6,37043.1,37032.2,37032.2,0.24815604
Kraken:XBTUSD,2022-01-26T21:19:00Z,37025.7,37025.7,36923.5,36929.4,3.97691247
Kraken:XBTUSD,2022-01-26T21:20:00Z,36939.6,36939.6,36898.1,36898.1,3.25802648
Kraken:XBTUSD,2022-01-26T21:21:00Z,36898.1,36898.1,36746.8,36746.8,23.76672427
Kraken:XBTUSD,2022-01-26T21:22:00Z,36748.6,36793.1,36748.6,36782.1,1.94695509
Kraken:XBTUSD,2022-01-26T21:23:00Z,36785.3,36802.9,36785.3,36789.9,2.87443914
Kraken:XBTUSD,2022-01-26T21:24:00Z,36789.9,36789.9,36762.6,36789.9,1.48706004
Kraken:XBTUSD,2022-01-26T21:25:00Z,36787.4,36815.2,36771.8,36815.2,2.00085906
Kraken:XBTUSD,2022-01-26T21:26:00Z,36819.0,36819.0,36782.6,36783.9,8.24849596
Kraken:XBTUSD,2022-01-26T21:27:00Z,36819.0,36819.0,36740.1,36742.4,1.02393419
Kraken:XBTUSD,2022-01-26T21:28:00Z,36742.4,36774.0,36742.4,36774.0,5.65681486
Kraken:XBTUSD,2022-01-26T21:29:00Z,36774.0,36941.7,36774.0,36924.6,4.15503786
Kraken:XBTUSD,2022-01-26T21:30:00Z,36924.1,36924.2,36861.1,36861.1,0.52524605
Kraken:XBTUSD,2022-01-26T21:31:00Z,36861.1,36861.1,36750.9,36768.4,4.71248775
Kraken:XBTUSD,2022-01-26T21:32:00Z,36768.3,36778.1,36750.0,36750.0,15.16293715
Kraken:XBTUSD,2022-01-26T21:33:00Z,36750.0,36808.2,36745.0,36748.8,1.21853725
Kraken:XBTUSD,2022-01-26T21:34:00Z,36743.9,36743.9,36620.2,36649.2,11.45500861
Kraken:XBTUSD,2022-01-26T21:35:00Z,36654.0,36658.5,36618.0,36618.1,2.21934337
Kraken:XBTUSD,2022-01-26T21:36:00Z,36618.1,36686.3,36592.1,36686.3,16.02585505
Kraken:XBTUSD,2022-01-26T21:37:00Z,36709.6,36709.6,36580.8,36580.8,1.57575134
Kraken:XBTUSD,2022-01-26T21:38:00Z,36580.8,36591.6,36552.7,36560.0,1.2229852
Kraken:XBTUSD,2022-01-26T21:39:00Z,36558.4,36570.0,36550.7,36566.2,3.64487927
Kraken:XBTUSD,2022-01-26T21:40:00Z,36574.0,36582.5,36550.0,36550.1,3.75708384
Kraken:XBTUSD,2022-01-26T21:41:00Z,36550.0,36587.9,36536.2,36565.9,6.48434936
Kraken:XBTUSD,2022-01-26T21:42:00Z,36565.5,36588.1,36565.4,36588.1,4.90130097
Kraken:XBTUSD,2022-01-26T21:43:00Z,36588.1,36682.6,36588.1,36618.9,0.79567695
Kraken:XBTUSD,2022-01-26T21:44:00Z,36618.8,36618.8,36544.9,36549.2,0.15715849
Kraken:XBTUSD,2022-01-26T21:45:00Z,36549.3,36556.6,36530.7,36530.7,1.38000819
Kraken:XBTUSD,2022-01-26T21:46:00Z,36530.8,36573.9,36525.4,36525.4,2.59775448
Kraken:XBTUSD,2022-01-26T21:47:00Z,36522.7,36522.7,36500.0,36500.0,7.41983035
Kraken:XBTUSD,2022-01-26T21:48:00Z,36500.0,36500.0,36445.6,36447.4,4.08817993
Kraken:XBTUSD,2022-01-26T21:49:00Z,36447.4,36458.6,36442.3,36442.4,0.66322952
Kraken:XBTUSD,2022-01-26T21:50:00Z,36442.3,36442.4,36381.7,36388.1,7.82522619
Kraken:XBTUSD,2022-01-26T21:51:00Z,36389.1,36462.4,36389.1,36419.7,1.76766358
Kraken:XBTUSD,2022-01-26T21:52:00Z,36431.5,36463.2,36431.5,36463.1,3.67134023
Kraken:XBTUSD,2022-01-26T21:53:00Z,36463.1,36516.3,36433.7,36433.7,55.17138779
Kraken:XBTUSD,2022-01-26T21:54:00Z,36422.7,36429.4,36351.1,36378.0,12.04205802
Kraken:XBTUSD,2022-01-26T21:55:00Z,36388.1,36494.2,36388.1,36486.1,4.89638455
Kraken:XBTUSD,2022-01-26T21:56:00Z,36503.6,36524.1,36388.0,36388.0,4.36691132
Kraken:XBTUSD,2022-01-26T21:57:00Z,36400.1,36457.6,36376.9,36386.2,2.73013513
Kraken:XBTUSD,2022-01-26T21:58:00Z,36392.5,36402.7,36377.0,36377.0,1.07314713
Kraken:XBTUSD,2022-01-26T21:59:00Z,36372.3,36435.6,36367.7,36367.8,3.31544192
Kraken:XBTUSD,2022-01-26T22:00:00Z,36367.8,36367.8,36321.3,36344.1,8.18835771
Kraken:XBTUSD,2022-01-26T22:01:00Z,36340.0,36484.1,36340.0,36355.5,5.78671064
Kraken:XBTUSD,2022-01-26T22:02:00Z,36377.6,36445.5,36377.6,36426.1,4.41511696
Kraken:XBTUSD,2022-01-26T22:03:00Z,36427.8,36469.8,36427.8,36455.2,7.11961061
Kraken:XBTUSD,2022-01-26T22:04:00Z,36457.8,36466.3,36446.4,36446.5,2.04745951
Kraken:XBTUSD,2022-01-26T22:05:00Z,36446.5,36447.7,36251.2,36299.9,24.99751484
Kraken:XBTUSD,2022-01-26T22:06:00Z,36294.0,36359.2,36283.6,36314.3,8.05529088
Kraken:XBTUSD,2022-01-26T22:07:00Z,36316.1,36355.6,36270.3,36326.5,1.35929069
Kraken:XBTUSD,2022-01-26T22:08:00Z,36316.4,36396.5,36311.0,36381.7,2.36006661
Kraken:XBTUSD,2022-01-26T22:09:00Z,36390.0,36391.7,36317.5,36327.9,2.29512267
Kraken:XBTUSD,2022-01-26T22:10:00Z,36332.7,36378.0,36309.8,36374.0,5.82737774
Kraken:XBTUSD,2022-01-26T22:11:00Z,36375.5,36398.3,36356.3,36395.9,5.38645372
Kraken:XBTUSD,2022-01-26T22:12:00Z,36401.6,36401.6,36299.4,36354.1,4.87764461
Kraken:XBTUSD,2022-01-26T22:13:00Z,36314.6,36352.6,36312.2,36312.2,0.90217247
Kraken:XBTUSD,2022-01-26T22:14:00Z,36321.9,36332.5,36307.5,36332.5,0.02685429
Kraken:XBTUSD,2022-01-26T22:15:00Z,36332.4,36372.8,36332.4,36332.6,3.01624326
Kraken:XBTUSD,2022-01-26T22:16:00Z,36332.5,36372.4,36325.7,36372.4,1.20116013
Kraken:XBTUSD,2022-01-26T22:17:00Z,36376.4,36404.0,36365.9,36404.0,2.55860497
Kraken:XBTUSD,2022-01-26T22:18:00Z,36405.5,36405.6,36382.7,36395.0,0.66746023
Kraken:XBTUSD,2022-01-26T22:19:00Z,36400.5,36446.0,36400.5,36417.1,1.45322341
Kraken:XBTUSD,2022-01-26T22:20:00Z,36428.0,36439.6,36401.0,36416.4,3.2357487
Kraken:XBTUSD,2022-01-26T22:21:00Z,36417.4,36420.2,36336.1,36398.5,2.89681216
Kraken:XBTUSD,2022-01-26T22:22:00Z,36362.6,36416.5,36355.9,36410.4,5.65435702
Kraken:XBTUSD,2022-01-26T22:23:00Z,36410.3,36415.1,36405.0,36405.0,0.81130959
Kraken:XBTUSD,2022-01-26T22:24:00Z,36357.4,36373.6,36345.9,36373.6,0.26778547
Kraken:XBTUSD,2022-01-26T22:25:00Z,36373.0,36415.1,36338.2,36415.1,0.15395241
Kraken:XBTUSD,2022-01-26T22:26:00Z,36397.3,36409.6,36391.6,36394.2,0.08168379
Kraken:XBTUSD,2022-01-26T22:27:00Z,36395.7,36395.7,36391.0,36391.9,1.33213142
Kraken:XBTUSD,2022-01-26T22:28:00Z,36397.8,36400.8,36392.8,36395.7,2.83451029
Kraken:XBTUSD,2022-01-26T22:29:00Z,36395.6,36395.7,36370.1,36370.1,0.44495892
Kraken:XBTUSD,2022-01-26T22:30:00Z,36370.1,36399.7,36370.1,36398.9,0.68088473
Kraken:XBTUSD,2022-01-26T22:31:00Z,36399.9,36400.0,36399.9,36400.0,0.83755115
Kraken:XBTUSD,2022-01-26T22:32:00Z,36400.0,36400.0,36399.9,36400.0,0.00514194
Kraken:XBTUSD,2022-01-26T22:33:00Z,36400.0,36527.1,36400.0,36527.1,5.73010721
Kraken:XBTUSD,2022-01-26T22:34:00Z,36526.7,36526.7,36445.5,36445.5,1.59610653
Kraken:XBTUSD,2022-01-26T22:35:00Z,36446.2,36483.1,36434.9,36483.1,1.36509538
Kraken:XBTUSD,2022-01-26T22:36:00Z,36527.1,36541.7,36463.4,36483.4,1.40190781
Kraken:XBTUSD,2022-01-26T22:37:00Z,36483.4,36488.8,36477.7,36488.8,0.15914114
Kraken:XBTUSD,2022-01-26T22:38:00Z,36488.8,36520.4,36488.8,36520.4,0.15767334
Kraken:XBTUSD,2022-01-26T22:39:00Z,36532.3,36597.7,36532.3,36597.7,3.91431363
Kraken:XBTUSD,2022-01-26T22:40:00Z,36585.0,36585.0,36534.8,36541.7,1.00210228
Kraken:XBTUSD,2022-01-26T22:41:00Z,36534.9,36534.9,36511.9,36517.2,0.44933746
Kraken:XBTUSD,2022-01-26T22:42:00Z,36525.3,36525.3,36524.3,36524.3,0.02952754
Kraken:XBTUSD,2022-01-26T22:43:00Z,36524.3,36524.3,36375.2,36392.7,4.37259054
Kraken:XBTUSD,2022-01-26T22:44:00Z,36484.8,36523.3,36484.8,36523.3,0.03568191
Kraken:XBTUSD,2022-01-26T22:45:00Z,36516.3,36532.9,36479.4,36532.9,0.65883158
Kraken:XBTUSD,2022-01-26T22:46:00Z,36537.5,36538.8,36531.7,36531.7,0.2953572
Kraken:XBTUSD,2022-01-26T22:47:00Z,36499.2,36499.2,36499.2,36499.2,0.77921439
Kraken:XBTUSD,2022-01-26T22:48:00Z,36499.2,36537.8,36499.1,36532.2,1.36650908
Kraken:XBTUSD,2022-01-26T22:49:00Z,36534.0,36537.1,36530.2,36537.1,0.14090957
Kraken:XBTUSD,2022-01-26T22:50:00Z,36537.1,36537.1,36525.1,36525.1,0.50667417
Kraken:XBTUSD,2022-01-26T22:51:00Z,36525.0,36525.0,36446.3,36490.5,2.26514749
Kraken:XBTUSD,2022-01-26T22:52:00Z,36490.6,36508.5,36474.2,36503.2,2.91598753
Kraken:XBTUSD,2022-01-26T22:53:00Z,36503.2,36525.3,36503.2,36525.3,0.35877891
Kraken:XBTUSD,2022-01-26T22:54:00Z,36525.2,36537.0,36492.9,36530.1,1.76989644
Kraken:XBTUSD,2022-01-26T22:55:00Z,36527.3,36537.1,36526.1,36537.1,0.01243938
Kraken:XBTUSD,2022-01-26T22:56:00Z,36537.1,36537.1,36533.6,36533.6,0.82468261
Kraken:XBTUSD,2022-01-26T22:57:00Z,36533.6,36533.6,36528.1,36528.1,0.05134738
Kraken:XBTUSD,2022-01-26T22:58:00Z,36528.1,36528.1,36512.6,36512.6,0.04376314
Kraken:XBTUSD,2022-01-26T22:59:00Z,36512.6,36537.1,36500.7,36537.1,1.08239713
Kraken:XBTUSD,2022-01-26T23:00:00Z,36537.1,36537.1,36494.0,36494.0,0.12272661
Kraken:XBTUSD,2022-01-26T23:01:00Z,36510.2,36510.2,36479.2,36479.3,0.58341899
Kraken:XBTUSD,2022-01-26T23:02:00Z,36500.6,36537.1,36500.6,36537.1,0.15868017
Kraken:XBTUSD,2022-01-26T23:03:00Z,36537.1,36596.9,36537.0,36596.9,2.26637091
Kraken:XBTUSD,2022-01-26T23:04:00Z,36596.8,36598.4,36559.6,36559.7,0.25788036
Kraken:XBTUSD,2022-01-26T23:05:00Z,36559.7,36576.6,36559.1,36574.6,0.13960515
Kraken:XBTUSD,2022-01-26T23:06:00Z,36574.8,36582.4,36562.4,36566.7,6.14236853
Kraken:XBTUSD,2022-01-26T23:07:00Z,36569.3,36584.0,36569.3,36584.0,5.08355332
Kraken:XBTUSD,2022-01-26T23:08:00Z,36584.4,36621.3,36584.4,36621.2,8.52426103
Kraken:XBTUSD,2022-01-26T23:09:00Z,36621.2,36621.2,36621.1,36621.1,3.06532789
Kraken:XBTUSD,2022-01-26T23:10:00Z,36621.2,36754.4,36621.2,36717.0,10.95598915
Kraken:XBTUSD,2022-01-26T23:11:00Z,36720.0,36928.7,36717.1,36794.4,152.07299333
Kraken:XBTUSD,2022-01-26T23:12:00Z,36814.3,36824.8,36769.0,36808.6,5.58078137
Kraken:XBTUSD,2022-01-26T23:13:00Z,36835.4,36835.4,36801.2,36803.9,2.91602743
Kraken:XBTUSD,2022-01-26T23:14:00Z,36804.9,36813.9,36715.0,36727.4,4.08076189
Kraken:XBTUSD,2022-01-26T23:15:00Z,36715.2,36715.2,36681.5,36710.8,2.80197312
Kraken:XBTUSD,2022-01-26T23:16:00Z,36701.7,36710.6,36701.7,36709.9,2.03763464
Kraken:XBTUSD,2022-01-26T23:17:00Z,36716.7,36716.7,36668.9,36676.3,0.07896393
Kraken:XBTUSD,2022-01-26T23:18:00Z,36683.7,36683.7,36683.7,36683.7,0.18773427
Kraken:XBTUSD,2022-01-26T23:19:00Z,36683.7,36713.0,36683.7,36713.0,0.34673933
Kraken:XBTUSD,2022-01-26T23:20:00Z,36723.9,36743.9,36723.8,36743.9,0.01915129
Kraken:XBTUSD,2022-01-26T23:21:00Z,36743.9,36800.2,36739.4,36800.2,0.52301727
Kraken:XBTUSD,2022-01-26T23:22:00Z,36800.2,36827.4,36800.2,36827.4,1.41615555
Kraken:XBTUSD,2022-01-26T23:23:00Z,36827.4,36829.2,36799.6,36803.1,8.5979908
Kraken:XBTUSD,2022-01-26T23:24:00Z,36800.9,36853.1,36800.9,36846.2,1.04472328
Kraken:XBTUSD,2022-01-26T23:25:00Z,36846.3,36846.3,36846.2,36846.2,0.22359249
Kraken:XBTUSD,2022-01-26T23:26:00Z,36846.3,36846.9,36821.1,36846.9,1.11784274
Kraken:XBTUSD,2022-01-26T23:27:00Z,36846.9,36846.9,36846.9,36846.9,0.05710782
Kraken:XBTUSD,2022-01-26T23:28:00Z,36846.9,36846.9,36839.5,36839.5,0.22361096
Kraken:XBTUSD,2022-01-26T23:29:00Z,36839.4,36855.4,36824.8,36855.4,3.08360362
Kraken:XBTUSD,2022-01-26T23:30:00Z,36855.4,36855.4,36853.5,36853.5,0.39089206
Kraken:XBTUSD,2022-01-26T23:31:00Z,36839.4,36878.1,36839.4,36878.1,0.46482179
Kraken:XBTUSD,2022-01-26T23:32:00Z,36878.1,36893.5,36874.6,36893.5,0.25849225
Kraken:XBTUSD,2022-01-26T23:33:00Z,36893.5,36893.5,36893.4,36893.5,0.07494734
Kraken:XBTUSD,2022-01-26T23:34:00Z,36893.5,36893.5,36865.2,36865.2,1.21267397
Kraken:XBTUSD,2022-01-26T23:35:00Z,36865.2,36874.5,36865.1,36874.5,0.14138894
Kraken:XBTUSD,2022-01-26T23:36:00Z,36874.5,36884.1,36874.4,36884.1,1.82443326
Kraken:XBTUSD,2022-01-26T23:37:00Z,36884.2,36897.8,36880.7,36897.8,0.51673032
Kraken:XBTUSD,2022-01-26T23:38:00Z,36900.0,36900.0,36850.1,36850.1,0.51704348
Kraken:XBTUSD,2022-01-26T23:39:00Z,36850.0,36850.1,36814.2,36814.2,0.72672722
Kraken:XBTUSD,2022-01-26T23:40:00Z,36814.1,36816.3,36814.0,36816.3,1.50029218
Kraken:XBTUSD,2022-01-26T23:41:00Z,36816.6,36818.6,36815.9,36818.6,0.11601203
Kraken:XBTUSD,2022-01-26T23:42:00Z,36820.3,36860.0,36820.3,36859.8,1.21281067
Kraken:XBTUSD,2022-01-26T23:43:00Z,36859.8,36871.4,36850.3,36850.3,0.31562234
Kraken:XBTUSD,2022-01-26T23:44:00Z,36856.0,36856.0,36824.8,36835.0,0.46139218
Kraken:XBTUSD,2022-01-26T23:45:00Z,36868.9,36868.9,36866.3,36866.4,2.77961357
Kraken:XBTUSD,2022-01-26T23:46:00Z,36866.3,36875.2,36866.3,36866.8,9.00558995
Kraken:XBTUSD,2022-01-26T23:47:00Z,36866.8,36922.3,36866.8,36872.8,2.81216878
Kraken:XBTUSD,2022-01-26T23:48:00Z,36872.8,36883.7,36872.8,36883.4,1.69785693
Kraken:XBTUSD,2022-01-26T23:49:00Z,36883.3,36883.3,36874.5,36874.6,1.22170071
Kraken:XBTUSD,2022-01-26T23:50:00Z,36874.6,36874.6,36868.5,36868.5,0.76219685
Kraken:XBTUSD,2022-01-26T23:51:00Z,36866.3,36866.4,36835.8,36836.6,0.81213271
Kraken:XBTUSD,2022-01-26T23:52:00Z,36836.0,36836.0,36800.3,36820.0,0.9290633
Kraken:XBTUSD,2022-01-26T23:53:00Z,36824.3,36824.3,36824.2,36824.2,0.09640214
Kraken:XBTUSD,2022-01-26T23:54:00Z,36824.3,36829.6,36824.3,36829.4,0.14658685
Kraken:XBTUSD,2022-01-26T23:55:00Z,36829.3,36829.3,36826.7,36827.5,0.26545617
Kraken:XBTUSD,2022-01-26T23:56:00Z,36827.5,36845.8,36827.5,36845.8,0.46383023
Kraken:XBTUSD,2022-01-26T23:57:00Z,36865.5,36865.6,36860.5,36860.5,0.03995963
Kraken:XBTUSD,2022-01-26T23:58:00Z,36860.5,36860.5,36826.8,36826.8,0.94886683
Kraken:XBTUSD,2022-01-26T23:59:00Z,36826.8,36827.6,36826.8,36827.6,0.33118117
