Kraken:XRPUSD,2022-11-15T00:00:00Z,0.3768,0.3768,0.3749,0.3749,6301.28049
Kraken:XRPUSD,2022-11-15T00:01:00Z,0.37499,0.37499,0.37499,0.37499,225.39269
Kraken:XRPUSD,2022-11-15T00:03:00Z,0.37608,0.38154,0.37608,0.38109,200467.3773085
Kraken:XRPUSD,2022-11-15T00:04:00Z,0.3816,0.3849,0.3816,0.384,93023.81744373
Kraken:XRPUSD,2022-11-15T00:05:00Z,0.38336,0.38336,0.38,0.38178,1228368.0381327197
Kraken:XRPUSD,2022-11-15T00:06:00Z,0.38007,0.38105,0.3798,0.38105,87209.18388024
Kraken:XRPUSD,2022-11-15T00:07:00Z,0.38114,0.38218,0.38114,0.38218,10541.78876417
Kraken:XRPUSD,2022-11-15T00:08:00Z,0.38131,0.38377,0.38131,0.38377,5230.88502923
Kraken:XRPUSD,2022-11-15T00:09:00Z,0.38461,0.38684,0.38412,0.38416,159924.8497106
Kraken:XRPUSD,2022-11-15T00:10:00Z,0.38344,0.38344,0.38226,0.38238,101361.2398443
Kraken:XRPUSD,2022-11-15T00:11:00Z,0.38623,0.38623,0.3838,0.3838,24045.26295308
Kraken:XRPUSD,2022-11-15T00:12:00Z,0.38424,0.38458,0.38368,0.38368,43346.20335147
Kraken:XRPUSD,2022-11-15T00:13:00Z,0.38368,0.38368,0.38177,0.38368,11811.99037078
Kraken:XRPUSD,2022-11-15T00:14:00Z,0.38345,0.38345,0.38306,0.38306,10274.75540656
Kraken:XRPUSD,2022-11-15T00:15:00Z,0.38397,0.38397,0.38303,0.38303,1323.68419371
Kraken:XRPUSD,2022-11-15T00:16:00Z,0.38211,0.38259,0.38211,0.38259,6252.08276991
Kraken:XRPUSD,2022-11-15T00:17:00Z,0.3817,0.3817,0.37962,0.37962,10901.07374293
Kraken:XRPUSD,2022-11-15T00:18:00Z,0.3788,0.3788,0.3781,0.37848,1562.96566689
Kraken:XRPUSD,2022-11-15T00:19:00Z,0.37798,0.3794,0.37798,0.3794,15319.79675246
Kraken:XRPUSD,2022-11-15T00:20:00Z,0.37898,0.37898,0.37898,0.37898,986.02
Kraken:XRPUSD,2022-11-15T00:21:00Z,0.38037,0.38055,0.38037,0.38055,726.29344884
Kraken:XRPUSD,2022-11-15T00:22:00Z,0.37995,0.37995,0.37931,0.37931,30789.68149513
Kraken:XRPUSD,2022-11-15T00:23:00Z,0.37914,0.37991,0.37914,0.37991,4518.26952124
Kraken:XRPUSD,2022-11-15T00:25:00Z,0.38113,0.38113,0.38113,0.38113,13085.36929475
Kraken:XRPUSD,2022-11-15T00:26:00Z,0.38152,0.38229,0.38152,0.38229,306.46606
Kraken:XRPUSD,2022-11-15T00:27:00Z,0.38285,0.38285,0.38285,0.38285,33.20159993
Kraken:XRPUSD,2022-11-15T00:30:00Z,0.38377,0.38377,0.38343,0.38343,446.35008814
Kraken:XRPUSD,2022-11-15T00:31:00Z,0.38286,0.38286,0.38167,0.3817,1255.33696
Kraken:XRPUSD,2022-11-15T00:32:00Z,0.38116,0.38116,0.3807,0.3807,3617.50305118
Kraken:XRPUSD,2022-11-15T00:33:00Z,0.38075,0.38186,0.38066,0.38186,10187.18021962
Kraken:XRPUSD,2022-11-15T00:37:00Z,0.38141,0.38141,0.38028,0.38028,3724.19605405
Kraken:XRPUSD,2022-11-15T00:38:00Z,0.38007,0.38008,0.37969,0.37969,4243.31625393
Kraken:XRPUSD,2022-11-15T00:39:00Z,0.38008,0.38008,0.38008,0.38008,2093.62591069
Kraken:XRPUSD,2022-11-15T00:40:00Z,0.38021,0.38021,0.3798,0.3798,6277.91788094
Kraken:XRPUSD,2022-11-15T00:42:00Z,0.37982,0.37982,0.37922,0.37922,6850.82032258
Kraken:XRPUSD,2022-11-15T00:43:00Z,0.37912,0.37912,0.37871,0.37871,1055.06220763
Kraken:XRPUSD,2022-11-15T00:44:00Z,0.37866,0.37866,0.37866,0.37866,551.857504
Kraken:XRPUSD,2022-11-15T00:45:00Z,0.3791,0.3791,0.3791,0.3791,404
Kraken:XRPUSD,2022-11-15T00:48:00Z,0.37896,0.37981,0.37896,0.37981,2874.75788285
Kraken:XRPUSD,2022-11-15T00:51:00Z,0.37893,0.37893,0.37893,0.37893,168
Kraken:XRPUSD,2022-11-15T00:52:00Z,0.37842,0.37842,0.37656,0.37684,4002.60543434
Kraken:XRPUSD,2022-11-15T00:53:00Z,0.37681,0.37681,0.37618,0.37618,5353.3063739
Kraken:XRPUSD,2022-11-15T00:54:00Z,0.37573,0.3763,0.37503,0.3763,1641.07568567
Kraken:XRPUSD,2022-11-15T00:55:00Z,0.3768,0.3771,0.3768,0.3771,391.89495463
Kraken:XRPUSD,2022-11-15T00:56:00Z,0.37691,0.37691,0.37631,0.37631,12914.5818
Kraken:XRPUSD,2022-11-15T00:57:00Z,0.37685,0.37685,0.37548,0.37548,13988.12818155
Kraken:XRPUSD,2022-11-15T00:58:00Z,0.37512,0.37512,0.37464,0.37464,931.10885393
Kraken:XRPUSD,2022-11-15T00:59:00Z,0.37473,0.37524,0.37464,0.37524,3701
Kraken:XRPUSD,2022-11-15T01:00:00Z,0.374,0.37439,0.37374,0.37439,3821.37385926
Kraken:XRPUSD,2022-11-15T01:01:00Z,0.37425,0.37425,0.37425,0.37425,1870.96880517
Kraken:XRPUSD,2022-11-15T01:02:00Z,0.37344,0.37353,0.37309,0.37353,1826.47131563
Kraken:XRPUSD,2022-11-15T01:03:00Z,0.37469,0.37493,0.37466,0.37493,53720.64756485
Kraken:XRPUSD,2022-11-15T01:04:00Z,0.37511,0.37511,0.37483,0.37483,298
Kraken:XRPUSD,2022-11-15T01:05:00Z,0.37491,0.37511,0.37491,0.37511,545.74084964
Kraken:XRPUSD,2022-11-15T01:06:00Z,0.3752,0.37533,0.3752,0.37533,1156
Kraken:XRPUSD,2022-11-15T01:07:00Z,0.3753,0.3753,0.37362,0.37362,322.09941709
Kraken:XRPUSD,2022-11-15T01:08:00Z,0.37352,0.37352,0.37352,0.37352,22.19751653
Kraken:XRPUSD,2022-11-15T01:09:00Z,0.3742,0.37428,0.3742,0.37428,7.5E+4
Kraken:XRPUSD,2022-11-15T01:12:00Z,0.37393,0.37393,0.37393,0.37393,25
Kraken:XRPUSD,2022-11-15T01:13:00Z,0.37412,0.37414,0.37325,0.37325,2533.30131252
Kraken:XRPUSD,2022-11-15T01:15:00Z,0.3738,0.3738,0.37339,0.37339,8621.00120588
Kraken:XRPUSD,2022-11-15T01:16:00Z,0.37309,0.37309,0.37286,0.37287,7E+1
Kraken:XRPUSD,2022-11-15T01:18:00Z,0.37368,0.3743,0.37341,0.3736,420976.3789562401
Kraken:XRPUSD,2022-11-15T01:19:00Z,0.3736,0.3736,0.37347,0.37347,5559.50297455
Kraken:XRPUSD,2022-11-15T01:20:00Z,0.37282,0.37282,0.37282,0.37282,1161
Kraken:XRPUSD,2022-11-15T01:21:00Z,0.373,0.373,0.37277,0.37277,30361.88155588
Kraken:XRPUSD,2022-11-15T01:22:00Z,0.37306,0.37306,0.37306,0.37306,42.19562135
Kraken:XRPUSD,2022-11-15T01:23:00Z,0.37294,0.37295,0.37294,0.37295,41.21872517
Kraken:XRPUSD,2022-11-15T01:24:00Z,0.373,0.37407,0.373,0.37407,763186.5532630001
Kraken:XRPUSD,2022-11-15T01:25:00Z,0.37425,0.37457,0.37425,0.37457,8847.90798487
Kraken:XRPUSD,2022-11-15T01:27:00Z,0.375,0.3752,0.37497,0.37497,5512.99657227
Kraken:XRPUSD,2022-11-15T01:28:00Z,0.37468,0.37468,0.37468,0.37468,485.01051
Kraken:XRPUSD,2022-11-15T01:30:00Z,0.37538,0.37542,0.37534,0.37534,5585.9999
Kraken:XRPUSD,2022-11-15T01:31:00Z,0.37534,0.37534,0.37443,0.37443,924.64850801
Kraken:XRPUSD,2022-11-15T01:32:00Z,0.37386,0.37425,0.37366,0.3742,1430.76078371
Kraken:XRPUSD,2022-11-15T01:33:00Z,0.37464,0.37464,0.37464,0.37464,34.19892973
Kraken:XRPUSD,2022-11-15T01:34:00Z,0.3747,0.3747,0.3747,0.3747,251.975019
Kraken:XRPUSD,2022-11-15T01:35:00Z,0.37409,0.37409,0.37323,0.37323,249.2475015
Kraken:XRPUSD,2022-11-15T01:36:00Z,0.37311,0.37365,0.37311,0.37359,135
Kraken:XRPUSD,2022-11-15T01:38:00Z,0.37336,0.37336,0.37274,0.37274,1205.76080498
Kraken:XRPUSD,2022-11-15T01:39:00Z,0.37332,0.37394,0.37332,0.37394,12009.07739209
Kraken:XRPUSD,2022-11-15T01:41:00Z,0.37356,0.37356,0.37305,0.37305,111.53422208
Kraken:XRPUSD,2022-11-15T01:43:00Z,0.37385,0.37395,0.37365,0.37365,2914.32759304
Kraken:XRPUSD,2022-11-15T01:44:00Z,0.37365,0.37451,0.37365,0.37385,48441.76178
Kraken:XRPUSD,2022-11-15T01:45:00Z,0.3739,0.3739,0.3739,0.3739,326.98974
Kraken:XRPUSD,2022-11-15T01:47:00Z,0.37358,0.37477,0.37358,0.37477,53506.14762157
Kraken:XRPUSD,2022-11-15T01:48:00Z,0.37548,0.37548,0.37548,0.37548,3673
Kraken:XRPUSD,2022-11-15T01:49:00Z,0.37548,0.3755,0.37548,0.37548,24451.00133078
Kraken:XRPUSD,2022-11-15T01:50:00Z,0.37492,0.37492,0.37437,0.37437,27741.25676971
Kraken:XRPUSD,2022-11-15T01:51:00Z,0.37452,0.37454,0.37439,0.37454,4388.76351746
Kraken:XRPUSD,2022-11-15T01:53:00Z,0.37426,0.37426,0.37425,0.37425,350.00645799
Kraken:XRPUSD,2022-11-15T01:54:00Z,0.37426,0.37426,0.37406,0.37406,424
Kraken:XRPUSD,2022-11-15T01:55:00Z,0.37465,0.37465,0.37465,0.37465,65.32776894
Kraken:XRPUSD,2022-11-15T01:56:00Z,0.37323,0.37323,0.37323,0.37323,65.24529806
Kraken:XRPUSD,2022-11-15T01:57:00Z,0.373,0.373,0.37174,0.37174,376057.73073517
Kraken:XRPUSD,2022-11-15T01:58:00Z,0.3719,0.37211,0.37122,0.37126,1985.0253348
Kraken:XRPUSD,2022-11-15T01:59:00Z,0.37152,0.37162,0.37152,0.37161,729.930113
Kraken:XRPUSD,2022-11-15T02:01:00Z,0.37074,0.37074,0.36981,0.36992,9433.14319189
Kraken:XRPUSD,2022-11-15T02:02:00Z,0.3709,0.37148,0.3709,0.37148,188279.4709725701
Kraken:XRPUSD,2022-11-15T02:03:00Z,0.37135,0.37135,0.37118,0.37118,98.97860698
Kraken:XRPUSD,2022-11-15T02:04:00Z,0.37232,0.37251,0.37232,0.37251,1085.84978842
Kraken:XRPUSD,2022-11-15T02:05:00Z,0.37249,0.37249,0.37249,0.37249,1165
Kraken:XRPUSD,2022-11-15T02:06:00Z,0.37234,0.37255,0.37168,0.37176,13651.59418742
Kraken:XRPUSD,2022-11-15T02:07:00Z,0.3716,0.3716,0.37116,0.37146,1983.03712
Kraken:XRPUSD,2022-11-15T02:08:00Z,0.37134,0.37177,0.37107,0.37107,13313.0035319
Kraken:XRPUSD,2022-11-15T02:09:00Z,0.37126,0.37126,0.37126,0.37126,807.40321668
Kraken:XRPUSD,2022-11-15T02:11:00Z,0.37174,0.37174,0.37145,0.37145,2353.72617
Kraken:XRPUSD,2022-11-15T02:12:00Z,0.37109,0.37109,0.37109,0.37109,102.17629724
Kraken:XRPUSD,2022-11-15T02:16:00Z,0.37264,0.37264,0.37174,0.37174,12647.6428723
Kraken:XRPUSD,2022-11-15T02:18:00Z,0.37115,0.37115,0.37115,0.37115,1299
Kraken:XRPUSD,2022-11-15T02:19:00Z,0.37152,0.37152,0.37142,0.37142,22615
Kraken:XRPUSD,2022-11-15T02:22:00Z,0.37124,0.37124,0.37093,0.37093,1236
Kraken:XRPUSD,2022-11-15T02:23:00Z,0.37125,0.37125,0.37125,0.37125,17.94855218
Kraken:XRPUSD,2022-11-15T02:24:00Z,0.37148,0.37148,0.37148,0.37148,1345.13755293
Kraken:XRPUSD,2022-11-15T02:25:00Z,0.37127,0.37127,0.37127,0.37127,402.83
Kraken:XRPUSD,2022-11-15T02:26:00Z,0.37043,0.37043,0.37035,0.37035,289.20010663
Kraken:XRPUSD,2022-11-15T02:27:00Z,0.37086,0.37086,0.37086,0.37086,399.99773498
Kraken:XRPUSD,2022-11-15T02:28:00Z,0.37084,0.37084,0.37084,0.37084,6.93910573
Kraken:XRPUSD,2022-11-15T02:29:00Z,0.37083,0.37083,0.3698,0.3698,7197.92811385
Kraken:XRPUSD,2022-11-15T02:30:00Z,0.36978,0.36978,0.36851,0.36868,25048.16934329
Kraken:XRPUSD,2022-11-15T02:31:00Z,0.36872,0.36874,0.3686,0.36867,3824.76215504
Kraken:XRPUSD,2022-11-15T02:32:00Z,0.36889,0.36889,0.36889,0.36889,225
Kraken:XRPUSD,2022-11-15T02:33:00Z,0.37,0.37,0.37,0.37,35.22886947
Kraken:XRPUSD,2022-11-15T02:34:00Z,0.37034,0.37034,0.37034,0.37034,1E+3
Kraken:XRPUSD,2022-11-15T02:36:00Z,0.36925,0.36925,0.36874,0.36881,29210.52957995
Kraken:XRPUSD,2022-11-15T02:37:00Z,0.36882,0.36925,0.36882,0.36925,8126.06209326
Kraken:XRPUSD,2022-11-15T02:38:00Z,0.36985,0.37002,0.36985,0.37002,1378.6999
Kraken:XRPUSD,2022-11-15T02:39:00Z,0.3696,0.36961,0.3696,0.36961,5576
Kraken:XRPUSD,2022-11-15T02:40:00Z,0.36939,0.36939,0.36901,0.36901,25310.8111917
Kraken:XRPUSD,2022-11-15T02:41:00Z,0.36856,0.36856,0.36856,0.36856,1.81030935
Kraken:XRPUSD,2022-11-15T02:42:00Z,0.36903,0.36903,0.36902,0.36902,56
Kraken:XRPUSD,2022-11-15T02:43:00Z,0.36853,0.36853,0.36755,0.36758,120286.07443292
Kraken:XRPUSD,2022-11-15T02:45:00Z,0.36847,0.36847,0.36847,0.36847,5.5E+3
Kraken:XRPUSD,2022-11-15T02:46:00Z,0.36822,0.36822,0.3675,0.3675,225936.62828548
Kraken:XRPUSD,2022-11-15T02:47:00Z,0.3675,0.36896,0.3675,0.36813,59389.61344395
Kraken:XRPUSD,2022-11-15T02:49:00Z,0.36819,0.3682,0.36819,0.3682,3255.82353474
Kraken:XRPUSD,2022-11-15T02:50:00Z,0.36872,0.36895,0.36851,0.36852,16379.91542248
Kraken:XRPUSD,2022-11-15T02:51:00Z,0.3685,0.3685,0.36814,0.36815,85078.62107665
Kraken:XRPUSD,2022-11-15T02:53:00Z,0.36837,0.36887,0.36831,0.36887,16785.16444817
Kraken:XRPUSD,2022-11-15T02:54:00Z,0.36882,0.36913,0.36877,0.36902,26112.23140941
Kraken:XRPUSD,2022-11-15T02:55:00Z,0.36903,0.36918,0.36903,0.36918,7707.75735892
Kraken:XRPUSD,2022-11-15T02:56:00Z,0.36908,0.36908,0.36903,0.36903,345.50540663
Kraken:XRPUSD,2022-11-15T02:57:00Z,0.36902,0.36902,0.36902,0.36902,13.68816079
Kraken:XRPUSD,2022-11-15T02:58:00Z,0.36915,0.36915,0.36914,0.36914,7057.31820853
Kraken:XRPUSD,2022-11-15T03:00:00Z,0.36946,0.36949,0.36912,0.36949,46524.25941
Kraken:XRPUSD,2022-11-15T03:01:00Z,0.3695,0.36979,0.3695,0.36979,3864.49038718
Kraken:XRPUSD,2022-11-15T03:02:00Z,0.37039,0.37155,0.37039,0.37113,34364.94477385
Kraken:XRPUSD,2022-11-15T03:03:00Z,0.37112,0.37112,0.37102,0.37102,105.98718556
Kraken:XRPUSD,2022-11-15T03:05:00Z,0.37068,0.37068,0.37035,0.37035,46406.16756599
Kraken:XRPUSD,2022-11-15T03:06:00Z,0.37008,0.37008,0.37008,0.37008,103.88022694
Kraken:XRPUSD,2022-11-15T03:07:00Z,0.37041,0.37041,0.37041,0.37041,1169
Kraken:XRPUSD,2022-11-15T03:08:00Z,0.3705,0.3705,0.3705,0.3705,1169
Kraken:XRPUSD,2022-11-15T03:09:00Z,0.37074,0.37097,0.37047,0.37097,20534.42764326
Kraken:XRPUSD,2022-11-15T03:10:00Z,0.3709,0.3709,0.3709,0.3709,1938.97140145
Kraken:XRPUSD,2022-11-15T03:11:00Z,0.37015,0.37015,0.36935,0.3694,55280.35072526
Kraken:XRPUSD,2022-11-15T03:12:00Z,0.36936,0.3695,0.36933,0.36947,292
Kraken:XRPUSD,2022-11-15T03:13:00Z,0.36929,0.36963,0.36914,0.36963,72
Kraken:XRPUSD,2022-11-15T03:14:00Z,0.36941,0.36961,0.36934,0.36944,1731.32
Kraken:XRPUSD,2022-11-15T03:16:00Z,0.3691,0.3691,0.3691,0.3691,5.79908
Kraken:XRPUSD,2022-11-15T03:18:00Z,0.369,0.36901,0.369,0.36901,3190.43811711
Kraken:XRPUSD,2022-11-15T03:20:00Z,0.36902,0.36902,0.36901,0.36901,85.49611
Kraken:XRPUSD,2022-11-15T03:21:00Z,0.36901,0.36922,0.369,0.369,62084.37024288
Kraken:XRPUSD,2022-11-15T03:22:00Z,0.36814,0.36814,0.36761,0.36761,1840.66342477
Kraken:XRPUSD,2022-11-15T03:23:00Z,0.36825,0.36825,0.36825,0.36825,20.36659
Kraken:XRPUSD,2022-11-15T03:24:00Z,0.36834,0.36933,0.36834,0.36909,892.84716073
Kraken:XRPUSD,2022-11-15T03:25:00Z,0.36953,0.36953,0.36915,0.36915,2031.33616562
Kraken:XRPUSD,2022-11-15T03:26:00Z,0.36927,0.36933,0.36914,0.36914,454.15760305
Kraken:XRPUSD,2022-11-15T03:27:00Z,0.36914,0.36945,0.36914,0.36917,166.785
Kraken:XRPUSD,2022-11-15T03:28:00Z,0.36922,0.36922,0.36922,0.36922,79.33589729
Kraken:XRPUSD,2022-11-15T03:29:00Z,0.36961,0.36961,0.36952,0.36952,50.13885069
Kraken:XRPUSD,2022-11-15T03:30:00Z,0.36975,0.36975,0.36954,0.36954,204
Kraken:XRPUSD,2022-11-15T03:31:00Z,0.37003,0.37003,0.37003,0.37003,519
Kraken:XRPUSD,2022-11-15T03:32:00Z,0.36993,0.37001,0.36993,0.37001,1051.73319758
Kraken:XRPUSD,2022-11-15T03:33:00Z,0.37051,0.37067,0.37033,0.37067,27358.49013278
Kraken:XRPUSD,2022-11-15T03:35:00Z,0.37062,0.37062,0.37056,0.37056,82.06852528
Kraken:XRPUSD,2022-11-15T03:36:00Z,0.37088,0.37088,0.37079,0.3708,9106.86056173
Kraken:XRPUSD,2022-11-15T03:37:00Z,0.37095,0.37098,0.37085,0.37098,8700.14091
Kraken:XRPUSD,2022-11-15T03:38:00Z,0.37104,0.37104,0.37104,0.37104,58.73912978
Kraken:XRPUSD,2022-11-15T03:39:00Z,0.37103,0.37103,0.37084,0.37084,1228.41767882
Kraken:XRPUSD,2022-11-15T03:40:00Z,0.37102,0.37105,0.37102,0.37105,2057.47685
Kraken:XRPUSD,2022-11-15T03:41:00Z,0.37099,0.37099,0.37099,0.37099,501.37874334
Kraken:XRPUSD,2022-11-15T03:42:00Z,0.37085,0.37085,0.37085,0.37085,19
Kraken:XRPUSD,2022-11-15T03:44:00Z,0.37151,0.37187,0.37062,0.37062,11454.64573465
Kraken:XRPUSD,2022-11-15T03:46:00Z,0.37041,0.37041,0.37041,0.37041,61.5615916
Kraken:XRPUSD,2022-11-15T03:47:00Z,0.36995,0.36995,0.36995,0.36995,63.49956817
Kraken:XRPUSD,2022-11-15T03:48:00Z,0.37003,0.37003,0.37003,0.37003,4471.64900662
Kraken:XRPUSD,2022-11-15T03:51:00Z,0.37029,0.37058,0.37029,0.37058,1545.38422211
Kraken:XRPUSD,2022-11-15T03:52:00Z,0.37029,0.3703,0.36933,0.36933,8845.67204849
Kraken:XRPUSD,2022-11-15T03:53:00Z,0.36929,0.36929,0.36867,0.36867,298.37625089
Kraken:XRPUSD,2022-11-15T03:54:00Z,0.36868,0.36888,0.36867,0.36867,533.88384696
Kraken:XRPUSD,2022-11-15T03:55:00Z,0.36817,0.36843,0.36808,0.36808,1095.23972179
Kraken:XRPUSD,2022-11-15T03:56:00Z,0.36804,0.36831,0.36804,0.36831,2136.16821048
Kraken:XRPUSD,2022-11-15T03:58:00Z,0.36821,0.36821,0.3682,0.3682,2E+3
Kraken:XRPUSD,2022-11-15T03:59:00Z,0.36815,0.36815,0.36808,0.36808,4104.57536121
Kraken:XRPUSD,2022-11-15T04:01:00Z,0.36809,0.36813,0.368,0.36813,214665.2414608
Kraken:XRPUSD,2022-11-15T04:02:00Z,0.368,0.368,0.368,0.368,85157.47318031
Kraken:XRPUSD,2022-11-15T04:03:00Z,0.36688,0.36688,0.3666,0.3666,20202
Kraken:XRPUSD,2022-11-15T04:04:00Z,0.36692,0.36692,0.36658,0.36658,1393.96722822
Kraken:XRPUSD,2022-11-15T04:05:00Z,0.36673,0.36673,0.36673,0.36673,22.62120227
Kraken:XRPUSD,2022-11-15T04:06:00Z,0.36742,0.36742,0.36742,0.36742,183.46267451
Kraken:XRPUSD,2022-11-15T04:08:00Z,0.36837,0.3687,0.36837,0.36868,6068.89761725
Kraken:XRPUSD,2022-11-15T04:09:00Z,0.36887,0.36911,0.36857,0.36857,6453.83519839
Kraken:XRPUSD,2022-11-15T04:10:00Z,0.36883,0.36924,0.36883,0.36903,126.3143
Kraken:XRPUSD,2022-11-15T04:11:00Z,0.36904,0.36904,0.36857,0.36857,155.13825334
Kraken:XRPUSD,2022-11-15T04:12:00Z,0.3683,0.36841,0.36823,0.36841,330.55465037
Kraken:XRPUSD,2022-11-15T04:13:00Z,0.36871,0.36871,0.36871,0.36871,34
Kraken:XRPUSD,2022-11-15T04:14:00Z,0.36875,0.36875,0.36875,0.36875,1E+2
Kraken:XRPUSD,2022-11-15T04:17:00Z,0.36985,0.3702,0.36985,0.3702,635
Kraken:XRPUSD,2022-11-15T04:18:00Z,0.37019,0.37019,0.37013,0.37013,5038
Kraken:XRPUSD,2022-11-15T04:19:00Z,0.36989,0.36989,0.36989,0.36989,950.66356
Kraken:XRPUSD,2022-11-15T04:20:00Z,0.37025,0.37025,0.37025,0.37025,421.747437
Kraken:XRPUSD,2022-11-15T04:21:00Z,0.3702,0.3702,0.36973,0.36973,3877.51025439
Kraken:XRPUSD,2022-11-15T04:22:00Z,0.36999,0.36999,0.36999,0.36999,19.129782
Kraken:XRPUSD,2022-11-15T04:23:00Z,0.3703,0.3705,0.3703,0.37046,310.246724
Kraken:XRPUSD,2022-11-15T04:24:00Z,0.37049,0.37049,0.37028,0.37028,2327.87021798
Kraken:XRPUSD,2022-11-15T04:26:00Z,0.36944,0.36945,0.36944,0.36945,1174
Kraken:XRPUSD,2022-11-15T04:28:00Z,0.36995,0.36995,0.36995,0.36995,11
Kraken:XRPUSD,2022-11-15T04:31:00Z,0.36941,0.36972,0.36941,0.36972,5068.0295
Kraken:XRPUSD,2022-11-15T04:32:00Z,0.36985,0.36985,0.36985,0.36985,387.03877
Kraken:XRPUSD,2022-11-15T04:33:00Z,0.37057,0.37057,0.37045,0.37045,190.02479
Kraken:XRPUSD,2022-11-15T04:34:00Z,0.37002,0.37002,0.37,0.37,9326.91915489
Kraken:XRPUSD,2022-11-15T04:35:00Z,0.37,0.37017,0.37,0.37017,877.71790511
Kraken:XRPUSD,2022-11-15T04:36:00Z,0.37038,0.37038,0.37006,0.37007,7137.80303597
Kraken:XRPUSD,2022-11-15T04:37:00Z,0.37037,0.37048,0.37037,0.37048,571.76446543
Kraken:XRPUSD,2022-11-15T04:42:00Z,0.37145,0.37145,0.37116,0.37116,8125.57425944
Kraken:XRPUSD,2022-11-15T04:43:00Z,0.37115,0.37115,0.3709,0.3709,6059.75878787
Kraken:XRPUSD,2022-11-15T04:45:00Z,0.37072,0.37072,0.37072,0.37072,148.0027031
Kraken:XRPUSD,2022-11-15T04:47:00Z,0.37164,0.37164,0.37164,0.37164,254.52884694
Kraken:XRPUSD,2022-11-15T04:48:00Z,0.37199,0.37199,0.37199,0.37199,8965.71682034
Kraken:XRPUSD,2022-11-15T04:49:00Z,0.37159,0.37159,0.37133,0.37133,6E+3
Kraken:XRPUSD,2022-11-15T04:50:00Z,0.37115,0.37115,0.37096,0.37111,3103.97705429
Kraken:XRPUSD,2022-11-15T04:51:00Z,0.37118,0.37118,0.37118,0.37118,37.60445055
Kraken:XRPUSD,2022-11-15T04:52:00Z,0.37201,0.37201,0.37201,0.37201,2706.51025439
Kraken:XRPUSD,2022-11-15T04:53:00Z,0.37177,0.37184,0.37163,0.37184,81.23762535
Kraken:XRPUSD,2022-11-15T04:55:00Z,0.37188,0.37219,0.37188,0.37204,19272.73705931
Kraken:XRPUSD,2022-11-15T04:56:00Z,0.37203,0.37203,0.37203,0.37203,5E+1
Kraken:XRPUSD,2022-11-15T04:57:00Z,0.37187,0.37187,0.37187,0.37187,32.65817312
Kraken:XRPUSD,2022-11-15T04:58:00Z,0.37198,0.37198,0.37171,0.37172,3.288E+4
Kraken:XRPUSD,2022-11-15T04:59:00Z,0.3717,0.3717,0.3717,0.3717,29.44884899
Kraken:XRPUSD,2022-11-15T05:01:00Z,0.3717,0.37188,0.3717,0.37188,837.80715
Kraken:XRPUSD,2022-11-15T05:04:00Z,0.37122,0.37122,0.37109,0.37109,114.11584999
Kraken:XRPUSD,2022-11-15T05:05:00Z,0.37213,0.37222,0.37213,0.37222,1669.57398191
Kraken:XRPUSD,2022-11-15T05:06:00Z,0.37198,0.37228,0.37198,0.37228,2.967E+4
Kraken:XRPUSD,2022-11-15T05:07:00Z,0.37225,0.3725,0.37225,0.3725,2727.51025439
Kraken:XRPUSD,2022-11-15T05:08:00Z,0.37329,0.3736,0.37329,0.37345,3826.51400185
Kraken:XRPUSD,2022-11-15T05:09:00Z,0.37289,0.37289,0.37289,0.37289,17
Kraken:XRPUSD,2022-11-15T05:10:00Z,0.37261,0.37261,0.37261,0.37261,271.55465037
Kraken:XRPUSD,2022-11-15T05:11:00Z,0.37241,0.37274,0.37241,0.37274,2719.32929687
Kraken:XRPUSD,2022-11-15T05:12:00Z,0.37292,0.37356,0.37286,0.37356,16555.12843449
Kraken:XRPUSD,2022-11-15T05:13:00Z,0.37356,0.37397,0.37356,0.37397,10199.7834
Kraken:XRPUSD,2022-11-15T05:14:00Z,0.37392,0.374,0.37392,0.374,598.47799289
Kraken:XRPUSD,2022-11-15T05:15:00Z,0.37394,0.37394,0.37394,0.37394,56.30754979
Kraken:XRPUSD,2022-11-15T05:16:00Z,0.37434,0.37617,0.37434,0.37617,9320.12291879
Kraken:XRPUSD,2022-11-15T05:17:00Z,0.37621,0.37621,0.37621,0.37621,123.11053427
Kraken:XRPUSD,2022-11-15T05:18:00Z,0.3758,0.3758,0.3758,0.3758,29
Kraken:XRPUSD,2022-11-15T05:21:00Z,0.37569,0.37573,0.37569,0.37573,1007
Kraken:XRPUSD,2022-11-15T05:22:00Z,0.37538,0.37538,0.37495,0.37495,12464.77930793
Kraken:XRPUSD,2022-11-15T05:23:00Z,0.37514,0.37539,0.37514,0.37539,1016.3052763
Kraken:XRPUSD,2022-11-15T05:24:00Z,0.37516,0.37516,0.37516,0.37516,919
Kraken:XRPUSD,2022-11-15T05:26:00Z,0.37498,0.37785,0.37498,0.37785,6207.16552755
Kraken:XRPUSD,2022-11-15T05:28:00Z,0.37851,0.37868,0.37787,0.37787,355.1100291
Kraken:XRPUSD,2022-11-15T05:29:00Z,0.37834,0.37836,0.37834,0.37836,5E+2
Kraken:XRPUSD,2022-11-15T05:30:00Z,0.37829,0.38,0.37829,0.38,4936.00931782
Kraken:XRPUSD,2022-11-15T05:31:00Z,0.37953,0.37953,0.37953,0.37953,766.99999999
Kraken:XRPUSD,2022-11-15T05:32:00Z,0.3787,0.3787,0.3787,0.3787,2070.42779492
Kraken:XRPUSD,2022-11-15T05:33:00Z,0.37916,0.37916,0.37839,0.37844,4684.94998649
Kraken:XRPUSD,2022-11-15T05:34:00Z,0.37845,0.379,0.37844,0.379,62508.495305
Kraken:XRPUSD,2022-11-15T05:35:00Z,0.37919,0.38,0.37919,0.38,56620.19776295
Kraken:XRPUSD,2022-11-15T05:37:00Z,0.37987,0.37987,0.37987,0.37987,1E+2
Kraken:XRPUSD,2022-11-15T05:39:00Z,0.3783,0.3783,0.3783,0.3783,76.4432
Kraken:XRPUSD,2022-11-15T05:41:00Z,0.37763,0.37768,0.37684,0.37684,7191.14496219
Kraken:XRPUSD,2022-11-15T05:42:00Z,0.37725,0.37725,0.37648,0.37703,383.67102543
Kraken:XRPUSD,2022-11-15T05:43:00Z,0.37649,0.37649,0.37649,0.37649,5
Kraken:XRPUSD,2022-11-15T05:45:00Z,0.3762,0.3762,0.37614,0.37614,38.01405705
Kraken:XRPUSD,2022-11-15T05:46:00Z,0.37576,0.37576,0.37557,0.37557,11
Kraken:XRPUSD,2022-11-15T05:47:00Z,0.37467,0.37485,0.37453,0.37485,11794.58799679
Kraken:XRPUSD,2022-11-15T05:48:00Z,0.37529,0.37529,0.37529,0.37529,29.8
Kraken:XRPUSD,2022-11-15T05:50:00Z,0.37531,0.37541,0.37531,0.37541,171.6300724
Kraken:XRPUSD,2022-11-15T05:51:00Z,0.37523,0.37523,0.37434,0.37434,42.15661477
Kraken:XRPUSD,2022-11-15T05:52:00Z,0.37441,0.37441,0.37441,0.37441,524.30677599
Kraken:XRPUSD,2022-11-15T05:55:00Z,0.37447,0.37552,0.37447,0.37552,2328.00198515
Kraken:XRPUSD,2022-11-15T05:56:00Z,0.37537,0.37538,0.37537,0.37538,3978.86136741
Kraken:XRPUSD,2022-11-15T05:57:00Z,0.37555,0.37562,0.37517,0.37537,9479.44589036
Kraken:XRPUSD,2022-11-15T05:58:00Z,0.37536,0.37536,0.37467,0.37467,2483.3804763
Kraken:XRPUSD,2022-11-15T05:59:00Z,0.37443,0.37443,0.3744,0.3744,157.57431
Kraken:XRPUSD,2022-11-15T06:00:00Z,0.37422,0.37427,0.37422,0.37427,52921.11571255
Kraken:XRPUSD,2022-11-15T06:01:00Z,0.37466,0.37476,0.37437,0.37457,18737.65920784
Kraken:XRPUSD,2022-11-15T06:02:00Z,0.37407,0.37425,0.37407,0.37425,541.30205086
Kraken:XRPUSD,2022-11-15T06:03:00Z,0.37467,0.37505,0.37461,0.37504,16298.97206323
Kraken:XRPUSD,2022-11-15T06:04:00Z,0.37509,0.37533,0.37509,0.37533,139.82150759
Kraken:XRPUSD,2022-11-15T06:05:00Z,0.37555,0.37555,0.37555,0.37555,796.723294
Kraken:XRPUSD,2022-11-15T06:06:00Z,0.37604,0.37604,0.37604,0.37604,5E+1
Kraken:XRPUSD,2022-11-15T06:09:00Z,0.37536,0.37536,0.37536,0.37536,73.26784774
Kraken:XRPUSD,2022-11-15T06:10:00Z,0.376,0.37633,0.376,0.37633,1155
Kraken:XRPUSD,2022-11-15T06:11:00Z,0.37617,0.377,0.37617,0.377,945.72537408
Kraken:XRPUSD,2022-11-15T06:12:00Z,0.37719,0.37766,0.37711,0.37766,6491.57813394
Kraken:XRPUSD,2022-11-15T06:13:00Z,0.37749,0.37897,0.37749,0.37896,27284.61203102
Kraken:XRPUSD,2022-11-15T06:14:00Z,0.37926,0.3807,0.37926,0.3807,445.93413093
Kraken:XRPUSD,2022-11-15T06:15:00Z,0.3792,0.3792,0.3792,0.3792,23.23688229
Kraken:XRPUSD,2022-11-15T06:16:00Z,0.37959,0.37959,0.37959,0.37959,7.47032679
Kraken:XRPUSD,2022-11-15T06:17:00Z,0.37922,0.37924,0.37922,0.37924,2706.51025439
Kraken:XRPUSD,2022-11-15T06:19:00Z,0.3781,0.3781,0.3781,0.3781,2E+2
Kraken:XRPUSD,2022-11-15T06:20:00Z,0.37819,0.37819,0.37797,0.37797,809.07470548
Kraken:XRPUSD,2022-11-15T06:21:00Z,0.37766,0.37766,0.37766,0.37766,248.46992
Kraken:XRPUSD,2022-11-15T06:24:00Z,0.37689,0.37761,0.37689,0.37761,2.1E+3
Kraken:XRPUSD,2022-11-15T06:26:00Z,0.37744,0.37781,0.37744,0.37781,595.70122
Kraken:XRPUSD,2022-11-15T06:27:00Z,0.3773,0.37751,0.3773,0.37751,84.80567837
Kraken:XRPUSD,2022-11-15T06:28:00Z,0.37778,0.37778,0.37729,0.37729,4615.662
Kraken:XRPUSD,2022-11-15T06:29:00Z,0.37727,0.37727,0.37727,0.37727,1.5E+3
Kraken:XRPUSD,2022-11-15T06:31:00Z,0.37743,0.37743,0.37743,0.37743,1.4E+3
Kraken:XRPUSD,2022-11-15T06:32:00Z,0.37827,0.37927,0.37827,0.37927,5812.03162349
Kraken:XRPUSD,2022-11-15T06:33:00Z,0.37953,0.37953,0.37953,0.37953,3746.24260572
Kraken:XRPUSD,2022-11-15T06:35:00Z,0.37828,0.37828,0.37828,0.37828,68.6096
Kraken:XRPUSD,2022-11-15T06:37:00Z,0.37763,0.37774,0.37763,0.37774,2843.63378
Kraken:XRPUSD,2022-11-15T06:39:00Z,0.3765,0.3765,0.3765,0.3765,1E+2
Kraken:XRPUSD,2022-11-15T06:42:00Z,0.37758,0.37784,0.37758,0.37784,194.36081282
Kraken:XRPUSD,2022-11-15T06:43:00Z,0.37721,0.37721,0.37721,0.37721,16.5822
Kraken:XRPUSD,2022-11-15T06:44:00Z,0.3762,0.3762,0.3762,0.3762,37.12358
Kraken:XRPUSD,2022-11-15T06:45:00Z,0.3762,0.3762,0.3762,0.3762,0.00000579
Kraken:XRPUSD,2022-11-15T06:46:00Z,0.37601,0.37603,0.37582,0.37582,11293.14012133
Kraken:XRPUSD,2022-11-15T06:47:00Z,0.37562,0.37562,0.37562,0.37562,2706.51025439
Kraken:XRPUSD,2022-11-15T06:48:00Z,0.37582,0.37661,0.37582,0.37615,8557.81869673
Kraken:XRPUSD,2022-11-15T06:49:00Z,0.3767,0.3767,0.37667,0.37667,595.70122
Kraken:XRPUSD,2022-11-15T06:50:00Z,0.3767,0.3767,0.3767,0.3767,6.22845284
Kraken:XRPUSD,2022-11-15T06:52:00Z,0.37643,0.37647,0.3758,0.37581,9472.78589036
Kraken:XRPUSD,2022-11-15T06:53:00Z,0.37552,0.37552,0.37551,0.37551,1437.77080611
Kraken:XRPUSD,2022-11-15T06:54:00Z,0.37539,0.37539,0.37539,0.37539,109
Kraken:XRPUSD,2022-11-15T06:56:00Z,0.37464,0.37464,0.37443,0.37443,273.444277
Kraken:XRPUSD,2022-11-15T06:57:00Z,0.3747,0.3747,0.3742,0.3742,8259.04872064
Kraken:XRPUSD,2022-11-15T06:58:00Z,0.3742,0.3742,0.3742,0.3742,11206.94202327
Kraken:XRPUSD,2022-11-15T06:59:00Z,0.37444,0.37444,0.37444,0.37444,41.77531878
Kraken:XRPUSD,2022-11-15T07:01:00Z,0.37593,0.37593,0.37591,0.37591,4867.65201741
Kraken:XRPUSD,2022-11-15T07:02:00Z,0.37595,0.37595,0.37595,0.37595,116
Kraken:XRPUSD,2022-11-15T07:04:00Z,0.37516,0.37516,0.37497,0.37497,1720.23224554
Kraken:XRPUSD,2022-11-15T07:05:00Z,0.37467,0.37467,0.37445,0.37446,612.05122042
Kraken:XRPUSD,2022-11-15T07:06:00Z,0.37466,0.37466,0.37466,0.37466,657.53335
Kraken:XRPUSD,2022-11-15T07:07:00Z,0.37459,0.37459,0.37459,0.37459,4E+1
Kraken:XRPUSD,2022-11-15T07:08:00Z,0.37566,0.37566,0.37471,0.37476,8119.53076317
Kraken:XRPUSD,2022-11-15T07:09:00Z,0.3745,0.37454,0.3745,0.37454,2165.2082035
Kraken:XRPUSD,2022-11-15T07:10:00Z,0.37473,0.37473,0.37473,0.37473,6658.6571
Kraken:XRPUSD,2022-11-15T07:11:00Z,0.3746,0.3746,0.3746,0.3746,13.82090575
Kraken:XRPUSD,2022-11-15T07:12:00Z,0.37562,0.37586,0.37562,0.37586,1668.02412554
Kraken:XRPUSD,2022-11-15T07:13:00Z,0.37644,0.37671,0.37644,0.37671,1643.87244652
Kraken:XRPUSD,2022-11-15T07:15:00Z,0.37684,0.37693,0.37678,0.37693,13648.35083447
Kraken:XRPUSD,2022-11-15T07:16:00Z,0.37688,0.37753,0.37677,0.37677,272386.04785605
Kraken:XRPUSD,2022-11-15T07:17:00Z,0.3765,0.37659,0.3765,0.37659,8.5
Kraken:XRPUSD,2022-11-15T07:18:00Z,0.37761,0.37814,0.37761,0.37814,2354.92026947
Kraken:XRPUSD,2022-11-15T07:19:00Z,0.37819,0.3782,0.37788,0.37788,5610.38152918
Kraken:XRPUSD,2022-11-15T07:20:00Z,0.37797,0.37821,0.37797,0.37799,6299.61972342
Kraken:XRPUSD,2022-11-15T07:21:00Z,0.37869,0.37869,0.37869,0.37869,666
Kraken:XRPUSD,2022-11-15T07:22:00Z,0.37897,0.37897,0.37897,0.37897,51.99471
Kraken:XRPUSD,2022-11-15T07:23:00Z,0.37851,0.37851,0.3784,0.3784,7116
Kraken:XRPUSD,2022-11-15T07:24:00Z,0.3786,0.3788,0.37859,0.3788,7823.51025439
Kraken:XRPUSD,2022-11-15T07:26:00Z,0.3789,0.3789,0.3789,0.3789,33.28388114
Kraken:XRPUSD,2022-11-15T07:28:00Z,0.3783,0.3783,0.3774,0.3774,30727.17246238
Kraken:XRPUSD,2022-11-15T07:29:00Z,0.37722,0.37722,0.37722,0.37722,261.16575
Kraken:XRPUSD,2022-11-15T07:30:00Z,0.37796,0.37796,0.37796,0.37796,206.83782
Kraken:XRPUSD,2022-11-15T07:32:00Z,0.37831,0.37841,0.3783,0.37832,4433.6327
Kraken:XRPUSD,2022-11-15T07:33:00Z,0.37865,0.37929,0.37862,0.37929,13182
Kraken:XRPUSD,2022-11-15T07:34:00Z,0.37956,0.37956,0.37956,0.37956,4E+3
Kraken:XRPUSD,2022-11-15T07:37:00Z,0.3795,0.37959,0.3795,0.37959,169
Kraken:XRPUSD,2022-11-15T07:39:00Z,0.37997,0.3809,0.37997,0.38079,10471.09569154
Kraken:XRPUSD,2022-11-15T07:40:00Z,0.38075,0.38096,0.38075,0.38096,2745.66025439
Kraken:XRPUSD,2022-11-15T07:41:00Z,0.381,0.38131,0.38067,0.38067,5100.20455824
Kraken:XRPUSD,2022-11-15T07:42:00Z,0.3805,0.3805,0.3805,0.3805,1145
Kraken:XRPUSD,2022-11-15T07:43:00Z,0.3805,0.3805,0.38028,0.38028,2402.21025695
Kraken:XRPUSD,2022-11-15T07:44:00Z,0.38032,0.38032,0.38031,0.38031,2.16E+3
Kraken:XRPUSD,2022-11-15T07:45:00Z,0.38022,0.38033,0.38018,0.38032,7444.92145656
Kraken:XRPUSD,2022-11-15T07:47:00Z,0.37986,0.38067,0.37986,0.38067,12516.56959848
Kraken:XRPUSD,2022-11-15T07:48:00Z,0.38196,0.38244,0.38196,0.38244,6536.61251811
Kraken:XRPUSD,2022-11-15T07:49:00Z,0.38133,0.38149,0.38132,0.38149,7601.2987
Kraken:XRPUSD,2022-11-15T07:50:00Z,0.38162,0.38162,0.38162,0.38162,365.928025
Kraken:XRPUSD,2022-11-15T07:51:00Z,0.3813,0.38133,0.3813,0.38133,1594.54701941
Kraken:XRPUSD,2022-11-15T07:52:00Z,0.38022,0.38022,0.38022,0.38022,961.12231261
Kraken:XRPUSD,2022-11-15T07:55:00Z,0.37995,0.37995,0.37977,0.37989,1900.55547269
Kraken:XRPUSD,2022-11-15T07:58:00Z,0.37946,0.37946,0.37946,0.37946,1.7E+3
Kraken:XRPUSD,2022-11-15T07:59:00Z,0.37918,0.37918,0.3791,0.3791,6500.02672635
Kraken:XRPUSD,2022-11-15T08:02:00Z,0.37871,0.37871,0.37871,0.37871,29.45
Kraken:XRPUSD,2022-11-15T08:10:00Z,0.37903,0.38015,0.37903,0.38015,3001.2904387
Kraken:XRPUSD,2022-11-15T08:11:00Z,0.38113,0.38113,0.38023,0.38023,2732.42772439
Kraken:XRPUSD,2022-11-15T08:13:00Z,0.38098,0.38158,0.38098,0.38145,25947.864503
Kraken:XRPUSD,2022-11-15T08:14:00Z,0.38098,0.38098,0.38069,0.38069,341.48097012
Kraken:XRPUSD,2022-11-15T08:17:00Z,0.38147,0.38158,0.38147,0.38157,1232.27163842
Kraken:XRPUSD,2022-11-15T08:21:00Z,0.38102,0.38131,0.38102,0.38123,2420.68378258
Kraken:XRPUSD,2022-11-15T08:22:00Z,0.38113,0.38241,0.38113,0.38223,1764.56910213
Kraken:XRPUSD,2022-11-15T08:24:00Z,0.38198,0.38198,0.38198,0.38198,1E+3
Kraken:XRPUSD,2022-11-15T08:25:00Z,0.38171,0.38171,0.38171,0.38171,1290.30027
Kraken:XRPUSD,2022-11-15T08:26:00Z,0.38103,0.38106,0.38074,0.38075,29235.76278607
Kraken:XRPUSD,2022-11-15T08:27:00Z,0.38099,0.38099,0.38098,0.38098,1312.99073028
Kraken:XRPUSD,2022-11-15T08:28:00Z,0.38074,0.38082,0.38074,0.38082,316.64198308
Kraken:XRPUSD,2022-11-15T08:29:00Z,0.38134,0.38165,0.38131,0.38165,8119.53076317
Kraken:XRPUSD,2022-11-15T08:30:00Z,0.38197,0.38197,0.38197,0.38197,1353.25512719
Kraken:XRPUSD,2022-11-15T08:33:00Z,0.38089,0.38089,0.38089,0.38089,5E+3
Kraken:XRPUSD,2022-11-15T08:35:00Z,0.38115,0.38115,0.38115,0.38115,29.77559
Kraken:XRPUSD,2022-11-15T08:36:00Z,0.38116,0.38116,0.38116,0.38116,532.58474131
Kraken:XRPUSD,2022-11-15T08:37:00Z,0.3816,0.3816,0.38155,0.38155,1E+4
Kraken:XRPUSD,2022-11-15T08:39:00Z,0.38144,0.38183,0.38144,0.38183,4408.04764295
Kraken:XRPUSD,2022-11-15T08:40:00Z,0.38183,0.38183,0.38183,0.38183,9.95885
Kraken:XRPUSD,2022-11-15T08:41:00Z,0.38241,0.38241,0.38241,0.38241,136.36822352
Kraken:XRPUSD,2022-11-15T08:42:00Z,0.38259,0.38377,0.38259,0.38377,15275.69634917
Kraken:XRPUSD,2022-11-15T08:43:00Z,0.38343,0.38343,0.38343,0.38343,6222.23091568
Kraken:XRPUSD,2022-11-15T08:45:00Z,0.38343,0.3839,0.38343,0.3839,8119.53076317
Kraken:XRPUSD,2022-11-15T08:47:00Z,0.38295,0.38295,0.38295,0.38295,1305.0401
Kraken:XRPUSD,2022-11-15T08:48:00Z,0.38226,0.38246,0.38226,0.38246,45.77446685
Kraken:XRPUSD,2022-11-15T08:50:00Z,0.38277,0.38277,0.38277,0.38277,655.290086
Kraken:XRPUSD,2022-11-15T08:52:00Z,0.38147,0.38147,0.3814,0.3814,11015.27656157
Kraken:XRPUSD,2022-11-15T08:53:00Z,0.38117,0.38117,0.38117,0.38117,417.47991
Kraken:XRPUSD,2022-11-15T08:54:00Z,0.38214,0.38214,0.38214,0.38214,1.6E+2
Kraken:XRPUSD,2022-11-15T08:55:00Z,0.38174,0.38174,0.38174,0.38174,69.89
Kraken:XRPUSD,2022-11-15T08:58:00Z,0.38315,0.38315,0.38315,0.38315,99.86354
Kraken:XRPUSD,2022-11-15T09:01:00Z,0.38322,0.38329,0.38322,0.38329,2165.2082035
Kraken:XRPUSD,2022-11-15T09:02:00Z,0.3834,0.3834,0.3834,0.3834,4055.96987704
Kraken:XRPUSD,2022-11-15T09:03:00Z,0.38284,0.38284,0.38279,0.38279,446.62518
Kraken:XRPUSD,2022-11-15T09:05:00Z,0.38262,0.38485,0.38262,0.38485,13356.74931391
Kraken:XRPUSD,2022-11-15T09:06:00Z,0.3855,0.38648,0.3855,0.38648,1754.40089816
Kraken:XRPUSD,2022-11-15T09:07:00Z,0.38686,0.38706,0.38686,0.38706,5092.71315
Kraken:XRPUSD,2022-11-15T09:09:00Z,0.3866,0.38761,0.3866,0.38744,81815.90891623
Kraken:XRPUSD,2022-11-15T09:10:00Z,0.38762,0.38765,0.38593,0.38593,625.40281181
Kraken:XRPUSD,2022-11-15T09:11:00Z,0.38593,0.38593,0.38593,0.38593,6.50831494
Kraken:XRPUSD,2022-11-15T09:12:00Z,0.38455,0.3847,0.38336,0.38336,61508.98987704
Kraken:XRPUSD,2022-11-15T09:13:00Z,0.38386,0.38386,0.38386,0.38386,1250.45589538
Kraken:XRPUSD,2022-11-15T09:14:00Z,0.38418,0.38436,0.38418,0.38436,1538.5306933
Kraken:XRPUSD,2022-11-15T09:15:00Z,0.38468,0.38468,0.38456,0.38464,1500.69815937
Kraken:XRPUSD,2022-11-15T09:16:00Z,0.38524,0.38524,0.38524,0.38524,2706.51025439
Kraken:XRPUSD,2022-11-15T09:17:00Z,0.38475,0.38475,0.38469,0.38469,9955.34277584
Kraken:XRPUSD,2022-11-15T09:18:00Z,0.38502,0.38515,0.38474,0.38474,1585.91742
Kraken:XRPUSD,2022-11-15T09:19:00Z,0.38445,0.38445,0.38445,0.38445,1555.43
Kraken:XRPUSD,2022-11-15T09:20:00Z,0.38467,0.38499,0.38467,0.38492,4102.3640491
Kraken:XRPUSD,2022-11-15T09:21:00Z,0.38502,0.38502,0.38465,0.38469,16229.41073
Kraken:XRPUSD,2022-11-15T09:22:00Z,0.38412,0.38418,0.38401,0.38401,3.1E+3
Kraken:XRPUSD,2022-11-15T09:23:00Z,0.38297,0.38316,0.3829,0.38292,52254.65286085
Kraken:XRPUSD,2022-11-15T09:24:00Z,0.38161,0.38223,0.38161,0.38213,2518.21722812
Kraken:XRPUSD,2022-11-15T09:25:00Z,0.38283,0.38327,0.38283,0.38327,2326.0379001
Kraken:XRPUSD,2022-11-15T09:26:00Z,0.38307,0.38337,0.38307,0.38337,194.41
Kraken:XRPUSD,2022-11-15T09:28:00Z,0.38167,0.38197,0.38147,0.38197,2765.96783
Kraken:XRPUSD,2022-11-15T09:29:00Z,0.38187,0.38187,0.38187,0.38187,200.65442576
Kraken:XRPUSD,2022-11-15T09:30:00Z,0.382,0.382,0.382,0.382,2869.90204431
Kraken:XRPUSD,2022-11-15T09:31:00Z,0.382,0.382,0.38134,0.38143,6847.91150878
Kraken:XRPUSD,2022-11-15T09:32:00Z,0.38196,0.38196,0.38134,0.38134,10222.50025439
Kraken:XRPUSD,2022-11-15T09:33:00Z,0.38096,0.38096,0.38058,0.38058,57342.35654233
Kraken:XRPUSD,2022-11-15T09:34:00Z,0.38062,0.38062,0.38062,0.38062,1151
Kraken:XRPUSD,2022-11-15T09:35:00Z,0.38061,0.3813,0.38061,0.3813,3690.432706
Kraken:XRPUSD,2022-11-15T09:36:00Z,0.38156,0.38162,0.38127,0.38149,5414.85427
Kraken:XRPUSD,2022-11-15T09:37:00Z,0.38114,0.3812,0.38093,0.3812,11489.6873
Kraken:XRPUSD,2022-11-15T09:38:00Z,0.38081,0.38095,0.38078,0.38078,2578.15
Kraken:XRPUSD,2022-11-15T09:39:00Z,0.38063,0.38073,0.37989,0.37989,18171.95531647
Kraken:XRPUSD,2022-11-15T09:40:00Z,0.37982,0.37982,0.3797,0.37979,14277.68648562
Kraken:XRPUSD,2022-11-15T09:41:00Z,0.38016,0.38016,0.38001,0.38001,14424.20333
Kraken:XRPUSD,2022-11-15T09:42:00Z,0.38045,0.38045,0.38021,0.38021,580.3596
Kraken:XRPUSD,2022-11-15T09:43:00Z,0.38066,0.38105,0.38066,0.38097,51631.02708451
Kraken:XRPUSD,2022-11-15T09:44:00Z,0.38095,0.38095,0.38074,0.38074,1713.79932816
Kraken:XRPUSD,2022-11-15T09:45:00Z,0.38057,0.38115,0.38057,0.38092,14543.61077132
Kraken:XRPUSD,2022-11-15T09:46:00Z,0.38092,0.38092,0.38074,0.38074,1501.17568962
Kraken:XRPUSD,2022-11-15T09:47:00Z,0.38012,0.38061,0.38012,0.3802,3036.5958835
Kraken:XRPUSD,2022-11-15T09:48:00Z,0.38037,0.38047,0.38002,0.38002,15414.01550085
Kraken:XRPUSD,2022-11-15T09:49:00Z,0.3801,0.3801,0.37936,0.37936,4075.41963892
Kraken:XRPUSD,2022-11-15T09:50:00Z,0.37912,0.37918,0.37861,0.37899,37496.96877596
Kraken:XRPUSD,2022-11-15T09:51:00Z,0.37968,0.37983,0.37968,0.3798,2715.49215439
Kraken:XRPUSD,2022-11-15T09:52:00Z,0.38004,0.38026,0.38004,0.38026,16658.90725865
Kraken:XRPUSD,2022-11-15T09:53:00Z,0.38057,0.38057,0.38057,0.38057,130.89005235
Kraken:XRPUSD,2022-11-15T09:54:00Z,0.38046,0.38084,0.38046,0.38084,2269.1611157
Kraken:XRPUSD,2022-11-15T09:56:00Z,0.38111,0.3813,0.38109,0.38109,240.89
Kraken:XRPUSD,2022-11-15T09:58:00Z,0.38095,0.38095,0.38049,0.38049,2300.07525738
Kraken:XRPUSD,2022-11-15T09:59:00Z,0.38041,0.38041,0.38041,0.38041,48.6
Kraken:XRPUSD,2022-11-15T10:00:00Z,0.38034,0.38127,0.38034,0.38112,27384.97521694
Kraken:XRPUSD,2022-11-15T10:01:00Z,0.38112,0.38197,0.38112,0.38167,945.2197
Kraken:XRPUSD,2022-11-15T10:03:00Z,0.38183,0.382,0.38183,0.382,3144.39537003
Kraken:XRPUSD,2022-11-15T10:06:00Z,0.382,0.38211,0.382,0.38211,3006.03025439
Kraken:XRPUSD,2022-11-15T10:07:00Z,0.38208,0.38208,0.3813,0.3813,5325.76728
Kraken:XRPUSD,2022-11-15T10:08:00Z,0.38111,0.38111,0.38084,0.38084,2295.60159875
Kraken:XRPUSD,2022-11-15T10:10:00Z,0.37987,0.37987,0.37987,0.37987,55.03
Kraken:XRPUSD,2022-11-15T10:11:00Z,0.38011,0.38011,0.3799,0.3799,14.6
Kraken:XRPUSD,2022-11-15T10:12:00Z,0.38059,0.38059,0.38041,0.38041,145.41636
Kraken:XRPUSD,2022-11-15T10:13:00Z,0.38041,0.38054,0.38035,0.38035,95.32
Kraken:XRPUSD,2022-11-15T10:14:00Z,0.38052,0.38052,0.38052,0.38052,4E+1
Kraken:XRPUSD,2022-11-15T10:15:00Z,0.3808,0.3808,0.3808,0.3808,999.99999999
Kraken:XRPUSD,2022-11-15T10:18:00Z,0.38132,0.38132,0.38132,0.38132,78.46
Kraken:XRPUSD,2022-11-15T10:19:00Z,0.38131,0.38131,0.38131,0.38131,28.41
Kraken:XRPUSD,2022-11-15T10:20:00Z,0.38124,0.38142,0.38124,0.38142,50.59
Kraken:XRPUSD,2022-11-15T10:21:00Z,0.38148,0.3819,0.38148,0.3819,13782.58871317
Kraken:XRPUSD,2022-11-15T10:22:00Z,0.38181,0.38222,0.38181,0.38221,573.24258
Kraken:XRPUSD,2022-11-15T10:23:00Z,0.38223,0.38261,0.38223,0.38255,456.74032048
Kraken:XRPUSD,2022-11-15T10:24:00Z,0.38222,0.38223,0.38222,0.38222,38.41
Kraken:XRPUSD,2022-11-15T10:26:00Z,0.38286,0.38286,0.38282,0.38282,677.770174
Kraken:XRPUSD,2022-11-15T10:27:00Z,0.38292,0.38377,0.38292,0.38377,16335.0526525
Kraken:XRPUSD,2022-11-15T10:28:00Z,0.38431,0.38718,0.38431,0.38605,17329.73261809
Kraken:XRPUSD,2022-11-15T10:29:00Z,0.38535,0.386,0.38535,0.386,2145.04317738
Kraken:XRPUSD,2022-11-15T10:30:00Z,0.386,0.38632,0.386,0.38632,5895.33831363
Kraken:XRPUSD,2022-11-15T10:31:00Z,0.38524,0.38581,0.38492,0.38565,132411.38589198
Kraken:XRPUSD,2022-11-15T10:32:00Z,0.38589,0.38589,0.38589,0.38589,1136
Kraken:XRPUSD,2022-11-15T10:33:00Z,0.38489,0.38489,0.38439,0.38439,5232.75370818
Kraken:XRPUSD,2022-11-15T10:34:00Z,0.38438,0.38508,0.38377,0.38377,10292.51403184
Kraken:XRPUSD,2022-11-15T10:35:00Z,0.3837,0.38393,0.3837,0.38393,69.679943
Kraken:XRPUSD,2022-11-15T10:37:00Z,0.38541,0.38551,0.38541,0.38551,1836.93908838
Kraken:XRPUSD,2022-11-15T10:38:00Z,0.38516,0.38521,0.38492,0.38492,4921.393801
Kraken:XRPUSD,2022-11-15T10:39:00Z,0.38492,0.38492,0.38492,0.38492,1765.94057599
Kraken:XRPUSD,2022-11-15T10:40:00Z,0.38444,0.38447,0.38444,0.38447,8489.33126934
Kraken:XRPUSD,2022-11-15T10:41:00Z,0.38434,0.38436,0.38406,0.38436,1038.89289433
Kraken:XRPUSD,2022-11-15T10:42:00Z,0.38425,0.38435,0.38414,0.38414,15278.36539686
Kraken:XRPUSD,2022-11-15T10:44:00Z,0.38522,0.38522,0.38522,0.38522,1849.24566814
Kraken:XRPUSD,2022-11-15T10:46:00Z,0.38415,0.38415,0.38393,0.38393,2655.75
Kraken:XRPUSD,2022-11-15T10:48:00Z,0.38318,0.38318,0.38318,0.38318,97
Kraken:XRPUSD,2022-11-15T10:50:00Z,0.38328,0.38328,0.38258,0.38281,45007.43
Kraken:XRPUSD,2022-11-15T10:52:00Z,0.38282,0.38282,0.38282,0.38282,11
Kraken:XRPUSD,2022-11-15T10:53:00Z,0.382,0.38201,0.3817,0.3817,27122.83100865
Kraken:XRPUSD,2022-11-15T10:54:00Z,0.38208,0.38208,0.38147,0.38164,27375
Kraken:XRPUSD,2022-11-15T10:55:00Z,0.38211,0.3824,0.38211,0.3824,750.59561834
Kraken:XRPUSD,2022-11-15T10:56:00Z,0.38184,0.3821,0.38181,0.38197,28299
Kraken:XRPUSD,2022-11-15T10:57:00Z,0.38239,0.38239,0.38236,0.38236,2.3E+4
Kraken:XRPUSD,2022-11-15T10:58:00Z,0.38274,0.38275,0.38274,0.38275,21088.79149695
Kraken:XRPUSD,2022-11-15T10:59:00Z,0.3828,0.38303,0.38238,0.383,267450.53207782
Kraken:XRPUSD,2022-11-15T11:00:00Z,0.383,0.38301,0.383,0.383,53992.79109031
Kraken:XRPUSD,2022-11-15T11:01:00Z,0.383,0.383,0.383,0.383,159.27118
Kraken:XRPUSD,2022-11-15T11:02:00Z,0.38338,0.38388,0.3833,0.3835,16425.65141473
Kraken:XRPUSD,2022-11-15T11:03:00Z,0.3835,0.384,0.3835,0.384,95287.37437996
Kraken:XRPUSD,2022-11-15T11:04:00Z,0.38401,0.38415,0.384,0.38415,118144.22189024
Kraken:XRPUSD,2022-11-15T11:05:00Z,0.38404,0.38411,0.38401,0.38401,104045.52690828
Kraken:XRPUSD,2022-11-15T11:06:00Z,0.38335,0.38335,0.38295,0.38295,491.42170991
Kraken:XRPUSD,2022-11-15T11:07:00Z,0.38282,0.38282,0.38235,0.38235,14340.18529927
Kraken:XRPUSD,2022-11-15T11:09:00Z,0.38208,0.38208,0.38167,0.38167,8822.37078364
Kraken:XRPUSD,2022-11-15T11:10:00Z,0.38203,0.38203,0.38194,0.38194,368.89226699
Kraken:XRPUSD,2022-11-15T11:12:00Z,0.38144,0.38144,0.38144,0.38144,8
Kraken:XRPUSD,2022-11-15T11:13:00Z,0.38114,0.38114,0.38102,0.38102,42.335
Kraken:XRPUSD,2022-11-15T11:15:00Z,0.38124,0.38124,0.38088,0.38088,8254.45683754
Kraken:XRPUSD,2022-11-15T11:16:00Z,0.38071,0.38071,0.3801,0.3801,12233.55298256
Kraken:XRPUSD,2022-11-15T11:17:00Z,0.38022,0.38035,0.37951,0.37951,2706.05997107
Kraken:XRPUSD,2022-11-15T11:18:00Z,0.37946,0.37962,0.37941,0.37943,3239.75691508
Kraken:XRPUSD,2022-11-15T11:19:00Z,0.37937,0.37937,0.37915,0.37915,2794.86460585
Kraken:XRPUSD,2022-11-15T11:20:00Z,0.38038,0.38038,0.38038,0.38038,6.5096933
Kraken:XRPUSD,2022-11-15T11:21:00Z,0.38027,0.38037,0.38027,0.38037,16868.35404239
Kraken:XRPUSD,2022-11-15T11:23:00Z,0.38101,0.38116,0.38091,0.38116,3566.27830891
Kraken:XRPUSD,2022-11-15T11:24:00Z,0.38099,0.38108,0.38099,0.38108,1046.50327
Kraken:XRPUSD,2022-11-15T11:25:00Z,0.38099,0.38099,0.38098,0.38098,1979.72809666
Kraken:XRPUSD,2022-11-15T11:26:00Z,0.38146,0.38148,0.38146,0.38148,553.862
Kraken:XRPUSD,2022-11-15T11:27:00Z,0.38146,0.38146,0.38115,0.38115,1.25E+3
Kraken:XRPUSD,2022-11-15T11:29:00Z,0.3812,0.3812,0.3812,0.3812,2630.88176285
Kraken:XRPUSD,2022-11-15T11:30:00Z,0.38107,0.38114,0.38107,0.38109,791.51261856
Kraken:XRPUSD,2022-11-15T11:31:00Z,0.3811,0.38135,0.38104,0.38135,6095.58128079
Kraken:XRPUSD,2022-11-15T11:36:00Z,0.38151,0.38151,0.38151,0.38151,734.86
Kraken:XRPUSD,2022-11-15T11:37:00Z,0.3815,0.3815,0.3815,0.3815,1193.32
Kraken:XRPUSD,2022-11-15T11:38:00Z,0.3815,0.38151,0.38077,0.38077,11087.46065442
Kraken:XRPUSD,2022-11-15T11:39:00Z,0.38076,0.38076,0.38038,0.38038,785.26798
Kraken:XRPUSD,2022-11-15T11:40:00Z,0.38037,0.38037,0.38037,0.38037,2097.10902611
Kraken:XRPUSD,2022-11-15T11:41:00Z,0.38081,0.38081,0.38081,0.38081,130.7353
Kraken:XRPUSD,2022-11-15T11:43:00Z,0.38096,0.38096,0.38096,0.38096,1912.5929
Kraken:XRPUSD,2022-11-15T11:47:00Z,0.38026,0.38026,0.38017,0.38018,957.37557034
Kraken:XRPUSD,2022-11-15T11:48:00Z,0.38009,0.38014,0.38009,0.38014,1608.31446
Kraken:XRPUSD,2022-11-15T11:49:00Z,0.37955,0.37955,0.37942,0.37942,17183.1228
Kraken:XRPUSD,2022-11-15T11:50:00Z,0.37945,0.37945,0.37937,0.37937,2612.90114271
Kraken:XRPUSD,2022-11-15T11:52:00Z,0.37961,0.37961,0.37961,0.37961,953.999
Kraken:XRPUSD,2022-11-15T11:54:00Z,0.37975,0.37975,0.37975,0.37975,239.16667161
Kraken:XRPUSD,2022-11-15T11:55:00Z,0.37962,0.37962,0.37962,0.37962,68
Kraken:XRPUSD,2022-11-15T11:56:00Z,0.37951,0.37951,0.3789,0.37906,21694.45424875
Kraken:XRPUSD,2022-11-15T11:57:00Z,0.37913,0.37925,0.37913,0.37925,2257.341
Kraken:XRPUSD,2022-11-15T11:58:00Z,0.37978,0.37978,0.37958,0.37958,303.7406142
Kraken:XRPUSD,2022-11-15T11:59:00Z,0.37928,0.37928,0.37928,0.37928,6
Kraken:XRPUSD,2022-11-15T12:00:00Z,0.37921,0.37921,0.37921,0.37921,44.63239
Kraken:XRPUSD,2022-11-15T12:01:00Z,0.37921,0.37921,0.37863,0.37863,4746.90967812
Kraken:XRPUSD,2022-11-15T12:02:00Z,0.37864,0.37864,0.37809,0.37809,6535.34082401
Kraken:XRPUSD,2022-11-15T12:03:00Z,0.37895,0.37895,0.37888,0.37888,2660.73888437
Kraken:XRPUSD,2022-11-15T12:04:00Z,0.37872,0.37872,0.37827,0.37827,20083.5192315
Kraken:XRPUSD,2022-11-15T12:05:00Z,0.37822,0.37827,0.37744,0.37744,53354.07317031
Kraken:XRPUSD,2022-11-15T12:06:00Z,0.37767,0.37808,0.37767,0.37808,2906.37105705
Kraken:XRPUSD,2022-11-15T12:07:00Z,0.37813,0.37813,0.37776,0.37776,35011.17757
Kraken:XRPUSD,2022-11-15T12:10:00Z,0.37946,0.3805,0.37946,0.3798,166535.20526198
Kraken:XRPUSD,2022-11-15T12:11:00Z,0.3798,0.3798,0.3798,0.3798,3E+3
Kraken:XRPUSD,2022-11-15T12:12:00Z,0.37983,0.37983,0.37983,0.37983,1907.867
Kraken:XRPUSD,2022-11-15T12:13:00Z,0.38003,0.38003,0.38003,0.38003,201
Kraken:XRPUSD,2022-11-15T12:14:00Z,0.3807,0.38073,0.3807,0.38073,1748.46992004
Kraken:XRPUSD,2022-11-15T12:15:00Z,0.38113,0.38113,0.38081,0.38081,967.93357908
Kraken:XRPUSD,2022-11-15T12:16:00Z,0.38038,0.38038,0.38038,0.38038,1901.239
Kraken:XRPUSD,2022-11-15T12:17:00Z,0.38054,0.38055,0.38054,0.38055,15569.97713835
Kraken:XRPUSD,2022-11-15T12:18:00Z,0.38063,0.38078,0.38054,0.38074,45621.17011252
Kraken:XRPUSD,2022-11-15T12:19:00Z,0.38155,0.38171,0.38155,0.38171,1848.60055
Kraken:XRPUSD,2022-11-15T12:20:00Z,0.38151,0.3818,0.38111,0.38119,139041.36628917
Kraken:XRPUSD,2022-11-15T12:21:00Z,0.38129,0.38129,0.38124,0.38124,1253.24467447
Kraken:XRPUSD,2022-11-15T12:24:00Z,0.3811,0.3811,0.3811,0.3811,1908.189
Kraken:XRPUSD,2022-11-15T12:26:00Z,0.38113,0.38143,0.38113,0.38125,3124.54553399
Kraken:XRPUSD,2022-11-15T12:27:00Z,0.38125,0.38194,0.38125,0.38194,1237.37639526
Kraken:XRPUSD,2022-11-15T12:28:00Z,0.38192,0.38192,0.38192,0.38192,118.90140845
Kraken:XRPUSD,2022-11-15T12:29:00Z,0.38231,0.38235,0.38231,0.38235,10239.64347123
Kraken:XRPUSD,2022-11-15T12:30:00Z,0.38238,0.38238,0.38206,0.38215,15312.5946
Kraken:XRPUSD,2022-11-15T12:31:00Z,0.38207,0.38207,0.38207,0.38207,2154.74127777
Kraken:XRPUSD,2022-11-15T12:33:00Z,0.38249,0.38249,0.38248,0.38248,79.09951
Kraken:XRPUSD,2022-11-15T12:34:00Z,0.3823,0.3823,0.3823,0.3823,13.328
Kraken:XRPUSD,2022-11-15T12:35:00Z,0.38201,0.38203,0.38201,0.38203,2651.3973672
Kraken:XRPUSD,2022-11-15T12:36:00Z,0.382,0.382,0.382,0.382,25.74886453
Kraken:XRPUSD,2022-11-15T12:37:00Z,0.38168,0.38168,0.38137,0.38147,2313.80467394
Kraken:XRPUSD,2022-11-15T12:38:00Z,0.3817,0.3817,0.3817,0.3817,120.77998236
Kraken:XRPUSD,2022-11-15T12:39:00Z,0.38186,0.38186,0.38171,0.38171,5398.75404184
Kraken:XRPUSD,2022-11-15T12:40:00Z,0.38163,0.38163,0.38163,0.38163,44.62538093
Kraken:XRPUSD,2022-11-15T12:42:00Z,0.382,0.382,0.382,0.382,27.17838
Kraken:XRPUSD,2022-11-15T12:44:00Z,0.38184,0.38184,0.38108,0.38108,3047.494038
Kraken:XRPUSD,2022-11-15T12:45:00Z,0.38119,0.38129,0.38119,0.38129,7243.31677279
Kraken:XRPUSD,2022-11-15T12:46:00Z,0.3811,0.3811,0.38084,0.38084,201.61690688
Kraken:XRPUSD,2022-11-15T12:47:00Z,0.38109,0.38164,0.38108,0.38164,908.77473003
Kraken:XRPUSD,2022-11-15T12:48:00Z,0.38185,0.38196,0.38185,0.38196,7011.49845855
Kraken:XRPUSD,2022-11-15T12:49:00Z,0.38197,0.38197,0.38175,0.38184,1055.74214462
Kraken:XRPUSD,2022-11-15T12:50:00Z,0.38194,0.38194,0.38194,0.38194,39.65736
Kraken:XRPUSD,2022-11-15T12:51:00Z,0.38157,0.38157,0.38157,0.38157,20.06002
Kraken:XRPUSD,2022-11-15T12:52:00Z,0.382,0.382,0.38199,0.38199,10602.28858118
Kraken:XRPUSD,2022-11-15T12:53:00Z,0.38199,0.38228,0.38199,0.38216,7157.66675257
Kraken:XRPUSD,2022-11-15T12:54:00Z,0.3825,0.3825,0.38217,0.38228,1655.64320015
Kraken:XRPUSD,2022-11-15T12:55:00Z,0.38188,0.38198,0.38181,0.38198,1738.13401108
Kraken:XRPUSD,2022-11-15T12:56:00Z,0.38189,0.38189,0.38179,0.38189,1141.30429035
Kraken:XRPUSD,2022-11-15T12:57:00Z,0.383,0.383,0.38269,0.38292,5691.40951777
Kraken:XRPUSD,2022-11-15T12:58:00Z,0.38213,0.38213,0.38213,0.38213,513.9482
Kraken:XRPUSD,2022-11-15T12:59:00Z,0.38244,0.38318,0.38244,0.38303,3487.66135518
Kraken:XRPUSD,2022-11-15T13:01:00Z,0.3828,0.3828,0.3828,0.3828,229.01901
Kraken:XRPUSD,2022-11-15T13:02:00Z,0.38293,0.38293,0.38293,0.38293,232.21947
Kraken:XRPUSD,2022-11-15T13:03:00Z,0.38304,0.38398,0.38304,0.38398,2170.27548453
Kraken:XRPUSD,2022-11-15T13:04:00Z,0.3841,0.38413,0.38345,0.38347,15821.30418228
Kraken:XRPUSD,2022-11-15T13:05:00Z,0.3835,0.38351,0.38328,0.38339,3486.10980904
Kraken:XRPUSD,2022-11-15T13:06:00Z,0.38348,0.38348,0.38323,0.38323,10453.30190377
Kraken:XRPUSD,2022-11-15T13:07:00Z,0.38335,0.38335,0.38335,0.38335,9.5521
Kraken:XRPUSD,2022-11-15T13:08:00Z,0.38392,0.38392,0.38392,0.38392,1032.40166825
Kraken:XRPUSD,2022-11-15T13:09:00Z,0.38431,0.38431,0.38431,0.38431,527
Kraken:XRPUSD,2022-11-15T13:10:00Z,0.38431,0.38487,0.38431,0.38487,5477.72154972
Kraken:XRPUSD,2022-11-15T13:11:00Z,0.3837,0.3838,0.38353,0.3838,1411.1188
Kraken:XRPUSD,2022-11-15T13:12:00Z,0.38366,0.3838,0.3836,0.3836,425.97033578
Kraken:XRPUSD,2022-11-15T13:13:00Z,0.38373,0.38432,0.38373,0.38424,2829.58541802
Kraken:XRPUSD,2022-11-15T13:14:00Z,0.38441,0.38441,0.38424,0.38424,526.33715
Kraken:XRPUSD,2022-11-15T13:15:00Z,0.3843,0.3843,0.38423,0.38423,513.37034077
Kraken:XRPUSD,2022-11-15T13:16:00Z,0.38376,0.38376,0.38312,0.38327,7243.58012601
Kraken:XRPUSD,2022-11-15T13:17:00Z,0.38299,0.38315,0.38262,0.3831,34447.85048309
Kraken:XRPUSD,2022-11-15T13:18:00Z,0.38369,0.38369,0.38369,0.38369,4905.41618037
Kraken:XRPUSD,2022-11-15T13:19:00Z,0.38402,0.38427,0.38402,0.38413,6567.9997433
Kraken:XRPUSD,2022-11-15T13:20:00Z,0.38399,0.38399,0.3838,0.3838,789.59835531
Kraken:XRPUSD,2022-11-15T13:22:00Z,0.38428,0.38428,0.38401,0.38401,27910.09332083
Kraken:XRPUSD,2022-11-15T13:23:00Z,0.38417,0.38421,0.38417,0.38421,745.46407258
Kraken:XRPUSD,2022-11-15T13:24:00Z,0.3843,0.38479,0.3843,0.38479,11080.20146988
Kraken:XRPUSD,2022-11-15T13:25:00Z,0.3849,0.38686,0.3849,0.38686,11723.45183311
Kraken:XRPUSD,2022-11-15T13:26:00Z,0.38729,0.38781,0.38644,0.38644,30256.85874563
Kraken:XRPUSD,2022-11-15T13:27:00Z,0.38648,0.38651,0.38648,0.38651,9578.0493543
Kraken:XRPUSD,2022-11-15T13:28:00Z,0.38691,0.38939,0.38691,0.38858,41458.70741199
Kraken:XRPUSD,2022-11-15T13:29:00Z,0.38715,0.38795,0.38715,0.38795,2406.10540267
Kraken:XRPUSD,2022-11-15T13:30:00Z,0.3889,0.39314,0.3889,0.39266,197861.57253265
Kraken:XRPUSD,2022-11-15T13:31:00Z,0.39104,0.39104,0.39104,0.39104,17.5575
Kraken:XRPUSD,2022-11-15T13:32:00Z,0.39107,0.39213,0.39062,0.39084,278642.59118178
Kraken:XRPUSD,2022-11-15T13:33:00Z,0.39099,0.39123,0.39025,0.39123,19912.44082313
Kraken:XRPUSD,2022-11-15T13:34:00Z,0.39016,0.39099,0.39016,0.3904,12617.10496856
Kraken:XRPUSD,2022-11-15T13:35:00Z,0.38826,0.38849,0.38626,0.38774,73484.86988119
Kraken:XRPUSD,2022-11-15T13:36:00Z,0.38753,0.38756,0.38753,0.38756,4054
Kraken:XRPUSD,2022-11-15T13:37:00Z,0.38789,0.38832,0.38789,0.388,5862.26538109
Kraken:XRPUSD,2022-11-15T13:38:00Z,0.38832,0.38833,0.38832,0.38833,2554.94455
Kraken:XRPUSD,2022-11-15T13:39:00Z,0.38736,0.38736,0.3872,0.3872,309.2430478
Kraken:XRPUSD,2022-11-15T13:40:00Z,0.38694,0.38694,0.38694,0.38694,189
Kraken:XRPUSD,2022-11-15T13:42:00Z,0.38713,0.38723,0.38706,0.38723,1797
Kraken:XRPUSD,2022-11-15T13:43:00Z,0.38776,0.38776,0.38776,0.38776,2301.191438
Kraken:XRPUSD,2022-11-15T13:44:00Z,0.38827,0.38827,0.38827,0.38827,7.5E+3
Kraken:XRPUSD,2022-11-15T13:45:00Z,0.38817,0.38817,0.38817,0.38817,12.99482185
Kraken:XRPUSD,2022-11-15T13:46:00Z,0.3876,0.3876,0.3874,0.3874,739.34084204
Kraken:XRPUSD,2022-11-15T13:47:00Z,0.38656,0.38692,0.38603,0.38662,116756.22127923
Kraken:XRPUSD,2022-11-15T13:48:00Z,0.38644,0.38667,0.38644,0.38666,5782.58785926
Kraken:XRPUSD,2022-11-15T13:49:00Z,0.38713,0.38756,0.38713,0.38756,12125.48573852
Kraken:XRPUSD,2022-11-15T13:50:00Z,0.38771,0.388,0.38771,0.38782,355.72400165
Kraken:XRPUSD,2022-11-15T13:51:00Z,0.388,0.38886,0.388,0.38886,67563.64547854
Kraken:XRPUSD,2022-11-15T13:52:00Z,0.38778,0.38778,0.38741,0.38748,8174.79347514
Kraken:XRPUSD,2022-11-15T13:53:00Z,0.38759,0.38807,0.38759,0.38807,7.5E+2
Kraken:XRPUSD,2022-11-15T13:54:00Z,0.38809,0.38809,0.38809,0.38809,25
Kraken:XRPUSD,2022-11-15T13:55:00Z,0.38777,0.38777,0.38761,0.38761,55.95226788
Kraken:XRPUSD,2022-11-15T13:56:00Z,0.38762,0.38762,0.38762,0.38762,265.5
Kraken:XRPUSD,2022-11-15T13:57:00Z,0.38819,0.38819,0.38795,0.38814,6670.39937338
Kraken:XRPUSD,2022-11-15T13:59:00Z,0.38811,0.38871,0.3881,0.38871,20815.8755323
Kraken:XRPUSD,2022-11-15T14:00:00Z,0.38865,0.38896,0.38865,0.38869,12505
Kraken:XRPUSD,2022-11-15T14:01:00Z,0.3877,0.3877,0.3877,0.3877,5E+1
Kraken:XRPUSD,2022-11-15T14:03:00Z,0.38761,0.38786,0.3876,0.3876,16489.13101812
Kraken:XRPUSD,2022-11-15T14:04:00Z,0.38752,0.38772,0.38749,0.38771,3337.67101
Kraken:XRPUSD,2022-11-15T14:05:00Z,0.38783,0.38783,0.38783,0.38783,54.976718
Kraken:XRPUSD,2022-11-15T14:09:00Z,0.38689,0.38696,0.38682,0.38683,3941.93247296
Kraken:XRPUSD,2022-11-15T14:10:00Z,0.38707,0.38707,0.38707,0.38707,7055.73341412
Kraken:XRPUSD,2022-11-15T14:11:00Z,0.38708,0.38719,0.38708,0.38719,1869.23348755
Kraken:XRPUSD,2022-11-15T14:12:00Z,0.38726,0.38742,0.38726,0.38731,1.4E+2
Kraken:XRPUSD,2022-11-15T14:13:00Z,0.38704,0.38704,0.38672,0.38672,1903.04103263
Kraken:XRPUSD,2022-11-15T14:14:00Z,0.38684,0.38684,0.38675,0.38678,862.77337271
Kraken:XRPUSD,2022-11-15T14:15:00Z,0.38659,0.38659,0.38659,0.38659,936.70038561
Kraken:XRPUSD,2022-11-15T14:16:00Z,0.38621,0.38621,0.38608,0.38608,253.38683
Kraken:XRPUSD,2022-11-15T14:17:00Z,0.38601,0.38601,0.38522,0.38522,24313.43476946
Kraken:XRPUSD,2022-11-15T14:18:00Z,0.38538,0.38577,0.38515,0.38577,1903.40660369
Kraken:XRPUSD,2022-11-15T14:19:00Z,0.38593,0.38593,0.38593,0.38593,747.30401477
Kraken:XRPUSD,2022-11-15T14:20:00Z,0.38629,0.38632,0.38606,0.38606,4733.90833468
Kraken:XRPUSD,2022-11-15T14:21:00Z,0.38649,0.38649,0.38649,0.38649,3793.34171913
Kraken:XRPUSD,2022-11-15T14:22:00Z,0.3865,0.38676,0.3865,0.38676,1E+4
Kraken:XRPUSD,2022-11-15T14:23:00Z,0.38672,0.38702,0.38666,0.38696,26739.19240786
Kraken:XRPUSD,2022-11-15T14:24:00Z,0.38754,0.3877,0.38746,0.38746,8316.41748558
Kraken:XRPUSD,2022-11-15T14:25:00Z,0.38738,0.38755,0.38738,0.3875,2686.33
Kraken:XRPUSD,2022-11-15T14:26:00Z,0.38712,0.38712,0.38712,0.38712,1680.04300473
Kraken:XRPUSD,2022-11-15T14:27:00Z,0.38758,0.38786,0.38758,0.38786,20.87581877
Kraken:XRPUSD,2022-11-15T14:28:00Z,0.38769,0.38769,0.38766,0.38767,737.7934472
Kraken:XRPUSD,2022-11-15T14:29:00Z,0.38816,0.38816,0.38811,0.38815,3903.46893419
Kraken:XRPUSD,2022-11-15T14:30:00Z,0.38872,0.38913,0.38872,0.38886,5406.48387192
Kraken:XRPUSD,2022-11-15T14:31:00Z,0.38897,0.38952,0.38897,0.38952,1788.32716203
Kraken:XRPUSD,2022-11-15T14:32:00Z,0.38986,0.39104,0.38986,0.39071,37913.43175814
Kraken:XRPUSD,2022-11-15T14:33:00Z,0.39071,0.39071,0.38988,0.39002,70544.87614883
Kraken:XRPUSD,2022-11-15T14:34:00Z,0.38976,0.39052,0.38976,0.39047,43651.6228181
Kraken:XRPUSD,2022-11-15T14:35:00Z,0.39115,0.39127,0.39047,0.3907,41002.57921472
Kraken:XRPUSD,2022-11-15T14:36:00Z,0.39057,0.39082,0.39057,0.39061,22064.8611985
Kraken:XRPUSD,2022-11-15T14:37:00Z,0.39061,0.39061,0.38998,0.39,89614.01928277
Kraken:XRPUSD,2022-11-15T14:38:00Z,0.38998,0.38998,0.38991,0.38991,4782.93354672
Kraken:XRPUSD,2022-11-15T14:39:00Z,0.38982,0.38992,0.38973,0.38973,12269.74914683
Kraken:XRPUSD,2022-11-15T14:40:00Z,0.38963,0.38996,0.38963,0.38982,12935.89587548
Kraken:XRPUSD,2022-11-15T14:41:00Z,0.38832,0.38834,0.3875,0.3875,8022.99531876
Kraken:XRPUSD,2022-11-15T14:42:00Z,0.3875,0.38863,0.387,0.38732,61993.24359317
Kraken:XRPUSD,2022-11-15T14:43:00Z,0.3872,0.38756,0.38694,0.38702,25119.44299816
Kraken:XRPUSD,2022-11-15T14:44:00Z,0.38752,0.38765,0.38725,0.38725,31144.58367336
Kraken:XRPUSD,2022-11-15T14:45:00Z,0.38746,0.38746,0.38713,0.38713,22498.66953989
Kraken:XRPUSD,2022-11-15T14:46:00Z,0.38689,0.38689,0.38689,0.38689,13.751817
Kraken:XRPUSD,2022-11-15T14:47:00Z,0.38737,0.38737,0.38691,0.38691,9573.17108278
Kraken:XRPUSD,2022-11-15T14:48:00Z,0.38654,0.38683,0.38621,0.38621,10709.46399231
Kraken:XRPUSD,2022-11-15T14:49:00Z,0.38623,0.38638,0.38601,0.38622,7465.66772486
Kraken:XRPUSD,2022-11-15T14:50:00Z,0.38622,0.38704,0.38622,0.38677,11676.9999
Kraken:XRPUSD,2022-11-15T14:51:00Z,0.38683,0.3869,0.38624,0.3869,7950.38730728
Kraken:XRPUSD,2022-11-15T14:52:00Z,0.38709,0.38721,0.38706,0.38721,16792.24310459
Kraken:XRPUSD,2022-11-15T14:53:00Z,0.38732,0.38744,0.38723,0.38744,2453.83890853
Kraken:XRPUSD,2022-11-15T14:54:00Z,0.38701,0.38701,0.38675,0.38675,3851.81846693
Kraken:XRPUSD,2022-11-15T14:55:00Z,0.38675,0.38766,0.38675,0.38766,5238.1246723
Kraken:XRPUSD,2022-11-15T14:56:00Z,0.38801,0.38822,0.38801,0.38822,578.862008
Kraken:XRPUSD,2022-11-15T14:57:00Z,0.38802,0.38872,0.38802,0.38872,11149.60857997
Kraken:XRPUSD,2022-11-15T14:58:00Z,0.38832,0.38861,0.38812,0.38814,21700.733067
Kraken:XRPUSD,2022-11-15T14:59:00Z,0.38846,0.38846,0.38787,0.38793,5558.4562932
Kraken:XRPUSD,2022-11-15T15:00:00Z,0.38775,0.38833,0.38775,0.38781,15525.82820713
Kraken:XRPUSD,2022-11-15T15:01:00Z,0.38754,0.38754,0.38754,0.38754,25.17806
Kraken:XRPUSD,2022-11-15T15:02:00Z,0.38862,0.38862,0.38844,0.38844,7983.60151345
Kraken:XRPUSD,2022-11-15T15:03:00Z,0.38832,0.38832,0.38768,0.38784,20102.49074681
Kraken:XRPUSD,2022-11-15T15:04:00Z,0.38774,0.38774,0.38767,0.38767,3180.10537411
Kraken:XRPUSD,2022-11-15T15:05:00Z,0.3884,0.38848,0.38839,0.38848,12502.98063602
Kraken:XRPUSD,2022-11-15T15:06:00Z,0.38816,0.38816,0.38675,0.38689,14192.8074936
Kraken:XRPUSD,2022-11-15T15:07:00Z,0.38674,0.38674,0.386,0.386,343208.8053482699
Kraken:XRPUSD,2022-11-15T15:08:00Z,0.386,0.38661,0.386,0.386,221375.62822639
Kraken:XRPUSD,2022-11-15T15:09:00Z,0.386,0.386,0.38549,0.38549,101159.89261332
Kraken:XRPUSD,2022-11-15T15:10:00Z,0.38539,0.38539,0.38471,0.38471,12448.64580394
Kraken:XRPUSD,2022-11-15T15:12:00Z,0.38485,0.38485,0.38445,0.38445,25866.18529484
Kraken:XRPUSD,2022-11-15T15:13:00Z,0.38444,0.38444,0.38347,0.38384,22142.16490116
Kraken:XRPUSD,2022-11-15T15:14:00Z,0.384,0.38401,0.384,0.38401,1810.84320719
Kraken:XRPUSD,2022-11-15T15:15:00Z,0.38474,0.38474,0.38474,0.38474,2140.99534
Kraken:XRPUSD,2022-11-15T15:16:00Z,0.38464,0.38503,0.38454,0.38503,8630.00693119
Kraken:XRPUSD,2022-11-15T15:17:00Z,0.38505,0.38505,0.38469,0.38469,613.52000001
Kraken:XRPUSD,2022-11-15T15:18:00Z,0.38559,0.38579,0.38559,0.38569,5329.83516294
Kraken:XRPUSD,2022-11-15T15:19:00Z,0.38534,0.38534,0.38497,0.38497,9218.44284939
Kraken:XRPUSD,2022-11-15T15:21:00Z,0.38533,0.38533,0.38533,0.38533,1778.00741355
Kraken:XRPUSD,2022-11-15T15:23:00Z,0.38582,0.38654,0.38582,0.38654,12130.96227677
Kraken:XRPUSD,2022-11-15T15:24:00Z,0.3867,0.3867,0.3867,0.3867,60.69845
Kraken:XRPUSD,2022-11-15T15:25:00Z,0.38648,0.38648,0.38648,0.38648,766.30097288
Kraken:XRPUSD,2022-11-15T15:27:00Z,0.38713,0.38956,0.38713,0.38956,8754.8644297
Kraken:XRPUSD,2022-11-15T15:28:00Z,0.38957,0.39134,0.38957,0.39095,47609.51840206
Kraken:XRPUSD,2022-11-15T15:29:00Z,0.39061,0.39182,0.39016,0.39022,36631.72901071
Kraken:XRPUSD,2022-11-15T15:31:00Z,0.39181,0.39399,0.39181,0.39318,37542.8531647
Kraken:XRPUSD,2022-11-15T15:33:00Z,0.39307,0.39307,0.39194,0.39194,706.83430048
Kraken:XRPUSD,2022-11-15T15:34:00Z,0.3914,0.3914,0.3914,0.3914,19.49875207
Kraken:XRPUSD,2022-11-15T15:35:00Z,0.39161,0.39166,0.39161,0.39166,804.43371
Kraken:XRPUSD,2022-11-15T15:36:00Z,0.39193,0.39207,0.39193,0.39207,20496.00353
Kraken:XRPUSD,2022-11-15T15:37:00Z,0.39237,0.39284,0.39121,0.39284,381539.87248646
Kraken:XRPUSD,2022-11-15T15:40:00Z,0.39176,0.39218,0.39176,0.39205,11290.863125
Kraken:XRPUSD,2022-11-15T15:41:00Z,0.39221,0.39258,0.39221,0.39258,147736.73641932
Kraken:XRPUSD,2022-11-15T15:42:00Z,0.3921,0.3935,0.3921,0.3935,32781.01979092
Kraken:XRPUSD,2022-11-15T15:43:00Z,0.39329,0.39329,0.39249,0.39253,14274.25046421
Kraken:XRPUSD,2022-11-15T15:45:00Z,0.39237,0.39237,0.39237,0.39237,203.9418
Kraken:XRPUSD,2022-11-15T15:46:00Z,0.39184,0.39184,0.39182,0.39182,1348.73268624
Kraken:XRPUSD,2022-11-15T15:47:00Z,0.39075,0.39075,0.39037,0.39037,1120.56938942
Kraken:XRPUSD,2022-11-15T15:48:00Z,0.39056,0.39056,0.39055,0.39055,9878.96198683
Kraken:XRPUSD,2022-11-15T15:49:00Z,0.39024,0.39032,0.39,0.39032,22294.40595136
Kraken:XRPUSD,2022-11-15T15:50:00Z,0.39001,0.39001,0.38973,0.38973,282915.241516
Kraken:XRPUSD,2022-11-15T15:51:00Z,0.38951,0.3905,0.38951,0.3903,21609.47497795
Kraken:XRPUSD,2022-11-15T15:52:00Z,0.39036,0.39036,0.39001,0.39001,580.28509457
Kraken:XRPUSD,2022-11-15T15:53:00Z,0.39092,0.39122,0.39092,0.3911,13743.93831714
Kraken:XRPUSD,2022-11-15T15:54:00Z,0.39097,0.39201,0.39097,0.39201,135677.12240788
Kraken:XRPUSD,2022-11-15T15:55:00Z,0.39162,0.39162,0.39084,0.39084,2995.03839458
Kraken:XRPUSD,2022-11-15T15:56:00Z,0.39098,0.39098,0.39098,0.39098,56.90121095
Kraken:XRPUSD,2022-11-15T15:57:00Z,0.39066,0.39066,0.39006,0.39006,112618.07998713
Kraken:XRPUSD,2022-11-15T15:58:00Z,0.39064,0.39073,0.39064,0.39073,542.88566
Kraken:XRPUSD,2022-11-15T15:59:00Z,0.39046,0.39046,0.39046,0.39046,257.0708
Kraken:XRPUSD,2022-11-15T16:00:00Z,0.39132,0.39203,0.39132,0.39203,2714.3539
Kraken:XRPUSD,2022-11-15T16:01:00Z,0.3921,0.3921,0.39145,0.39145,3425.95222258
Kraken:XRPUSD,2022-11-15T16:02:00Z,0.39129,0.39139,0.39001,0.39001,45526.56201494
Kraken:XRPUSD,2022-11-15T16:03:00Z,0.3903,0.39092,0.3903,0.39062,6289.76272154
Kraken:XRPUSD,2022-11-15T16:04:00Z,0.3911,0.39191,0.3911,0.39191,1999.66352
Kraken:XRPUSD,2022-11-15T16:05:00Z,0.39228,0.39616,0.39228,0.39606,26887.47391802
Kraken:XRPUSD,2022-11-15T16:06:00Z,0.39466,0.39466,0.39466,0.39466,111.519
Kraken:XRPUSD,2022-11-15T16:07:00Z,0.39407,0.39407,0.39357,0.39357,2833.49461
Kraken:XRPUSD,2022-11-15T16:08:00Z,0.39463,0.39515,0.39396,0.39396,4213.10893951
Kraken:XRPUSD,2022-11-15T16:09:00Z,0.39402,0.39463,0.39402,0.39425,3080.21032799
Kraken:XRPUSD,2022-11-15T16:10:00Z,0.39464,0.39465,0.39464,0.39465,240.42455434
Kraken:XRPUSD,2022-11-15T16:11:00Z,0.39484,0.39502,0.39484,0.39488,6839.03835593
Kraken:XRPUSD,2022-11-15T16:12:00Z,0.39456,0.39492,0.39446,0.39484,14476.67014844
Kraken:XRPUSD,2022-11-15T16:13:00Z,0.39516,0.39747,0.39516,0.39722,68757.32592354
Kraken:XRPUSD,2022-11-15T16:14:00Z,0.39732,0.39732,0.39594,0.3962,53511.71726354
Kraken:XRPUSD,2022-11-15T16:15:00Z,0.39481,0.39518,0.39443,0.39518,26659.36704326
Kraken:XRPUSD,2022-11-15T16:16:00Z,0.39578,0.39652,0.39578,0.39627,1368.07589309
Kraken:XRPUSD,2022-11-15T16:17:00Z,0.39632,0.39632,0.39632,0.39632,757
Kraken:XRPUSD,2022-11-15T16:18:00Z,0.39577,0.39586,0.39577,0.39585,3525.27261366
Kraken:XRPUSD,2022-11-15T16:19:00Z,0.39587,0.39587,0.39492,0.39492,1104.24617934
Kraken:XRPUSD,2022-11-15T16:20:00Z,0.39485,0.39485,0.3947,0.3947,15.11121454
Kraken:XRPUSD,2022-11-15T16:21:00Z,0.39458,0.39458,0.39359,0.39359,6116.86323953
Kraken:XRPUSD,2022-11-15T16:22:00Z,0.39369,0.39427,0.39358,0.39382,6664.76244938
Kraken:XRPUSD,2022-11-15T16:23:00Z,0.39359,0.39423,0.39359,0.39423,258.75939849
Kraken:XRPUSD,2022-11-15T16:24:00Z,0.39422,0.39445,0.39422,0.39436,3588.26945518
Kraken:XRPUSD,2022-11-15T16:25:00Z,0.3943,0.3943,0.39314,0.39335,17198.78351459
Kraken:XRPUSD,2022-11-15T16:26:00Z,0.3931,0.3931,0.39299,0.39303,1271.24555569
Kraken:XRPUSD,2022-11-15T16:27:00Z,0.39394,0.39394,0.39394,0.39394,1203.583783
Kraken:XRPUSD,2022-11-15T16:28:00Z,0.39394,0.39394,0.39287,0.39287,12042.56011481
Kraken:XRPUSD,2022-11-15T16:29:00Z,0.39329,0.39329,0.39259,0.39259,1245.79217521
Kraken:XRPUSD,2022-11-15T16:30:00Z,0.39265,0.39324,0.39264,0.39324,8076.40040098
Kraken:XRPUSD,2022-11-15T16:31:00Z,0.39385,0.39385,0.39372,0.39376,5415.81193
Kraken:XRPUSD,2022-11-15T16:32:00Z,0.3941,0.3941,0.39348,0.39363,6381.95178061
Kraken:XRPUSD,2022-11-15T16:33:00Z,0.39371,0.39381,0.39357,0.39381,38822.23783709
Kraken:XRPUSD,2022-11-15T16:34:00Z,0.39312,0.39361,0.39311,0.39361,6205.17287548
Kraken:XRPUSD,2022-11-15T16:35:00Z,0.39315,0.39315,0.39315,0.39315,118.07198
Kraken:XRPUSD,2022-11-15T16:36:00Z,0.39314,0.39314,0.39314,0.39314,1744.82284317
Kraken:XRPUSD,2022-11-15T16:37:00Z,0.39279,0.39279,0.39279,0.39279,631.67272
Kraken:XRPUSD,2022-11-15T16:38:00Z,0.39274,0.39285,0.39219,0.39219,6433.083641
Kraken:XRPUSD,2022-11-15T16:39:00Z,0.39243,0.39243,0.39157,0.39204,3098.57483543
Kraken:XRPUSD,2022-11-15T16:40:00Z,0.39216,0.39216,0.39216,0.39216,796.51934
Kraken:XRPUSD,2022-11-15T16:41:00Z,0.39215,0.39215,0.39185,0.39192,2302.15786305
Kraken:XRPUSD,2022-11-15T16:42:00Z,0.39162,0.39162,0.39116,0.39116,2385.75192221
Kraken:XRPUSD,2022-11-15T16:43:00Z,0.39161,0.39185,0.39124,0.39137,4314.05890503
Kraken:XRPUSD,2022-11-15T16:44:00Z,0.3914,0.3914,0.3906,0.3906,67.62585646
Kraken:XRPUSD,2022-11-15T16:45:00Z,0.3907,0.39076,0.39065,0.39076,2483.5877689
Kraken:XRPUSD,2022-11-15T16:46:00Z,0.39071,0.39071,0.39071,0.39071,145.87565
Kraken:XRPUSD,2022-11-15T16:47:00Z,0.3907,0.39081,0.39056,0.39081,25716.75852585
Kraken:XRPUSD,2022-11-15T16:48:00Z,0.39065,0.39084,0.39065,0.3908,13242.84986548
Kraken:XRPUSD,2022-11-15T16:49:00Z,0.39052,0.39062,0.39052,0.39062,2394.25138
Kraken:XRPUSD,2022-11-15T16:50:00Z,0.39075,0.39075,0.39075,0.39075,2248.13970859
Kraken:XRPUSD,2022-11-15T16:51:00Z,0.3909,0.3909,0.3909,0.3909,11.09364
Kraken:XRPUSD,2022-11-15T16:52:00Z,0.39102,0.39116,0.39102,0.39116,37502.22082946
Kraken:XRPUSD,2022-11-15T16:53:00Z,0.39106,0.39106,0.39106,0.39106,520.75229
Kraken:XRPUSD,2022-11-15T16:54:00Z,0.39108,0.39108,0.39079,0.39079,22842.49173384
Kraken:XRPUSD,2022-11-15T16:55:00Z,0.39102,0.39102,0.39094,0.39094,4478.19610327
Kraken:XRPUSD,2022-11-15T16:57:00Z,0.39108,0.39108,0.39108,0.39108,5.30101472
Kraken:XRPUSD,2022-11-15T16:58:00Z,0.39107,0.39207,0.39107,0.39207,1031.61199641
Kraken:XRPUSD,2022-11-15T16:59:00Z,0.39216,0.39248,0.39216,0.39248,135.70886342
Kraken:XRPUSD,2022-11-15T17:00:00Z,0.39269,0.39269,0.39269,0.39269,466.3684
Kraken:XRPUSD,2022-11-15T17:01:00Z,0.39189,0.39189,0.39099,0.39099,10049.21006391
Kraken:XRPUSD,2022-11-15T17:03:00Z,0.39082,0.39097,0.39052,0.39052,74246.88885884
Kraken:XRPUSD,2022-11-15T17:04:00Z,0.39072,0.39116,0.39072,0.39116,2830.36904776
Kraken:XRPUSD,2022-11-15T17:05:00Z,0.39109,0.39169,0.39098,0.39098,18107.98365124
Kraken:XRPUSD,2022-11-15T17:06:00Z,0.39051,0.39078,0.39051,0.39062,2086.5479871
Kraken:XRPUSD,2022-11-15T17:07:00Z,0.39061,0.39063,0.3904,0.3904,6774.61682441
Kraken:XRPUSD,2022-11-15T17:08:00Z,0.39142,0.39199,0.39142,0.39172,8499.27130559
Kraken:XRPUSD,2022-11-15T17:11:00Z,0.39228,0.39228,0.39221,0.39221,13550.13550135
Kraken:XRPUSD,2022-11-15T17:13:00Z,0.39216,0.39221,0.39216,0.39221,462.09045
Kraken:XRPUSD,2022-11-15T17:14:00Z,0.39225,0.39225,0.39214,0.39214,8046
Kraken:XRPUSD,2022-11-15T17:15:00Z,0.39214,0.39214,0.39214,0.39214,1234.82511348
Kraken:XRPUSD,2022-11-15T17:16:00Z,0.39078,0.39078,0.39077,0.39077,1577.29056173
Kraken:XRPUSD,2022-11-15T17:18:00Z,0.39075,0.39075,0.39075,0.39075,29.302
Kraken:XRPUSD,2022-11-15T17:22:00Z,0.39029,0.39077,0.39029,0.3907,4327.23601899
Kraken:XRPUSD,2022-11-15T17:23:00Z,0.39029,0.39029,0.38904,0.38972,2785.61826496
Kraken:XRPUSD,2022-11-15T17:24:00Z,0.38921,0.38921,0.38921,0.38921,2312.76877212
Kraken:XRPUSD,2022-11-15T17:26:00Z,0.38905,0.38905,0.38905,0.38905,37.09758
Kraken:XRPUSD,2022-11-15T17:27:00Z,0.38937,0.38937,0.38911,0.38911,59056.6490112
Kraken:XRPUSD,2022-11-15T17:28:00Z,0.38923,0.38923,0.38923,0.38923,1232.243
Kraken:XRPUSD,2022-11-15T17:31:00Z,0.38964,0.38964,0.38905,0.38905,144.9764971
Kraken:XRPUSD,2022-11-15T17:32:00Z,0.38991,0.38991,0.38991,0.38991,15836.391186
Kraken:XRPUSD,2022-11-15T17:33:00Z,0.39011,0.3903,0.39011,0.39023,61433.09089341
Kraken:XRPUSD,2022-11-15T17:34:00Z,0.39034,0.39034,0.39018,0.39018,1278.24631488
Kraken:XRPUSD,2022-11-15T17:35:00Z,0.3902,0.39041,0.3902,0.39041,5170.19132445
Kraken:XRPUSD,2022-11-15T17:36:00Z,0.3906,0.3906,0.3903,0.39034,221.84357477
Kraken:XRPUSD,2022-11-15T17:37:00Z,0.39033,0.39075,0.39033,0.39073,1139.09010858
Kraken:XRPUSD,2022-11-15T17:38:00Z,0.39092,0.39092,0.39092,0.39092,365.80027114
Kraken:XRPUSD,2022-11-15T17:39:00Z,0.39086,0.39086,0.39086,0.39086,127.92304149
Kraken:XRPUSD,2022-11-15T17:40:00Z,0.3905,0.39065,0.3905,0.39065,1592.077378
Kraken:XRPUSD,2022-11-15T17:43:00Z,0.3903,0.39062,0.3901,0.39062,9134.9999
Kraken:XRPUSD,2022-11-15T17:44:00Z,0.39017,0.39017,0.39017,0.39017,73.03824
Kraken:XRPUSD,2022-11-15T17:45:00Z,0.38971,0.38971,0.38971,0.38971,512.51795608
Kraken:XRPUSD,2022-11-15T17:47:00Z,0.38961,0.38961,0.3896,0.3896,8489.33126934
Kraken:XRPUSD,2022-11-15T17:48:00Z,0.38957,0.38957,0.38954,0.38954,660.08035011
Kraken:XRPUSD,2022-11-15T17:49:00Z,0.38952,0.38952,0.38927,0.38927,609.89110386
Kraken:XRPUSD,2022-11-15T17:50:00Z,0.38933,0.38933,0.38899,0.38899,1179.27053815
Kraken:XRPUSD,2022-11-15T17:51:00Z,0.38927,0.38927,0.38925,0.38925,14948.00556472
Kraken:XRPUSD,2022-11-15T17:52:00Z,0.38907,0.38907,0.38899,0.38899,2401.69552429
Kraken:XRPUSD,2022-11-15T17:53:00Z,0.38912,0.38928,0.38912,0.38927,5075.99811845
Kraken:XRPUSD,2022-11-15T17:54:00Z,0.38952,0.38952,0.38952,0.38952,2E+4
Kraken:XRPUSD,2022-11-15T17:55:00Z,0.38988,0.38989,0.38988,0.38989,21.51896947
Kraken:XRPUSD,2022-11-15T17:56:00Z,0.38989,0.38989,0.38989,0.38989,587.00168559
Kraken:XRPUSD,2022-11-15T17:57:00Z,0.39024,0.39024,0.39024,0.39024,1.5E+2
Kraken:XRPUSD,2022-11-15T18:00:00Z,0.39039,0.39061,0.39039,0.39061,331.32365012
Kraken:XRPUSD,2022-11-15T18:01:00Z,0.39074,0.39074,0.39061,0.39061,1329.92465578
Kraken:XRPUSD,2022-11-15T18:02:00Z,0.39042,0.39042,0.39042,0.39042,337.01082246
Kraken:XRPUSD,2022-11-15T18:03:00Z,0.39036,0.39036,0.38957,0.38958,4471.22275877
Kraken:XRPUSD,2022-11-15T18:04:00Z,0.38982,0.39004,0.38966,0.38966,2147.95703696
Kraken:XRPUSD,2022-11-15T18:05:00Z,0.38921,0.38921,0.38891,0.38891,4046.71642558
Kraken:XRPUSD,2022-11-15T18:06:00Z,0.38913,0.38913,0.38913,0.38913,661.34584919
Kraken:XRPUSD,2022-11-15T18:07:00Z,0.38876,0.38876,0.38858,0.38858,896.59029729
Kraken:XRPUSD,2022-11-15T18:08:00Z,0.38835,0.38835,0.38835,0.38835,391.67556998
Kraken:XRPUSD,2022-11-15T18:09:00Z,0.38823,0.38823,0.38793,0.38793,1149.29099999
Kraken:XRPUSD,2022-11-15T18:10:00Z,0.38841,0.38861,0.38841,0.38861,724
Kraken:XRPUSD,2022-11-15T18:11:00Z,0.38845,0.38845,0.38788,0.38805,3664.43441736
Kraken:XRPUSD,2022-11-15T18:12:00Z,0.38767,0.38768,0.38767,0.38768,275.96530977
Kraken:XRPUSD,2022-11-15T18:13:00Z,0.38795,0.38803,0.38786,0.38786,1318.09626812
Kraken:XRPUSD,2022-11-15T18:14:00Z,0.38802,0.38802,0.38802,0.38802,1546.31204577
Kraken:XRPUSD,2022-11-15T18:15:00Z,0.38793,0.38793,0.38755,0.38755,18877.8010542
Kraken:XRPUSD,2022-11-15T18:16:00Z,0.38781,0.38793,0.38771,0.3879,6896.88740782
Kraken:XRPUSD,2022-11-15T18:17:00Z,0.38803,0.38803,0.38803,0.38803,1723.3766112
Kraken:XRPUSD,2022-11-15T18:18:00Z,0.38833,0.38833,0.38833,0.38833,4E+2
Kraken:XRPUSD,2022-11-15T18:19:00Z,0.38757,0.38757,0.38626,0.3864,30823.61152046
Kraken:XRPUSD,2022-11-15T18:20:00Z,0.38586,0.38597,0.38584,0.38584,18152.15562506
Kraken:XRPUSD,2022-11-15T18:21:00Z,0.38597,0.38606,0.38562,0.386,2.23E+5
Kraken:XRPUSD,2022-11-15T18:22:00Z,0.3855,0.3855,0.3855,0.3855,259.40337223
Kraken:XRPUSD,2022-11-15T18:23:00Z,0.38533,0.38533,0.38502,0.38518,8540.5217367
Kraken:XRPUSD,2022-11-15T18:24:00Z,0.38552,0.3857,0.38552,0.3857,4576.65115115
Kraken:XRPUSD,2022-11-15T18:25:00Z,0.3857,0.38604,0.3857,0.38604,1152.33241845
Kraken:XRPUSD,2022-11-15T18:26:00Z,0.38571,0.38571,0.38571,0.38571,2239.40562755
Kraken:XRPUSD,2022-11-15T18:27:00Z,0.385,0.385,0.38376,0.38377,8397.00304475
Kraken:XRPUSD,2022-11-15T18:28:00Z,0.38376,0.38381,0.3833,0.38381,5465.65606244
Kraken:XRPUSD,2022-11-15T18:29:00Z,0.38335,0.38384,0.38335,0.38376,389.95603354
Kraken:XRPUSD,2022-11-15T18:30:00Z,0.38383,0.38501,0.38363,0.38459,27358.51576664
Kraken:XRPUSD,2022-11-15T18:31:00Z,0.38427,0.38427,0.38215,0.38215,8752.62970646
Kraken:XRPUSD,2022-11-15T18:32:00Z,0.38207,0.38207,0.38043,0.38043,38458.62775159
Kraken:XRPUSD,2022-11-15T18:33:00Z,0.38136,0.38193,0.38037,0.38037,14462.94846802
Kraken:XRPUSD,2022-11-15T18:34:00Z,0.38025,0.38038,0.3792,0.3792,300651
Kraken:XRPUSD,2022-11-15T18:35:00Z,0.37999,0.37999,0.37936,0.37936,7.15E+3
Kraken:XRPUSD,2022-11-15T18:36:00Z,0.38038,0.38038,0.37937,0.37937,12622.70925481
Kraken:XRPUSD,2022-11-15T18:37:00Z,0.37913,0.37946,0.37887,0.37887,5502.93655926
Kraken:XRPUSD,2022-11-15T18:38:00Z,0.37879,0.37879,0.37823,0.37823,7902.36145602
Kraken:XRPUSD,2022-11-15T18:39:00Z,0.37815,0.37875,0.37784,0.37851,43744.39918147
Kraken:XRPUSD,2022-11-15T18:40:00Z,0.37842,0.37844,0.37823,0.37823,14797.240995
Kraken:XRPUSD,2022-11-15T18:41:00Z,0.37859,0.37859,0.37779,0.37779,8074.00040487
Kraken:XRPUSD,2022-11-15T18:43:00Z,0.37943,0.37943,0.37837,0.37837,52325.91299517
Kraken:XRPUSD,2022-11-15T18:44:00Z,0.3794,0.38034,0.37851,0.37878,13438.65412282
Kraken:XRPUSD,2022-11-15T18:45:00Z,0.37866,0.37931,0.37848,0.37931,33186.17668181
Kraken:XRPUSD,2022-11-15T18:46:00Z,0.37965,0.38003,0.37957,0.38003,2938.89241647
Kraken:XRPUSD,2022-11-15T18:47:00Z,0.37978,0.38065,0.37978,0.38043,7228.82510549
Kraken:XRPUSD,2022-11-15T18:48:00Z,0.38042,0.38042,0.38042,0.38042,9.1E+2
Kraken:XRPUSD,2022-11-15T18:50:00Z,0.37939,0.37939,0.37939,0.37939,543
Kraken:XRPUSD,2022-11-15T18:51:00Z,0.3793,0.37947,0.3793,0.37947,689.17129335
Kraken:XRPUSD,2022-11-15T18:52:00Z,0.37951,0.37998,0.37951,0.37995,5104.92859021
Kraken:XRPUSD,2022-11-15T18:53:00Z,0.37954,0.37954,0.37886,0.37886,18081.17465325
Kraken:XRPUSD,2022-11-15T18:54:00Z,0.37925,0.37925,0.37872,0.37911,2666.911059
Kraken:XRPUSD,2022-11-15T18:55:00Z,0.37882,0.37918,0.37868,0.37892,6662.33310397
Kraken:XRPUSD,2022-11-15T18:57:00Z,0.37984,0.38019,0.37984,0.38019,25018.71615941
Kraken:XRPUSD,2022-11-15T18:58:00Z,0.38007,0.38007,0.37984,0.37984,26655
Kraken:XRPUSD,2022-11-15T18:59:00Z,0.37986,0.38033,0.37986,0.38008,17907.65865217
Kraken:XRPUSD,2022-11-15T19:00:00Z,0.37983,0.37992,0.3795,0.37987,2253.38831148
Kraken:XRPUSD,2022-11-15T19:01:00Z,0.38117,0.38118,0.38078,0.38078,2256.11038248
Kraken:XRPUSD,2022-11-15T19:02:00Z,0.38001,0.38001,0.37924,0.37924,1278.12735167
Kraken:XRPUSD,2022-11-15T19:03:00Z,0.37867,0.3789,0.3785,0.3785,2365.8103203
Kraken:XRPUSD,2022-11-15T19:04:00Z,0.37804,0.37808,0.37603,0.37603,27449.31329676
Kraken:XRPUSD,2022-11-15T19:05:00Z,0.37628,0.37753,0.37625,0.37718,18931.28729372
Kraken:XRPUSD,2022-11-15T19:06:00Z,0.37725,0.37765,0.37725,0.37765,228.85013495
Kraken:XRPUSD,2022-11-15T19:07:00Z,0.37765,0.37765,0.37689,0.37689,9471.90619079
Kraken:XRPUSD,2022-11-15T19:08:00Z,0.37693,0.37719,0.37688,0.37688,3984.16752956
Kraken:XRPUSD,2022-11-15T19:09:00Z,0.37696,0.37696,0.37696,0.37696,6
Kraken:XRPUSD,2022-11-15T19:10:00Z,0.37778,0.37973,0.37778,0.37973,7190.95616413
Kraken:XRPUSD,2022-11-15T19:11:00Z,0.37997,0.38049,0.37997,0.37998,470.77797725
Kraken:XRPUSD,2022-11-15T19:13:00Z,0.38008,0.38032,0.38008,0.38028,6490.48934691
Kraken:XRPUSD,2022-11-15T19:14:00Z,0.38066,0.38072,0.38066,0.38072,3742.264
Kraken:XRPUSD,2022-11-15T19:15:00Z,0.37983,0.37983,0.37983,0.37983,10.04428756
Kraken:XRPUSD,2022-11-15T19:16:00Z,0.38,0.38048,0.38,0.38048,7633.51555
Kraken:XRPUSD,2022-11-15T19:17:00Z,0.38107,0.38112,0.38083,0.38112,1793.38685387
Kraken:XRPUSD,2022-11-15T19:18:00Z,0.38129,0.38216,0.38113,0.38216,24294.87006453
Kraken:XRPUSD,2022-11-15T19:19:00Z,0.38222,0.38237,0.38172,0.38172,411.10683503
Kraken:XRPUSD,2022-11-15T19:20:00Z,0.3826,0.3827,0.38238,0.38242,4812.02712116
Kraken:XRPUSD,2022-11-15T19:21:00Z,0.38229,0.38229,0.38229,0.38229,1538.57251
Kraken:XRPUSD,2022-11-15T19:22:00Z,0.38231,0.38237,0.38231,0.38237,1655.40366
Kraken:XRPUSD,2022-11-15T19:23:00Z,0.38172,0.382,0.38131,0.38131,36281.27994433
Kraken:XRPUSD,2022-11-15T19:24:00Z,0.38278,0.38301,0.38263,0.38301,3710.39476925
Kraken:XRPUSD,2022-11-15T19:25:00Z,0.38287,0.38287,0.38261,0.38261,20365.26628
Kraken:XRPUSD,2022-11-15T19:26:00Z,0.382,0.382,0.382,0.382,2489.58815323
Kraken:XRPUSD,2022-11-15T19:27:00Z,0.38193,0.38223,0.38193,0.38222,16595.26667133
Kraken:XRPUSD,2022-11-15T19:28:00Z,0.3819,0.3819,0.38182,0.38182,6846.85183112
Kraken:XRPUSD,2022-11-15T19:29:00Z,0.38196,0.38196,0.38196,0.38196,738.864295
Kraken:XRPUSD,2022-11-15T19:30:00Z,0.38195,0.38195,0.3818,0.38182,1404.04219498
Kraken:XRPUSD,2022-11-15T19:31:00Z,0.38187,0.38196,0.38187,0.38189,408.34503614
Kraken:XRPUSD,2022-11-15T19:32:00Z,0.38196,0.38234,0.38195,0.38234,23232.74916024
Kraken:XRPUSD,2022-11-15T19:36:00Z,0.38282,0.38315,0.38282,0.38314,6017.61345
Kraken:XRPUSD,2022-11-15T19:37:00Z,0.38228,0.38228,0.38228,0.38228,261.57467957
Kraken:XRPUSD,2022-11-15T19:38:00Z,0.38233,0.38255,0.38233,0.38255,183.56741
Kraken:XRPUSD,2022-11-15T19:40:00Z,0.38238,0.38238,0.38238,0.38238,24.11265
Kraken:XRPUSD,2022-11-15T19:42:00Z,0.38276,0.38276,0.38276,0.38276,575
Kraken:XRPUSD,2022-11-15T19:43:00Z,0.38285,0.38285,0.38283,0.38283,96.59980185
Kraken:XRPUSD,2022-11-15T19:44:00Z,0.38248,0.38252,0.38248,0.38252,2122.7407746
Kraken:XRPUSD,2022-11-15T19:45:00Z,0.38245,0.38245,0.38245,0.38245,30.42446471
Kraken:XRPUSD,2022-11-15T19:46:00Z,0.38257,0.38257,0.38257,0.38257,95.61897627
Kraken:XRPUSD,2022-11-15T19:47:00Z,0.38157,0.38157,0.38157,0.38157,1E+1
Kraken:XRPUSD,2022-11-15T19:49:00Z,0.38196,0.38204,0.38196,0.38204,265.05169
Kraken:XRPUSD,2022-11-15T19:50:00Z,0.38183,0.38183,0.38183,0.38183,8.48324105
Kraken:XRPUSD,2022-11-15T19:51:00Z,0.38207,0.3822,0.38206,0.3822,12563.25004874
Kraken:XRPUSD,2022-11-15T19:52:00Z,0.38218,0.38218,0.38218,0.38218,261.65681092
Kraken:XRPUSD,2022-11-15T19:58:00Z,0.38365,0.38411,0.38365,0.38411,353.02715405
Kraken:XRPUSD,2022-11-15T19:59:00Z,0.38395,0.3841,0.38377,0.3841,31025.45712949
Kraken:XRPUSD,2022-11-15T20:00:00Z,0.38431,0.385,0.38431,0.385,1938.53438564
Kraken:XRPUSD,2022-11-15T20:01:00Z,0.38516,0.38532,0.38516,0.38532,9606.74886437
Kraken:XRPUSD,2022-11-15T20:03:00Z,0.3855,0.3855,0.3855,0.3855,457.38403695
Kraken:XRPUSD,2022-11-15T20:04:00Z,0.38577,0.38577,0.38577,0.38577,44.0840397
Kraken:XRPUSD,2022-11-15T20:06:00Z,0.38394,0.38394,0.3839,0.3839,1658.30018712
Kraken:XRPUSD,2022-11-15T20:08:00Z,0.38411,0.38411,0.38377,0.38377,32319.18919472
Kraken:XRPUSD,2022-11-15T20:09:00Z,0.38384,0.38384,0.38384,0.38384,559.22285326
Kraken:XRPUSD,2022-11-15T20:10:00Z,0.38406,0.38406,0.38406,0.38406,75.12810498
Kraken:XRPUSD,2022-11-15T20:11:00Z,0.38354,0.38354,0.38354,0.38354,28.02
Kraken:XRPUSD,2022-11-15T20:12:00Z,0.38303,0.38303,0.38303,0.38303,261.08297216
Kraken:XRPUSD,2022-11-15T20:13:00Z,0.3833,0.3833,0.3833,0.3833,1033.2366396
Kraken:XRPUSD,2022-11-15T20:15:00Z,0.38341,0.38352,0.38336,0.38336,4003
Kraken:XRPUSD,2022-11-15T20:16:00Z,0.38311,0.38311,0.38311,0.38311,5E+1
Kraken:XRPUSD,2022-11-15T20:18:00Z,0.38301,0.38301,0.38301,0.38301,5
Kraken:XRPUSD,2022-11-15T20:21:00Z,0.38308,0.38308,0.38279,0.38279,9655.84623733
Kraken:XRPUSD,2022-11-15T20:22:00Z,0.38314,0.38314,0.38314,0.38314,13.2776
Kraken:XRPUSD,2022-11-15T20:23:00Z,0.38314,0.38314,0.38312,0.38312,63.44268
Kraken:XRPUSD,2022-11-15T20:24:00Z,0.38304,0.38315,0.38297,0.38297,931.77487959
Kraken:XRPUSD,2022-11-15T20:25:00Z,0.38325,0.38368,0.38325,0.38368,1236.83968
Kraken:XRPUSD,2022-11-15T20:26:00Z,0.38462,0.38462,0.38462,0.38462,566.69102547
Kraken:XRPUSD,2022-11-15T20:27:00Z,0.38463,0.38463,0.38394,0.38415,1118.69354059
Kraken:XRPUSD,2022-11-15T20:28:00Z,0.38398,0.38398,0.38398,0.38398,130.1778229
Kraken:XRPUSD,2022-11-15T20:30:00Z,0.38395,0.38395,0.38395,0.38395,4348.85167338
Kraken:XRPUSD,2022-11-15T20:31:00Z,0.38379,0.38379,0.38379,0.38379,260.75619295
Kraken:XRPUSD,2022-11-15T20:32:00Z,0.384,0.384,0.38394,0.38394,24024.81338059
Kraken:XRPUSD,2022-11-15T20:33:00Z,0.38367,0.38367,0.38367,0.38367,1E+1
Kraken:XRPUSD,2022-11-15T20:34:00Z,0.38242,0.38242,0.38242,0.38242,16.29936825
Kraken:XRPUSD,2022-11-15T20:35:00Z,0.38242,0.38329,0.38242,0.38329,1524.51308949
Kraken:XRPUSD,2022-11-15T20:36:00Z,0.38324,0.38327,0.38324,0.38327,483.68587152
Kraken:XRPUSD,2022-11-15T20:37:00Z,0.38255,0.38255,0.38249,0.38249,2E+4
Kraken:XRPUSD,2022-11-15T20:38:00Z,0.38267,0.38267,0.38267,0.38267,629.78545483
Kraken:XRPUSD,2022-11-15T20:40:00Z,0.38295,0.38295,0.38295,0.38295,1E+1
Kraken:XRPUSD,2022-11-15T20:41:00Z,0.38296,0.38296,0.38296,0.38296,39593.88586949
Kraken:XRPUSD,2022-11-15T20:42:00Z,0.38258,0.38258,0.38241,0.38241,27483.92402927
Kraken:XRPUSD,2022-11-15T20:43:00Z,0.38235,0.38235,0.38235,0.38235,3E+3
Kraken:XRPUSD,2022-11-15T20:44:00Z,0.38244,0.38244,0.38198,0.38198,161.47639
Kraken:XRPUSD,2022-11-15T20:45:00Z,0.38199,0.382,0.38145,0.38155,20747.08552609
Kraken:XRPUSD,2022-11-15T20:49:00Z,0.3822,0.3822,0.38167,0.38167,819.68771688
Kraken:XRPUSD,2022-11-15T20:50:00Z,0.38154,0.38179,0.38154,0.38179,2919.518
Kraken:XRPUSD,2022-11-15T20:51:00Z,0.38144,0.38144,0.38037,0.38037,239.19750475
Kraken:XRPUSD,2022-11-15T20:52:00Z,0.3804,0.3804,0.38036,0.38036,796.36502656
Kraken:XRPUSD,2022-11-15T20:54:00Z,0.38065,0.38065,0.38065,0.38065,177.25691
Kraken:XRPUSD,2022-11-15T20:56:00Z,0.38058,0.38072,0.38058,0.38072,3956.4097834
Kraken:XRPUSD,2022-11-15T20:57:00Z,0.38169,0.38169,0.38169,0.38169,382.1841
Kraken:XRPUSD,2022-11-15T20:58:00Z,0.38143,0.3816,0.38139,0.3816,11775.72218
Kraken:XRPUSD,2022-11-15T21:01:00Z,0.38307,0.38381,0.38307,0.3838,22971.02693911
Kraken:XRPUSD,2022-11-15T21:03:00Z,0.38323,0.38376,0.38321,0.38366,2244.09861
Kraken:XRPUSD,2022-11-15T21:04:00Z,0.38363,0.38363,0.38363,0.38363,157.75401841
Kraken:XRPUSD,2022-11-15T21:08:00Z,0.38344,0.38344,0.38344,0.38344,103.19935
Kraken:XRPUSD,2022-11-15T21:09:00Z,0.38357,0.38368,0.38357,0.38368,1296.328023
Kraken:XRPUSD,2022-11-15T21:10:00Z,0.38389,0.38391,0.38369,0.38369,3135.83667394
Kraken:XRPUSD,2022-11-15T21:11:00Z,0.38391,0.38391,0.38391,0.38391,12665.7107975
Kraken:XRPUSD,2022-11-15T21:12:00Z,0.38391,0.38391,0.38391,0.38391,0.0000025
Kraken:XRPUSD,2022-11-15T21:13:00Z,0.38276,0.3831,0.38276,0.38306,20749.78892241
Kraken:XRPUSD,2022-11-15T21:15:00Z,0.38413,0.38413,0.38413,0.38413,90.0794064
Kraken:XRPUSD,2022-11-15T21:17:00Z,0.38405,0.38405,0.38405,0.38405,162.10812691
Kraken:XRPUSD,2022-11-15T21:18:00Z,0.38389,0.38417,0.38389,0.38417,444
Kraken:XRPUSD,2022-11-15T21:19:00Z,0.38405,0.3842,0.38405,0.3842,292.312
Kraken:XRPUSD,2022-11-15T21:20:00Z,0.38444,0.38509,0.38444,0.38507,3472.47627112
Kraken:XRPUSD,2022-11-15T21:21:00Z,0.38477,0.38477,0.38477,0.38477,5.9532069
Kraken:XRPUSD,2022-11-15T21:23:00Z,0.38402,0.38488,0.38397,0.38488,7810.67688132
Kraken:XRPUSD,2022-11-15T21:24:00Z,0.38508,0.38508,0.38478,0.38505,10069
Kraken:XRPUSD,2022-11-15T21:25:00Z,0.38495,0.38495,0.38495,0.38495,3634.06669573
Kraken:XRPUSD,2022-11-15T21:26:00Z,0.38504,0.38508,0.38504,0.38508,944.716757
Kraken:XRPUSD,2022-11-15T21:28:00Z,0.38525,0.38525,0.38509,0.38525,3517.47228455
Kraken:XRPUSD,2022-11-15T21:29:00Z,0.3845,0.3845,0.3845,0.3845,635.67139941
Kraken:XRPUSD,2022-11-15T21:30:00Z,0.38456,0.38456,0.38418,0.38418,690.6863157
Kraken:XRPUSD,2022-11-15T21:32:00Z,0.38467,0.38467,0.38397,0.38397,4825.1494511
Kraken:XRPUSD,2022-11-15T21:33:00Z,0.38404,0.38423,0.38344,0.38423,3221.46170094
Kraken:XRPUSD,2022-11-15T21:34:00Z,0.38408,0.38408,0.3836,0.38383,1997.10248998
Kraken:XRPUSD,2022-11-15T21:35:00Z,0.3837,0.38439,0.3837,0.3843,1999.37843012
Kraken:XRPUSD,2022-11-15T21:36:00Z,0.38506,0.38523,0.38462,0.38464,2614.89728479
Kraken:XRPUSD,2022-11-15T21:37:00Z,0.3848,0.3848,0.3848,0.3848,335.78467372
Kraken:XRPUSD,2022-11-15T21:38:00Z,0.38468,0.38468,0.38461,0.38461,58.873066
Kraken:XRPUSD,2022-11-15T21:39:00Z,0.38451,0.38451,0.38451,0.38451,5
Kraken:XRPUSD,2022-11-15T21:40:00Z,0.38479,0.38479,0.38479,0.38479,93.831237
Kraken:XRPUSD,2022-11-15T21:41:00Z,0.38535,0.38566,0.3852,0.38558,4671.73566856
Kraken:XRPUSD,2022-11-15T21:42:00Z,0.38566,0.38595,0.38542,0.38559,8418.82844784
Kraken:XRPUSD,2022-11-15T21:43:00Z,0.38539,0.38547,0.38503,0.38527,1751.01334203
Kraken:XRPUSD,2022-11-15T21:44:00Z,0.38527,0.38536,0.38494,0.38497,5783.09433106
Kraken:XRPUSD,2022-11-15T21:45:00Z,0.38497,0.38699,0.38497,0.38679,48729.19501995
Kraken:XRPUSD,2022-11-15T21:46:00Z,0.3868,0.38681,0.38631,0.38631,1430.00305872
Kraken:XRPUSD,2022-11-15T21:47:00Z,0.38609,0.38609,0.38598,0.38598,2658.21205568
Kraken:XRPUSD,2022-11-15T21:48:00Z,0.38598,0.38598,0.38598,0.38598,1.3E+3
Kraken:XRPUSD,2022-11-15T21:49:00Z,0.38598,0.38641,0.38598,0.38641,2.35E+4
Kraken:XRPUSD,2022-11-15T21:50:00Z,0.38633,0.38696,0.38633,0.38696,1056.72691077
Kraken:XRPUSD,2022-11-15T21:51:00Z,0.38653,0.38768,0.38653,0.38768,4843.74743734
Kraken:XRPUSD,2022-11-15T21:52:00Z,0.3874,0.38777,0.38739,0.38751,2584.45787
Kraken:XRPUSD,2022-11-15T21:53:00Z,0.3875,0.3888,0.38732,0.3888,33045.91181223
Kraken:XRPUSD,2022-11-15T21:54:00Z,0.38882,0.38889,0.38795,0.38795,10332.49644186
Kraken:XRPUSD,2022-11-15T21:55:00Z,0.38855,0.38855,0.38812,0.38824,3704.54509
Kraken:XRPUSD,2022-11-15T21:56:00Z,0.38724,0.38726,0.38666,0.38666,2336.85633694
Kraken:XRPUSD,2022-11-15T21:57:00Z,0.38716,0.38718,0.38695,0.38695,2760.98820311
Kraken:XRPUSD,2022-11-15T21:58:00Z,0.38698,0.38698,0.38664,0.38664,4860.64046718
Kraken:XRPUSD,2022-11-15T21:59:00Z,0.38656,0.387,0.38656,0.387,4428.72942241
Kraken:XRPUSD,2022-11-15T22:00:00Z,0.38655,0.38672,0.38655,0.38672,1536.90334
Kraken:XRPUSD,2022-11-15T22:01:00Z,0.38606,0.38606,0.38606,0.38606,5398.2
Kraken:XRPUSD,2022-11-15T22:02:00Z,0.38572,0.38578,0.38565,0.38565,412.48915395
Kraken:XRPUSD,2022-11-15T22:03:00Z,0.38571,0.38622,0.38571,0.38622,927.04610366
Kraken:XRPUSD,2022-11-15T22:04:00Z,0.387,0.38752,0.387,0.38752,6995.39936996
Kraken:XRPUSD,2022-11-15T22:05:00Z,0.38782,0.38791,0.38777,0.38777,5722.53441081
Kraken:XRPUSD,2022-11-15T22:06:00Z,0.38738,0.38738,0.38738,0.38738,2762.49457152
Kraken:XRPUSD,2022-11-15T22:07:00Z,0.38773,0.38773,0.38773,0.38773,53.6937
Kraken:XRPUSD,2022-11-15T22:08:00Z,0.38775,0.38775,0.38734,0.38739,3066.21121252
Kraken:XRPUSD,2022-11-15T22:09:00Z,0.38791,0.38866,0.38791,0.38865,10952.70684999
Kraken:XRPUSD,2022-11-15T22:10:00Z,0.38864,0.38922,0.38863,0.38898,8472.79751735
Kraken:XRPUSD,2022-11-15T22:11:00Z,0.38837,0.38864,0.38837,0.38864,426.16300626
Kraken:XRPUSD,2022-11-15T22:12:00Z,0.38838,0.38845,0.38799,0.38799,7935.90600001
Kraken:XRPUSD,2022-11-15T22:13:00Z,0.38778,0.38778,0.38766,0.38766,5563.58349439
Kraken:XRPUSD,2022-11-15T22:14:00Z,0.38756,0.38756,0.38756,0.38756,1125.34
Kraken:XRPUSD,2022-11-15T22:15:00Z,0.38687,0.38687,0.38677,0.38677,79.0526735
Kraken:XRPUSD,2022-11-15T22:16:00Z,0.38666,0.38666,0.38647,0.38647,1717.7128
Kraken:XRPUSD,2022-11-15T22:17:00Z,0.38609,0.38618,0.38609,0.38618,964.306
Kraken:XRPUSD,2022-11-15T22:18:00Z,0.38576,0.38608,0.38568,0.38608,2602.57668303
Kraken:XRPUSD,2022-11-15T22:19:00Z,0.38648,0.38648,0.38648,0.38648,750.71188195
Kraken:XRPUSD,2022-11-15T22:20:00Z,0.38694,0.38694,0.38694,0.38694,38.77734205
Kraken:XRPUSD,2022-11-15T22:21:00Z,0.38678,0.38678,0.38658,0.38658,1447.64357298
Kraken:XRPUSD,2022-11-15T22:23:00Z,0.38682,0.38682,0.38682,0.38682,223.20696666
Kraken:XRPUSD,2022-11-15T22:24:00Z,0.38729,0.38729,0.38678,0.38678,1478.55935
Kraken:XRPUSD,2022-11-15T22:25:00Z,0.38751,0.38751,0.38751,0.38751,653.1438
Kraken:XRPUSD,2022-11-15T22:26:00Z,0.38757,0.38791,0.38757,0.38759,4987.33351155
Kraken:XRPUSD,2022-11-15T22:27:00Z,0.38754,0.38763,0.38733,0.38733,6498.16267702
Kraken:XRPUSD,2022-11-15T22:28:00Z,0.38823,0.38823,0.38823,0.38823,783
Kraken:XRPUSD,2022-11-15T22:29:00Z,0.38825,0.38825,0.38825,0.38825,173.52559
Kraken:XRPUSD,2022-11-15T22:30:00Z,0.3888,0.3888,0.3888,0.3888,679
Kraken:XRPUSD,2022-11-15T22:31:00Z,0.389,0.389,0.38878,0.38878,6623.79499999
Kraken:XRPUSD,2022-11-15T22:32:00Z,0.38854,0.38872,0.38854,0.38872,25737.37581716
Kraken:XRPUSD,2022-11-15T22:33:00Z,0.38814,0.38866,0.38812,0.38864,2289.896051
Kraken:XRPUSD,2022-11-15T22:34:00Z,0.38905,0.39023,0.38905,0.38956,77315.11683164
Kraken:XRPUSD,2022-11-15T22:36:00Z,0.38933,0.38968,0.38933,0.38968,6196.14381869
Kraken:XRPUSD,2022-11-15T22:37:00Z,0.38976,0.38981,0.38976,0.38979,7921.865
Kraken:XRPUSD,2022-11-15T22:39:00Z,0.38896,0.38896,0.38874,0.38874,338.52208
Kraken:XRPUSD,2022-11-15T22:40:00Z,0.38814,0.38814,0.38793,0.38793,4687.5030923
Kraken:XRPUSD,2022-11-15T22:41:00Z,0.38791,0.38809,0.38771,0.38772,5842.54788418
Kraken:XRPUSD,2022-11-15T22:42:00Z,0.38733,0.38733,0.38687,0.38687,775.21855465
Kraken:XRPUSD,2022-11-15T22:46:00Z,0.38759,0.38761,0.38759,0.38761,52.24727
Kraken:XRPUSD,2022-11-15T22:50:00Z,0.3869,0.3869,0.3869,0.3869,12302.92065133
Kraken:XRPUSD,2022-11-15T22:51:00Z,0.38773,0.38773,0.38762,0.38762,1383.64732188
Kraken:XRPUSD,2022-11-15T22:52:00Z,0.38719,0.38719,0.38719,0.38719,1515.71877778
Kraken:XRPUSD,2022-11-15T22:53:00Z,0.38778,0.38811,0.38778,0.38811,6.8E+2
Kraken:XRPUSD,2022-11-15T22:55:00Z,0.38797,0.38797,0.38797,0.38797,638.48493386
Kraken:XRPUSD,2022-11-15T22:56:00Z,0.38803,0.38846,0.38802,0.38845,5449
Kraken:XRPUSD,2022-11-15T22:57:00Z,0.38839,0.38929,0.38839,0.38916,17550.23398762
Kraken:XRPUSD,2022-11-15T22:58:00Z,0.38946,0.38946,0.38915,0.38915,785.25145
Kraken:XRPUSD,2022-11-15T22:59:00Z,0.38845,0.3887,0.38845,0.38867,143142.64301547
Kraken:XRPUSD,2022-11-15T23:00:00Z,0.38866,0.38866,0.38775,0.38799,26059.49641568
Kraken:XRPUSD,2022-11-15T23:01:00Z,0.38791,0.38791,0.38769,0.38777,3076.93984
Kraken:XRPUSD,2022-11-15T23:03:00Z,0.38757,0.38757,0.38695,0.38695,42.12418
Kraken:XRPUSD,2022-11-15T23:04:00Z,0.3868,0.38711,0.38665,0.38665,4561.68402001
Kraken:XRPUSD,2022-11-15T23:05:00Z,0.38704,0.38704,0.38704,0.38704,1133
Kraken:XRPUSD,2022-11-15T23:06:00Z,0.38703,0.38703,0.38703,0.38703,5E+2
Kraken:XRPUSD,2022-11-15T23:08:00Z,0.38576,0.38576,0.38539,0.38539,905.2947035
Kraken:XRPUSD,2022-11-15T23:09:00Z,0.38556,0.38558,0.38556,0.38558,7318.6546565
Kraken:XRPUSD,2022-11-15T23:10:00Z,0.38621,0.38621,0.38621,0.38621,424.38877407
Kraken:XRPUSD,2022-11-15T23:11:00Z,0.38638,0.38649,0.38638,0.38649,1016.6133
Kraken:XRPUSD,2022-11-15T23:12:00Z,0.38678,0.38678,0.38677,0.38677,7.66E+3
Kraken:XRPUSD,2022-11-15T23:14:00Z,0.38701,0.38701,0.38668,0.38668,1173.1979
Kraken:XRPUSD,2022-11-15T23:17:00Z,0.38756,0.3877,0.3875,0.3875,81783.05121
Kraken:XRPUSD,2022-11-15T23:18:00Z,0.38732,0.38733,0.38721,0.38732,1591.62132
Kraken:XRPUSD,2022-11-15T23:19:00Z,0.3871,0.38713,0.38657,0.38697,7683.02433371
Kraken:XRPUSD,2022-11-15T23:21:00Z,0.38725,0.38725,0.38725,0.38725,116.94304
Kraken:XRPUSD,2022-11-15T23:22:00Z,0.38717,0.38717,0.38716,0.38716,9E+3
Kraken:XRPUSD,2022-11-15T23:23:00Z,0.38652,0.38652,0.38603,0.38603,64.22473734
Kraken:XRPUSD,2022-11-15T23:24:00Z,0.38589,0.38589,0.38589,0.38589,8.8954
Kraken:XRPUSD,2022-11-15T23:25:00Z,0.38625,0.38641,0.38624,0.38624,2371.45936245
Kraken:XRPUSD,2022-11-15T23:26:00Z,0.38629,0.38629,0.38579,0.38579,4E+3
Kraken:XRPUSD,2022-11-15T23:27:00Z,0.385,0.385,0.38453,0.38453,336.82048251
Kraken:XRPUSD,2022-11-15T23:28:00Z,0.38457,0.38457,0.38457,0.38457,808.30777617
Kraken:XRPUSD,2022-11-15T23:29:00Z,0.38536,0.38537,0.38536,0.38537,5E+3
Kraken:XRPUSD,2022-11-15T23:34:00Z,0.38725,0.38752,0.38725,0.38752,729.71213
Kraken:XRPUSD,2022-11-15T23:35:00Z,0.38683,0.38683,0.38677,0.38677,755.15392999
Kraken:XRPUSD,2022-11-15T23:37:00Z,0.38795,0.38821,0.38792,0.38821,1591
Kraken:XRPUSD,2022-11-15T23:38:00Z,0.38819,0.38819,0.38819,0.38819,1E+3
Kraken:XRPUSD,2022-11-15T23:39:00Z,0.38855,0.3895,0.38855,0.3895,11234.44295608
Kraken:XRPUSD,2022-11-15T23:40:00Z,0.39,0.3901,0.38983,0.38983,2006.57602799
Kraken:XRPUSD,2022-11-15T23:41:00Z,0.38928,0.38928,0.38928,0.38928,5.0769
Kraken:XRPUSD,2022-11-15T23:42:00Z,0.39003,0.39005,0.39003,0.39005,8827.19900001
Kraken:XRPUSD,2022-11-15T23:43:00Z,0.38972,0.38972,0.38972,0.38972,1E+3
Kraken:XRPUSD,2022-11-15T23:45:00Z,0.38912,0.38944,0.38912,0.38944,222.08307539
Kraken:XRPUSD,2022-11-15T23:46:00Z,0.38953,0.38953,0.38944,0.38952,7921.885
Kraken:XRPUSD,2022-11-15T23:47:00Z,0.38941,0.38941,0.38941,0.38941,28
Kraken:XRPUSD,2022-11-15T23:53:00Z,0.38744,0.38744,0.38744,0.38744,209
Kraken:XRPUSD,2022-11-15T23:54:00Z,0.3884,0.38848,0.3884,0.38848,1361
Kraken:XRPUSD,2022-11-15T23:58:00Z,0.38829,0.38913,0.38829,0.3886,5814.64949999
Kraken:XRPUSD,2022-11-15T23:59:00Z,0.38848,0.38848,0.38848,0.38848,7
