Kraken:LTCUSD,2020-02-10T00:01:00Z,77.15,77.22,77.15,77.22,167.29309037
Kraken:LTCUSD,2020-02-10T00:04:00Z,77.28,77.28,77.28,77.28,38.72565418
Kraken:LTCUSD,2020-02-10T00:05:00Z,77.27,77.27,77.27,77.27,14.25381271
Kraken:LTCUSD,2020-02-10T00:07:00Z,77.26,77.26,77.26,77.26,2E+1
Kraken:LTCUSD,2020-02-10T00:09:00Z,77.3,77.3,77.3,77.3,3
Kraken:LTCUSD,2020-02-10T00:10:00Z,77.4,77.4,77.4,77.4,0.1
Kraken:LTCUSD,2020-02-10T00:12:00Z,77.36,77.36,77.28,77.28,2.432812
Kraken:LTCUSD,2020-02-10T00:17:00Z,77.27,77.27,77.27,77.27,2.2
Kraken:LTCUSD,2020-02-10T00:19:00Z,77.27,77.27,77.27,77.27,19.78053349
Kraken:LTCUSD,2020-02-10T00:21:00Z,77.02,77.02,77.02,77.02,3
Kraken:LTCUSD,2020-02-10T00:22:00Z,77.02,77.02,77.02,77.02,2.82091587
Kraken:LTCUSD,2020-02-10T00:24:00Z,77.26,77.26,77.26,77.26,0.4415399
Kraken:LTCUSD,2020-02-10T00:29:00Z,77.09,77.09,77.09,77.09,1.1611
Kraken:LTCUSD,2020-02-10T00:32:00Z,77.09,77.09,77.09,77.09,1
Kraken:LTCUSD,2020-02-10T00:38:00Z,77.15,77.15,77.14,77.14,41
Kraken:LTCUSD,2020-02-10T00:54:00Z,77.26,77.26,77.26,77.26,23
Kraken:LTCUSD,2020-02-10T00:58:00Z,77.2,77.2,77.2,77.2,1.96654613
Kraken:LTCUSD,2020-02-10T01:01:00Z,77.23,77.23,77.23,77.23,5.51424106
Kraken:LTCUSD,2020-02-10T01:06:00Z,77.13,77.13,77.0,77.0,1.76086065
Kraken:LTCUSD,2020-02-10T01:07:00Z,76.91,76.91,76.91,76.91,13.447657
Kraken:LTCUSD,2020-02-10T01:17:00Z,76.76,76.76,76.76,76.76,0.99750623
Kraken:LTCUSD,2020-02-10T01:26:00Z,76.73,76.73,76.7,76.7,1
Kraken:LTCUSD,2020-02-10T01:30:00Z,76.66,76.66,76.44,76.49,243.12938148
Kraken:LTCUSD,2020-02-10T01:34:00Z,76.46,76.46,76.39,76.39,8.11128993
Kraken:LTCUSD,2020-02-10T01:41:00Z,76.34,76.34,76.34,76.34,11.10861474
Kraken:LTCUSD,2020-02-10T01:44:00Z,76.48,76.48,76.47,76.48,37.368
Kraken:LTCUSD,2020-02-10T01:55:00Z,76.51,76.51,76.47,76.47,8.868
Kraken:LTCUSD,2020-02-10T01:56:00Z,76.36,76.36,76.36,76.36,5.0174
Kraken:LTCUSD,2020-02-10T01:58:00Z,76.32,76.32,76.32,76.32,17.059
Kraken:LTCUSD,2020-02-10T01:59:00Z,76.19,76.19,76.19,76.19,21
Kraken:LTCUSD,2020-02-10T02:03:00Z,76.34,76.34,76.34,76.34,0.25928
Kraken:LTCUSD,2020-02-10T02:09:00Z,76.24,76.24,76.24,76.24,1.60436342
Kraken:LTCUSD,2020-02-10T02:10:00Z,76.08,76.2,76.04,76.04,87.92903567
Kraken:LTCUSD,2020-02-10T02:11:00Z,76.13,76.17,76.09,76.09,6.81336342
Kraken:LTCUSD,2020-02-10T02:12:00Z,76.17,76.17,76.17,76.17,2.195
Kraken:LTCUSD,2020-02-10T02:21:00Z,76.3,76.52,76.3,76.38,282.6592
Kraken:LTCUSD,2020-02-10T02:40:00Z,76.53,76.53,76.53,76.53,2.6
Kraken:LTCUSD,2020-02-10T02:45:00Z,76.45,76.45,76.44,76.44,2.4500185
Kraken:LTCUSD,2020-02-10T02:52:00Z,76.48,76.48,76.48,76.48,26.455
Kraken:LTCUSD,2020-02-10T03:01:00Z,76.4,76.4,76.4,76.4,2.21132478
Kraken:LTCUSD,2020-02-10T03:02:00Z,76.29,76.29,76.2,76.2,3.448
Kraken:LTCUSD,2020-02-10T03:03:00Z,76.2,76.2,76.2,76.2,45.4365455
Kraken:LTCUSD,2020-02-10T03:12:00Z,76.22,76.22,76.22,76.22,3.1310436
Kraken:LTCUSD,2020-02-10T03:15:00Z,76.07,76.07,76.07,76.07,3.1310436
Kraken:LTCUSD,2020-02-10T03:22:00Z,76.02,76.02,76.02,76.02,0.33784
Kraken:LTCUSD,2020-02-10T03:24:00Z,76.02,76.02,75.85,75.85,45.00000316
Kraken:LTCUSD,2020-02-10T03:29:00Z,75.86,75.86,75.63,75.63,35.02552591
Kraken:LTCUSD,2020-02-10T03:30:00Z,75.52,75.59,75.45,75.59,346.77780952
Kraken:LTCUSD,2020-02-10T03:31:00Z,75.55,75.55,75.55,75.55,1.59686103
Kraken:LTCUSD,2020-02-10T03:32:00Z,75.74,75.75,75.74,75.75,101.81455217
Kraken:LTCUSD,2020-02-10T03:33:00Z,75.7,75.7,75.45,75.45,87.79598347
Kraken:LTCUSD,2020-02-10T03:36:00Z,75.5,75.5,75.5,75.5,1.3243279
Kraken:LTCUSD,2020-02-10T03:37:00Z,75.44,75.44,75.35,75.35,4E+1
Kraken:LTCUSD,2020-02-10T03:38:00Z,75.41,75.41,75.39,75.39,21.48103863
Kraken:LTCUSD,2020-02-10T03:40:00Z,75.58,75.58,75.58,75.58,1.32257637
Kraken:LTCUSD,2020-02-10T03:41:00Z,75.58,75.58,75.58,75.58,4.79745491
Kraken:LTCUSD,2020-02-10T03:43:00Z,75.4,75.4,75.4,75.4,5.57292762
Kraken:LTCUSD,2020-02-10T03:45:00Z,75.42,75.42,75.42,75.42,2.30922362
Kraken:LTCUSD,2020-02-10T03:47:00Z,75.43,75.43,75.43,75.43,1.545
Kraken:LTCUSD,2020-02-10T03:48:00Z,75.43,75.43,75.43,75.43,2.11936758
Kraken:LTCUSD,2020-02-10T03:51:00Z,75.68,75.68,75.66,75.66,7.42071254
Kraken:LTCUSD,2020-02-10T03:54:00Z,75.62,75.79,75.62,75.79,426.93401053
Kraken:LTCUSD,2020-02-10T03:55:00Z,75.83,75.83,75.83,75.83,30.6967265
Kraken:LTCUSD,2020-02-10T03:57:00Z,75.67,75.67,75.67,75.67,6.00845723
Kraken:LTCUSD,2020-02-10T03:59:00Z,75.68,75.68,75.68,75.68,5.06266683
Kraken:LTCUSD,2020-02-10T04:11:00Z,75.78,75.78,75.7,75.7,129.83851446
Kraken:LTCUSD,2020-02-10T04:12:00Z,75.44,75.44,75.36,75.36,201
Kraken:LTCUSD,2020-02-10T04:13:00Z,75.44,75.44,75.44,75.44,3.34996008
Kraken:LTCUSD,2020-02-10T04:14:00Z,75.46,75.46,75.37,75.37,3.11628483
Kraken:LTCUSD,2020-02-10T04:16:00Z,75.3,75.3,75.3,75.3,0.11717224
Kraken:LTCUSD,2020-02-10T04:19:00Z,75.28,75.28,74.98,75.1,470.87612915
Kraken:LTCUSD,2020-02-10T04:20:00Z,74.94,74.94,74.71,74.71,73.9269437
Kraken:LTCUSD,2020-02-10T04:21:00Z,74.79,74.96,74.79,74.91,243.60123674
Kraken:LTCUSD,2020-02-10T04:24:00Z,75.15,75.15,75.15,75.15,11.67682875
Kraken:LTCUSD,2020-02-10T04:25:00Z,75.28,75.28,75.28,75.28,1.32837407
Kraken:LTCUSD,2020-02-10T04:26:00Z,75.3,75.39,75.3,75.39,20.7286
Kraken:LTCUSD,2020-02-10T04:28:00Z,75.13,75.13,75.13,75.13,0.87
Kraken:LTCUSD,2020-02-10T04:29:00Z,75.2,75.2,75.2,75.2,4.6351827
Kraken:LTCUSD,2020-02-10T04:35:00Z,75.15,75.15,75.13,75.13,85
Kraken:LTCUSD,2020-02-10T04:36:00Z,75.25,75.25,75.25,75.25,1E+1
Kraken:LTCUSD,2020-02-10T04:38:00Z,75.23,75.23,75.23,75.23,1.68
Kraken:LTCUSD,2020-02-10T04:43:00Z,75.05,75.05,75.03,75.03,17.42292386
Kraken:LTCUSD,2020-02-10T04:48:00Z,75.28,75.29,75.28,75.29,75.7114
Kraken:LTCUSD,2020-02-10T04:49:00Z,75.4,75.4,75.4,75.4,6E+1
Kraken:LTCUSD,2020-02-10T05:00:00Z,75.3,75.3,75.3,75.3,23.8
Kraken:LTCUSD,2020-02-10T05:01:00Z,75.22,75.22,75.22,75.22,0.2
Kraken:LTCUSD,2020-02-10T05:02:00Z,75.22,75.24,75.22,75.24,0.2
Kraken:LTCUSD,2020-02-10T05:03:00Z,75.28,75.31,75.28,75.31,0.2
Kraken:LTCUSD,2020-02-10T05:04:00Z,75.31,75.31,75.31,75.31,21.53681283
Kraken:LTCUSD,2020-02-10T05:05:00Z,75.31,75.31,75.31,75.31,0.1
Kraken:LTCUSD,2020-02-10T05:06:00Z,75.32,75.37,75.32,75.37,30.1
Kraken:LTCUSD,2020-02-10T05:07:00Z,75.37,75.37,75.37,75.37,32.38280912
Kraken:LTCUSD,2020-02-10T05:09:00Z,75.33,75.33,75.33,75.33,3.069
Kraken:LTCUSD,2020-02-10T05:10:00Z,75.33,75.33,75.33,75.33,0.00002195
Kraken:LTCUSD,2020-02-10T05:14:00Z,75.49,75.49,75.49,75.49,3.06902195
Kraken:LTCUSD,2020-02-10T05:18:00Z,75.59,75.59,75.59,75.59,0.55016546
Kraken:LTCUSD,2020-02-10T05:25:00Z,75.73,75.73,75.73,75.73,1.1465533
Kraken:LTCUSD,2020-02-10T05:29:00Z,75.85,75.85,75.85,75.85,15.563
Kraken:LTCUSD,2020-02-10T05:30:00Z,75.79,75.79,75.79,75.79,14.76155329
Kraken:LTCUSD,2020-02-10T05:32:00Z,75.66,75.66,75.66,75.66,3.79085176
Kraken:LTCUSD,2020-02-10T05:33:00Z,75.56,75.56,75.56,75.56,0.1
Kraken:LTCUSD,2020-02-10T05:34:00Z,75.49,75.52,75.49,75.52,5.03249802
Kraken:LTCUSD,2020-02-10T05:42:00Z,75.38,75.38,75.38,75.38,1.255
Kraken:LTCUSD,2020-02-10T05:44:00Z,75.25,75.25,75.25,75.25,5
Kraken:LTCUSD,2020-02-10T05:45:00Z,75.2,75.2,75.04,75.04,23.41598562
Kraken:LTCUSD,2020-02-10T05:51:00Z,75.21,75.35,75.21,75.35,1.4E+2
Kraken:LTCUSD,2020-02-10T05:53:00Z,75.35,75.35,75.35,75.35,9.69251623
Kraken:LTCUSD,2020-02-10T05:54:00Z,75.3,75.3,75.19,75.19,75.5635
Kraken:LTCUSD,2020-02-10T05:56:00Z,75.06,75.06,75.06,75.06,2
Kraken:LTCUSD,2020-02-10T05:57:00Z,75.01,75.01,74.63,74.81,508.96721598
Kraken:LTCUSD,2020-02-10T05:58:00Z,74.62,74.62,73.3,73.73,1434.38225453
Kraken:LTCUSD,2020-02-10T05:59:00Z,73.7,74.2,73.5,74.2,498.01686668
Kraken:LTCUSD,2020-02-10T06:00:00Z,74.3,74.41,74.21,74.37,150.04652237
Kraken:LTCUSD,2020-02-10T06:01:00Z,74.18,74.33,74.18,74.32,252.7735269
Kraken:LTCUSD,2020-02-10T06:02:00Z,74.16,74.39,74.16,74.39,439.86376652
Kraken:LTCUSD,2020-02-10T06:03:00Z,74.38,74.39,74.38,74.39,19.672
Kraken:LTCUSD,2020-02-10T06:04:00Z,74.5,74.64,74.5,74.64,36.31505329
Kraken:LTCUSD,2020-02-10T06:05:00Z,74.63,74.63,74.63,74.63,50.0158484
Kraken:LTCUSD,2020-02-10T06:07:00Z,74.13,74.14,74.13,74.14,6.87900331
Kraken:LTCUSD,2020-02-10T06:08:00Z,74.14,74.48,74.14,74.48,7.00003082
Kraken:LTCUSD,2020-02-10T06:09:00Z,74.45,74.45,74.44,74.44,20.1
Kraken:LTCUSD,2020-02-10T06:10:00Z,74.3,74.3,74.3,74.3,3
Kraken:LTCUSD,2020-02-10T06:11:00Z,74.41,74.41,74.35,74.35,5.355574
Kraken:LTCUSD,2020-02-10T06:12:00Z,74.39,74.39,74.39,74.39,5E+1
Kraken:LTCUSD,2020-02-10T06:15:00Z,74.14,74.14,74.14,74.14,0.117486
Kraken:LTCUSD,2020-02-10T06:16:00Z,74.45,74.45,74.45,74.45,0.5
Kraken:LTCUSD,2020-02-10T06:17:00Z,74.45,74.45,74.45,74.45,5
Kraken:LTCUSD,2020-02-10T06:18:00Z,74.56,74.56,74.56,74.56,1.34120171
Kraken:LTCUSD,2020-02-10T06:19:00Z,74.48,74.48,74.48,74.48,1.07023411
Kraken:LTCUSD,2020-02-10T06:21:00Z,74.84,75.05,74.72,75.01,156.29138949
Kraken:LTCUSD,2020-02-10T06:23:00Z,75.26,75.34,75.26,75.33,244.0766184
Kraken:LTCUSD,2020-02-10T06:24:00Z,75.29,75.46,75.29,75.44,727.47232
Kraken:LTCUSD,2020-02-10T06:26:00Z,75.23,75.23,75.23,75.23,5
Kraken:LTCUSD,2020-02-10T06:27:00Z,75.27,75.27,75.27,75.27,94
Kraken:LTCUSD,2020-02-10T06:29:00Z,74.96,75.13,74.96,75.13,69.48504122
Kraken:LTCUSD,2020-02-10T06:31:00Z,75.47,75.47,75.47,75.47,21.67
Kraken:LTCUSD,2020-02-10T06:34:00Z,75.23,75.23,75.23,75.23,6.33341678
Kraken:LTCUSD,2020-02-10T06:37:00Z,75.3,75.3,75.3,75.3,4.60511957
Kraken:LTCUSD,2020-02-10T06:38:00Z,75.09,75.09,75.09,75.09,28
Kraken:LTCUSD,2020-02-10T06:40:00Z,75.19,75.19,75.19,75.19,4.50958286
Kraken:LTCUSD,2020-02-10T06:41:00Z,75.02,75.02,75.02,75.02,1E+1
Kraken:LTCUSD,2020-02-10T06:44:00Z,75.16,75.16,75.16,75.16,4E+1
Kraken:LTCUSD,2020-02-10T06:48:00Z,75.22,75.22,75.22,75.22,4E+1
Kraken:LTCUSD,2020-02-10T06:49:00Z,75.09,75.09,75.09,75.09,15.4
Kraken:LTCUSD,2020-02-10T06:51:00Z,75.09,75.09,74.99,74.99,1.10405569
Kraken:LTCUSD,2020-02-10T06:52:00Z,74.83,74.83,74.83,74.83,1
Kraken:LTCUSD,2020-02-10T06:55:00Z,74.95,74.95,74.95,74.95,9.59026452
Kraken:LTCUSD,2020-02-10T06:57:00Z,74.88,74.88,74.88,74.88,1
Kraken:LTCUSD,2020-02-10T06:58:00Z,74.8,74.8,74.8,74.8,0.1
Kraken:LTCUSD,2020-02-10T07:02:00Z,74.89,74.95,74.89,74.95,27.772
Kraken:LTCUSD,2020-02-10T07:04:00Z,75.17,75.17,75.17,75.17,4.99999994
Kraken:LTCUSD,2020-02-10T07:06:00Z,75.16,75.16,75.16,75.16,55
Kraken:LTCUSD,2020-02-10T07:19:00Z,75.0,75.0,75.0,75.0,0.46363281
Kraken:LTCUSD,2020-02-10T07:20:00Z,75.1,75.1,75.1,75.1,0.1
Kraken:LTCUSD,2020-02-10T07:21:00Z,75.06,75.06,75.06,75.06,0.1
Kraken:LTCUSD,2020-02-10T07:22:00Z,74.99,74.99,74.98,74.98,0.2
Kraken:LTCUSD,2020-02-10T07:23:00Z,74.93,75.01,74.93,75.01,0.3
Kraken:LTCUSD,2020-02-10T07:26:00Z,75.12,75.12,75.12,75.12,38.226
Kraken:LTCUSD,2020-02-10T07:28:00Z,75.37,75.37,75.33,75.33,81.34938691
Kraken:LTCUSD,2020-02-10T07:30:00Z,75.37,75.38,75.37,75.38,99.56192751
Kraken:LTCUSD,2020-02-10T07:31:00Z,75.39,75.39,75.39,75.39,0.1518769
Kraken:LTCUSD,2020-02-10T07:33:00Z,75.37,75.37,75.37,75.37,51.84921321
Kraken:LTCUSD,2020-02-10T07:37:00Z,75.36,75.36,75.36,75.36,22.182
Kraken:LTCUSD,2020-02-10T07:46:00Z,75.42,75.42,75.3,75.3,4E+1
Kraken:LTCUSD,2020-02-10T07:47:00Z,75.25,75.25,75.25,75.25,1E+1
Kraken:LTCUSD,2020-02-10T07:48:00Z,75.2,75.21,75.15,75.15,2.1E+2
Kraken:LTCUSD,2020-02-10T07:49:00Z,75.1,75.1,75.1,75.1,0.27093205
Kraken:LTCUSD,2020-02-10T07:50:00Z,75.1,75.1,75.1,75.1,29.72900555
Kraken:LTCUSD,2020-02-10T07:53:00Z,75.1,75.1,75.1,75.1,2E+1
Kraken:LTCUSD,2020-02-10T07:54:00Z,75.14,75.14,75.14,75.14,2.6
Kraken:LTCUSD,2020-02-10T07:56:00Z,75.06,75.06,75.06,75.06,3E+1
Kraken:LTCUSD,2020-02-10T07:57:00Z,75.06,75.07,75.06,75.07,6E+1
Kraken:LTCUSD,2020-02-10T07:58:00Z,75.07,75.07,75.07,75.07,3E+1
Kraken:LTCUSD,2020-02-10T07:59:00Z,75.09,75.09,75.09,75.09,36.60329392
Kraken:LTCUSD,2020-02-10T08:04:00Z,75.06,75.06,74.62,74.62,902.39605062
Kraken:LTCUSD,2020-02-10T08:05:00Z,74.7,74.7,74.5,74.56,100.489455
Kraken:LTCUSD,2020-02-10T08:06:00Z,74.55,74.55,74.55,74.55,1.5682982
Kraken:LTCUSD,2020-02-10T08:07:00Z,74.4,74.4,74.08,74.08,959.33912864
Kraken:LTCUSD,2020-02-10T08:08:00Z,74.41,74.47,74.41,74.47,1E+1
Kraken:LTCUSD,2020-02-10T08:11:00Z,74.25,74.25,74.25,74.25,48.81799803
Kraken:LTCUSD,2020-02-10T08:12:00Z,74.25,74.25,74.25,74.25,0.00000197
Kraken:LTCUSD,2020-02-10T08:13:00Z,74.33,74.33,74.32,74.32,9.89600796
Kraken:LTCUSD,2020-02-10T08:14:00Z,74.47,74.54,74.42,74.54,11.64282261
Kraken:LTCUSD,2020-02-10T08:15:00Z,74.68,74.68,74.68,74.68,0.803
Kraken:LTCUSD,2020-02-10T08:16:00Z,74.61,74.61,74.61,74.61,0.446
Kraken:LTCUSD,2020-02-10T08:17:00Z,74.65,74.72,74.65,74.72,18.237047
Kraken:LTCUSD,2020-02-10T08:18:00Z,74.67,74.67,74.67,74.67,3.34816135
Kraken:LTCUSD,2020-02-10T08:20:00Z,74.5,74.5,74.5,74.5,55
Kraken:LTCUSD,2020-02-10T08:21:00Z,74.42,74.42,74.42,74.42,55
Kraken:LTCUSD,2020-02-10T08:23:00Z,74.26,74.26,74.26,74.26,5.5290026
Kraken:LTCUSD,2020-02-10T08:25:00Z,74.27,74.27,74.27,74.27,11.34607618
Kraken:LTCUSD,2020-02-10T08:26:00Z,74.36,74.36,74.31,74.31,18.30893746
Kraken:LTCUSD,2020-02-10T08:27:00Z,74.26,74.26,74.23,74.24,61.32879182
Kraken:LTCUSD,2020-02-10T08:28:00Z,74.21,74.21,74.19,74.2,84.47826214
Kraken:LTCUSD,2020-02-10T08:29:00Z,74.11,74.11,74.0,74.0,61.62471275
Kraken:LTCUSD,2020-02-10T08:30:00Z,74.0,74.0,74.0,74.0,16.79269921
Kraken:LTCUSD,2020-02-10T08:31:00Z,74.12,74.12,74.03,74.04,22.55039897
Kraken:LTCUSD,2020-02-10T08:32:00Z,74.09,74.09,74.09,74.09,42.648
Kraken:LTCUSD,2020-02-10T08:33:00Z,74.16,74.16,74.07,74.07,6.27804615
Kraken:LTCUSD,2020-02-10T08:35:00Z,73.96,73.96,73.96,73.96,8.82094988
Kraken:LTCUSD,2020-02-10T08:37:00Z,73.91,73.91,73.91,73.91,16.64944702
Kraken:LTCUSD,2020-02-10T08:39:00Z,73.91,73.91,73.91,73.91,5
Kraken:LTCUSD,2020-02-10T08:42:00Z,73.75,73.76,73.57,73.58,198.77932554
Kraken:LTCUSD,2020-02-10T08:45:00Z,73.59,73.59,73.55,73.55,0.80212361
Kraken:LTCUSD,2020-02-10T08:47:00Z,73.58,73.58,73.51,73.51,10.11870929
Kraken:LTCUSD,2020-02-10T08:48:00Z,73.5,73.5,73.02,73.07,217.83374288
Kraken:LTCUSD,2020-02-10T08:49:00Z,73.43,73.44,73.35,73.35,117.65803786
Kraken:LTCUSD,2020-02-10T08:51:00Z,73.73,73.73,73.73,73.73,6.085
Kraken:LTCUSD,2020-02-10T08:53:00Z,73.8,73.86,73.8,73.86,1
Kraken:LTCUSD,2020-02-10T08:54:00Z,73.92,73.92,73.85,73.85,90.27
Kraken:LTCUSD,2020-02-10T08:56:00Z,73.99,73.99,73.99,73.99,33.2
Kraken:LTCUSD,2020-02-10T08:57:00Z,73.92,73.92,73.92,73.92,3
Kraken:LTCUSD,2020-02-10T08:58:00Z,73.92,73.92,73.8,73.84,54.26970612
Kraken:LTCUSD,2020-02-10T08:59:00Z,73.93,73.93,73.93,73.93,3
Kraken:LTCUSD,2020-02-10T09:02:00Z,73.68,73.7,73.58,73.58,25.43584969
Kraken:LTCUSD,2020-02-10T09:04:00Z,73.5,73.5,73.39,73.39,11.3289
Kraken:LTCUSD,2020-02-10T09:05:00Z,73.39,73.39,73.37,73.37,48.8098005
Kraken:LTCUSD,2020-02-10T09:07:00Z,73.4,73.4,73.31,73.31,26.73341004
Kraken:LTCUSD,2020-02-10T09:08:00Z,73.31,73.31,73.0,73.01,297.92371775
Kraken:LTCUSD,2020-02-10T09:09:00Z,73.01,73.12,73.01,73.12,44.43075497
Kraken:LTCUSD,2020-02-10T09:10:00Z,73.17,73.17,73.06,73.06,43
Kraken:LTCUSD,2020-02-10T09:11:00Z,73.11,73.2,73.11,73.2,4.68120587
Kraken:LTCUSD,2020-02-10T09:12:00Z,73.15,73.15,73.07,73.07,64.67259273
Kraken:LTCUSD,2020-02-10T09:13:00Z,73.0,73.0,72.83,72.83,419.16817221
Kraken:LTCUSD,2020-02-10T09:14:00Z,72.92,72.92,72.92,72.92,10.9192
Kraken:LTCUSD,2020-02-10T09:15:00Z,72.98,72.98,72.81,72.82,38.42464897
Kraken:LTCUSD,2020-02-10T09:16:00Z,72.86,72.86,72.86,72.86,0.11653413
Kraken:LTCUSD,2020-02-10T09:17:00Z,73.03,73.03,73.03,73.03,0.5
Kraken:LTCUSD,2020-02-10T09:18:00Z,73.1,73.1,73.1,73.1,67.06516334
Kraken:LTCUSD,2020-02-10T09:19:00Z,73.06,73.06,73.06,73.06,49.054
Kraken:LTCUSD,2020-02-10T09:20:00Z,73.15,73.15,73.15,73.15,2.6
Kraken:LTCUSD,2020-02-10T09:27:00Z,72.84,72.84,72.5,72.5,1490.58740939
Kraken:LTCUSD,2020-02-10T09:28:00Z,72.52,72.66,72.51,72.65,94.84964179
Kraken:LTCUSD,2020-02-10T09:29:00Z,72.46,72.46,72.4,72.4,5E+1
Kraken:LTCUSD,2020-02-10T09:30:00Z,72.49,72.51,72.32,72.46,274.084
Kraken:LTCUSD,2020-02-10T09:31:00Z,72.57,72.68,72.55,72.55,261.73
Kraken:LTCUSD,2020-02-10T09:32:00Z,72.73,72.73,72.66,72.66,19.40202746
Kraken:LTCUSD,2020-02-10T09:34:00Z,72.65,72.65,72.65,72.65,4
Kraken:LTCUSD,2020-02-10T09:35:00Z,72.65,72.65,72.65,72.65,0.57
Kraken:LTCUSD,2020-02-10T09:36:00Z,72.64,72.64,72.64,72.64,1
Kraken:LTCUSD,2020-02-10T09:37:00Z,72.6,72.6,72.6,72.6,0.25353
Kraken:LTCUSD,2020-02-10T09:38:00Z,72.59,72.61,72.59,72.61,1.72575801
Kraken:LTCUSD,2020-02-10T09:40:00Z,72.8,72.88,72.8,72.88,1.62527211
Kraken:LTCUSD,2020-02-10T09:41:00Z,72.82,72.82,72.82,72.82,1E+1
Kraken:LTCUSD,2020-02-10T09:42:00Z,72.96,72.96,72.96,72.96,1.8688
Kraken:LTCUSD,2020-02-10T09:43:00Z,73.05,73.08,73.04,73.04,43.00704
Kraken:LTCUSD,2020-02-10T09:44:00Z,72.94,72.94,72.91,72.91,11.38
Kraken:LTCUSD,2020-02-10T09:45:00Z,72.94,73.03,72.94,73.03,8.66208688
Kraken:LTCUSD,2020-02-10T09:46:00Z,73.08,73.16,73.08,73.16,0.20002617
Kraken:LTCUSD,2020-02-10T09:48:00Z,73.16,73.16,73.13,73.13,24.1
Kraken:LTCUSD,2020-02-10T09:50:00Z,73.12,73.2,73.1,73.1,210.8
Kraken:LTCUSD,2020-02-10T09:52:00Z,73.08,73.12,73.08,73.12,0.2
Kraken:LTCUSD,2020-02-10T09:53:00Z,72.96,72.96,72.96,72.96,0.1
Kraken:LTCUSD,2020-02-10T09:55:00Z,72.91,72.91,72.91,72.91,0.1
Kraken:LTCUSD,2020-02-10T09:56:00Z,73.01,73.09,73.01,73.09,0.3
Kraken:LTCUSD,2020-02-10T09:57:00Z,73.07,73.07,73.07,73.07,8.075
Kraken:LTCUSD,2020-02-10T09:58:00Z,73.15,73.15,73.11,73.11,14.46848822
Kraken:LTCUSD,2020-02-10T10:01:00Z,73.15,73.15,73.14,73.14,3.93576588
Kraken:LTCUSD,2020-02-10T10:03:00Z,73.28,73.31,73.25,73.25,57.97058005
Kraken:LTCUSD,2020-02-10T10:04:00Z,73.31,73.31,73.31,73.31,0.15400354
Kraken:LTCUSD,2020-02-10T10:05:00Z,73.21,73.21,73.21,73.21,1.58
Kraken:LTCUSD,2020-02-10T10:08:00Z,73.13,73.16,73.13,73.13,22.2438
Kraken:LTCUSD,2020-02-10T10:09:00Z,73.12,73.12,73.12,73.12,5.70526685
Kraken:LTCUSD,2020-02-10T10:13:00Z,73.07,73.07,72.78,72.79,51.31973582
Kraken:LTCUSD,2020-02-10T10:15:00Z,72.89,72.89,72.89,72.89,4.991
Kraken:LTCUSD,2020-02-10T10:16:00Z,72.9,72.9,72.9,72.9,5.6868
Kraken:LTCUSD,2020-02-10T10:19:00Z,73.08,73.08,73.08,73.08,47.76965947
Kraken:LTCUSD,2020-02-10T10:26:00Z,73.07,73.08,73.07,73.08,5.73576
Kraken:LTCUSD,2020-02-10T10:27:00Z,73.07,73.07,73.07,73.07,1.9999
Kraken:LTCUSD,2020-02-10T10:30:00Z,73.16,73.16,73.16,73.16,0.798
Kraken:LTCUSD,2020-02-10T10:31:00Z,73.17,73.17,73.17,73.17,0.133644
Kraken:LTCUSD,2020-02-10T10:33:00Z,73.3,73.3,73.3,73.3,1.596
Kraken:LTCUSD,2020-02-10T10:34:00Z,73.26,73.26,73.25,73.25,5
Kraken:LTCUSD,2020-02-10T10:35:00Z,73.28,73.35,73.28,73.35,90.83634987
Kraken:LTCUSD,2020-02-10T10:36:00Z,73.41,73.41,73.41,73.41,2.19650397
Kraken:LTCUSD,2020-02-10T10:37:00Z,73.45,73.45,73.45,73.45,6.824
Kraken:LTCUSD,2020-02-10T10:38:00Z,73.52,73.52,73.52,73.52,0.798
Kraken:LTCUSD,2020-02-10T10:41:00Z,73.67,73.67,73.67,73.67,20.38335225
Kraken:LTCUSD,2020-02-10T10:42:00Z,73.56,73.61,73.56,73.61,5.07997854
Kraken:LTCUSD,2020-02-10T10:43:00Z,73.65,73.65,73.56,73.56,6.2855
Kraken:LTCUSD,2020-02-10T10:44:00Z,73.56,73.56,73.56,73.56,0.2
Kraken:LTCUSD,2020-02-10T10:45:00Z,73.66,73.66,73.65,73.65,0.7
Kraken:LTCUSD,2020-02-10T10:46:00Z,73.48,73.49,73.48,73.49,32.82
Kraken:LTCUSD,2020-02-10T10:51:00Z,73.47,73.47,73.47,73.47,0.1
Kraken:LTCUSD,2020-02-10T10:54:00Z,73.39,73.39,73.39,73.39,5
Kraken:LTCUSD,2020-02-10T11:04:00Z,73.14,73.14,73.14,73.14,20.5
Kraken:LTCUSD,2020-02-10T11:12:00Z,73.34,73.34,73.34,73.34,3E+1
Kraken:LTCUSD,2020-02-10T11:14:00Z,73.51,73.51,73.51,73.51,14.6748
Kraken:LTCUSD,2020-02-10T11:20:00Z,73.15,73.15,73.15,73.15,3E+1
Kraken:LTCUSD,2020-02-10T11:22:00Z,73.0,73.0,72.94,72.94,17.194
Kraken:LTCUSD,2020-02-10T11:23:00Z,72.91,72.91,72.91,72.91,11.7364
Kraken:LTCUSD,2020-02-10T11:26:00Z,72.92,72.92,72.92,72.92,1
Kraken:LTCUSD,2020-02-10T11:29:00Z,72.99,73.0,72.99,73.0,21
Kraken:LTCUSD,2020-02-10T11:30:00Z,72.99,72.99,72.99,72.99,1
Kraken:LTCUSD,2020-02-10T11:32:00Z,72.82,72.82,72.82,72.82,3.76
Kraken:LTCUSD,2020-02-10T11:33:00Z,72.7,72.78,72.7,72.78,6.094
Kraken:LTCUSD,2020-02-10T11:34:00Z,72.82,72.95,72.82,72.95,21.92940481
Kraken:LTCUSD,2020-02-10T11:36:00Z,73.07,73.07,73.07,73.07,1
Kraken:LTCUSD,2020-02-10T11:37:00Z,72.98,72.98,72.98,72.98,3.2296
Kraken:LTCUSD,2020-02-10T11:38:00Z,72.98,72.98,72.98,72.98,0.00001711
Kraken:LTCUSD,2020-02-10T11:41:00Z,73.1,73.1,73.1,73.1,0.6904
Kraken:LTCUSD,2020-02-10T11:43:00Z,73.06,73.06,73.06,73.06,0.1
Kraken:LTCUSD,2020-02-10T11:44:00Z,73.04,73.04,73.04,73.04,0.1
Kraken:LTCUSD,2020-02-10T11:48:00Z,72.87,72.87,72.87,72.87,0.1
Kraken:LTCUSD,2020-02-10T11:50:00Z,72.94,72.94,72.94,72.94,0.91
Kraken:LTCUSD,2020-02-10T11:51:00Z,72.95,72.99,72.95,72.99,25
Kraken:LTCUSD,2020-02-10T11:52:00Z,72.98,72.98,72.98,72.98,0.798
Kraken:LTCUSD,2020-02-10T11:53:00Z,73.01,73.01,73.01,73.01,3.2904
Kraken:LTCUSD,2020-02-10T11:54:00Z,73.03,73.03,73.03,73.03,1.197
Kraken:LTCUSD,2020-02-10T11:56:00Z,72.94,72.94,72.94,72.94,2.425
Kraken:LTCUSD,2020-02-10T12:00:00Z,73.05,73.05,73.05,73.05,0.798
Kraken:LTCUSD,2020-02-10T12:03:00Z,72.9,72.9,72.88,72.88,6.41402525
Kraken:LTCUSD,2020-02-10T12:05:00Z,72.87,72.87,72.78,72.78,4.824
Kraken:LTCUSD,2020-02-10T12:06:00Z,72.75,72.75,72.75,72.75,2.6
Kraken:LTCUSD,2020-02-10T12:07:00Z,72.78,72.78,72.78,72.78,5.99041536
Kraken:LTCUSD,2020-02-10T12:08:00Z,72.89,72.89,72.89,72.89,0.5
Kraken:LTCUSD,2020-02-10T12:09:00Z,72.89,72.93,72.89,72.93,3.84729855
Kraken:LTCUSD,2020-02-10T12:14:00Z,73.01,73.01,73.01,73.01,0.798
Kraken:LTCUSD,2020-02-10T12:15:00Z,73.01,73.01,73.01,73.01,2.6
Kraken:LTCUSD,2020-02-10T12:17:00Z,72.96,72.96,72.96,72.96,0.798
Kraken:LTCUSD,2020-02-10T12:18:00Z,73.0,73.0,73.0,73.0,0.798
Kraken:LTCUSD,2020-02-10T12:19:00Z,73.15,73.24,73.15,73.24,33.17929993
Kraken:LTCUSD,2020-02-10T12:20:00Z,73.26,73.26,73.26,73.26,0.798
Kraken:LTCUSD,2020-02-10T12:21:00Z,73.28,73.28,73.28,73.28,0.685
Kraken:LTCUSD,2020-02-10T12:22:00Z,73.31,73.31,73.31,73.31,0.21351
Kraken:LTCUSD,2020-02-10T12:23:00Z,73.23,73.28,73.23,73.28,20.0676
Kraken:LTCUSD,2020-02-10T12:25:00Z,73.36,73.36,73.36,73.36,1.197
Kraken:LTCUSD,2020-02-10T12:27:00Z,73.3,73.3,73.3,73.3,0.556
Kraken:LTCUSD,2020-02-10T12:31:00Z,73.35,73.35,73.35,73.35,2.121
Kraken:LTCUSD,2020-02-10T12:34:00Z,73.26,73.26,73.26,73.26,2
Kraken:LTCUSD,2020-02-10T12:35:00Z,73.26,73.26,73.26,73.26,0.798
Kraken:LTCUSD,2020-02-10T12:37:00Z,73.21,73.21,73.21,73.21,0.798
Kraken:LTCUSD,2020-02-10T12:38:00Z,73.27,73.27,73.27,73.27,6.50463553
Kraken:LTCUSD,2020-02-10T12:39:00Z,73.33,73.33,73.33,73.33,2.565
Kraken:LTCUSD,2020-02-10T12:42:00Z,73.33,73.33,73.25,73.25,7.07194501
Kraken:LTCUSD,2020-02-10T12:43:00Z,73.25,73.25,73.25,73.25,3.212
Kraken:LTCUSD,2020-02-10T12:44:00Z,73.37,73.37,73.35,73.35,3.435
Kraken:LTCUSD,2020-02-10T12:45:00Z,73.58,73.73,73.57,73.73,191.69430242
Kraken:LTCUSD,2020-02-10T12:46:00Z,73.79,73.82,73.79,73.82,5.175
Kraken:LTCUSD,2020-02-10T12:47:00Z,73.77,73.78,73.77,73.78,2.3
Kraken:LTCUSD,2020-02-10T12:48:00Z,73.75,73.75,73.75,73.75,1.99
Kraken:LTCUSD,2020-02-10T12:54:00Z,73.5,73.5,73.41,73.41,55.056654
Kraken:LTCUSD,2020-02-10T12:55:00Z,73.45,73.45,73.37,73.37,200.1
Kraken:LTCUSD,2020-02-10T12:56:00Z,73.52,73.57,73.52,73.57,0.6
Kraken:LTCUSD,2020-02-10T12:57:00Z,73.68,73.68,73.68,73.68,0.798
Kraken:LTCUSD,2020-02-10T12:58:00Z,73.64,73.7,73.64,73.7,1.298
Kraken:LTCUSD,2020-02-10T12:59:00Z,73.81,73.81,73.81,73.81,1
Kraken:LTCUSD,2020-02-10T13:00:00Z,73.84,73.84,73.84,73.84,4
Kraken:LTCUSD,2020-02-10T13:01:00Z,73.75,73.75,73.75,73.75,1.04
Kraken:LTCUSD,2020-02-10T13:02:00Z,73.8,73.8,73.8,73.8,1.22737001
Kraken:LTCUSD,2020-02-10T13:03:00Z,73.84,73.85,73.84,73.85,24.17733995
Kraken:LTCUSD,2020-02-10T13:04:00Z,73.85,74.04,73.85,74.04,315
Kraken:LTCUSD,2020-02-10T13:11:00Z,73.84,73.84,73.84,73.84,1.31540025
Kraken:LTCUSD,2020-02-10T13:14:00Z,74.04,74.04,73.61,73.61,793.75750225
Kraken:LTCUSD,2020-02-10T13:17:00Z,73.82,73.82,73.77,73.77,109.907
Kraken:LTCUSD,2020-02-10T13:18:00Z,73.9,73.94,73.9,73.94,70.70567841
Kraken:LTCUSD,2020-02-10T13:21:00Z,73.8,73.8,73.8,73.8,0.36762737
Kraken:LTCUSD,2020-02-10T13:24:00Z,73.66,73.66,73.66,73.66,3.49
Kraken:LTCUSD,2020-02-10T13:25:00Z,73.65,73.72,73.64,73.64,92.52970857
Kraken:LTCUSD,2020-02-10T13:30:00Z,73.67,73.67,73.67,73.67,3.5
Kraken:LTCUSD,2020-02-10T13:31:00Z,73.67,73.67,73.56,73.56,11.72
Kraken:LTCUSD,2020-02-10T13:32:00Z,73.59,73.59,73.59,73.59,0.78514064
Kraken:LTCUSD,2020-02-10T13:34:00Z,73.58,73.58,73.45,73.45,23.916
Kraken:LTCUSD,2020-02-10T13:35:00Z,73.43,73.43,73.43,73.43,1.9518
Kraken:LTCUSD,2020-02-10T13:40:00Z,73.67,73.67,73.6,73.6,39.6
Kraken:LTCUSD,2020-02-10T13:46:00Z,73.5,73.51,73.5,73.51,6E+1
Kraken:LTCUSD,2020-02-10T13:50:00Z,73.49,73.49,73.49,73.49,0.21825055
Kraken:LTCUSD,2020-02-10T13:54:00Z,73.61,73.61,73.61,73.61,3.49915877
Kraken:LTCUSD,2020-02-10T13:55:00Z,73.39,73.39,73.39,73.39,1.9999149
Kraken:LTCUSD,2020-02-10T13:58:00Z,73.37,73.37,73.37,73.37,0.102
Kraken:LTCUSD,2020-02-10T14:04:00Z,73.51,73.51,73.51,73.51,27.6
Kraken:LTCUSD,2020-02-10T14:12:00Z,73.73,73.76,73.73,73.76,33.24440433
Kraken:LTCUSD,2020-02-10T14:14:00Z,73.73,73.73,73.73,73.73,7.0828
Kraken:LTCUSD,2020-02-10T14:15:00Z,73.73,73.73,73.59,73.59,108.23301078
Kraken:LTCUSD,2020-02-10T14:16:00Z,73.58,73.58,73.58,73.58,1.157536
Kraken:LTCUSD,2020-02-10T14:18:00Z,73.64,73.64,73.61,73.61,5.35086285
Kraken:LTCUSD,2020-02-10T14:22:00Z,73.5,73.52,73.5,73.52,102
Kraken:LTCUSD,2020-02-10T14:30:00Z,73.61,73.61,73.61,73.61,0.1069261
Kraken:LTCUSD,2020-02-10T14:31:00Z,73.63,73.63,73.63,73.63,0.1
Kraken:LTCUSD,2020-02-10T14:32:00Z,73.62,73.62,73.62,73.62,0.1
Kraken:LTCUSD,2020-02-10T14:33:00Z,73.54,73.54,73.54,73.54,0.1
Kraken:LTCUSD,2020-02-10T14:34:00Z,73.62,73.65,73.62,73.65,0.4
Kraken:LTCUSD,2020-02-10T14:38:00Z,73.98,73.99,73.98,73.99,5.0682422
Kraken:LTCUSD,2020-02-10T14:39:00Z,74.28,74.28,74.28,74.28,2.98184293
Kraken:LTCUSD,2020-02-10T14:41:00Z,74.04,74.04,74.04,74.04,2.42001
Kraken:LTCUSD,2020-02-10T14:42:00Z,74.3,74.3,74.3,74.3,0.1
Kraken:LTCUSD,2020-02-10T14:43:00Z,74.26,74.26,74.26,74.26,1
Kraken:LTCUSD,2020-02-10T14:46:00Z,74.57,74.57,74.57,74.57,0.12113055
Kraken:LTCUSD,2020-02-10T14:47:00Z,74.48,74.55,74.48,74.55,105.12361935
Kraken:LTCUSD,2020-02-10T14:49:00Z,74.61,74.61,74.6,74.6,20.1
Kraken:LTCUSD,2020-02-10T14:56:00Z,74.59,74.59,74.55,74.55,20.449444
Kraken:LTCUSD,2020-02-10T14:58:00Z,74.51,74.51,74.51,74.51,5.506993
Kraken:LTCUSD,2020-02-10T15:01:00Z,74.51,74.51,74.51,74.51,0.12635947
Kraken:LTCUSD,2020-02-10T15:02:00Z,74.57,74.57,74.57,74.57,1E+1
Kraken:LTCUSD,2020-02-10T15:03:00Z,74.56,74.56,74.49,74.49,36.8
Kraken:LTCUSD,2020-02-10T15:04:00Z,74.59,74.61,74.59,74.61,4.650556
Kraken:LTCUSD,2020-02-10T15:06:00Z,74.83,74.83,74.83,74.83,18.7749
Kraken:LTCUSD,2020-02-10T15:07:00Z,74.84,74.9,74.84,74.9,5.15865
Kraken:LTCUSD,2020-02-10T15:09:00Z,74.95,74.95,74.95,74.95,34.607
Kraken:LTCUSD,2020-02-10T15:11:00Z,74.86,74.86,74.86,74.86,5.15
Kraken:LTCUSD,2020-02-10T15:13:00Z,74.8,74.8,74.8,74.8,2.19805334
Kraken:LTCUSD,2020-02-10T15:14:00Z,74.73,74.94,74.73,74.94,100.93175799
Kraken:LTCUSD,2020-02-10T15:16:00Z,74.9,75.14,74.9,75.13,289.50096667
Kraken:LTCUSD,2020-02-10T15:17:00Z,75.2,75.34,75.19,75.19,50.392
Kraken:LTCUSD,2020-02-10T15:18:00Z,75.29,75.49,75.08,75.08,858.06544225
Kraken:LTCUSD,2020-02-10T15:19:00Z,75.12,75.12,75.12,75.12,9.94
Kraken:LTCUSD,2020-02-10T15:20:00Z,75.12,75.12,75.05,75.05,1.35935701
Kraken:LTCUSD,2020-02-10T15:21:00Z,75.08,75.08,75.08,75.08,49.757
Kraken:LTCUSD,2020-02-10T15:24:00Z,74.98,75.01,74.98,75.01,1E+2
Kraken:LTCUSD,2020-02-10T15:25:00Z,74.85,74.85,74.85,74.85,0.70549961
Kraken:LTCUSD,2020-02-10T15:29:00Z,74.68,74.77,74.38,74.38,871.05823974
Kraken:LTCUSD,2020-02-10T15:31:00Z,74.94,74.98,74.94,74.98,3E+1
Kraken:LTCUSD,2020-02-10T15:34:00Z,74.96,74.96,74.96,74.96,1.53091364
Kraken:LTCUSD,2020-02-10T15:35:00Z,74.91,74.91,74.91,74.91,2
Kraken:LTCUSD,2020-02-10T15:36:00Z,74.85,74.89,74.84,74.84,107.32598129
Kraken:LTCUSD,2020-02-10T15:37:00Z,74.88,74.94,74.86,74.86,14.48390114
Kraken:LTCUSD,2020-02-10T15:39:00Z,74.77,74.77,74.77,74.77,0.8
Kraken:LTCUSD,2020-02-10T15:40:00Z,74.74,74.79,74.73,74.73,107.6
Kraken:LTCUSD,2020-02-10T15:41:00Z,74.72,74.72,74.71,74.71,2.0582098
Kraken:LTCUSD,2020-02-10T15:42:00Z,74.6,74.6,74.6,74.6,0.856
Kraken:LTCUSD,2020-02-10T15:43:00Z,74.6,74.6,74.6,74.6,7.6
Kraken:LTCUSD,2020-02-10T15:44:00Z,74.62,74.62,74.62,74.62,0.8
Kraken:LTCUSD,2020-02-10T15:45:00Z,74.62,74.68,74.62,74.68,2
Kraken:LTCUSD,2020-02-10T15:46:00Z,74.67,74.67,74.65,74.65,3.2
Kraken:LTCUSD,2020-02-10T15:47:00Z,74.65,74.65,74.62,74.62,5.2
Kraken:LTCUSD,2020-02-10T15:48:00Z,74.62,74.7,74.62,74.7,4
Kraken:LTCUSD,2020-02-10T15:51:00Z,74.61,74.64,74.61,74.64,11.912
Kraken:LTCUSD,2020-02-10T15:52:00Z,74.69,74.71,74.68,74.71,14.01526799
Kraken:LTCUSD,2020-02-10T15:54:00Z,74.76,74.76,74.67,74.67,6.454
Kraken:LTCUSD,2020-02-10T15:55:00Z,74.66,74.66,74.49,74.54,7.24396623
Kraken:LTCUSD,2020-02-10T15:57:00Z,74.52,74.52,74.48,74.48,3.68
Kraken:LTCUSD,2020-02-10T15:58:00Z,74.51,74.51,74.39,74.4,39.57720331
Kraken:LTCUSD,2020-02-10T15:59:00Z,74.37,74.47,74.37,74.47,6.00000244
Kraken:LTCUSD,2020-02-10T16:00:00Z,74.38,74.57,74.38,74.57,4.9
Kraken:LTCUSD,2020-02-10T16:01:00Z,74.51,74.51,74.51,74.51,0.8
Kraken:LTCUSD,2020-02-10T16:02:00Z,74.46,74.46,74.46,74.46,3
Kraken:LTCUSD,2020-02-10T16:03:00Z,74.48,74.48,74.37,74.37,4
Kraken:LTCUSD,2020-02-10T16:04:00Z,74.39,74.39,74.39,74.39,3.2
Kraken:LTCUSD,2020-02-10T16:05:00Z,74.39,74.42,74.39,74.4,4.496
Kraken:LTCUSD,2020-02-10T16:06:00Z,74.23,74.23,74.16,74.16,28.844
Kraken:LTCUSD,2020-02-10T16:07:00Z,74.13,74.13,73.87,73.87,14.1209007
Kraken:LTCUSD,2020-02-10T16:08:00Z,73.83,74.06,73.83,73.95,7.399
Kraken:LTCUSD,2020-02-10T16:09:00Z,74.11,74.11,74.03,74.03,3.581
Kraken:LTCUSD,2020-02-10T16:16:00Z,74.42,74.43,74.42,74.43,20.5
Kraken:LTCUSD,2020-02-10T16:21:00Z,74.3,74.3,74.25,74.25,43.1877
Kraken:LTCUSD,2020-02-10T16:22:00Z,74.22,74.25,74.03,74.07,50.949
Kraken:LTCUSD,2020-02-10T16:23:00Z,73.89,73.98,73.79,73.98,56.041
Kraken:LTCUSD,2020-02-10T16:24:00Z,73.98,73.99,73.89,73.91,6.79148186
Kraken:LTCUSD,2020-02-10T16:25:00Z,73.89,73.89,73.89,73.89,0.958
Kraken:LTCUSD,2020-02-10T16:26:00Z,73.93,73.93,73.93,73.93,2.906
Kraken:LTCUSD,2020-02-10T16:31:00Z,74.0,74.0,74.0,74.0,10.93997089
Kraken:LTCUSD,2020-02-10T16:35:00Z,74.16,74.16,74.16,74.16,9.9
Kraken:LTCUSD,2020-02-10T16:45:00Z,73.88,73.88,73.88,73.88,9.42068236
Kraken:LTCUSD,2020-02-10T16:46:00Z,73.88,73.88,73.74,73.74,31.75268308
Kraken:LTCUSD,2020-02-10T16:47:00Z,73.72,73.72,73.72,73.72,6.30479094
Kraken:LTCUSD,2020-02-10T16:48:00Z,73.68,73.7,73.68,73.7,7.08276824
Kraken:LTCUSD,2020-02-10T16:51:00Z,73.68,73.73,73.68,73.7,29.777
Kraken:LTCUSD,2020-02-10T16:53:00Z,73.68,73.68,73.68,73.68,25
Kraken:LTCUSD,2020-02-10T16:56:00Z,73.95,73.95,73.95,73.95,7
Kraken:LTCUSD,2020-02-10T17:00:00Z,74.0,74.0,74.0,74.0,7.48571583
Kraken:LTCUSD,2020-02-10T17:01:00Z,73.99,73.99,73.7,73.7,330.03444963
Kraken:LTCUSD,2020-02-10T17:03:00Z,73.76,73.76,73.64,73.64,24.07495929
Kraken:LTCUSD,2020-02-10T17:06:00Z,73.67,73.67,73.67,73.67,1.008
Kraken:LTCUSD,2020-02-10T17:08:00Z,73.67,73.67,73.67,73.67,0.65
Kraken:LTCUSD,2020-02-10T17:11:00Z,73.74,73.75,73.74,73.75,7.2399586
Kraken:LTCUSD,2020-02-10T17:14:00Z,73.84,73.84,73.82,73.82,4.24027999
Kraken:LTCUSD,2020-02-10T17:28:00Z,73.69,73.69,73.66,73.66,7.59762278
Kraken:LTCUSD,2020-02-10T17:30:00Z,73.7,73.7,73.7,73.7,0.862
Kraken:LTCUSD,2020-02-10T17:37:00Z,73.73,73.73,73.72,73.72,1E+1
Kraken:LTCUSD,2020-02-10T17:40:00Z,73.83,73.83,73.83,73.83,0.588
Kraken:LTCUSD,2020-02-10T17:43:00Z,73.86,73.86,73.86,73.86,0.8
Kraken:LTCUSD,2020-02-10T17:44:00Z,73.88,73.88,73.88,73.88,1.2
Kraken:LTCUSD,2020-02-10T17:45:00Z,73.9,73.99,73.9,73.97,4
Kraken:LTCUSD,2020-02-10T17:46:00Z,74.0,74.0,73.99,74.0,86.30049914
Kraken:LTCUSD,2020-02-10T17:47:00Z,74.14,74.14,74.1,74.1,2.8
Kraken:LTCUSD,2020-02-10T17:54:00Z,74.04,74.2,74.04,74.2,11.8
Kraken:LTCUSD,2020-02-10T17:55:00Z,74.11,74.11,74.11,74.11,0.1
Kraken:LTCUSD,2020-02-10T17:56:00Z,74.17,74.19,74.17,74.19,6.035514
Kraken:LTCUSD,2020-02-10T17:57:00Z,74.1,74.1,74.07,74.07,5.086
Kraken:LTCUSD,2020-02-10T17:59:00Z,74.0,74.0,73.99,74.0,5.021
Kraken:LTCUSD,2020-02-10T18:00:00Z,74.0,74.0,73.99,74.0,5.3
Kraken:LTCUSD,2020-02-10T18:01:00Z,73.99,73.99,73.96,73.96,15.40095733
Kraken:LTCUSD,2020-02-10T18:02:00Z,73.96,73.96,73.95,73.96,6.4
Kraken:LTCUSD,2020-02-10T18:03:00Z,73.96,73.96,73.96,73.96,5.546
Kraken:LTCUSD,2020-02-10T18:04:00Z,73.95,73.96,73.95,73.96,8
Kraken:LTCUSD,2020-02-10T18:05:00Z,73.96,74.0,73.96,74.0,15.33170074
Kraken:LTCUSD,2020-02-10T18:19:00Z,74.01,74.01,74.01,74.01,1.64665315
Kraken:LTCUSD,2020-02-10T18:21:00Z,74.01,74.01,74.01,74.01,0.4
Kraken:LTCUSD,2020-02-10T18:22:00Z,74.0,74.0,74.0,74.0,5E+1
Kraken:LTCUSD,2020-02-10T18:23:00Z,73.92,73.92,73.92,73.92,37
Kraken:LTCUSD,2020-02-10T18:27:00Z,73.97,73.97,73.97,73.97,1
Kraken:LTCUSD,2020-02-10T18:28:00Z,73.97,73.97,73.97,73.97,1.25
Kraken:LTCUSD,2020-02-10T18:30:00Z,73.85,73.85,73.78,73.78,1.5E+2
Kraken:LTCUSD,2020-02-10T18:33:00Z,73.83,73.83,73.83,73.83,2.6
Kraken:LTCUSD,2020-02-10T18:34:00Z,73.83,73.83,73.69,73.69,2.673866
Kraken:LTCUSD,2020-02-10T18:35:00Z,73.67,73.67,73.67,73.67,0.1
Kraken:LTCUSD,2020-02-10T18:36:00Z,73.6,73.6,73.6,73.6,0.1
Kraken:LTCUSD,2020-02-10T18:37:00Z,73.65,73.7,73.65,73.7,155.58133639
Kraken:LTCUSD,2020-02-10T18:39:00Z,73.53,73.68,73.49,73.68,10.02151635
Kraken:LTCUSD,2020-02-10T18:40:00Z,73.59,73.59,73.59,73.59,0.1
Kraken:LTCUSD,2020-02-10T18:41:00Z,73.64,73.64,73.57,73.57,4.47178284
Kraken:LTCUSD,2020-02-10T18:42:00Z,73.56,73.61,73.56,73.56,3.46919507
Kraken:LTCUSD,2020-02-10T18:43:00Z,73.59,73.65,73.59,73.59,2.48297122
Kraken:LTCUSD,2020-02-10T18:46:00Z,73.62,73.62,73.62,73.62,0.1
Kraken:LTCUSD,2020-02-10T18:49:00Z,73.49,73.49,73.49,73.49,0.522
Kraken:LTCUSD,2020-02-10T18:50:00Z,73.5,73.51,73.5,73.51,0.832
Kraken:LTCUSD,2020-02-10T18:53:00Z,73.51,73.51,73.51,73.51,0.548
Kraken:LTCUSD,2020-02-10T18:57:00Z,73.69,73.77,73.61,73.77,179.7494932
Kraken:LTCUSD,2020-02-10T18:59:00Z,73.81,73.85,73.81,73.85,2E+1
Kraken:LTCUSD,2020-02-10T19:00:00Z,73.76,73.77,73.76,73.77,21.14338554
Kraken:LTCUSD,2020-02-10T19:01:00Z,73.7,73.7,73.7,73.7,2.039517
Kraken:LTCUSD,2020-02-10T19:03:00Z,73.76,73.76,73.76,73.76,0.96815624
Kraken:LTCUSD,2020-02-10T19:09:00Z,73.71,73.71,73.71,73.71,4.000005
Kraken:LTCUSD,2020-02-10T19:12:00Z,73.69,73.69,73.69,73.69,0.2340726
Kraken:LTCUSD,2020-02-10T19:13:00Z,73.76,73.77,73.76,73.77,13.7682785
Kraken:LTCUSD,2020-02-10T19:21:00Z,73.78,73.78,73.78,73.78,0.695
Kraken:LTCUSD,2020-02-10T19:25:00Z,73.6,73.6,73.6,73.6,2.5
Kraken:LTCUSD,2020-02-10T19:29:00Z,73.5,73.5,73.5,73.5,0.8
Kraken:LTCUSD,2020-02-10T19:39:00Z,73.43,73.43,73.35,73.35,13.13560397
Kraken:LTCUSD,2020-02-10T19:40:00Z,73.37,73.37,73.31,73.36,65.79806338
Kraken:LTCUSD,2020-02-10T19:41:00Z,73.36,73.48,73.36,73.48,292.93593657
Kraken:LTCUSD,2020-02-10T19:42:00Z,73.69,73.69,73.69,73.69,0.8
Kraken:LTCUSD,2020-02-10T19:43:00Z,73.75,73.75,73.75,73.75,24.44583534
Kraken:LTCUSD,2020-02-10T19:48:00Z,73.63,73.68,73.63,73.68,9E+1
Kraken:LTCUSD,2020-02-10T19:50:00Z,73.73,73.73,73.73,73.73,2.6
Kraken:LTCUSD,2020-02-10T19:58:00Z,73.65,73.65,73.53,73.56,62.3698
Kraken:LTCUSD,2020-02-10T20:00:00Z,73.53,73.56,73.46,73.56,2E+1
Kraken:LTCUSD,2020-02-10T20:04:00Z,73.7,73.7,73.7,73.7,0.49999999
Kraken:LTCUSD,2020-02-10T20:05:00Z,73.77,73.77,73.77,73.77,3.61963991
Kraken:LTCUSD,2020-02-10T20:06:00Z,73.65,73.65,73.65,73.65,8
Kraken:LTCUSD,2020-02-10T20:08:00Z,73.58,73.58,73.58,73.58,0.57819108
Kraken:LTCUSD,2020-02-10T20:11:00Z,73.47,73.47,73.47,73.47,1.72277072
Kraken:LTCUSD,2020-02-10T20:12:00Z,73.45,73.45,73.45,73.45,6.43938057
Kraken:LTCUSD,2020-02-10T20:16:00Z,73.45,73.45,73.45,73.45,1.28805146
Kraken:LTCUSD,2020-02-10T20:20:00Z,73.51,73.51,73.51,73.51,12.87000128
Kraken:LTCUSD,2020-02-10T20:21:00Z,73.51,73.55,73.51,73.55,56.56251848
Kraken:LTCUSD,2020-02-10T20:28:00Z,73.66,73.66,73.66,73.66,32.08369084
Kraken:LTCUSD,2020-02-10T20:29:00Z,73.54,73.56,73.54,73.56,13.697
Kraken:LTCUSD,2020-02-10T20:30:00Z,73.54,73.54,73.54,73.54,5
Kraken:LTCUSD,2020-02-10T20:32:00Z,73.54,73.54,73.54,73.54,6.18688
Kraken:LTCUSD,2020-02-10T20:35:00Z,73.66,73.66,73.66,73.66,3.43805109
Kraken:LTCUSD,2020-02-10T20:45:00Z,73.74,73.74,73.74,73.74,8.969
Kraken:LTCUSD,2020-02-10T20:47:00Z,73.63,73.64,73.63,73.64,14.9018
Kraken:LTCUSD,2020-02-10T20:52:00Z,73.93,73.93,73.91,73.91,24.99999995
Kraken:LTCUSD,2020-02-10T20:53:00Z,73.94,73.94,73.94,73.94,0.797
Kraken:LTCUSD,2020-02-10T20:54:00Z,73.91,73.91,73.91,73.91,39.8962697
Kraken:LTCUSD,2020-02-10T21:00:00Z,73.9,73.9,73.9,73.9,6E+1
Kraken:LTCUSD,2020-02-10T21:02:00Z,73.98,73.98,73.92,73.92,1.9E+2
Kraken:LTCUSD,2020-02-10T21:03:00Z,73.92,73.92,73.92,73.92,5E+1
Kraken:LTCUSD,2020-02-10T21:09:00Z,73.97,74.05,73.97,74.05,112.81375032
Kraken:LTCUSD,2020-02-10T21:15:00Z,73.79,73.79,73.79,73.79,0.2
Kraken:LTCUSD,2020-02-10T21:22:00Z,73.89,73.89,73.89,73.89,1
Kraken:LTCUSD,2020-02-10T21:23:00Z,73.96,73.96,73.9,73.9,38.065
Kraken:LTCUSD,2020-02-10T21:30:00Z,73.67,73.67,73.5,73.5,189.58291756
Kraken:LTCUSD,2020-02-10T21:32:00Z,73.58,73.58,73.58,73.58,1.625488
Kraken:LTCUSD,2020-02-10T21:33:00Z,73.66,73.66,73.66,73.66,9.008523
Kraken:LTCUSD,2020-02-10T21:34:00Z,73.66,73.66,73.66,73.66,10.7813
Kraken:LTCUSD,2020-02-10T21:35:00Z,73.63,73.63,73.63,73.63,8.58855
Kraken:LTCUSD,2020-02-10T21:36:00Z,73.59,73.59,73.59,73.59,4.565632
Kraken:LTCUSD,2020-02-10T21:37:00Z,73.58,73.58,73.57,73.57,0.879866
Kraken:LTCUSD,2020-02-10T21:38:00Z,73.57,73.57,73.57,73.57,1.517675
Kraken:LTCUSD,2020-02-10T21:39:00Z,73.58,73.58,73.58,73.58,7.503785
Kraken:LTCUSD,2020-02-10T21:40:00Z,73.6,73.6,73.6,73.6,6.634646
Kraken:LTCUSD,2020-02-10T21:41:00Z,73.58,73.58,73.58,73.58,6.856386
Kraken:LTCUSD,2020-02-10T21:42:00Z,73.65,73.65,73.65,73.65,0.29395807
Kraken:LTCUSD,2020-02-10T21:43:00Z,73.65,73.65,73.65,73.65,2.6
Kraken:LTCUSD,2020-02-10T21:49:00Z,73.62,73.62,73.62,73.62,0.60966042
Kraken:LTCUSD,2020-02-10T21:50:00Z,73.61,73.61,73.61,73.61,0.1
Kraken:LTCUSD,2020-02-10T21:51:00Z,73.66,73.66,73.66,73.66,0.1
Kraken:LTCUSD,2020-02-10T21:52:00Z,73.66,73.66,73.66,73.66,0.1
Kraken:LTCUSD,2020-02-10T21:53:00Z,73.65,73.65,73.65,73.65,0.1
Kraken:LTCUSD,2020-02-10T21:54:00Z,73.65,73.65,73.65,73.65,0.1
Kraken:LTCUSD,2020-02-10T21:56:00Z,73.65,73.65,73.65,73.65,0.1
Kraken:LTCUSD,2020-02-10T22:05:00Z,73.79,73.79,73.6,73.6,41.9017382
Kraken:LTCUSD,2020-02-10T22:06:00Z,73.51,73.54,73.51,73.54,14.23029659
Kraken:LTCUSD,2020-02-10T22:07:00Z,73.54,73.58,73.54,73.58,5E+1
Kraken:LTCUSD,2020-02-10T22:08:00Z,73.56,73.58,73.56,73.58,5E+1
Kraken:LTCUSD,2020-02-10T22:13:00Z,73.68,73.68,73.68,73.68,0.5
Kraken:LTCUSD,2020-02-10T22:20:00Z,73.61,73.61,73.61,73.61,7.05581516
Kraken:LTCUSD,2020-02-10T22:24:00Z,73.6,73.6,73.6,73.6,11.53324343
Kraken:LTCUSD,2020-02-10T22:25:00Z,73.59,73.59,73.59,73.59,2.64622065
Kraken:LTCUSD,2020-02-10T22:27:00Z,73.57,73.57,73.55,73.55,7.78012875
Kraken:LTCUSD,2020-02-10T22:29:00Z,73.52,73.52,73.45,73.45,49.92012805
Kraken:LTCUSD,2020-02-10T22:34:00Z,73.43,73.43,73.43,73.43,2.6
Kraken:LTCUSD,2020-02-10T22:40:00Z,73.48,73.78,73.48,73.65,249.19733
Kraken:LTCUSD,2020-02-10T22:43:00Z,73.71,73.71,73.66,73.66,7.5
Kraken:LTCUSD,2020-02-10T22:45:00Z,73.66,73.66,73.66,73.66,5.108274
Kraken:LTCUSD,2020-02-10T22:47:00Z,73.85,73.85,73.85,73.85,1
Kraken:LTCUSD,2020-02-10T22:53:00Z,73.76,73.76,73.76,73.76,2
Kraken:LTCUSD,2020-02-10T22:55:00Z,73.8,73.8,73.8,73.8,0.55322
Kraken:LTCUSD,2020-02-10T23:10:00Z,73.94,73.94,73.94,73.94,5
Kraken:LTCUSD,2020-02-10T23:11:00Z,73.94,73.94,73.94,73.94,29.7724876
Kraken:LTCUSD,2020-02-10T23:12:00Z,73.94,73.94,73.94,73.94,39.91984492
Kraken:LTCUSD,2020-02-10T23:17:00Z,74.1,74.1,74.1,74.1,2.32
Kraken:LTCUSD,2020-02-10T23:22:00Z,74.05,74.05,74.05,74.05,86.132
Kraken:LTCUSD,2020-02-10T23:24:00Z,73.91,73.96,73.91,73.96,21
Kraken:LTCUSD,2020-02-10T23:33:00Z,74.06,74.06,74.02,74.02,15.32069092
Kraken:LTCUSD,2020-02-10T23:34:00Z,74.15,74.15,74.15,74.15,2.6
Kraken:LTCUSD,2020-02-10T23:39:00Z,74.16,74.16,74.16,74.16,76.8
Kraken:LTCUSD,2020-02-10T23:40:00Z,74.26,74.26,74.26,74.26,5.79
Kraken:LTCUSD,2020-02-10T23:42:00Z,74.29,74.29,74.29,74.29,25
Kraken:LTCUSD,2020-02-10T23:43:00Z,74.29,74.39,74.29,74.31,31.472
Kraken:LTCUSD,2020-02-10T23:48:00Z,74.34,74.34,74.34,74.34,1
Kraken:LTCUSD,2020-02-10T23:49:00Z,74.38,74.38,74.38,74.38,8
Kraken:LTCUSD,2020-02-10T23:50:00Z,74.42,74.44,74.42,74.43,5.29609
Kraken:LTCUSD,2020-02-10T23:51:00Z,74.44,74.44,74.41,74.41,5.02
Kraken:LTCUSD,2020-02-10T23:52:00Z,74.3,74.3,74.25,74.25,42.889277
Kraken:LTCUSD,2020-02-10T23:53:00Z,74.29,74.29,74.29,74.29,35.869
