Kraken:LTCEUR,2021-05-25T00:00:00Z,152.13,152.47,151.58,151.58,141.93993596
Kraken:LTCEUR,2021-05-25T00:01:00Z,151.03,151.12,150.11,150.11,54.89573556
Kraken:LTCEUR,2021-05-25T00:02:00Z,150.54,152.53,150.54,152.53,19.3951142
Kraken:LTCEUR,2021-05-25T00:03:00Z,152.7,153.84,152.7,153.84,250.66647908
Kraken:LTCEUR,2021-05-25T00:04:00Z,153.53,154.41,153.53,154.41,13.3963904
Kraken:LTCEUR,2021-05-25T00:05:00Z,153.74,154.91,153.74,154.7,91.15773755
Kraken:LTCEUR,2021-05-25T00:06:00Z,154.2,154.57,154.0,154.35,14.61121762
Kraken:LTCEUR,2021-05-25T00:07:00Z,154.56,154.56,153.86,153.99,136.56060898
Kraken:LTCEUR,2021-05-25T00:08:00Z,154.09,154.45,153.67,154.45,22.71059451
Kraken:LTCEUR,2021-05-25T00:09:00Z,154.45,154.57,153.99,154.08,44.12486793
Kraken:LTCEUR,2021-05-25T00:10:00Z,154.18,154.72,154.06,154.7,165.86113546
Kraken:LTCEUR,2021-05-25T00:11:00Z,154.07,154.75,154.05,154.59,107.04427758
Kraken:LTCEUR,2021-05-25T00:12:00Z,154.23,154.23,154.23,154.23,1
Kraken:LTCEUR,2021-05-25T00:13:00Z,154.34,154.61,154.11,154.5,5.05644941
Kraken:LTCEUR,2021-05-25T00:14:00Z,154.35,154.35,154.28,154.32,3.45546283
Kraken:LTCEUR,2021-05-25T00:15:00Z,154.0,154.18,154.0,154.06,13.78641462
Kraken:LTCEUR,2021-05-25T00:16:00Z,154.25,154.25,154.25,154.25,0.63813826
Kraken:LTCEUR,2021-05-25T00:17:00Z,154.09,154.62,154.09,154.62,2.82358399
Kraken:LTCEUR,2021-05-25T00:18:00Z,154.99,155.23,154.99,155.0,209.59072729
Kraken:LTCEUR,2021-05-25T00:19:00Z,155.0,155.86,154.74,155.76,280.18439563
Kraken:LTCEUR,2021-05-25T00:20:00Z,155.95,156.05,155.2,155.39,31.49024837
Kraken:LTCEUR,2021-05-25T00:21:00Z,154.94,156.34,154.92,156.2,20.28693733
Kraken:LTCEUR,2021-05-25T00:22:00Z,156.03,156.14,155.72,156.14,255.67310376
Kraken:LTCEUR,2021-05-25T00:23:00Z,156.34,157.0,156.34,156.93,61.07242838
Kraken:LTCEUR,2021-05-25T00:24:00Z,157.0,157.52,156.88,156.88,88.85775071
Kraken:LTCEUR,2021-05-25T00:25:00Z,157.32,157.65,157.32,157.43,40.55346211
Kraken:LTCEUR,2021-05-25T00:26:00Z,157.28,157.28,156.37,156.52,38.18315198
Kraken:LTCEUR,2021-05-25T00:27:00Z,156.65,157.02,156.65,157.02,105
Kraken:LTCEUR,2021-05-25T00:28:00Z,156.23,156.25,155.51,155.81,171.60092082
Kraken:LTCEUR,2021-05-25T00:29:00Z,155.66,156.53,155.49,156.53,22.76098043
Kraken:LTCEUR,2021-05-25T00:30:00Z,156.54,156.72,156.28,156.53,14.100814
Kraken:LTCEUR,2021-05-25T00:31:00Z,155.95,156.22,155.95,156.22,3.97195
Kraken:LTCEUR,2021-05-25T00:32:00Z,156.52,156.66,156.52,156.66,0.51
Kraken:LTCEUR,2021-05-25T00:33:00Z,156.84,156.84,156.84,156.84,1
Kraken:LTCEUR,2021-05-25T00:34:00Z,156.48,157.4,156.48,157.4,33.47950215
Kraken:LTCEUR,2021-05-25T00:35:00Z,157.65,158.82,157.65,158.82,32.0826661
Kraken:LTCEUR,2021-05-25T00:36:00Z,158.89,158.89,158.17,158.39,18.1735297
Kraken:LTCEUR,2021-05-25T00:37:00Z,158.41,158.73,158.27,158.47,31.45902365
Kraken:LTCEUR,2021-05-25T00:38:00Z,158.59,158.9,158.5,158.5,10.1756
Kraken:LTCEUR,2021-05-25T00:39:00Z,158.33,158.66,158.1,158.57,41.94326197
Kraken:LTCEUR,2021-05-25T00:40:00Z,158.34,158.56,158.34,158.56,11.03948832
Kraken:LTCEUR,2021-05-25T00:41:00Z,158.06,158.35,157.99,158.35,2.9491581
Kraken:LTCEUR,2021-05-25T00:42:00Z,158.0,158.33,158.0,158.33,0.43987341
Kraken:LTCEUR,2021-05-25T00:43:00Z,158.29,159.0,158.29,159.0,4.53463354
Kraken:LTCEUR,2021-05-25T00:44:00Z,159.19,159.69,158.79,158.79,24.15556116
Kraken:LTCEUR,2021-05-25T00:45:00Z,158.47,158.47,158.27,158.27,0.77098862
Kraken:LTCEUR,2021-05-25T00:47:00Z,157.38,157.38,156.85,157.0,386.0843309
Kraken:LTCEUR,2021-05-25T00:48:00Z,157.73,157.73,157.24,157.24,2.15531013
Kraken:LTCEUR,2021-05-25T00:49:00Z,157.22,157.37,157.22,157.37,3.00710062
Kraken:LTCEUR,2021-05-25T00:50:00Z,158.08,159.61,158.08,159.29,12.98944567
Kraken:LTCEUR,2021-05-25T00:51:00Z,158.99,159.35,158.8,159.08,147.442162
Kraken:LTCEUR,2021-05-25T00:52:00Z,159.12,159.17,159.01,159.04,3.71738273
Kraken:LTCEUR,2021-05-25T00:53:00Z,158.87,158.87,158.5,158.5,1.75794866
Kraken:LTCEUR,2021-05-25T00:54:00Z,158.53,158.53,157.95,157.95,1.30433697
Kraken:LTCEUR,2021-05-25T00:55:00Z,157.81,158.01,157.59,157.71,6.38520998
Kraken:LTCEUR,2021-05-25T00:56:00Z,157.71,157.74,157.62,157.67,7.12755975
Kraken:LTCEUR,2021-05-25T00:57:00Z,157.43,157.43,157.12,157.12,1.19123144
Kraken:LTCEUR,2021-05-25T00:58:00Z,157.43,157.43,156.62,156.62,9.57821866
Kraken:LTCEUR,2021-05-25T00:59:00Z,156.44,156.8,156.11,156.26,120.81301762
Kraken:LTCEUR,2021-05-25T01:00:00Z,156.16,156.45,156.12,156.34,87.97637011
Kraken:LTCEUR,2021-05-25T01:01:00Z,156.71,157.02,156.56,156.7,45.62030806
Kraken:LTCEUR,2021-05-25T01:02:00Z,157.02,157.55,157.02,157.55,3.36614915
Kraken:LTCEUR,2021-05-25T01:04:00Z,156.43,156.43,156.3,156.3,0.44
Kraken:LTCEUR,2021-05-25T01:05:00Z,155.97,155.97,155.85,155.85,53.1357
Kraken:LTCEUR,2021-05-25T01:06:00Z,156.43,156.5,156.41,156.41,4.39973979
Kraken:LTCEUR,2021-05-25T01:07:00Z,156.16,156.17,156.02,156.02,4.99535365
Kraken:LTCEUR,2021-05-25T01:08:00Z,155.73,155.73,155.25,155.25,9.80004422
Kraken:LTCEUR,2021-05-25T01:09:00Z,155.23,155.47,155.22,155.47,22.82475634
Kraken:LTCEUR,2021-05-25T01:10:00Z,155.4,155.45,155.03,155.03,12.38255291
Kraken:LTCEUR,2021-05-25T01:11:00Z,154.72,154.72,154.06,154.06,6.5734353
Kraken:LTCEUR,2021-05-25T01:12:00Z,153.94,153.94,153.92,153.92,29.67007545
Kraken:LTCEUR,2021-05-25T01:13:00Z,153.93,154.23,153.82,153.95,51.46676735
Kraken:LTCEUR,2021-05-25T01:14:00Z,154.15,154.15,154.15,154.15,0.25991005
Kraken:LTCEUR,2021-05-25T01:15:00Z,154.58,154.87,154.58,154.87,6.74759784
Kraken:LTCEUR,2021-05-25T01:16:00Z,154.64,154.64,154.64,154.64,0.07459784
Kraken:LTCEUR,2021-05-25T01:17:00Z,155.32,155.32,155.32,155.32,0.67980401
Kraken:LTCEUR,2021-05-25T01:18:00Z,155.59,155.62,155.48,155.48,11.66476496
Kraken:LTCEUR,2021-05-25T01:19:00Z,155.54,155.54,155.54,155.54,1.02200075
Kraken:LTCEUR,2021-05-25T01:20:00Z,155.15,155.16,155.0,155.0,927.83044679
Kraken:LTCEUR,2021-05-25T01:22:00Z,155.12,155.12,155.12,155.12,0.21687148
Kraken:LTCEUR,2021-05-25T01:23:00Z,154.35,154.35,154.35,154.35,0.19602884
Kraken:LTCEUR,2021-05-25T01:25:00Z,154.35,154.35,153.89,153.89,4.15599999
Kraken:LTCEUR,2021-05-25T01:27:00Z,153.9,153.9,153.9,153.9,0.20584661
Kraken:LTCEUR,2021-05-25T01:28:00Z,153.5,153.5,153.05,153.05,17.7753755
Kraken:LTCEUR,2021-05-25T01:29:00Z,152.97,153.21,152.68,152.7,62.46277164
Kraken:LTCEUR,2021-05-25T01:30:00Z,152.69,152.69,151.8,151.8,22.91059268
Kraken:LTCEUR,2021-05-25T01:31:00Z,151.99,152.76,151.99,152.76,1084.34263131
Kraken:LTCEUR,2021-05-25T01:32:00Z,153.25,153.31,153.25,153.31,6
Kraken:LTCEUR,2021-05-25T01:33:00Z,152.78,152.78,152.78,152.78,1.95681951
Kraken:LTCEUR,2021-05-25T01:34:00Z,153.11,153.11,153.11,153.11,0.02579451
Kraken:LTCEUR,2021-05-25T01:35:00Z,152.32,152.32,151.75,151.75,77.29497644
Kraken:LTCEUR,2021-05-25T01:36:00Z,151.68,151.73,151.38,151.43,78.20376316
Kraken:LTCEUR,2021-05-25T01:37:00Z,151.56,151.56,151.33,151.33,15.98822748
Kraken:LTCEUR,2021-05-25T01:38:00Z,151.58,151.71,151.58,151.71,10.67999934
Kraken:LTCEUR,2021-05-25T01:39:00Z,152.32,152.37,152.32,152.37,2.92857158
Kraken:LTCEUR,2021-05-25T01:40:00Z,151.32,151.57,151.16,151.55,4.41831
Kraken:LTCEUR,2021-05-25T01:41:00Z,150.97,150.97,150.89,150.89,0.5848
Kraken:LTCEUR,2021-05-25T01:42:00Z,151.47,151.47,151.47,151.47,0.240838
Kraken:LTCEUR,2021-05-25T01:43:00Z,151.94,151.94,151.94,151.94,0.42357
Kraken:LTCEUR,2021-05-25T01:44:00Z,151.16,151.16,150.62,150.84,2.21740698
Kraken:LTCEUR,2021-05-25T01:45:00Z,150.83,150.83,150.83,150.83,0.16578
Kraken:LTCEUR,2021-05-25T01:46:00Z,151.93,151.93,151.64,151.64,1.52756921
Kraken:LTCEUR,2021-05-25T01:47:00Z,151.99,152.04,151.9,152.04,8.31256528
Kraken:LTCEUR,2021-05-25T01:48:00Z,152.52,152.57,152.4,152.4,76.65683131
Kraken:LTCEUR,2021-05-25T01:49:00Z,152.28,152.28,152.22,152.22,5.19577163
Kraken:LTCEUR,2021-05-25T01:51:00Z,152.67,152.87,152.65,152.65,0.62969
Kraken:LTCEUR,2021-05-25T01:52:00Z,152.32,152.34,152.32,152.34,5
Kraken:LTCEUR,2021-05-25T01:53:00Z,152.54,152.63,152.34,152.34,95
Kraken:LTCEUR,2021-05-25T01:57:00Z,152.36,152.36,152.35,152.35,2
Kraken:LTCEUR,2021-05-25T01:58:00Z,152.51,152.67,152.51,152.67,0.90057732
Kraken:LTCEUR,2021-05-25T01:59:00Z,152.79,152.79,152.62,152.62,13.2845
Kraken:LTCEUR,2021-05-25T02:00:00Z,152.62,152.62,152.59,152.59,0.15004986
Kraken:LTCEUR,2021-05-25T02:01:00Z,152.5,152.5,152.5,152.5,10.4
Kraken:LTCEUR,2021-05-25T02:02:00Z,152.84,152.85,152.84,152.85,0.187807
Kraken:LTCEUR,2021-05-25T02:03:00Z,152.69,152.69,152.66,152.66,3.81379518
Kraken:LTCEUR,2021-05-25T02:04:00Z,152.65,152.98,152.64,152.64,15.6052
Kraken:LTCEUR,2021-05-25T02:05:00Z,152.64,152.64,152.64,152.64,0.00001912
Kraken:LTCEUR,2021-05-25T02:06:00Z,152.07,152.59,152.07,152.59,11.03893544
Kraken:LTCEUR,2021-05-25T02:07:00Z,152.37,152.37,152.08,152.08,31.10793046
Kraken:LTCEUR,2021-05-25T02:08:00Z,151.83,151.83,151.65,151.65,4.70425253
Kraken:LTCEUR,2021-05-25T02:09:00Z,151.35,151.35,150.89,150.89,2.0150548
Kraken:LTCEUR,2021-05-25T02:10:00Z,150.89,151.04,150.45,150.45,16.36919307
Kraken:LTCEUR,2021-05-25T02:11:00Z,150.45,150.45,150.13,150.13,132.31805286
Kraken:LTCEUR,2021-05-25T02:12:00Z,150.16,150.16,149.87,149.87,3.250003
Kraken:LTCEUR,2021-05-25T02:13:00Z,149.56,149.76,149.11,149.11,86.2385788
Kraken:LTCEUR,2021-05-25T02:14:00Z,149.15,149.15,149.11,149.11,12.57017
Kraken:LTCEUR,2021-05-25T02:15:00Z,149.48,150.33,149.48,150.33,8.8761659
Kraken:LTCEUR,2021-05-25T02:16:00Z,149.24,149.31,148.83,148.83,31.24250867
Kraken:LTCEUR,2021-05-25T02:17:00Z,148.47,149.03,148.2,148.96,60.10847128
Kraken:LTCEUR,2021-05-25T02:18:00Z,149.15,149.15,149.14,149.14,1.3718
Kraken:LTCEUR,2021-05-25T02:19:00Z,148.63,148.98,148.61,148.98,5.7568
Kraken:LTCEUR,2021-05-25T02:20:00Z,149.02,149.9,149.02,149.9,8.45014481
Kraken:LTCEUR,2021-05-25T02:21:00Z,150.28,150.73,150.26,150.73,10.01309815
Kraken:LTCEUR,2021-05-25T02:22:00Z,150.56,150.79,150.37,150.52,7.3535056
Kraken:LTCEUR,2021-05-25T02:23:00Z,150.77,150.77,150.77,150.77,0.3122
Kraken:LTCEUR,2021-05-25T02:26:00Z,150.89,150.89,150.89,150.89,0.24807893
Kraken:LTCEUR,2021-05-25T02:27:00Z,150.03,150.88,150.03,150.88,79.23362091
Kraken:LTCEUR,2021-05-25T02:28:00Z,150.64,150.64,150.64,150.64,0.263487
Kraken:LTCEUR,2021-05-25T02:29:00Z,150.7,150.7,150.13,150.13,2.31050984
Kraken:LTCEUR,2021-05-25T02:30:00Z,150.19,151.16,150.08,151.16,228.96900696
Kraken:LTCEUR,2021-05-25T02:31:00Z,151.16,151.16,151.16,151.16,0.00003
Kraken:LTCEUR,2021-05-25T02:32:00Z,151.33,151.49,151.33,151.49,6.78503649
Kraken:LTCEUR,2021-05-25T02:37:00Z,151.86,151.86,151.7,151.79,5.37621545
Kraken:LTCEUR,2021-05-25T02:39:00Z,151.92,151.92,151.92,151.92,0.36537839
Kraken:LTCEUR,2021-05-25T02:40:00Z,151.36,151.36,151.07,151.17,5.3780505
Kraken:LTCEUR,2021-05-25T02:42:00Z,151.45,151.45,151.33,151.35,1.32746089
Kraken:LTCEUR,2021-05-25T02:44:00Z,151.24,151.24,151.24,151.24,4.71062569
Kraken:LTCEUR,2021-05-25T02:46:00Z,150.57,150.57,150.55,150.55,0.08170405
Kraken:LTCEUR,2021-05-25T02:47:00Z,150.33,150.33,150.33,150.33,0.4762498
Kraken:LTCEUR,2021-05-25T02:49:00Z,149.86,149.86,149.86,149.86,3.99
Kraken:LTCEUR,2021-05-25T02:50:00Z,149.4,149.4,148.92,148.92,10.18763823
Kraken:LTCEUR,2021-05-25T02:51:00Z,148.61,148.75,148.61,148.75,16.07994194
Kraken:LTCEUR,2021-05-25T02:52:00Z,148.61,148.89,148.48,148.48,62.61903858
Kraken:LTCEUR,2021-05-25T02:53:00Z,148.12,148.12,147.85,147.85,22.97227259
Kraken:LTCEUR,2021-05-25T02:55:00Z,149.14,149.25,149.08,149.24,22.37445489
Kraken:LTCEUR,2021-05-25T02:56:00Z,148.65,148.66,148.46,148.55,2.71370465
Kraken:LTCEUR,2021-05-25T02:57:00Z,147.77,147.77,147.77,147.77,1E+2
Kraken:LTCEUR,2021-05-25T02:58:00Z,147.69,147.73,146.7,146.7,63.98982675
Kraken:LTCEUR,2021-05-25T02:59:00Z,146.64,147.28,146.64,147.15,35.53864458
Kraken:LTCEUR,2021-05-25T03:00:00Z,146.81,146.81,145.99,146.0,42.2541907
Kraken:LTCEUR,2021-05-25T03:01:00Z,145.99,146.63,145.97,146.3,72.80294774
Kraken:LTCEUR,2021-05-25T03:02:00Z,146.34,147.27,146.32,147.27,64.33742717
Kraken:LTCEUR,2021-05-25T03:04:00Z,146.85,146.85,146.12,146.3,21.72453674
Kraken:LTCEUR,2021-05-25T03:05:00Z,146.02,146.02,145.73,145.73,124.22871824
Kraken:LTCEUR,2021-05-25T03:06:00Z,145.74,145.74,145.58,145.72,11.04109681
Kraken:LTCEUR,2021-05-25T03:07:00Z,146.57,146.57,145.21,145.42,57.07119117
Kraken:LTCEUR,2021-05-25T03:08:00Z,145.31,145.31,145.31,145.31,0.45589642
Kraken:LTCEUR,2021-05-25T03:09:00Z,145.52,145.52,145.45,145.45,2.04540613
Kraken:LTCEUR,2021-05-25T03:10:00Z,145.15,145.16,144.49,144.92,17.3167028
Kraken:LTCEUR,2021-05-25T03:11:00Z,145.57,146.14,145.57,145.84,10.4904
Kraken:LTCEUR,2021-05-25T03:12:00Z,146.6,146.72,146.6,146.71,1.51832088
Kraken:LTCEUR,2021-05-25T03:13:00Z,146.72,146.72,146.72,146.72,11.45203
Kraken:LTCEUR,2021-05-25T03:14:00Z,146.81,146.81,146.81,146.81,0.39501774
Kraken:LTCEUR,2021-05-25T03:15:00Z,145.87,145.87,145.87,145.87,3.99
Kraken:LTCEUR,2021-05-25T03:16:00Z,146.65,146.65,146.65,146.65,0.22771402
Kraken:LTCEUR,2021-05-25T03:18:00Z,146.63,146.76,146.63,146.76,231.51020408
Kraken:LTCEUR,2021-05-25T03:19:00Z,147.01,147.01,146.54,146.55,9.71155882
Kraken:LTCEUR,2021-05-25T03:20:00Z,146.71,147.57,146.71,147.57,15.83615
Kraken:LTCEUR,2021-05-25T03:22:00Z,147.68,148.0,147.67,148.0,31.19533294
Kraken:LTCEUR,2021-05-25T03:23:00Z,148.0,148.0,148.0,148.0,0.50848494
Kraken:LTCEUR,2021-05-25T03:24:00Z,147.89,148.03,147.89,148.0,129.44490294
Kraken:LTCEUR,2021-05-25T03:25:00Z,148.0,148.21,147.82,147.88,132.80076485
Kraken:LTCEUR,2021-05-25T03:29:00Z,147.77,147.77,147.77,147.77,0.40076813
Kraken:LTCEUR,2021-05-25T03:32:00Z,148.52,148.52,148.16,148.19,2.05470365
Kraken:LTCEUR,2021-05-25T03:33:00Z,148.46,148.67,148.46,148.59,43.56763848
Kraken:LTCEUR,2021-05-25T03:34:00Z,148.57,148.57,148.57,148.57,0.3554
Kraken:LTCEUR,2021-05-25T03:35:00Z,148.57,148.57,148.17,148.17,80.49300206
Kraken:LTCEUR,2021-05-25T03:36:00Z,147.78,147.78,147.78,147.78,0.06671327
Kraken:LTCEUR,2021-05-25T03:39:00Z,146.85,146.85,146.36,146.36,12.24142446
Kraken:LTCEUR,2021-05-25T03:40:00Z,147.71,147.71,147.71,147.71,0.6987
Kraken:LTCEUR,2021-05-25T03:41:00Z,147.27,147.85,147.27,147.84,12.51987555
Kraken:LTCEUR,2021-05-25T03:42:00Z,148.19,148.48,148.19,148.48,0.19003
Kraken:LTCEUR,2021-05-25T03:44:00Z,148.21,148.97,148.21,148.81,2.48695719
Kraken:LTCEUR,2021-05-25T03:46:00Z,147.8,147.96,147.8,147.96,4.00098789
Kraken:LTCEUR,2021-05-25T03:48:00Z,147.76,147.76,147.76,147.76,3.58920639
Kraken:LTCEUR,2021-05-25T03:49:00Z,147.69,148.16,147.69,148.16,5.80701401
Kraken:LTCEUR,2021-05-25T03:51:00Z,147.92,147.92,147.92,147.92,5
Kraken:LTCEUR,2021-05-25T03:52:00Z,147.35,147.35,147.35,147.35,0.13469255
Kraken:LTCEUR,2021-05-25T03:53:00Z,147.15,147.15,147.15,147.15,0.65516101
Kraken:LTCEUR,2021-05-25T03:55:00Z,148.17,148.49,148.17,148.49,2.33349286
Kraken:LTCEUR,2021-05-25T03:57:00Z,149.02,149.4,149.02,149.4,3.25379851
Kraken:LTCEUR,2021-05-25T03:58:00Z,149.49,149.52,149.49,149.52,5.48124266
Kraken:LTCEUR,2021-05-25T03:59:00Z,149.32,149.35,149.05,149.14,5.41596471
Kraken:LTCEUR,2021-05-25T04:00:00Z,149.11,149.11,148.27,148.27,11.75555989
Kraken:LTCEUR,2021-05-25T04:01:00Z,147.73,147.73,147.73,147.73,0.3479
Kraken:LTCEUR,2021-05-25T04:02:00Z,148.99,149.09,148.99,149.09,8.7206393
Kraken:LTCEUR,2021-05-25T04:03:00Z,149.06,149.07,148.77,148.77,10.62195237
Kraken:LTCEUR,2021-05-25T04:04:00Z,148.77,148.77,148.77,148.77,0.65043007
Kraken:LTCEUR,2021-05-25T04:06:00Z,149.43,149.43,149.08,149.15,3.02026
Kraken:LTCEUR,2021-05-25T04:07:00Z,149.29,149.29,149.29,149.29,0.30718353
Kraken:LTCEUR,2021-05-25T04:08:00Z,149.48,149.59,149.48,149.59,12.87551402
Kraken:LTCEUR,2021-05-25T04:09:00Z,149.66,149.75,149.66,149.75,0.16680113
Kraken:LTCEUR,2021-05-25T04:10:00Z,149.47,149.47,149.47,149.47,0.13305843
Kraken:LTCEUR,2021-05-25T04:11:00Z,149.43,149.5,149.24,149.26,46.87699281
Kraken:LTCEUR,2021-05-25T04:14:00Z,148.89,148.97,148.72,148.72,214.94896472
Kraken:LTCEUR,2021-05-25T04:15:00Z,148.72,149.19,148.72,149.19,243.85827413
Kraken:LTCEUR,2021-05-25T04:16:00Z,148.62,148.62,148.34,148.34,5.15200598
Kraken:LTCEUR,2021-05-25T04:17:00Z,148.06,148.06,147.55,147.55,1.7901886
Kraken:LTCEUR,2021-05-25T04:18:00Z,147.07,147.07,146.89,146.89,11.29999997
Kraken:LTCEUR,2021-05-25T04:19:00Z,146.82,147.17,146.71,146.83,21.85990999
Kraken:LTCEUR,2021-05-25T04:20:00Z,146.5,146.58,145.8,145.8,21.50955644
Kraken:LTCEUR,2021-05-25T04:21:00Z,146.07,146.07,145.76,145.81,2.78462327
Kraken:LTCEUR,2021-05-25T04:22:00Z,145.97,145.97,145.21,145.44,11.7435085
Kraken:LTCEUR,2021-05-25T04:23:00Z,145.66,145.87,144.38,144.47,134.21037645
Kraken:LTCEUR,2021-05-25T04:24:00Z,144.15,144.77,144.15,144.34,9.1898689
Kraken:LTCEUR,2021-05-25T04:25:00Z,145.35,145.49,145.12,145.45,15.00547106
Kraken:LTCEUR,2021-05-25T04:27:00Z,145.36,145.36,145.13,145.13,16.173
Kraken:LTCEUR,2021-05-25T04:28:00Z,144.27,144.27,144.27,144.27,2.5
Kraken:LTCEUR,2021-05-25T04:29:00Z,145.02,145.16,144.82,145.16,5.62647205
Kraken:LTCEUR,2021-05-25T04:30:00Z,145.2,145.26,145.18,145.18,101.22
Kraken:LTCEUR,2021-05-25T04:31:00Z,145.88,145.88,145.88,145.88,0.22728838
Kraken:LTCEUR,2021-05-25T04:32:00Z,146.05,146.36,146.05,146.36,4.14319161
Kraken:LTCEUR,2021-05-25T04:33:00Z,146.59,146.59,146.59,146.59,0.75067189
Kraken:LTCEUR,2021-05-25T04:34:00Z,146.66,146.72,146.65,146.72,23.63915454
Kraken:LTCEUR,2021-05-25T04:35:00Z,147.34,147.34,147.34,147.34,0.0617099
Kraken:LTCEUR,2021-05-25T04:36:00Z,147.51,147.62,147.51,147.62,0.82875026
Kraken:LTCEUR,2021-05-25T04:37:00Z,147.84,147.84,147.79,147.79,0.27714643
Kraken:LTCEUR,2021-05-25T04:38:00Z,147.82,147.82,147.34,147.46,11.60254485
Kraken:LTCEUR,2021-05-25T04:39:00Z,147.87,147.97,147.74,147.8,3.28291
Kraken:LTCEUR,2021-05-25T04:40:00Z,148.16,148.19,148.16,148.19,12.10238999
Kraken:LTCEUR,2021-05-25T04:41:00Z,148.43,148.43,148.36,148.36,1.400286
Kraken:LTCEUR,2021-05-25T04:42:00Z,148.88,148.88,148.57,148.57,1.955847
Kraken:LTCEUR,2021-05-25T04:43:00Z,148.72,148.88,148.72,148.73,5.97
Kraken:LTCEUR,2021-05-25T04:44:00Z,148.71,148.71,148.32,148.37,35.95415491
Kraken:LTCEUR,2021-05-25T04:45:00Z,148.88,148.88,148.87,148.87,0.26793074
Kraken:LTCEUR,2021-05-25T04:46:00Z,147.99,148.23,147.94,148.23,1.63446029
Kraken:LTCEUR,2021-05-25T04:47:00Z,148.73,148.73,148.73,148.73,0.05903017
Kraken:LTCEUR,2021-05-25T04:48:00Z,149.07,149.39,149.07,149.39,1.63624507
Kraken:LTCEUR,2021-05-25T04:49:00Z,149.55,149.97,149.55,149.97,8.46481776
Kraken:LTCEUR,2021-05-25T04:51:00Z,149.21,149.21,149.21,149.21,0.26061178
Kraken:LTCEUR,2021-05-25T04:52:00Z,148.92,149.0,148.92,149.0,3.20394
Kraken:LTCEUR,2021-05-25T04:55:00Z,148.82,148.82,148.77,148.77,10.03
Kraken:LTCEUR,2021-05-25T04:56:00Z,148.35,148.35,148.35,148.35,0.132722
Kraken:LTCEUR,2021-05-25T04:57:00Z,148.13,148.14,148.03,148.03,44.99999998
Kraken:LTCEUR,2021-05-25T04:59:00Z,147.91,147.91,147.73,147.73,0.35438308
Kraken:LTCEUR,2021-05-25T05:00:00Z,147.55,147.87,147.55,147.6,33.90154834
Kraken:LTCEUR,2021-05-25T05:01:00Z,147.58,147.65,147.53,147.65,1.46375452
Kraken:LTCEUR,2021-05-25T05:02:00Z,147.53,147.53,147.51,147.51,2.72564
Kraken:LTCEUR,2021-05-25T05:03:00Z,147.48,147.48,147.26,147.26,4.44477485
Kraken:LTCEUR,2021-05-25T05:04:00Z,146.85,146.85,146.61,146.61,0.73189321
Kraken:LTCEUR,2021-05-25T05:05:00Z,146.46,146.46,146.01,146.17,5.15679457
Kraken:LTCEUR,2021-05-25T05:06:00Z,145.98,146.06,145.95,145.97,8.14028347
Kraken:LTCEUR,2021-05-25T05:09:00Z,145.6,145.6,145.49,145.49,1.72985389
Kraken:LTCEUR,2021-05-25T05:10:00Z,145.97,146.59,145.97,146.5,17.91748017
Kraken:LTCEUR,2021-05-25T05:11:00Z,146.85,146.85,146.85,146.85,0.38631126
Kraken:LTCEUR,2021-05-25T05:12:00Z,146.75,146.84,146.75,146.84,2.18917285
Kraken:LTCEUR,2021-05-25T05:15:00Z,146.4,146.68,146.4,146.68,1.18787944
Kraken:LTCEUR,2021-05-25T05:16:00Z,147.08,147.08,147.08,147.08,0.99740674
Kraken:LTCEUR,2021-05-25T05:17:00Z,146.41,146.47,146.41,146.47,0.26836804
Kraken:LTCEUR,2021-05-25T05:18:00Z,146.81,146.81,146.81,146.81,0.59937262
Kraken:LTCEUR,2021-05-25T05:19:00Z,147.0,147.0,147.0,147.0,0.14826857
Kraken:LTCEUR,2021-05-25T05:20:00Z,147.22,147.23,147.22,147.23,0.38529844
Kraken:LTCEUR,2021-05-25T05:21:00Z,147.29,147.38,147.29,147.36,26.796
Kraken:LTCEUR,2021-05-25T05:23:00Z,147.27,147.27,146.88,146.88,71.76758575
Kraken:LTCEUR,2021-05-25T05:24:00Z,146.8,147.31,146.66,147.31,28.62798654
Kraken:LTCEUR,2021-05-25T05:25:00Z,147.72,147.95,147.72,147.95,1.56596
Kraken:LTCEUR,2021-05-25T05:26:00Z,147.98,148.15,147.98,148.15,1.4182277
Kraken:LTCEUR,2021-05-25T05:27:00Z,148.18,148.18,147.91,147.91,1.78761454
Kraken:LTCEUR,2021-05-25T05:28:00Z,148.17,148.17,147.81,147.81,2.58044
Kraken:LTCEUR,2021-05-25T05:29:00Z,147.95,148.17,147.95,148.17,7.39126353
Kraken:LTCEUR,2021-05-25T05:30:00Z,146.98,147.15,146.98,147.1,3.30055964
Kraken:LTCEUR,2021-05-25T05:31:00Z,146.93,146.93,146.83,146.83,0.81605
Kraken:LTCEUR,2021-05-25T05:32:00Z,146.66,146.76,146.61,146.61,20.80096298
Kraken:LTCEUR,2021-05-25T05:33:00Z,146.6,146.6,146.28,146.28,2.69295924
Kraken:LTCEUR,2021-05-25T05:34:00Z,146.49,146.49,146.36,146.36,101.52126996
Kraken:LTCEUR,2021-05-25T05:35:00Z,145.88,145.96,145.88,145.96,0.78137
Kraken:LTCEUR,2021-05-25T05:36:00Z,145.59,145.59,145.59,145.59,0.50004
Kraken:LTCEUR,2021-05-25T05:37:00Z,145.53,145.67,145.53,145.67,1.12871404
Kraken:LTCEUR,2021-05-25T05:38:00Z,145.73,145.76,145.66,145.66,0.8899333
Kraken:LTCEUR,2021-05-25T05:39:00Z,146.74,146.74,146.71,146.71,0.27024484
Kraken:LTCEUR,2021-05-25T05:40:00Z,146.8,146.8,146.29,146.32,1.95809036
Kraken:LTCEUR,2021-05-25T05:41:00Z,147.17,147.46,147.17,147.44,7.50261208
Kraken:LTCEUR,2021-05-25T05:42:00Z,147.22,147.97,147.22,147.97,13.27996706
Kraken:LTCEUR,2021-05-25T05:43:00Z,147.46,147.46,147.46,147.46,0.06
Kraken:LTCEUR,2021-05-25T05:44:00Z,147.52,147.53,147.33,147.53,1.95439681
Kraken:LTCEUR,2021-05-25T05:45:00Z,147.66,147.82,147.66,147.82,6.43
Kraken:LTCEUR,2021-05-25T05:46:00Z,147.99,148.09,147.99,148.09,1.49404879
Kraken:LTCEUR,2021-05-25T05:47:00Z,148.07,148.07,147.73,147.73,2.38
Kraken:LTCEUR,2021-05-25T05:48:00Z,147.53,147.53,147.2,147.2,6.3
Kraken:LTCEUR,2021-05-25T05:49:00Z,147.46,147.46,147.24,147.24,50.43360541
Kraken:LTCEUR,2021-05-25T05:50:00Z,148.18,148.41,148.16,148.18,28.74618074
Kraken:LTCEUR,2021-05-25T05:51:00Z,148.16,148.18,147.59,147.59,3.77584137
Kraken:LTCEUR,2021-05-25T05:52:00Z,147.56,148.02,147.39,148.02,4.36434115
Kraken:LTCEUR,2021-05-25T05:53:00Z,148.44,148.69,148.38,148.47,8.70564989
Kraken:LTCEUR,2021-05-25T05:54:00Z,148.32,148.32,148.32,148.32,0.1001001
Kraken:LTCEUR,2021-05-25T05:56:00Z,148.63,148.72,148.63,148.7,9.28921779
Kraken:LTCEUR,2021-05-25T05:57:00Z,148.77,148.77,148.61,148.61,9.21324436
Kraken:LTCEUR,2021-05-25T05:58:00Z,148.42,148.8,148.42,148.61,30.79361137
Kraken:LTCEUR,2021-05-25T05:59:00Z,148.79,148.79,148.57,148.73,3.480879
Kraken:LTCEUR,2021-05-25T06:00:00Z,148.62,148.62,148.02,148.13,1.89347016
Kraken:LTCEUR,2021-05-25T06:01:00Z,147.94,147.94,147.71,147.76,4.10576244
Kraken:LTCEUR,2021-05-25T06:02:00Z,147.57,147.57,147.25,147.41,1.80386904
Kraken:LTCEUR,2021-05-25T06:04:00Z,147.11,147.11,147.02,147.02,30.43504073
Kraken:LTCEUR,2021-05-25T06:05:00Z,146.96,146.96,146.93,146.93,27.68549324
Kraken:LTCEUR,2021-05-25T06:06:00Z,147.79,147.79,147.77,147.77,4.0787323
Kraken:LTCEUR,2021-05-25T06:07:00Z,147.96,148.64,147.96,148.33,110.35033316
Kraken:LTCEUR,2021-05-25T06:08:00Z,148.92,149.07,148.92,148.97,2.15629
Kraken:LTCEUR,2021-05-25T06:09:00Z,149.25,149.37,149.22,149.37,5.39214099
Kraken:LTCEUR,2021-05-25T06:10:00Z,148.93,148.93,148.52,148.73,66.44257196
Kraken:LTCEUR,2021-05-25T06:11:00Z,148.33,148.51,148.15,148.51,3.43843244
Kraken:LTCEUR,2021-05-25T06:12:00Z,148.35,148.35,148.33,148.34,6.6443018
Kraken:LTCEUR,2021-05-25T06:13:00Z,148.25,148.4,148.14,148.14,1.30068572
Kraken:LTCEUR,2021-05-25T06:14:00Z,148.02,148.07,147.91,148.02,12.46470828
Kraken:LTCEUR,2021-05-25T06:15:00Z,148.32,148.88,148.32,148.88,9.85562675
Kraken:LTCEUR,2021-05-25T06:16:00Z,148.73,149.4,148.73,149.4,0.19668665
Kraken:LTCEUR,2021-05-25T06:17:00Z,149.22,149.62,149.22,149.61,8.54635211
Kraken:LTCEUR,2021-05-25T06:18:00Z,149.61,149.62,149.44,149.61,11.36215323
Kraken:LTCEUR,2021-05-25T06:19:00Z,149.53,149.57,149.39,149.43,1.03048457
Kraken:LTCEUR,2021-05-25T06:20:00Z,149.46,149.52,149.21,149.34,8.86217035
Kraken:LTCEUR,2021-05-25T06:21:00Z,149.26,149.5,149.13,149.28,6.06280828
Kraken:LTCEUR,2021-05-25T06:22:00Z,149.44,149.78,149.44,149.78,22.04898157
Kraken:LTCEUR,2021-05-25T06:23:00Z,149.54,149.54,149.54,149.54,18.15
Kraken:LTCEUR,2021-05-25T06:24:00Z,149.82,149.99,149.82,149.96,1.87564706
Kraken:LTCEUR,2021-05-25T06:25:00Z,149.64,149.65,149.51,149.51,1.4985625
Kraken:LTCEUR,2021-05-25T06:26:00Z,150.18,150.19,150.15,150.19,1.38137208
Kraken:LTCEUR,2021-05-25T06:27:00Z,150.2,150.41,150.08,150.15,16.28254767
Kraken:LTCEUR,2021-05-25T06:28:00Z,150.05,150.19,150.02,150.05,72.78282977
Kraken:LTCEUR,2021-05-25T06:29:00Z,150.22,150.7,150.1,150.1,132.48281944
Kraken:LTCEUR,2021-05-25T06:30:00Z,149.99,150.24,149.77,150.23,9.37756848
Kraken:LTCEUR,2021-05-25T06:31:00Z,150.05,151.22,150.05,151.21,61.14421418
Kraken:LTCEUR,2021-05-25T06:32:00Z,151.1,151.1,150.94,150.94,15.25675183
Kraken:LTCEUR,2021-05-25T06:33:00Z,150.37,150.38,150.33,150.33,4.2
Kraken:LTCEUR,2021-05-25T06:34:00Z,151.07,151.57,151.07,151.57,8.6272515
Kraken:LTCEUR,2021-05-25T06:35:00Z,151.34,151.58,151.34,151.53,9.1983242
Kraken:LTCEUR,2021-05-25T06:36:00Z,151.4,151.4,151.35,151.35,0.95499163
Kraken:LTCEUR,2021-05-25T06:37:00Z,151.1,151.51,151.1,151.51,53.82029392
Kraken:LTCEUR,2021-05-25T06:38:00Z,151.5,151.81,151.5,151.81,1.12611797
Kraken:LTCEUR,2021-05-25T06:39:00Z,151.59,151.95,151.59,151.75,11.98872758
Kraken:LTCEUR,2021-05-25T06:40:00Z,151.75,151.8,151.49,151.51,52.93537993
Kraken:LTCEUR,2021-05-25T06:41:00Z,151.42,151.73,151.38,151.72,28.36060429
Kraken:LTCEUR,2021-05-25T06:42:00Z,151.77,152.06,151.77,151.89,20.36761312
Kraken:LTCEUR,2021-05-25T06:43:00Z,151.98,151.98,151.79,151.84,0.3073563
Kraken:LTCEUR,2021-05-25T06:44:00Z,151.86,151.86,151.64,151.66,35.97414371
Kraken:LTCEUR,2021-05-25T06:45:00Z,151.64,151.64,150.61,150.94,5.07093409
Kraken:LTCEUR,2021-05-25T06:46:00Z,150.98,150.98,150.43,150.43,33.04499512
Kraken:LTCEUR,2021-05-25T06:48:00Z,150.27,150.61,150.27,150.61,12.32804619
Kraken:LTCEUR,2021-05-25T06:49:00Z,150.36,150.48,150.29,150.48,22.01635764
Kraken:LTCEUR,2021-05-25T06:50:00Z,150.56,151.2,150.48,150.91,67.09870184
Kraken:LTCEUR,2021-05-25T06:51:00Z,150.74,151.16,150.71,151.11,14.88332148
Kraken:LTCEUR,2021-05-25T06:52:00Z,151.09,151.22,151.09,151.21,6.42483759
Kraken:LTCEUR,2021-05-25T06:53:00Z,151.41,151.41,151.1,151.1,35.6260782
Kraken:LTCEUR,2021-05-25T06:54:00Z,151.71,152.33,151.71,152.16,16.27233465
Kraken:LTCEUR,2021-05-25T06:55:00Z,151.85,151.94,151.71,151.71,44.95485325
Kraken:LTCEUR,2021-05-25T06:56:00Z,151.52,152.26,151.33,152.26,5.96774122
Kraken:LTCEUR,2021-05-25T06:57:00Z,152.25,152.76,151.86,151.87,24.69403296
Kraken:LTCEUR,2021-05-25T06:58:00Z,151.74,152.03,151.72,151.78,24.71741086
Kraken:LTCEUR,2021-05-25T06:59:00Z,151.75,151.75,151.56,151.56,39.25411994
Kraken:LTCEUR,2021-05-25T07:00:00Z,151.99,152.11,151.5,151.5,54.60891813
Kraken:LTCEUR,2021-05-25T07:01:00Z,151.23,151.24,151.19,151.24,0.96575887
Kraken:LTCEUR,2021-05-25T07:02:00Z,151.84,151.96,151.84,151.96,2.66950936
Kraken:LTCEUR,2021-05-25T07:03:00Z,151.59,151.92,151.59,151.89,12.5658591
Kraken:LTCEUR,2021-05-25T07:04:00Z,151.72,151.73,151.61,151.61,4.81692652
Kraken:LTCEUR,2021-05-25T07:05:00Z,151.92,153.0,151.92,152.58,41.55215553
Kraken:LTCEUR,2021-05-25T07:06:00Z,152.76,152.76,152.08,152.2,74.50077629
Kraken:LTCEUR,2021-05-25T07:07:00Z,152.14,152.52,152.13,152.42,28.37287904
Kraken:LTCEUR,2021-05-25T07:08:00Z,152.24,152.24,152.06,152.08,2.39877696
Kraken:LTCEUR,2021-05-25T07:09:00Z,152.08,152.34,152.08,152.22,19.27182401
Kraken:LTCEUR,2021-05-25T07:10:00Z,152.35,152.68,152.35,152.41,10.70936934
Kraken:LTCEUR,2021-05-25T07:11:00Z,153.0,153.0,152.77,152.77,17.80053354
Kraken:LTCEUR,2021-05-25T07:12:00Z,152.77,152.78,152.59,152.78,12.38886673
Kraken:LTCEUR,2021-05-25T07:13:00Z,152.66,152.8,152.66,152.78,4.08758561
Kraken:LTCEUR,2021-05-25T07:14:00Z,152.88,152.97,152.88,152.97,3.53905
Kraken:LTCEUR,2021-05-25T07:15:00Z,152.99,153.27,152.99,153.24,64.45153712
Kraken:LTCEUR,2021-05-25T07:16:00Z,152.84,153.13,152.84,153.13,44.95586629
Kraken:LTCEUR,2021-05-25T07:17:00Z,152.88,152.94,152.62,152.62,12.19585734
Kraken:LTCEUR,2021-05-25T07:18:00Z,153.2,153.2,152.99,153.2,11.49245
Kraken:LTCEUR,2021-05-25T07:19:00Z,153.23,153.28,153.1,153.11,62.63680619
Kraken:LTCEUR,2021-05-25T07:20:00Z,153.11,153.21,153.04,153.21,2.56889293
Kraken:LTCEUR,2021-05-25T07:21:00Z,153.21,153.21,153.11,153.11,42.1988225
Kraken:LTCEUR,2021-05-25T07:22:00Z,153.0,153.0,152.87,152.87,1.3177
Kraken:LTCEUR,2021-05-25T07:23:00Z,152.56,152.57,152.56,152.57,1.1084721
Kraken:LTCEUR,2021-05-25T07:24:00Z,152.56,152.87,152.56,152.61,59.42046382
Kraken:LTCEUR,2021-05-25T07:25:00Z,153.21,153.85,153.21,153.85,209.32831083
Kraken:LTCEUR,2021-05-25T07:26:00Z,153.36,153.88,153.36,153.69,28.09503838
Kraken:LTCEUR,2021-05-25T07:27:00Z,153.65,153.67,153.51,153.51,39.55116634
Kraken:LTCEUR,2021-05-25T07:28:00Z,153.13,153.13,152.85,153.0,3.05824146
Kraken:LTCEUR,2021-05-25T07:29:00Z,153.2,153.2,153.02,153.02,3.96372602
Kraken:LTCEUR,2021-05-25T07:30:00Z,152.83,152.83,152.83,152.83,0.63124877
Kraken:LTCEUR,2021-05-25T07:31:00Z,152.29,152.29,151.8,151.8,62.63539386
Kraken:LTCEUR,2021-05-25T07:32:00Z,151.79,151.79,151.39,151.39,5.02688024
Kraken:LTCEUR,2021-05-25T07:34:00Z,151.36,151.5,151.27,151.29,200.28440838
Kraken:LTCEUR,2021-05-25T07:35:00Z,151.3,151.35,151.3,151.35,22.1
Kraken:LTCEUR,2021-05-25T07:36:00Z,151.57,151.91,151.57,151.77,9.16667127
Kraken:LTCEUR,2021-05-25T07:37:00Z,151.69,151.78,151.69,151.78,3.601077
Kraken:LTCEUR,2021-05-25T07:38:00Z,151.61,151.61,151.49,151.49,8.25105184
Kraken:LTCEUR,2021-05-25T07:39:00Z,151.43,151.43,150.66,150.83,73.67406748
Kraken:LTCEUR,2021-05-25T07:40:00Z,150.8,151.03,150.8,150.87,97.70690684
Kraken:LTCEUR,2021-05-25T07:41:00Z,151.07,151.39,151.07,151.39,64.703148
Kraken:LTCEUR,2021-05-25T07:42:00Z,151.46,151.47,151.44,151.44,4.30642964
Kraken:LTCEUR,2021-05-25T07:43:00Z,151.27,151.34,151.21,151.21,3.1039126
Kraken:LTCEUR,2021-05-25T07:44:00Z,150.92,150.92,150.9,150.9,1.7210483
Kraken:LTCEUR,2021-05-25T07:45:00Z,151.06,151.47,151.06,151.29,16.32926379
Kraken:LTCEUR,2021-05-25T07:46:00Z,151.24,151.24,151.17,151.18,33.15212602
Kraken:LTCEUR,2021-05-25T07:47:00Z,152.04,152.22,152.04,152.15,1.48395269
Kraken:LTCEUR,2021-05-25T07:48:00Z,151.91,152.06,151.82,151.84,79.77668091
Kraken:LTCEUR,2021-05-25T07:49:00Z,151.84,151.84,151.73,151.73,7.35681055
Kraken:LTCEUR,2021-05-25T07:50:00Z,151.62,151.62,151.26,151.41,43.19524327
Kraken:LTCEUR,2021-05-25T07:51:00Z,151.4,151.85,151.4,151.8,16.83799865
Kraken:LTCEUR,2021-05-25T07:52:00Z,151.79,151.92,151.78,151.92,20.24358186
Kraken:LTCEUR,2021-05-25T07:53:00Z,151.86,152.2,151.86,152.1,38.37333734
Kraken:LTCEUR,2021-05-25T07:54:00Z,152.15,152.17,152.09,152.09,18.78395184
Kraken:LTCEUR,2021-05-25T07:55:00Z,152.31,152.62,152.31,152.6,90.28786438
Kraken:LTCEUR,2021-05-25T07:56:00Z,152.55,152.56,152.29,152.33,27.2465203
Kraken:LTCEUR,2021-05-25T07:57:00Z,152.32,152.67,152.29,152.67,43.35535313
Kraken:LTCEUR,2021-05-25T07:58:00Z,152.86,153.16,152.86,153.14,9.18738097
Kraken:LTCEUR,2021-05-25T07:59:00Z,153.15,153.83,153.15,153.77,124.31740399
Kraken:LTCEUR,2021-05-25T08:00:00Z,153.78,153.85,153.67,153.8,61.11755869
Kraken:LTCEUR,2021-05-25T08:01:00Z,153.67,153.82,153.67,153.82,167.05205825
Kraken:LTCEUR,2021-05-25T08:02:00Z,154.0,154.52,153.66,154.52,55.64333087
Kraken:LTCEUR,2021-05-25T08:03:00Z,154.55,154.55,153.96,153.96,46.57394755
Kraken:LTCEUR,2021-05-25T08:04:00Z,153.96,153.96,152.61,152.97,178.14110948
Kraken:LTCEUR,2021-05-25T08:05:00Z,152.84,153.1,152.36,152.38,66.92629619
Kraken:LTCEUR,2021-05-25T08:06:00Z,152.65,152.65,152.08,152.08,67.4495305
Kraken:LTCEUR,2021-05-25T08:07:00Z,152.14,152.59,152.11,152.28,83.91115923
Kraken:LTCEUR,2021-05-25T08:08:00Z,152.32,152.81,152.31,152.63,50.68007929
Kraken:LTCEUR,2021-05-25T08:09:00Z,152.46,153.14,152.46,153.01,21.9554102
Kraken:LTCEUR,2021-05-25T08:10:00Z,153.23,153.48,153.23,153.48,50.3512876
Kraken:LTCEUR,2021-05-25T08:11:00Z,153.74,154.37,153.74,154.18,47.31394332
Kraken:LTCEUR,2021-05-25T08:12:00Z,154.53,155.53,154.53,154.8,125.97993139
Kraken:LTCEUR,2021-05-25T08:13:00Z,154.68,155.28,154.61,155.18,6.57337931
Kraken:LTCEUR,2021-05-25T08:14:00Z,155.02,155.02,154.24,154.24,13.2586324
Kraken:LTCEUR,2021-05-25T08:15:00Z,153.74,153.74,153.33,153.36,22.74841664
Kraken:LTCEUR,2021-05-25T08:16:00Z,153.33,154.04,153.33,153.9,103.52586634
Kraken:LTCEUR,2021-05-25T08:17:00Z,153.82,153.99,153.41,153.42,54.3413674
Kraken:LTCEUR,2021-05-25T08:18:00Z,153.35,153.36,152.53,152.53,42.28051999
Kraken:LTCEUR,2021-05-25T08:19:00Z,152.71,152.88,152.17,152.2,37.58175564
Kraken:LTCEUR,2021-05-25T08:20:00Z,152.33,153.02,152.26,152.45,62.29150541
Kraken:LTCEUR,2021-05-25T08:21:00Z,152.83,153.05,152.83,152.86,9.62218606
Kraken:LTCEUR,2021-05-25T08:22:00Z,152.98,152.98,152.65,152.74,9.5427845
Kraken:LTCEUR,2021-05-25T08:23:00Z,152.94,152.94,152.57,152.58,12.10511045
Kraken:LTCEUR,2021-05-25T08:24:00Z,152.57,152.57,151.95,151.95,83.01051676
Kraken:LTCEUR,2021-05-25T08:25:00Z,151.93,152.55,151.93,152.37,79.61557894
Kraken:LTCEUR,2021-05-25T08:26:00Z,152.24,152.46,152.23,152.46,2.78316939
Kraken:LTCEUR,2021-05-25T08:27:00Z,152.37,152.64,152.32,152.53,52.06862161
Kraken:LTCEUR,2021-05-25T08:28:00Z,152.48,152.51,152.29,152.45,45.49489349
Kraken:LTCEUR,2021-05-25T08:29:00Z,152.48,152.48,152.39,152.4,30.48104238
Kraken:LTCEUR,2021-05-25T08:30:00Z,152.7,153.05,152.7,153.05,35.2594549
Kraken:LTCEUR,2021-05-25T08:31:00Z,153.35,153.39,153.1,153.12,13.44722593
Kraken:LTCEUR,2021-05-25T08:32:00Z,153.09,153.1,152.39,152.39,90.49924545
Kraken:LTCEUR,2021-05-25T08:33:00Z,152.25,152.25,151.93,151.93,5.92658767
Kraken:LTCEUR,2021-05-25T08:34:00Z,151.84,151.99,151.61,151.69,57.41047514
Kraken:LTCEUR,2021-05-25T08:35:00Z,151.76,152.21,151.68,152.21,107.09692693
Kraken:LTCEUR,2021-05-25T08:36:00Z,152.32,152.33,152.15,152.15,4.02466344
Kraken:LTCEUR,2021-05-25T08:37:00Z,152.04,152.08,151.98,152.07,3.86172867
Kraken:LTCEUR,2021-05-25T08:38:00Z,151.81,151.81,151.07,151.1,134.88263618
Kraken:LTCEUR,2021-05-25T08:39:00Z,151.09,151.09,150.0,150.16,431.73679852
Kraken:LTCEUR,2021-05-25T08:40:00Z,150.13,150.47,149.85,150.16,271.67295755
Kraken:LTCEUR,2021-05-25T08:41:00Z,150.37,150.47,150.06,150.2,9.58553526
Kraken:LTCEUR,2021-05-25T08:42:00Z,150.15,150.27,149.76,149.86,7.50441247
Kraken:LTCEUR,2021-05-25T08:43:00Z,149.54,150.09,149.54,150.09,75.14653583
Kraken:LTCEUR,2021-05-25T08:44:00Z,149.99,149.99,149.41,149.7,245.06364433
Kraken:LTCEUR,2021-05-25T08:45:00Z,149.64,149.82,149.64,149.8,26.62592443
Kraken:LTCEUR,2021-05-25T08:46:00Z,149.79,150.0,149.46,149.98,112.7100388
Kraken:LTCEUR,2021-05-25T08:47:00Z,149.88,150.0,149.47,149.47,147.71619017
Kraken:LTCEUR,2021-05-25T08:48:00Z,149.44,149.46,148.85,149.13,103.06094098
Kraken:LTCEUR,2021-05-25T08:49:00Z,149.34,149.63,148.43,148.54,71.57616517
Kraken:LTCEUR,2021-05-25T08:50:00Z,148.53,149.12,148.53,148.57,107.75876585
Kraken:LTCEUR,2021-05-25T08:51:00Z,148.79,148.79,148.23,148.44,23.52926698
Kraken:LTCEUR,2021-05-25T08:52:00Z,148.56,148.63,148.3,148.38,27.95801309
Kraken:LTCEUR,2021-05-25T08:53:00Z,148.43,148.63,148.12,148.18,117.21536749
Kraken:LTCEUR,2021-05-25T08:54:00Z,148.35,148.91,148.34,148.66,57.77872381
Kraken:LTCEUR,2021-05-25T08:55:00Z,148.76,149.0,148.76,148.94,35.63271611
Kraken:LTCEUR,2021-05-25T08:56:00Z,149.28,149.28,148.63,148.63,55.82735611
Kraken:LTCEUR,2021-05-25T08:57:00Z,148.73,148.82,148.66,148.66,16.99366437
Kraken:LTCEUR,2021-05-25T08:58:00Z,148.75,148.85,148.58,148.62,21.78648783
Kraken:LTCEUR,2021-05-25T08:59:00Z,148.72,148.73,148.72,148.72,5.128174
Kraken:LTCEUR,2021-05-25T09:00:00Z,148.86,148.95,148.79,148.83,39.51063213
Kraken:LTCEUR,2021-05-25T09:01:00Z,149.02,149.09,149.02,149.09,2.01970831
Kraken:LTCEUR,2021-05-25T09:02:00Z,149.03,149.03,148.84,148.84,2.60203285
Kraken:LTCEUR,2021-05-25T09:03:00Z,148.99,149.04,148.9,148.9,89.89800383
Kraken:LTCEUR,2021-05-25T09:04:00Z,148.89,148.89,148.56,148.56,18.4570944
Kraken:LTCEUR,2021-05-25T09:05:00Z,148.52,148.8,148.52,148.8,38.30459289
Kraken:LTCEUR,2021-05-25T09:06:00Z,148.92,148.92,148.84,148.84,13.37192904
Kraken:LTCEUR,2021-05-25T09:07:00Z,148.88,149.05,148.88,149.05,31.38963742
Kraken:LTCEUR,2021-05-25T09:08:00Z,148.98,148.99,148.89,148.9,7.38355829
Kraken:LTCEUR,2021-05-25T09:09:00Z,148.9,148.99,148.8,148.99,41.40451383
Kraken:LTCEUR,2021-05-25T09:10:00Z,148.98,149.34,148.92,149.34,59.48731054
Kraken:LTCEUR,2021-05-25T09:11:00Z,149.3,149.3,148.92,149.12,6.57161282
Kraken:LTCEUR,2021-05-25T09:12:00Z,148.96,148.96,148.91,148.91,0.33290457
Kraken:LTCEUR,2021-05-25T09:13:00Z,149.06,149.06,149.06,149.06,0.73304979
Kraken:LTCEUR,2021-05-25T09:14:00Z,149.25,149.25,148.9,149.11,2.39882195
Kraken:LTCEUR,2021-05-25T09:15:00Z,148.89,148.89,148.48,148.48,11.72132707
Kraken:LTCEUR,2021-05-25T09:16:00Z,148.39,148.48,147.78,147.78,81.34587795
Kraken:LTCEUR,2021-05-25T09:17:00Z,147.92,148.13,147.83,147.99,9.98350571
Kraken:LTCEUR,2021-05-25T09:18:00Z,148.06,148.33,148.06,148.29,15.12904714
Kraken:LTCEUR,2021-05-25T09:19:00Z,148.62,148.65,148.23,148.23,18.70535827
Kraken:LTCEUR,2021-05-25T09:20:00Z,148.44,149.26,148.44,149.01,42.28829497
Kraken:LTCEUR,2021-05-25T09:21:00Z,149.32,149.79,149.32,149.65,39.49730413
Kraken:LTCEUR,2021-05-25T09:22:00Z,149.57,149.77,149.57,149.72,8.14702691
Kraken:LTCEUR,2021-05-25T09:23:00Z,149.7,149.73,149.33,149.33,63.43155682
Kraken:LTCEUR,2021-05-25T09:24:00Z,149.02,149.05,148.95,148.96,16.88648389
Kraken:LTCEUR,2021-05-25T09:25:00Z,148.95,148.95,148.25,148.25,110.15983622
Kraken:LTCEUR,2021-05-25T09:26:00Z,148.45,148.53,148.0,148.0,20.49776539
Kraken:LTCEUR,2021-05-25T09:27:00Z,147.95,147.95,147.9,147.9,24.77651914
Kraken:LTCEUR,2021-05-25T09:28:00Z,148.14,148.14,147.91,147.91,26.40535089
Kraken:LTCEUR,2021-05-25T09:29:00Z,147.91,147.94,147.65,147.75,26.95411915
Kraken:LTCEUR,2021-05-25T09:30:00Z,147.82,148.56,147.82,148.51,44.25744684
Kraken:LTCEUR,2021-05-25T09:31:00Z,148.5,148.72,148.45,148.68,10.75347902
Kraken:LTCEUR,2021-05-25T09:32:00Z,148.66,148.66,148.04,148.04,10.93458657
Kraken:LTCEUR,2021-05-25T09:33:00Z,147.97,147.97,147.11,147.26,129.43098204
Kraken:LTCEUR,2021-05-25T09:34:00Z,147.2,147.2,146.68,146.68,65.94287828
Kraken:LTCEUR,2021-05-25T09:35:00Z,146.65,147.1,146.55,146.73,201.61924751
Kraken:LTCEUR,2021-05-25T09:36:00Z,146.69,146.91,146.53,146.91,46.75114376
Kraken:LTCEUR,2021-05-25T09:37:00Z,146.9,147.1,146.9,146.98,51.02888457
Kraken:LTCEUR,2021-05-25T09:38:00Z,147.08,147.44,147.08,147.44,202.41056967
Kraken:LTCEUR,2021-05-25T09:39:00Z,147.41,147.41,147.03,147.24,43.15599238
Kraken:LTCEUR,2021-05-25T09:40:00Z,147.41,147.85,147.4,147.55,22.09901665
Kraken:LTCEUR,2021-05-25T09:41:00Z,147.47,147.55,147.47,147.5,5.12238494
Kraken:LTCEUR,2021-05-25T09:42:00Z,147.73,148.02,147.73,148.02,2.80066329
Kraken:LTCEUR,2021-05-25T09:43:00Z,148.13,148.13,147.91,147.91,23.14155271
Kraken:LTCEUR,2021-05-25T09:44:00Z,148.02,148.16,148.02,148.15,38.0407248
Kraken:LTCEUR,2021-05-25T09:45:00Z,148.14,148.14,147.23,147.5,358.76148999
Kraken:LTCEUR,2021-05-25T09:46:00Z,147.65,147.65,147.28,147.28,14.44713209
Kraken:LTCEUR,2021-05-25T09:47:00Z,147.27,147.78,147.24,147.74,83.64385054
Kraken:LTCEUR,2021-05-25T09:48:00Z,147.78,148.08,147.76,147.94,71.50036292
Kraken:LTCEUR,2021-05-25T09:49:00Z,147.99,147.99,147.45,147.64,78.26242564
Kraken:LTCEUR,2021-05-25T09:50:00Z,147.63,147.63,147.26,147.44,24.53900593
Kraken:LTCEUR,2021-05-25T09:51:00Z,147.34,147.43,146.86,146.97,75.4043552
Kraken:LTCEUR,2021-05-25T09:52:00Z,147.02,147.09,146.92,146.99,80.52971297
Kraken:LTCEUR,2021-05-25T09:53:00Z,146.96,146.96,146.7,146.85,46.06819387
Kraken:LTCEUR,2021-05-25T09:54:00Z,146.96,147.06,146.83,147.03,33.79136892
Kraken:LTCEUR,2021-05-25T09:55:00Z,146.89,147.47,146.89,147.41,56.73728442
Kraken:LTCEUR,2021-05-25T09:56:00Z,147.46,147.71,147.46,147.62,38.70194228
Kraken:LTCEUR,2021-05-25T09:57:00Z,147.55,147.55,146.99,146.99,369.64482222
Kraken:LTCEUR,2021-05-25T09:58:00Z,147.11,147.39,147.11,147.2,36.32466953
Kraken:LTCEUR,2021-05-25T09:59:00Z,147.32,147.48,147.29,147.48,56.47768954
Kraken:LTCEUR,2021-05-25T10:00:00Z,146.86,146.86,146.21,146.43,158.14370338
Kraken:LTCEUR,2021-05-25T10:01:00Z,146.55,146.62,146.05,146.11,69.70530721
Kraken:LTCEUR,2021-05-25T10:02:00Z,145.94,146.13,145.27,145.27,176.00293016
Kraken:LTCEUR,2021-05-25T10:03:00Z,145.26,145.41,144.78,144.78,327.00650726
Kraken:LTCEUR,2021-05-25T10:04:00Z,144.78,145.17,144.68,144.68,208.94215433
Kraken:LTCEUR,2021-05-25T10:05:00Z,144.59,144.59,143.84,143.95,266.709425
Kraken:LTCEUR,2021-05-25T10:06:00Z,143.93,144.12,140.96,142.87,1192.08874073
Kraken:LTCEUR,2021-05-25T10:07:00Z,142.83,143.05,142.41,142.99,19.05989117
Kraken:LTCEUR,2021-05-25T10:08:00Z,143.04,143.35,142.0,142.0,58.25734072
Kraken:LTCEUR,2021-05-25T10:09:00Z,141.92,142.13,141.69,142.06,34.62672795
Kraken:LTCEUR,2021-05-25T10:10:00Z,142.02,142.02,141.66,141.66,13.10645021
Kraken:LTCEUR,2021-05-25T10:11:00Z,141.87,141.92,140.74,140.8,73.58910986
Kraken:LTCEUR,2021-05-25T10:12:00Z,140.91,140.95,140.33,140.74,94.06848863
Kraken:LTCEUR,2021-05-25T10:13:00Z,141.0,141.47,140.86,140.96,55.24664409
Kraken:LTCEUR,2021-05-25T10:14:00Z,141.02,141.02,140.65,140.65,11.17399105
Kraken:LTCEUR,2021-05-25T10:15:00Z,140.61,140.67,139.89,139.89,308.62843044
Kraken:LTCEUR,2021-05-25T10:16:00Z,139.8,141.94,139.35,141.8,171.0666901
Kraken:LTCEUR,2021-05-25T10:17:00Z,142.05,142.66,141.9,142.66,127.71906138
Kraken:LTCEUR,2021-05-25T10:18:00Z,142.55,142.55,141.5,141.5,53.53110298
Kraken:LTCEUR,2021-05-25T10:19:00Z,141.51,142.01,141.5,142.01,7.68859606
Kraken:LTCEUR,2021-05-25T10:20:00Z,142.25,142.49,142.25,142.49,113.86182953
Kraken:LTCEUR,2021-05-25T10:21:00Z,142.5,142.84,142.49,142.84,201.01949463
Kraken:LTCEUR,2021-05-25T10:22:00Z,142.61,143.04,142.18,143.04,135.47388859
Kraken:LTCEUR,2021-05-25T10:23:00Z,142.74,142.93,142.72,142.75,104.30448853
Kraken:LTCEUR,2021-05-25T10:24:00Z,142.63,142.65,141.07,141.14,158.91341142
Kraken:LTCEUR,2021-05-25T10:25:00Z,141.43,141.78,141.04,141.09,79.98537883
Kraken:LTCEUR,2021-05-25T10:26:00Z,140.98,141.13,140.03,140.08,213.58643097
Kraken:LTCEUR,2021-05-25T10:27:00Z,139.8,140.42,139.8,140.24,13.27659648
Kraken:LTCEUR,2021-05-25T10:28:00Z,140.15,140.89,140.14,140.63,293.30688848
Kraken:LTCEUR,2021-05-25T10:29:00Z,140.58,140.63,140.33,140.38,122.73080962
Kraken:LTCEUR,2021-05-25T10:30:00Z,140.3,141.28,140.3,141.26,26.30621415
Kraken:LTCEUR,2021-05-25T10:31:00Z,141.37,141.42,140.94,141.16,83.33748462
Kraken:LTCEUR,2021-05-25T10:32:00Z,141.04,141.04,140.0,140.0,79.90060138
Kraken:LTCEUR,2021-05-25T10:33:00Z,140.14,140.24,139.54,139.64,163.75604273
Kraken:LTCEUR,2021-05-25T10:34:00Z,139.68,139.89,139.48,139.48,28.081057
Kraken:LTCEUR,2021-05-25T10:35:00Z,139.28,139.34,139.22,139.25,76.88335088
Kraken:LTCEUR,2021-05-25T10:36:00Z,139.38,139.41,138.1,138.1,104.93456444
Kraken:LTCEUR,2021-05-25T10:37:00Z,138.07,138.45,137.51,138.45,117.5264903
Kraken:LTCEUR,2021-05-25T10:38:00Z,139.24,139.43,139.24,139.4,20.32896886
Kraken:LTCEUR,2021-05-25T10:39:00Z,139.28,139.58,138.18,138.35,187.71255173
Kraken:LTCEUR,2021-05-25T10:40:00Z,138.37,138.79,137.91,138.27,137.26159953
Kraken:LTCEUR,2021-05-25T10:41:00Z,138.15,138.15,137.0,137.19,124.49771818
Kraken:LTCEUR,2021-05-25T10:42:00Z,137.38,137.78,137.2,137.78,61.6846466
Kraken:LTCEUR,2021-05-25T10:43:00Z,138.37,138.82,138.0,138.55,75.97157213
Kraken:LTCEUR,2021-05-25T10:44:00Z,138.57,138.57,137.74,138.31,124.8672739
Kraken:LTCEUR,2021-05-25T10:45:00Z,138.11,138.51,138.11,138.37,41.06641089
Kraken:LTCEUR,2021-05-25T10:46:00Z,138.41,139.32,138.41,139.32,9.72501446
Kraken:LTCEUR,2021-05-25T10:47:00Z,139.32,139.79,139.32,139.53,279.14981803
Kraken:LTCEUR,2021-05-25T10:48:00Z,139.48,140.19,139.48,139.99,250.67746058
Kraken:LTCEUR,2021-05-25T10:49:00Z,139.82,139.94,139.54,139.71,101.53897987
Kraken:LTCEUR,2021-05-25T10:50:00Z,139.49,139.98,139.49,139.85,51.16799753
Kraken:LTCEUR,2021-05-25T10:51:00Z,139.89,140.58,139.89,140.32,46.56064587
Kraken:LTCEUR,2021-05-25T10:52:00Z,140.4,140.77,140.4,140.59,14.12598887
Kraken:LTCEUR,2021-05-25T10:53:00Z,140.58,140.72,140.01,140.65,13.49110987
Kraken:LTCEUR,2021-05-25T10:54:00Z,140.8,141.09,140.8,140.9,60.60766702
Kraken:LTCEUR,2021-05-25T10:55:00Z,140.99,141.02,140.57,140.57,10.59863147
Kraken:LTCEUR,2021-05-25T10:56:00Z,140.52,140.62,140.27,140.39,130.9378388
Kraken:LTCEUR,2021-05-25T10:57:00Z,140.19,140.68,140.19,140.68,38.5347856
Kraken:LTCEUR,2021-05-25T10:58:00Z,140.77,140.77,140.2,140.25,14.36346987
Kraken:LTCEUR,2021-05-25T10:59:00Z,140.0,140.0,140.0,140.0,0.10714285
Kraken:LTCEUR,2021-05-25T11:00:00Z,140.49,141.51,140.49,141.47,162.69835233
Kraken:LTCEUR,2021-05-25T11:01:00Z,141.52,141.89,141.52,141.85,154.52222081
Kraken:LTCEUR,2021-05-25T11:02:00Z,141.96,142.25,141.96,142.23,111.04193772
Kraken:LTCEUR,2021-05-25T11:03:00Z,142.2,142.2,141.63,142.03,29.56146399
Kraken:LTCEUR,2021-05-25T11:04:00Z,141.98,142.98,141.98,142.74,17.20314564
Kraken:LTCEUR,2021-05-25T11:05:00Z,142.26,142.26,142.26,142.26,1.07095
Kraken:LTCEUR,2021-05-25T11:06:00Z,142.42,142.48,141.69,141.74,112.83149837
Kraken:LTCEUR,2021-05-25T11:07:00Z,141.82,141.82,141.54,141.54,13.6392896
Kraken:LTCEUR,2021-05-25T11:08:00Z,141.71,141.71,141.4,141.4,48.69267265
Kraken:LTCEUR,2021-05-25T11:09:00Z,141.39,141.85,141.39,141.63,12.26468675
Kraken:LTCEUR,2021-05-25T11:10:00Z,141.7,142.03,141.44,141.45,12.02035526
Kraken:LTCEUR,2021-05-25T11:11:00Z,141.18,141.21,141.01,141.01,9.86828068
Kraken:LTCEUR,2021-05-25T11:12:00Z,140.98,141.03,140.5,140.5,42.76660169
Kraken:LTCEUR,2021-05-25T11:13:00Z,140.5,140.52,139.8,140.11,230.02020218
Kraken:LTCEUR,2021-05-25T11:14:00Z,140.24,140.73,140.19,140.26,78.60905795
Kraken:LTCEUR,2021-05-25T11:15:00Z,140.3,141.22,140.3,141.07,97.16083596
Kraken:LTCEUR,2021-05-25T11:16:00Z,140.97,140.97,140.37,140.59,165.37784196
Kraken:LTCEUR,2021-05-25T11:17:00Z,140.66,140.66,140.28,140.33,3.68430441
Kraken:LTCEUR,2021-05-25T11:18:00Z,140.09,140.09,138.7,138.81,192.76748199
Kraken:LTCEUR,2021-05-25T11:19:00Z,138.98,138.98,138.57,138.61,36.07862157
Kraken:LTCEUR,2021-05-25T11:20:00Z,138.51,139.1,138.5,138.71,124.26958632
Kraken:LTCEUR,2021-05-25T11:21:00Z,138.73,139.09,138.52,139.09,24.37670616
Kraken:LTCEUR,2021-05-25T11:22:00Z,139.16,139.65,138.84,139.25,189.52367199
Kraken:LTCEUR,2021-05-25T11:23:00Z,139.52,140.01,139.52,140.01,399.59688568
Kraken:LTCEUR,2021-05-25T11:24:00Z,139.87,139.87,139.21,139.21,138.44640601
Kraken:LTCEUR,2021-05-25T11:25:00Z,139.1,139.89,139.06,139.88,105.48284747
Kraken:LTCEUR,2021-05-25T11:26:00Z,140.04,140.95,139.97,140.93,763.04278359
Kraken:LTCEUR,2021-05-25T11:27:00Z,140.59,141.4,140.48,141.34,97.23190921
Kraken:LTCEUR,2021-05-25T11:28:00Z,141.38,141.51,140.96,141.39,98.64783537
Kraken:LTCEUR,2021-05-25T11:29:00Z,141.17,141.17,141.17,141.17,35.37640923
Kraken:LTCEUR,2021-05-25T11:30:00Z,140.81,140.81,140.04,140.04,98.60026944
Kraken:LTCEUR,2021-05-25T11:31:00Z,140.02,140.02,139.08,139.08,117.47959476
Kraken:LTCEUR,2021-05-25T11:32:00Z,139.04,139.58,138.71,138.91,23.82227661
Kraken:LTCEUR,2021-05-25T11:33:00Z,139.09,139.09,138.55,138.79,24.7432334
Kraken:LTCEUR,2021-05-25T11:34:00Z,139.05,139.05,138.1,138.22,16.02352508
Kraken:LTCEUR,2021-05-25T11:35:00Z,138.04,138.81,138.04,138.61,91.39320239
Kraken:LTCEUR,2021-05-25T11:36:00Z,138.84,139.17,138.84,139.17,2.57395302
Kraken:LTCEUR,2021-05-25T11:37:00Z,139.33,140.33,139.33,140.33,113.61759786
Kraken:LTCEUR,2021-05-25T11:38:00Z,140.23,140.61,140.23,140.61,78.23859852
Kraken:LTCEUR,2021-05-25T11:39:00Z,140.5,140.65,139.85,139.87,23.81746708
Kraken:LTCEUR,2021-05-25T11:40:00Z,140.06,141.47,140.06,141.4,183.78221953
Kraken:LTCEUR,2021-05-25T11:41:00Z,140.98,141.38,140.98,141.38,51.38258322
Kraken:LTCEUR,2021-05-25T11:42:00Z,141.66,141.66,141.11,141.62,85.19306878
Kraken:LTCEUR,2021-05-25T11:43:00Z,141.41,141.41,141.02,141.02,120.08551632
Kraken:LTCEUR,2021-05-25T11:44:00Z,141.43,141.58,141.19,141.19,92.29795717
Kraken:LTCEUR,2021-05-25T11:45:00Z,141.51,141.51,140.82,140.82,87.19506798
Kraken:LTCEUR,2021-05-25T11:46:00Z,140.33,140.77,140.26,140.77,123.30745163
Kraken:LTCEUR,2021-05-25T11:47:00Z,140.72,140.72,140.64,140.64,11.10596813
Kraken:LTCEUR,2021-05-25T11:48:00Z,140.07,140.07,139.61,139.68,19.62669268
Kraken:LTCEUR,2021-05-25T11:49:00Z,140.16,140.66,140.16,140.66,77.90661084
Kraken:LTCEUR,2021-05-25T11:50:00Z,139.81,139.81,139.16,139.16,45.74068451
Kraken:LTCEUR,2021-05-25T11:51:00Z,139.33,139.33,138.96,139.13,82.72681686
Kraken:LTCEUR,2021-05-25T11:52:00Z,138.99,139.01,138.63,138.63,58.31697046
Kraken:LTCEUR,2021-05-25T11:53:00Z,138.98,139.26,138.98,139.26,81.2059738
Kraken:LTCEUR,2021-05-25T11:54:00Z,139.18,139.99,139.18,139.99,92.04766266
Kraken:LTCEUR,2021-05-25T11:55:00Z,140.07,140.39,139.42,139.44,64.22197272
Kraken:LTCEUR,2021-05-25T11:56:00Z,139.42,139.5,139.2,139.25,91.18376466
Kraken:LTCEUR,2021-05-25T11:57:00Z,139.42,139.81,139.35,139.39,227.74043767
Kraken:LTCEUR,2021-05-25T11:58:00Z,139.48,139.85,138.8,139.04,248.42048952
Kraken:LTCEUR,2021-05-25T11:59:00Z,138.85,139.11,138.49,138.5,58.4151601
Kraken:LTCEUR,2021-05-25T12:00:00Z,138.49,139.36,138.45,138.45,120.49349392
Kraken:LTCEUR,2021-05-25T12:01:00Z,138.61,139.2,138.0,139.2,287.53691384
Kraken:LTCEUR,2021-05-25T12:02:00Z,139.2,139.94,139.2,139.94,197.37784529
Kraken:LTCEUR,2021-05-25T12:03:00Z,139.89,140.64,139.72,140.5,131.18429865
Kraken:LTCEUR,2021-05-25T12:04:00Z,140.65,140.65,139.66,139.66,70.99665173
Kraken:LTCEUR,2021-05-25T12:05:00Z,139.2,139.2,139.2,139.2,2.8936
Kraken:LTCEUR,2021-05-25T12:06:00Z,140.02,140.68,140.02,140.49,62.60128957
Kraken:LTCEUR,2021-05-25T12:07:00Z,140.28,140.55,140.03,140.03,57.16998382
Kraken:LTCEUR,2021-05-25T12:08:00Z,140.26,140.26,139.35,139.39,117.52945302
Kraken:LTCEUR,2021-05-25T12:09:00Z,139.52,139.71,138.96,139.23,406.40156413
Kraken:LTCEUR,2021-05-25T12:10:00Z,139.43,139.79,139.15,139.74,578.23579126
Kraken:LTCEUR,2021-05-25T12:11:00Z,140.2,140.35,139.98,140.35,93.41001196
Kraken:LTCEUR,2021-05-25T12:12:00Z,140.3,140.3,139.53,139.89,215.5104538
Kraken:LTCEUR,2021-05-25T12:13:00Z,140.35,140.36,140.31,140.36,10.33606628
Kraken:LTCEUR,2021-05-25T12:14:00Z,140.35,140.51,140.35,140.4,41.38042938
Kraken:LTCEUR,2021-05-25T12:15:00Z,140.62,140.62,140.1,140.4,331.53607575
Kraken:LTCEUR,2021-05-25T12:16:00Z,140.56,141.35,140.56,141.33,56.9122208
Kraken:LTCEUR,2021-05-25T12:17:00Z,141.35,141.68,141.33,141.33,97.82741109
Kraken:LTCEUR,2021-05-25T12:18:00Z,141.24,141.43,141.14,141.3,10.0275836
Kraken:LTCEUR,2021-05-25T12:19:00Z,141.37,141.87,141.37,141.87,24.66350631
Kraken:LTCEUR,2021-05-25T12:20:00Z,141.85,141.86,141.31,141.61,84.64333441
Kraken:LTCEUR,2021-05-25T12:21:00Z,141.6,141.62,141.1,141.1,1.87992968
Kraken:LTCEUR,2021-05-25T12:22:00Z,141.08,141.25,141.07,141.07,41.38494713
Kraken:LTCEUR,2021-05-25T12:23:00Z,141.53,141.56,140.93,140.97,37.46313201
Kraken:LTCEUR,2021-05-25T12:24:00Z,140.93,140.93,140.34,140.59,59.71117199
Kraken:LTCEUR,2021-05-25T12:25:00Z,140.89,141.5,140.72,140.72,148.06538803
Kraken:LTCEUR,2021-05-25T12:26:00Z,140.6,140.6,140.32,140.55,11.07503722
Kraken:LTCEUR,2021-05-25T12:27:00Z,140.79,140.79,140.28,140.29,45.11154711
Kraken:LTCEUR,2021-05-25T12:28:00Z,140.25,140.25,140.0,140.11,87.44786827
Kraken:LTCEUR,2021-05-25T12:29:00Z,140.17,140.58,140.04,140.17,190.21208515
Kraken:LTCEUR,2021-05-25T12:30:00Z,140.04,140.04,139.36,139.36,132.31352686
Kraken:LTCEUR,2021-05-25T12:31:00Z,139.37,139.56,139.07,139.24,61.38445827
Kraken:LTCEUR,2021-05-25T12:32:00Z,139.0,139.01,138.93,139.01,43.89186656
Kraken:LTCEUR,2021-05-25T12:33:00Z,139.28,139.65,139.01,139.04,165.43259038
Kraken:LTCEUR,2021-05-25T12:34:00Z,139.21,139.58,139.07,139.19,91.21554161
Kraken:LTCEUR,2021-05-25T12:35:00Z,139.23,139.56,139.23,139.52,40.6769175
Kraken:LTCEUR,2021-05-25T12:36:00Z,139.46,139.62,139.09,139.09,18.16220767
Kraken:LTCEUR,2021-05-25T12:37:00Z,139.0,139.04,138.76,138.76,77.75527873
Kraken:LTCEUR,2021-05-25T12:38:00Z,138.67,138.67,138.34,138.38,125.38366878
Kraken:LTCEUR,2021-05-25T12:39:00Z,138.45,138.67,138.45,138.5,41.31116554
Kraken:LTCEUR,2021-05-25T12:40:00Z,138.58,138.63,138.0,138.0,7.8551591
Kraken:LTCEUR,2021-05-25T12:41:00Z,138.07,138.94,138.07,138.88,100.82872577
Kraken:LTCEUR,2021-05-25T12:42:00Z,138.89,139.55,138.63,139.55,117.95547374
Kraken:LTCEUR,2021-05-25T12:43:00Z,139.5,139.5,139.07,139.07,41.36037755
Kraken:LTCEUR,2021-05-25T12:44:00Z,138.77,138.77,138.3,138.3,35.38616428
Kraken:LTCEUR,2021-05-25T12:45:00Z,138.27,139.54,138.27,139.44,123.99588359
Kraken:LTCEUR,2021-05-25T12:46:00Z,139.42,139.79,139.41,139.64,55.02383274
Kraken:LTCEUR,2021-05-25T12:47:00Z,139.96,139.96,139.85,139.88,19.85076824
Kraken:LTCEUR,2021-05-25T12:48:00Z,139.89,140.1,139.89,140.1,33.22559325
Kraken:LTCEUR,2021-05-25T12:49:00Z,140.21,140.21,140.21,140.21,8.5
Kraken:LTCEUR,2021-05-25T12:50:00Z,140.23,140.57,140.0,140.0,41.47352276
Kraken:LTCEUR,2021-05-25T12:51:00Z,139.64,140.34,139.63,140.33,48.35018417
Kraken:LTCEUR,2021-05-25T12:52:00Z,140.17,140.57,140.17,140.57,13.71199297
Kraken:LTCEUR,2021-05-25T12:53:00Z,140.39,140.63,140.33,140.43,66.9014588
Kraken:LTCEUR,2021-05-25T12:54:00Z,140.41,140.41,140.16,140.2,19.56079494
Kraken:LTCEUR,2021-05-25T12:55:00Z,140.01,140.01,139.67,139.69,49.57307034
Kraken:LTCEUR,2021-05-25T12:56:00Z,139.68,139.82,139.46,139.79,18.16133258
Kraken:LTCEUR,2021-05-25T12:57:00Z,140.11,140.57,140.11,140.54,27.7358546
Kraken:LTCEUR,2021-05-25T12:58:00Z,140.49,140.97,140.49,140.88,26.02600009
Kraken:LTCEUR,2021-05-25T12:59:00Z,140.83,141.11,140.83,140.97,108.22173128
Kraken:LTCEUR,2021-05-25T13:00:00Z,141.0,141.44,140.58,141.44,51.82377455
Kraken:LTCEUR,2021-05-25T13:01:00Z,141.63,142.09,141.63,142.09,9.17673686
Kraken:LTCEUR,2021-05-25T13:02:00Z,142.3,142.31,141.92,142.07,86.78838138
Kraken:LTCEUR,2021-05-25T13:03:00Z,142.26,142.44,142.05,142.05,48.06772215
Kraken:LTCEUR,2021-05-25T13:04:00Z,142.46,142.83,142.33,142.78,21.56757405
Kraken:LTCEUR,2021-05-25T13:05:00Z,142.75,142.75,142.24,142.43,51.70893643
Kraken:LTCEUR,2021-05-25T13:06:00Z,142.43,142.58,141.79,141.79,74.66925013
Kraken:LTCEUR,2021-05-25T13:07:00Z,141.82,142.17,141.82,142.01,66.84675831
Kraken:LTCEUR,2021-05-25T13:08:00Z,141.84,141.93,141.84,141.93,10.34966059
Kraken:LTCEUR,2021-05-25T13:09:00Z,141.89,142.39,141.87,142.39,73.07122466
Kraken:LTCEUR,2021-05-25T13:10:00Z,142.34,142.34,141.81,141.81,94.44907151
Kraken:LTCEUR,2021-05-25T13:11:00Z,141.74,141.74,141.21,141.37,46.04683653
Kraken:LTCEUR,2021-05-25T13:12:00Z,141.36,141.36,141.12,141.22,7.29802309
Kraken:LTCEUR,2021-05-25T13:13:00Z,141.71,141.71,141.56,141.56,7.85011185
Kraken:LTCEUR,2021-05-25T13:14:00Z,141.29,141.3,141.23,141.27,2.88959098
Kraken:LTCEUR,2021-05-25T13:15:00Z,140.96,140.96,140.48,140.48,48.08928142
Kraken:LTCEUR,2021-05-25T13:16:00Z,140.93,140.96,140.83,140.96,37.61236134
Kraken:LTCEUR,2021-05-25T13:17:00Z,141.27,142.12,141.27,142.04,128.15837986
Kraken:LTCEUR,2021-05-25T13:18:00Z,142.14,142.53,142.14,142.3,43.86196809
Kraken:LTCEUR,2021-05-25T13:19:00Z,142.38,143.42,142.38,143.27,55.26884868
Kraken:LTCEUR,2021-05-25T13:20:00Z,143.39,143.39,143.12,143.26,47.93140173
Kraken:LTCEUR,2021-05-25T13:21:00Z,143.38,143.51,143.38,143.51,10.44295314
Kraken:LTCEUR,2021-05-25T13:22:00Z,143.53,143.68,143.19,143.42,11.94549605
Kraken:LTCEUR,2021-05-25T13:23:00Z,143.56,143.73,143.26,143.63,70.17637179
Kraken:LTCEUR,2021-05-25T13:24:00Z,143.46,144.33,143.41,144.04,107.9049188
Kraken:LTCEUR,2021-05-25T13:25:00Z,144.05,144.19,143.99,144.0,213.63436349
Kraken:LTCEUR,2021-05-25T13:26:00Z,143.94,144.4,143.48,144.4,60.351638
Kraken:LTCEUR,2021-05-25T13:27:00Z,144.38,144.38,143.88,144.0,10.19506175
Kraken:LTCEUR,2021-05-25T13:28:00Z,143.99,145.53,143.99,145.45,627.95238147
Kraken:LTCEUR,2021-05-25T13:29:00Z,145.54,146.0,145.54,145.72,76.44816765
Kraken:LTCEUR,2021-05-25T13:30:00Z,145.52,145.68,144.67,145.38,176.46881299
Kraken:LTCEUR,2021-05-25T13:31:00Z,145.46,145.46,145.14,145.14,13.62631764
Kraken:LTCEUR,2021-05-25T13:32:00Z,144.88,145.1,144.6,144.6,76.82326426
Kraken:LTCEUR,2021-05-25T13:33:00Z,144.47,144.55,144.47,144.55,5.91829567
Kraken:LTCEUR,2021-05-25T13:34:00Z,144.57,144.58,144.27,144.27,215.97366646
Kraken:LTCEUR,2021-05-25T13:35:00Z,144.39,144.68,144.39,144.61,22.88684113
Kraken:LTCEUR,2021-05-25T13:36:00Z,144.37,144.37,144.04,144.04,1.41897923
Kraken:LTCEUR,2021-05-25T13:37:00Z,144.04,144.72,143.88,144.72,43.22476473
Kraken:LTCEUR,2021-05-25T13:38:00Z,144.7,144.7,144.34,144.39,10.72597353
Kraken:LTCEUR,2021-05-25T13:39:00Z,144.4,145.47,144.4,145.47,137.57920713
Kraken:LTCEUR,2021-05-25T13:40:00Z,145.61,145.69,144.57,144.85,86.35813717
Kraken:LTCEUR,2021-05-25T13:41:00Z,144.97,144.97,144.55,144.58,25.0434226
Kraken:LTCEUR,2021-05-25T13:42:00Z,144.53,144.63,144.43,144.51,47.11697961
Kraken:LTCEUR,2021-05-25T13:43:00Z,144.81,144.91,144.54,144.77,7.69813674
Kraken:LTCEUR,2021-05-25T13:44:00Z,144.52,144.54,144.52,144.54,0.81308942
Kraken:LTCEUR,2021-05-25T13:45:00Z,144.52,144.58,144.28,144.28,47.78253744
Kraken:LTCEUR,2021-05-25T13:46:00Z,144.07,144.54,144.07,144.24,39.22349086
Kraken:LTCEUR,2021-05-25T13:47:00Z,144.06,144.21,143.96,144.17,278.12345499
Kraken:LTCEUR,2021-05-25T13:48:00Z,143.89,144.17,143.79,144.02,112.86587013
Kraken:LTCEUR,2021-05-25T13:49:00Z,143.96,143.98,143.73,143.73,126.28400022
Kraken:LTCEUR,2021-05-25T13:50:00Z,144.03,144.63,144.0,144.1,22.65812755
Kraken:LTCEUR,2021-05-25T13:51:00Z,143.93,143.98,143.84,143.98,42.62938011
Kraken:LTCEUR,2021-05-25T13:52:00Z,143.98,144.0,143.98,144.0,9.00000011
Kraken:LTCEUR,2021-05-25T13:53:00Z,144.02,144.26,144.02,144.26,30.48159117
Kraken:LTCEUR,2021-05-25T13:54:00Z,144.39,144.39,144.25,144.25,0.41893979
Kraken:LTCEUR,2021-05-25T13:55:00Z,143.99,144.0,143.99,143.99,1.68864398
Kraken:LTCEUR,2021-05-25T13:56:00Z,143.86,144.14,143.86,144.0,48.40589735
Kraken:LTCEUR,2021-05-25T13:57:00Z,144.01,144.01,143.76,143.85,230.67857912
Kraken:LTCEUR,2021-05-25T13:58:00Z,143.66,143.73,143.66,143.73,7.03000001
Kraken:LTCEUR,2021-05-25T13:59:00Z,143.58,143.69,143.58,143.69,2.13076913
Kraken:LTCEUR,2021-05-25T14:00:00Z,143.69,144.09,143.69,144.09,20.50906437
Kraken:LTCEUR,2021-05-25T14:01:00Z,144.01,144.01,143.25,143.28,46.69543635
Kraken:LTCEUR,2021-05-25T14:02:00Z,143.08,143.66,143.0,143.66,23.22385063
Kraken:LTCEUR,2021-05-25T14:03:00Z,143.77,143.77,143.47,143.47,0.14053527
Kraken:LTCEUR,2021-05-25T14:04:00Z,143.49,143.63,143.49,143.63,18.36190959
Kraken:LTCEUR,2021-05-25T14:06:00Z,143.51,143.92,143.47,143.76,4.17233846
Kraken:LTCEUR,2021-05-25T14:07:00Z,144.1,144.4,144.05,144.4,10.72641755
Kraken:LTCEUR,2021-05-25T14:08:00Z,144.29,144.4,144.29,144.4,10.53646774
Kraken:LTCEUR,2021-05-25T14:09:00Z,144.32,144.93,144.32,144.93,12.1081395
Kraken:LTCEUR,2021-05-25T14:10:00Z,145.11,145.31,145.03,145.03,22.89793217
Kraken:LTCEUR,2021-05-25T14:11:00Z,145.0,145.32,144.72,145.32,105.98920219
Kraken:LTCEUR,2021-05-25T14:12:00Z,145.01,145.69,145.01,145.56,12.90020791
Kraken:LTCEUR,2021-05-25T14:13:00Z,145.36,145.36,145.36,145.36,1.69115413
Kraken:LTCEUR,2021-05-25T14:14:00Z,145.26,145.4,145.26,145.26,7.97168972
Kraken:LTCEUR,2021-05-25T14:15:00Z,144.81,144.81,144.81,144.81,0.34517871
Kraken:LTCEUR,2021-05-25T14:16:00Z,144.69,144.69,144.47,144.6,5.8805018
Kraken:LTCEUR,2021-05-25T14:17:00Z,144.47,144.47,144.29,144.37,166.38761213
Kraken:LTCEUR,2021-05-25T14:18:00Z,144.6,144.9,144.6,144.62,51.98498891
Kraken:LTCEUR,2021-05-25T14:19:00Z,144.99,144.99,144.99,144.99,1
Kraken:LTCEUR,2021-05-25T14:20:00Z,145.32,145.64,145.06,145.06,15.45446183
Kraken:LTCEUR,2021-05-25T14:21:00Z,145.19,145.55,145.19,145.55,2.14096227
Kraken:LTCEUR,2021-05-25T14:22:00Z,145.66,145.73,145.66,145.73,5.12716749
Kraken:LTCEUR,2021-05-25T14:23:00Z,145.51,145.68,145.51,145.67,23.42098036
Kraken:LTCEUR,2021-05-25T14:24:00Z,145.81,146.68,145.81,146.46,140.68710623
Kraken:LTCEUR,2021-05-25T14:25:00Z,146.45,146.49,146.09,146.18,40.96328349
Kraken:LTCEUR,2021-05-25T14:26:00Z,146.2,146.21,146.1,146.1,46.4861
Kraken:LTCEUR,2021-05-25T14:27:00Z,145.98,145.98,145.78,145.78,214.07383643
Kraken:LTCEUR,2021-05-25T14:28:00Z,145.65,145.65,145.56,145.56,3.55788634
Kraken:LTCEUR,2021-05-25T14:29:00Z,145.4,145.73,145.4,145.73,20.13599701
Kraken:LTCEUR,2021-05-25T14:30:00Z,145.69,145.69,145.1,145.1,12.21902452
Kraken:LTCEUR,2021-05-25T14:31:00Z,145.05,145.05,144.99,144.99,2.00695092
Kraken:LTCEUR,2021-05-25T14:32:00Z,144.82,144.82,144.81,144.81,1.17076339
Kraken:LTCEUR,2021-05-25T14:33:00Z,144.82,145.14,144.77,145.13,84.48871259
Kraken:LTCEUR,2021-05-25T14:34:00Z,144.77,144.77,144.59,144.63,17.80996984
Kraken:LTCEUR,2021-05-25T14:35:00Z,144.77,144.94,144.77,144.89,42.3712158
Kraken:LTCEUR,2021-05-25T14:36:00Z,145.41,145.41,145.41,145.41,0.135
Kraken:LTCEUR,2021-05-25T14:37:00Z,145.78,146.27,145.78,146.02,32.95255841
Kraken:LTCEUR,2021-05-25T14:38:00Z,145.96,145.96,145.7,145.7,0.69274386
Kraken:LTCEUR,2021-05-25T14:39:00Z,145.72,145.76,144.86,144.86,12.33671891
Kraken:LTCEUR,2021-05-25T14:40:00Z,144.82,145.57,144.82,145.57,75.99218062
Kraken:LTCEUR,2021-05-25T14:41:00Z,145.57,145.61,145.37,145.37,25.312
Kraken:LTCEUR,2021-05-25T14:42:00Z,145.53,145.71,145.25,145.71,73.10580541
Kraken:LTCEUR,2021-05-25T14:43:00Z,145.74,145.99,145.37,145.37,6.61777834
Kraken:LTCEUR,2021-05-25T14:44:00Z,145.37,145.61,145.37,145.61,4.52331716
Kraken:LTCEUR,2021-05-25T14:45:00Z,145.32,145.34,145.16,145.24,385.3247912
Kraken:LTCEUR,2021-05-25T14:46:00Z,145.26,145.32,144.98,144.99,585.17386441
Kraken:LTCEUR,2021-05-25T14:47:00Z,144.94,145.11,144.93,145.03,88.256213
Kraken:LTCEUR,2021-05-25T14:48:00Z,144.99,145.07,144.99,145.06,13.67615521
Kraken:LTCEUR,2021-05-25T14:50:00Z,145.01,145.06,144.81,144.95,247.89482426
Kraken:LTCEUR,2021-05-25T14:51:00Z,144.95,144.95,144.88,144.91,77.91682894
Kraken:LTCEUR,2021-05-25T14:52:00Z,144.82,144.82,144.79,144.82,0.81310581
Kraken:LTCEUR,2021-05-25T14:53:00Z,144.71,144.71,144.35,144.36,78.08892485
Kraken:LTCEUR,2021-05-25T14:54:00Z,144.41,144.72,144.41,144.69,5.28168833
Kraken:LTCEUR,2021-05-25T14:55:00Z,144.96,145.15,144.96,145.15,6.27667091
Kraken:LTCEUR,2021-05-25T14:56:00Z,145.07,145.07,144.95,144.95,34.61392003
Kraken:LTCEUR,2021-05-25T14:57:00Z,144.74,144.79,143.97,144.01,280.06870474
Kraken:LTCEUR,2021-05-25T14:58:00Z,144.0,144.0,143.79,143.79,4.64547615
Kraken:LTCEUR,2021-05-25T14:59:00Z,144.14,144.26,144.14,144.26,5.66088629
Kraken:LTCEUR,2021-05-25T15:00:00Z,144.03,144.72,143.95,144.72,63.45809632
Kraken:LTCEUR,2021-05-25T15:01:00Z,144.5,144.5,143.8,143.88,71.10429103
Kraken:LTCEUR,2021-05-25T15:02:00Z,143.99,143.99,143.79,143.79,23.89764278
Kraken:LTCEUR,2021-05-25T15:03:00Z,143.64,143.64,142.96,142.96,41.95088081
Kraken:LTCEUR,2021-05-25T15:04:00Z,142.9,142.9,142.45,142.45,49.66109626
Kraken:LTCEUR,2021-05-25T15:05:00Z,142.39,142.63,142.14,142.3,75.57505698
Kraken:LTCEUR,2021-05-25T15:06:00Z,142.22,142.22,141.58,141.94,226.60971094
Kraken:LTCEUR,2021-05-25T15:07:00Z,141.7,141.96,141.34,141.84,202.28768784
Kraken:LTCEUR,2021-05-25T15:08:00Z,141.7,141.76,141.69,141.71,53.71620917
Kraken:LTCEUR,2021-05-25T15:09:00Z,142.19,142.19,141.88,141.88,6.61613015
Kraken:LTCEUR,2021-05-25T15:10:00Z,142.28,142.4,142.27,142.4,54.92568239
Kraken:LTCEUR,2021-05-25T15:11:00Z,142.59,142.59,142.59,142.59,0.85915
Kraken:LTCEUR,2021-05-25T15:12:00Z,142.64,143.0,142.49,142.96,170.35041201
Kraken:LTCEUR,2021-05-25T15:13:00Z,142.89,142.9,142.86,142.86,8.49134981
Kraken:LTCEUR,2021-05-25T15:14:00Z,142.74,143.21,142.74,143.21,1.38894683
Kraken:LTCEUR,2021-05-25T15:15:00Z,143.2,143.87,143.17,143.87,10.4608785
Kraken:LTCEUR,2021-05-25T15:16:00Z,143.91,144.06,143.9,144.01,6.67018909
Kraken:LTCEUR,2021-05-25T15:17:00Z,144.04,144.66,143.99,144.66,12.22941401
Kraken:LTCEUR,2021-05-25T15:18:00Z,144.61,144.61,144.46,144.49,76.25114565
Kraken:LTCEUR,2021-05-25T15:19:00Z,144.06,144.06,143.9,143.91,15.00230939
Kraken:LTCEUR,2021-05-25T15:20:00Z,144.11,144.69,143.9,144.66,42.53434687
Kraken:LTCEUR,2021-05-25T15:21:00Z,144.35,144.35,144.18,144.18,39.41607741
Kraken:LTCEUR,2021-05-25T15:22:00Z,143.91,144.03,143.73,143.73,5.74292003
Kraken:LTCEUR,2021-05-25T15:23:00Z,143.66,144.01,143.66,143.85,15.23962273
Kraken:LTCEUR,2021-05-25T15:24:00Z,143.95,144.02,143.82,143.82,7.03333007
Kraken:LTCEUR,2021-05-25T15:25:00Z,144.22,144.22,144.22,144.22,13.04663407
Kraken:LTCEUR,2021-05-25T15:26:00Z,144.14,144.14,144.14,144.14,1
Kraken:LTCEUR,2021-05-25T15:27:00Z,144.08,144.32,143.3,143.44,119.63163507
Kraken:LTCEUR,2021-05-25T15:28:00Z,143.42,143.42,142.37,142.61,487.47103864
Kraken:LTCEUR,2021-05-25T15:29:00Z,142.58,142.73,142.15,142.15,38.39152244
Kraken:LTCEUR,2021-05-25T15:30:00Z,142.43,142.92,142.31,142.92,8.27882975
Kraken:LTCEUR,2021-05-25T15:31:00Z,143.02,143.02,142.43,142.58,39.2303394
Kraken:LTCEUR,2021-05-25T15:32:00Z,142.57,142.57,142.02,142.1,3.61777671
Kraken:LTCEUR,2021-05-25T15:33:00Z,142.05,142.05,141.97,141.97,35.89097509
Kraken:LTCEUR,2021-05-25T15:34:00Z,141.85,142.01,141.62,142.01,41.29981702
Kraken:LTCEUR,2021-05-25T15:35:00Z,142.01,143.33,141.57,143.33,203.70771831
Kraken:LTCEUR,2021-05-25T15:36:00Z,143.47,145.84,143.35,144.04,1863.05882007
Kraken:LTCEUR,2021-05-25T15:37:00Z,144.04,144.44,143.83,144.31,86.53893511
Kraken:LTCEUR,2021-05-25T15:38:00Z,144.24,145.33,144.24,144.68,217.63631913
Kraken:LTCEUR,2021-05-25T15:39:00Z,144.61,144.78,144.34,144.65,41.62876656
Kraken:LTCEUR,2021-05-25T15:40:00Z,144.56,144.56,143.75,143.94,16.00704402
Kraken:LTCEUR,2021-05-25T15:41:00Z,143.79,143.89,143.51,143.64,89.43066308
Kraken:LTCEUR,2021-05-25T15:42:00Z,143.64,143.81,143.36,143.36,207.9139698
Kraken:LTCEUR,2021-05-25T15:43:00Z,143.3,143.48,143.02,143.48,93.88679041
Kraken:LTCEUR,2021-05-25T15:44:00Z,143.51,143.78,143.51,143.78,3.56075689
Kraken:LTCEUR,2021-05-25T15:45:00Z,143.66,144.27,143.66,144.27,58.73497906
Kraken:LTCEUR,2021-05-25T15:46:00Z,144.18,144.28,144.18,144.28,6.91600962
Kraken:LTCEUR,2021-05-25T15:47:00Z,143.65,143.65,143.15,143.28,96.29771613
Kraken:LTCEUR,2021-05-25T15:48:00Z,143.46,143.46,143.14,143.29,39.44773349
Kraken:LTCEUR,2021-05-25T15:49:00Z,143.26,143.65,143.26,143.59,22.42763984
Kraken:LTCEUR,2021-05-25T15:50:00Z,143.41,144.17,143.41,144.17,42.58512334
Kraken:LTCEUR,2021-05-25T15:51:00Z,144.46,144.74,144.25,144.71,7.24918276
Kraken:LTCEUR,2021-05-25T15:52:00Z,144.73,144.96,144.6,144.93,23.13329178
Kraken:LTCEUR,2021-05-25T15:53:00Z,144.79,144.79,144.58,144.58,2.13064697
Kraken:LTCEUR,2021-05-25T15:54:00Z,144.39,144.39,144.38,144.38,0.87180764
Kraken:LTCEUR,2021-05-25T15:55:00Z,144.3,144.34,144.3,144.31,1.78817411
Kraken:LTCEUR,2021-05-25T15:56:00Z,144.75,144.86,144.5,144.72,118.08000843
Kraken:LTCEUR,2021-05-25T15:57:00Z,144.39,144.73,144.31,144.6,17.17830969
Kraken:LTCEUR,2021-05-25T15:58:00Z,144.64,144.64,144.62,144.62,14.85732296
Kraken:LTCEUR,2021-05-25T15:59:00Z,144.52,145.76,144.52,145.32,210.97287873
Kraken:LTCEUR,2021-05-25T16:00:00Z,145.6,145.6,144.52,144.52,117.60316002
Kraken:LTCEUR,2021-05-25T16:01:00Z,144.53,144.55,144.11,144.11,157.19592293
Kraken:LTCEUR,2021-05-25T16:02:00Z,143.79,143.79,143.11,143.46,349.18185684
Kraken:LTCEUR,2021-05-25T16:03:00Z,143.41,143.48,142.77,143.11,63.23222322
Kraken:LTCEUR,2021-05-25T16:04:00Z,143.1,143.42,143.02,143.42,0.90116529
Kraken:LTCEUR,2021-05-25T16:05:00Z,144.03,144.28,144.02,144.15,47.74916989
Kraken:LTCEUR,2021-05-25T16:06:00Z,144.0,144.0,143.93,143.93,1.51728094
Kraken:LTCEUR,2021-05-25T16:08:00Z,143.94,143.94,143.22,143.22,54.27705918
Kraken:LTCEUR,2021-05-25T16:09:00Z,143.31,143.64,143.31,143.42,43.38360607
Kraken:LTCEUR,2021-05-25T16:10:00Z,143.56,143.92,143.56,143.92,39.36292773
Kraken:LTCEUR,2021-05-25T16:11:00Z,144.19,144.29,144.19,144.23,6.16252169
Kraken:LTCEUR,2021-05-25T16:12:00Z,144.12,144.36,144.12,144.36,56.28675741
Kraken:LTCEUR,2021-05-25T16:13:00Z,144.57,144.78,144.57,144.58,25.4619269
Kraken:LTCEUR,2021-05-25T16:14:00Z,144.35,144.65,144.29,144.65,180.06814841
Kraken:LTCEUR,2021-05-25T16:15:00Z,144.43,144.43,143.62,143.64,26.39295859
Kraken:LTCEUR,2021-05-25T16:16:00Z,143.82,143.82,143.6,143.66,4.95032134
Kraken:LTCEUR,2021-05-25T16:17:00Z,143.66,144.01,143.66,143.76,140.38060049
Kraken:LTCEUR,2021-05-25T16:18:00Z,143.6,143.6,143.3,143.3,22.90471473
Kraken:LTCEUR,2021-05-25T16:19:00Z,143.26,143.94,143.25,143.94,68.54564616
Kraken:LTCEUR,2021-05-25T16:20:00Z,143.88,143.88,143.6,143.6,63.54939578
Kraken:LTCEUR,2021-05-25T16:21:00Z,143.34,143.34,143.26,143.26,35.83827977
Kraken:LTCEUR,2021-05-25T16:22:00Z,143.17,143.64,143.17,143.64,1.81754461
Kraken:LTCEUR,2021-05-25T16:23:00Z,143.55,143.55,143.38,143.38,2.21249244
Kraken:LTCEUR,2021-05-25T16:24:00Z,143.44,143.44,142.74,142.77,42.90401106
Kraken:LTCEUR,2021-05-25T16:25:00Z,143.11,143.31,143.11,143.31,36.2523091
Kraken:LTCEUR,2021-05-25T16:26:00Z,143.37,143.38,143.28,143.38,32.97483407
Kraken:LTCEUR,2021-05-25T16:27:00Z,143.26,143.32,143.26,143.32,21.39855477
Kraken:LTCEUR,2021-05-25T16:28:00Z,143.28,143.28,143.28,143.28,0.17180902
Kraken:LTCEUR,2021-05-25T16:29:00Z,143.2,143.2,143.11,143.11,11.34744637
Kraken:LTCEUR,2021-05-25T16:30:00Z,143.23,143.32,142.78,142.83,59.38649461
Kraken:LTCEUR,2021-05-25T16:31:00Z,142.97,143.06,142.97,143.01,53.48270104
Kraken:LTCEUR,2021-05-25T16:32:00Z,143.28,143.87,143.28,143.69,84.63294314
Kraken:LTCEUR,2021-05-25T16:33:00Z,143.59,143.73,143.59,143.72,3.42098677
Kraken:LTCEUR,2021-05-25T16:34:00Z,143.67,143.68,143.2,143.21,79.50727301
Kraken:LTCEUR,2021-05-25T16:35:00Z,143.01,143.03,142.49,142.56,62.99320771
Kraken:LTCEUR,2021-05-25T16:36:00Z,142.48,142.48,142.23,142.36,5.81585123
Kraken:LTCEUR,2021-05-25T16:37:00Z,142.25,142.25,142.19,142.2,61.91608617
Kraken:LTCEUR,2021-05-25T16:38:00Z,142.27,142.27,141.64,141.64,11.25537873
Kraken:LTCEUR,2021-05-25T16:39:00Z,141.77,141.83,140.79,141.26,193.27078811
Kraken:LTCEUR,2021-05-25T16:40:00Z,141.56,141.98,141.5,141.91,58.24199046
Kraken:LTCEUR,2021-05-25T16:41:00Z,141.78,142.27,141.78,142.18,38.75445114
Kraken:LTCEUR,2021-05-25T16:42:00Z,142.13,142.43,142.13,142.43,7.29405583
Kraken:LTCEUR,2021-05-25T16:43:00Z,142.64,142.64,142.64,142.64,0.76527532
Kraken:LTCEUR,2021-05-25T16:44:00Z,142.63,142.63,142.09,142.09,46.89107164
Kraken:LTCEUR,2021-05-25T16:45:00Z,142.57,142.68,142.57,142.68,76.73537227
Kraken:LTCEUR,2021-05-25T16:46:00Z,142.85,142.85,142.79,142.85,24.19118723
Kraken:LTCEUR,2021-05-25T16:47:00Z,142.84,143.0,142.62,143.0,9.08056449
Kraken:LTCEUR,2021-05-25T16:48:00Z,143.11,143.11,143.06,143.06,2.30986375
Kraken:LTCEUR,2021-05-25T16:49:00Z,142.98,142.98,142.66,142.66,20.83078252
Kraken:LTCEUR,2021-05-25T16:50:00Z,142.9,143.01,142.9,142.94,163.78211677
Kraken:LTCEUR,2021-05-25T16:51:00Z,143.01,143.18,143.01,143.17,13.50527059
Kraken:LTCEUR,2021-05-25T16:52:00Z,143.17,143.17,143.14,143.14,0.29396818
Kraken:LTCEUR,2021-05-25T16:53:00Z,143.15,143.23,143.15,143.23,7.02102868
Kraken:LTCEUR,2021-05-25T16:54:00Z,143.21,143.5,143.21,143.5,4.6318279
Kraken:LTCEUR,2021-05-25T16:55:00Z,143.41,143.41,142.91,142.91,9.89476066
Kraken:LTCEUR,2021-05-25T16:56:00Z,142.61,142.61,142.56,142.61,3.09752814
Kraken:LTCEUR,2021-05-25T16:57:00Z,142.45,142.64,142.45,142.64,9.18893037
Kraken:LTCEUR,2021-05-25T16:58:00Z,142.91,143.04,142.28,142.28,90.95612155
Kraken:LTCEUR,2021-05-25T16:59:00Z,142.4,142.4,142.34,142.34,35.44063784
Kraken:LTCEUR,2021-05-25T17:00:00Z,142.31,142.94,142.27,142.61,114.18421165
Kraken:LTCEUR,2021-05-25T17:01:00Z,142.87,143.47,142.87,143.47,159.74265327
Kraken:LTCEUR,2021-05-25T17:02:00Z,143.16,143.32,143.08,143.08,5.94982174
Kraken:LTCEUR,2021-05-25T17:03:00Z,143.09,143.27,143.04,143.2,13.11566818
Kraken:LTCEUR,2021-05-25T17:04:00Z,143.39,143.39,143.39,143.39,2
Kraken:LTCEUR,2021-05-25T17:05:00Z,143.04,143.04,142.99,142.99,1.78326522
Kraken:LTCEUR,2021-05-25T17:06:00Z,143.34,143.47,143.34,143.47,185.32898313
Kraken:LTCEUR,2021-05-25T17:07:00Z,143.23,143.23,143.23,143.23,1.28075555
Kraken:LTCEUR,2021-05-25T17:08:00Z,143.24,143.24,143.17,143.17,0.68604619
Kraken:LTCEUR,2021-05-25T17:09:00Z,143.25,143.31,143.25,143.25,4.26287938
Kraken:LTCEUR,2021-05-25T17:10:00Z,143.13,143.13,142.55,142.55,8.88492611
Kraken:LTCEUR,2021-05-25T17:11:00Z,142.53,142.53,142.14,142.36,71.62794676
Kraken:LTCEUR,2021-05-25T17:12:00Z,142.44,142.44,141.8,141.92,313.09535177
Kraken:LTCEUR,2021-05-25T17:13:00Z,142.06,142.15,142.06,142.15,2.08536636
Kraken:LTCEUR,2021-05-25T17:14:00Z,142.14,142.14,141.74,141.74,8.40544498
Kraken:LTCEUR,2021-05-25T17:15:00Z,141.86,141.93,141.62,141.62,23.60163733
Kraken:LTCEUR,2021-05-25T17:16:00Z,141.6,141.6,141.38,141.38,61.05859029
Kraken:LTCEUR,2021-05-25T17:17:00Z,141.39,141.39,141.21,141.21,6.28647597
Kraken:LTCEUR,2021-05-25T17:18:00Z,141.51,141.51,141.33,141.43,23.04679656
Kraken:LTCEUR,2021-05-25T17:19:00Z,141.34,141.34,141.08,141.17,11.53142863
Kraken:LTCEUR,2021-05-25T17:20:00Z,141.43,141.43,141.28,141.33,37.23008269
Kraken:LTCEUR,2021-05-25T17:21:00Z,141.34,141.35,141.01,141.01,30.0244845
Kraken:LTCEUR,2021-05-25T17:22:00Z,141.08,141.17,140.87,140.87,32.55530498
Kraken:LTCEUR,2021-05-25T17:23:00Z,140.79,140.8,140.44,140.51,114.7354989
Kraken:LTCEUR,2021-05-25T17:24:00Z,140.56,140.75,140.28,140.28,49.52730013
Kraken:LTCEUR,2021-05-25T17:25:00Z,140.16,140.85,139.97,140.75,130.71241948
Kraken:LTCEUR,2021-05-25T17:26:00Z,140.8,140.94,140.47,140.94,76.49126193
Kraken:LTCEUR,2021-05-25T17:27:00Z,140.89,140.89,140.66,140.66,4.88004572
Kraken:LTCEUR,2021-05-25T17:28:00Z,140.75,140.9,140.75,140.9,5.09133507
Kraken:LTCEUR,2021-05-25T17:29:00Z,140.78,140.88,140.78,140.88,3.84813788
Kraken:LTCEUR,2021-05-25T17:30:00Z,140.81,140.81,140.26,140.26,2.35195632
Kraken:LTCEUR,2021-05-25T17:31:00Z,140.37,140.37,139.95,139.95,5.40532342
Kraken:LTCEUR,2021-05-25T17:32:00Z,139.82,140.48,139.81,140.17,193.84530205
Kraken:LTCEUR,2021-05-25T17:33:00Z,140.19,140.26,139.88,139.95,75.05718294
Kraken:LTCEUR,2021-05-25T17:34:00Z,140.12,140.28,139.69,139.88,44.98072671
Kraken:LTCEUR,2021-05-25T17:35:00Z,140.05,140.31,140.05,140.15,43.1886083
Kraken:LTCEUR,2021-05-25T17:36:00Z,140.26,140.47,140.26,140.42,1.49400677
Kraken:LTCEUR,2021-05-25T17:38:00Z,140.39,140.93,140.39,140.93,50.2834177
Kraken:LTCEUR,2021-05-25T17:40:00Z,141.18,141.19,141.15,141.15,9.17689796
Kraken:LTCEUR,2021-05-25T17:41:00Z,140.89,140.89,140.63,140.73,15.12098151
Kraken:LTCEUR,2021-05-25T17:42:00Z,140.97,141.14,140.97,141.12,33.61218268
Kraken:LTCEUR,2021-05-25T17:43:00Z,141.14,141.81,141.1,141.81,39.41760605
Kraken:LTCEUR,2021-05-25T17:44:00Z,142.0,142.11,142.0,142.11,3.54435887
Kraken:LTCEUR,2021-05-25T17:45:00Z,142.07,142.09,141.72,141.72,11.50286535
Kraken:LTCEUR,2021-05-25T17:46:00Z,142.3,142.3,142.15,142.21,5.13050515
Kraken:LTCEUR,2021-05-25T17:47:00Z,142.19,142.26,142.14,142.14,13.19219995
Kraken:LTCEUR,2021-05-25T17:48:00Z,142.4,142.44,142.27,142.44,1.85214221
Kraken:LTCEUR,2021-05-25T17:49:00Z,142.44,142.44,142.25,142.34,10.52005437
Kraken:LTCEUR,2021-05-25T17:50:00Z,142.51,142.51,142.12,142.12,4.99124028
Kraken:LTCEUR,2021-05-25T17:51:00Z,142.13,142.35,142.13,142.3,5.47234776
Kraken:LTCEUR,2021-05-25T17:52:00Z,142.62,142.88,142.62,142.88,7.79140539
Kraken:LTCEUR,2021-05-25T17:53:00Z,142.93,142.93,142.85,142.89,13.46976532
Kraken:LTCEUR,2021-05-25T17:54:00Z,142.92,143.0,142.92,143.0,1.54776
Kraken:LTCEUR,2021-05-25T17:55:00Z,142.51,142.62,142.48,142.48,7.55927742
Kraken:LTCEUR,2021-05-25T17:56:00Z,142.67,142.67,142.32,142.32,4.73179559
Kraken:LTCEUR,2021-05-25T17:58:00Z,142.37,142.62,142.37,142.59,21.80829445
Kraken:LTCEUR,2021-05-25T17:59:00Z,142.67,143.51,142.67,143.42,60.07386348
Kraken:LTCEUR,2021-05-25T18:00:00Z,143.44,143.44,142.8,142.8,8.91557767
Kraken:LTCEUR,2021-05-25T18:01:00Z,143.05,143.2,142.97,143.18,1.76546683
Kraken:LTCEUR,2021-05-25T18:02:00Z,143.25,143.53,143.18,143.23,51.52366595
Kraken:LTCEUR,2021-05-25T18:03:00Z,143.19,143.3,143.12,143.3,2.30700582
Kraken:LTCEUR,2021-05-25T18:04:00Z,142.98,142.99,142.79,142.79,15.64938046
Kraken:LTCEUR,2021-05-25T18:05:00Z,142.75,142.75,142.29,142.41,3.19157891
Kraken:LTCEUR,2021-05-25T18:06:00Z,142.7,142.7,142.31,142.31,4.47721158
Kraken:LTCEUR,2021-05-25T18:07:00Z,142.67,142.75,142.55,142.55,41.14126455
Kraken:LTCEUR,2021-05-25T18:08:00Z,142.44,142.89,142.44,142.63,3.96122714
Kraken:LTCEUR,2021-05-25T18:09:00Z,142.55,142.55,142.37,142.39,55.26732817
Kraken:LTCEUR,2021-05-25T18:10:00Z,142.82,142.82,142.82,142.82,0.34796992
Kraken:LTCEUR,2021-05-25T18:11:00Z,143.2,143.25,143.2,143.25,0.82200228
Kraken:LTCEUR,2021-05-25T18:12:00Z,143.53,143.53,143.23,143.24,139.54710135
Kraken:LTCEUR,2021-05-25T18:13:00Z,143.35,143.37,143.15,143.15,58.47316809
Kraken:LTCEUR,2021-05-25T18:14:00Z,143.22,143.22,143.22,143.22,24.45048563
Kraken:LTCEUR,2021-05-25T18:15:00Z,143.52,143.52,143.25,143.25,2.24972094
Kraken:LTCEUR,2021-05-25T18:16:00Z,143.22,143.22,143.13,143.16,22.36493563
Kraken:LTCEUR,2021-05-25T18:18:00Z,143.35,143.81,143.35,143.47,5.96446853
Kraken:LTCEUR,2021-05-25T18:19:00Z,143.34,143.34,143.1,143.1,39.96096
Kraken:LTCEUR,2021-05-25T18:20:00Z,142.97,143.36,142.97,143.22,6.28229736
Kraken:LTCEUR,2021-05-25T18:21:00Z,143.39,143.4,143.21,143.24,4.55569388
Kraken:LTCEUR,2021-05-25T18:22:00Z,143.22,143.23,143.2,143.2,1.43479801
Kraken:LTCEUR,2021-05-25T18:23:00Z,143.27,143.5,143.27,143.5,14.82457536
Kraken:LTCEUR,2021-05-25T18:24:00Z,143.63,143.63,143.61,143.61,1.28775517
Kraken:LTCEUR,2021-05-25T18:25:00Z,143.61,144.11,143.61,144.11,10.46223698
Kraken:LTCEUR,2021-05-25T18:26:00Z,144.15,144.25,143.88,143.88,36.23308278
Kraken:LTCEUR,2021-05-25T18:27:00Z,143.84,144.12,143.79,144.12,58.54739383
Kraken:LTCEUR,2021-05-25T18:28:00Z,143.91,144.16,143.91,144.03,2.91785262
Kraken:LTCEUR,2021-05-25T18:30:00Z,144.3,145.13,144.3,144.83,73.85873045
Kraken:LTCEUR,2021-05-25T18:31:00Z,145.02,145.02,144.65,144.65,54.66485997
Kraken:LTCEUR,2021-05-25T18:32:00Z,144.87,144.87,144.86,144.86,1E+1
Kraken:LTCEUR,2021-05-25T18:33:00Z,145.34,145.46,145.18,145.18,52.11722016
Kraken:LTCEUR,2021-05-25T18:34:00Z,145.05,145.05,144.86,144.86,6.27922116
Kraken:LTCEUR,2021-05-25T18:35:00Z,145.0,145.0,145.0,145.0,0.17111741
Kraken:LTCEUR,2021-05-25T18:36:00Z,144.86,145.07,144.77,144.84,84.72621221
Kraken:LTCEUR,2021-05-25T18:37:00Z,144.77,145.08,144.77,145.08,5.47204904
Kraken:LTCEUR,2021-05-25T18:38:00Z,144.79,144.79,144.79,144.79,1
Kraken:LTCEUR,2021-05-25T18:39:00Z,144.85,144.95,144.85,144.95,1E+1
Kraken:LTCEUR,2021-05-25T18:40:00Z,145.0,145.0,144.8,144.8,14.93916522
Kraken:LTCEUR,2021-05-25T18:41:00Z,144.78,144.78,144.55,144.55,1.27845382
Kraken:LTCEUR,2021-05-25T18:42:00Z,144.6,144.6,144.44,144.44,2.64984677
Kraken:LTCEUR,2021-05-25T18:43:00Z,144.45,144.46,144.41,144.41,7.85402203
Kraken:LTCEUR,2021-05-25T18:44:00Z,144.34,144.48,144.34,144.39,13.05118932
Kraken:LTCEUR,2021-05-25T18:45:00Z,144.52,144.52,144.5,144.5,3.5919538
Kraken:LTCEUR,2021-05-25T18:46:00Z,144.49,144.49,144.17,144.17,4.29420929
Kraken:LTCEUR,2021-05-25T18:47:00Z,144.0,144.16,143.99,144.16,2.24184646
Kraken:LTCEUR,2021-05-25T18:48:00Z,144.12,144.16,144.02,144.02,3.57388255
Kraken:LTCEUR,2021-05-25T18:49:00Z,144.03,144.03,144.03,144.03,1.37767982
Kraken:LTCEUR,2021-05-25T18:50:00Z,144.07,144.13,143.87,143.87,1.65909271
Kraken:LTCEUR,2021-05-25T18:51:00Z,143.82,143.83,143.71,143.75,11.54238333
Kraken:LTCEUR,2021-05-25T18:52:00Z,143.76,143.76,143.71,143.71,4.26272439
Kraken:LTCEUR,2021-05-25T18:53:00Z,143.83,143.88,143.8,143.8,23.25502164
Kraken:LTCEUR,2021-05-25T18:54:00Z,143.68,143.68,143.62,143.62,7.22096874
Kraken:LTCEUR,2021-05-25T18:55:00Z,143.6,143.6,143.6,143.6,0.2
Kraken:LTCEUR,2021-05-25T18:56:00Z,143.88,143.88,143.88,143.88,0.34506655
Kraken:LTCEUR,2021-05-25T18:57:00Z,143.8,143.84,143.78,143.78,35.02058047
Kraken:LTCEUR,2021-05-25T18:58:00Z,143.82,143.9,143.82,143.9,12.78626032
Kraken:LTCEUR,2021-05-25T18:59:00Z,143.85,143.85,143.58,143.58,2.38123953
Kraken:LTCEUR,2021-05-25T19:00:00Z,144.01,144.01,144.01,144.01,3
Kraken:LTCEUR,2021-05-25T19:01:00Z,143.86,143.86,143.6,143.6,43.86138984
Kraken:LTCEUR,2021-05-25T19:02:00Z,143.46,143.48,143.42,143.43,10.20514418
Kraken:LTCEUR,2021-05-25T19:03:00Z,143.46,143.46,143.43,143.43,11.94946006
Kraken:LTCEUR,2021-05-25T19:04:00Z,143.42,143.42,143.12,143.12,24.52784753
Kraken:LTCEUR,2021-05-25T19:05:00Z,143.14,143.16,143.02,143.11,26.61384834
Kraken:LTCEUR,2021-05-25T19:06:00Z,142.99,143.01,142.84,142.84,4.75973469
Kraken:LTCEUR,2021-05-25T19:07:00Z,142.6,142.6,142.2,142.2,9.00203454
Kraken:LTCEUR,2021-05-25T19:08:00Z,142.08,142.08,142.04,142.05,43.85889592
Kraken:LTCEUR,2021-05-25T19:09:00Z,142.0,142.0,141.94,141.94,1.388
Kraken:LTCEUR,2021-05-25T19:10:00Z,142.17,142.27,142.09,142.1,12.53543188
Kraken:LTCEUR,2021-05-25T19:11:00Z,142.18,142.51,142.18,142.4,111.73831451
Kraken:LTCEUR,2021-05-25T19:12:00Z,142.44,142.57,142.44,142.51,8.59085696
Kraken:LTCEUR,2021-05-25T19:13:00Z,142.36,142.37,142.27,142.29,5.76558664
Kraken:LTCEUR,2021-05-25T19:14:00Z,142.18,142.31,142.18,142.31,7.13119204
Kraken:LTCEUR,2021-05-25T19:15:00Z,142.57,142.57,142.24,142.24,2.38217871
Kraken:LTCEUR,2021-05-25T19:17:00Z,142.28,142.28,142.23,142.23,2.43610926
Kraken:LTCEUR,2021-05-25T19:18:00Z,142.12,142.12,142.12,142.12,0.278066
Kraken:LTCEUR,2021-05-25T19:19:00Z,142.09,142.27,142.09,142.27,24.12414336
Kraken:LTCEUR,2021-05-25T19:20:00Z,142.5,142.51,142.22,142.22,11.16635783
Kraken:LTCEUR,2021-05-25T19:21:00Z,142.12,142.13,141.72,141.72,5.12439459
Kraken:LTCEUR,2021-05-25T19:22:00Z,141.82,141.82,141.82,141.82,2.96782957
Kraken:LTCEUR,2021-05-25T19:23:00Z,141.88,142.0,141.88,142.0,30.37109209
Kraken:LTCEUR,2021-05-25T19:24:00Z,141.95,141.95,141.82,141.82,7.5449815
Kraken:LTCEUR,2021-05-25T19:26:00Z,141.9,141.98,141.77,141.91,4.77206105
Kraken:LTCEUR,2021-05-25T19:27:00Z,142.01,142.01,142.01,142.01,1.33120899
Kraken:LTCEUR,2021-05-25T19:28:00Z,141.98,142.2,141.98,142.2,13.5
Kraken:LTCEUR,2021-05-25T19:29:00Z,142.41,142.41,142.41,142.41,0.13954019
Kraken:LTCEUR,2021-05-25T19:30:00Z,142.77,142.77,142.52,142.52,45.80093382
Kraken:LTCEUR,2021-05-25T19:31:00Z,143.0,143.2,143.0,143.2,14.88508863
Kraken:LTCEUR,2021-05-25T19:32:00Z,143.26,143.26,143.26,143.26,1.57590624
Kraken:LTCEUR,2021-05-25T19:33:00Z,143.58,143.58,143.5,143.5,26.46420346
Kraken:LTCEUR,2021-05-25T19:34:00Z,143.6,143.6,143.6,143.6,10.001
Kraken:LTCEUR,2021-05-25T19:35:00Z,143.3,143.3,143.23,143.23,0.618107
Kraken:LTCEUR,2021-05-25T19:36:00Z,142.74,142.82,142.33,142.33,43.2238431
Kraken:LTCEUR,2021-05-25T19:37:00Z,142.01,142.01,141.63,141.63,61.70950209
Kraken:LTCEUR,2021-05-25T19:38:00Z,141.7,141.78,141.59,141.59,7.37921921
Kraken:LTCEUR,2021-05-25T19:39:00Z,141.59,141.69,141.59,141.69,2.35925007
Kraken:LTCEUR,2021-05-25T19:40:00Z,141.73,142.16,141.73,142.16,49.45978602
Kraken:LTCEUR,2021-05-25T19:41:00Z,142.02,142.04,142.02,142.04,1.22406564
Kraken:LTCEUR,2021-05-25T19:42:00Z,142.51,143.17,142.51,143.06,57.03642585
Kraken:LTCEUR,2021-05-25T19:43:00Z,142.85,142.85,142.45,142.45,17.479226
Kraken:LTCEUR,2021-05-25T19:44:00Z,142.42,142.8,142.42,142.8,35.92787847
Kraken:LTCEUR,2021-05-25T19:45:00Z,143.11,143.11,142.65,142.65,5.08140801
Kraken:LTCEUR,2021-05-25T19:46:00Z,142.57,142.57,141.81,141.93,3.5099006
Kraken:LTCEUR,2021-05-25T19:47:00Z,141.72,141.72,141.55,141.72,36.08153421
Kraken:LTCEUR,2021-05-25T19:48:00Z,141.54,141.54,140.99,140.99,78.73600371
Kraken:LTCEUR,2021-05-25T19:49:00Z,141.19,141.19,141.0,141.0,10.31889164
Kraken:LTCEUR,2021-05-25T19:50:00Z,140.97,141.02,140.89,141.01,18.20541673
Kraken:LTCEUR,2021-05-25T19:51:00Z,141.04,141.04,140.8,140.8,4.82908141
Kraken:LTCEUR,2021-05-25T19:52:00Z,140.93,140.93,140.31,140.31,7.81139032
Kraken:LTCEUR,2021-05-25T19:53:00Z,140.46,140.5,140.15,140.16,5.5379879
Kraken:LTCEUR,2021-05-25T19:54:00Z,140.15,140.15,139.5,139.71,94.7705397
Kraken:LTCEUR,2021-05-25T19:55:00Z,139.66,139.71,139.45,139.5,13.65954412
Kraken:LTCEUR,2021-05-25T19:56:00Z,139.26,139.33,139.2,139.2,9.40889798
Kraken:LTCEUR,2021-05-25T19:57:00Z,139.28,139.28,138.8,138.95,82.71597241
Kraken:LTCEUR,2021-05-25T19:58:00Z,138.79,138.99,138.41,138.9,290.19520912
Kraken:LTCEUR,2021-05-25T19:59:00Z,139.05,139.5,139.05,139.49,43.21157427
Kraken:LTCEUR,2021-05-25T20:00:00Z,139.25,139.82,139.0,139.76,18.22419487
Kraken:LTCEUR,2021-05-25T20:01:00Z,139.84,140.04,139.8,140.04,58.70686657
Kraken:LTCEUR,2021-05-25T20:02:00Z,140.0,140.0,139.49,139.85,4.23075891
Kraken:LTCEUR,2021-05-25T20:03:00Z,139.65,140.09,139.65,140.09,7.0691872
Kraken:LTCEUR,2021-05-25T20:04:00Z,140.16,140.16,140.16,140.16,1E+1
Kraken:LTCEUR,2021-05-25T20:05:00Z,140.28,140.32,140.28,140.32,36.8638611
Kraken:LTCEUR,2021-05-25T20:06:00Z,140.46,140.46,140.37,140.46,1.33681462
Kraken:LTCEUR,2021-05-25T20:07:00Z,140.46,140.46,140.46,140.46,0.65206531
Kraken:LTCEUR,2021-05-25T20:08:00Z,140.5,140.5,139.85,139.92,8.53625033
Kraken:LTCEUR,2021-05-25T20:09:00Z,140.54,140.68,140.54,140.68,0.95670427
Kraken:LTCEUR,2021-05-25T20:10:00Z,140.6,140.85,140.6,140.85,10.55644071
Kraken:LTCEUR,2021-05-25T20:11:00Z,140.5,140.5,140.5,140.5,0.06941972
Kraken:LTCEUR,2021-05-25T20:12:00Z,140.87,140.87,140.26,140.26,2.45740693
Kraken:LTCEUR,2021-05-25T20:13:00Z,140.1,140.38,140.1,140.38,1.80517604
Kraken:LTCEUR,2021-05-25T20:14:00Z,140.34,140.49,140.34,140.49,6.73479008
Kraken:LTCEUR,2021-05-25T20:15:00Z,141.17,141.17,141.17,141.17,0.53366874
Kraken:LTCEUR,2021-05-25T20:16:00Z,141.18,141.18,140.94,141.14,7.68678322
Kraken:LTCEUR,2021-05-25T20:17:00Z,141.17,141.21,141.09,141.13,7.72152984
Kraken:LTCEUR,2021-05-25T20:18:00Z,141.08,141.13,141.08,141.13,14.14736978
Kraken:LTCEUR,2021-05-25T20:19:00Z,141.13,141.44,141.13,141.44,3.84356307
Kraken:LTCEUR,2021-05-25T20:20:00Z,141.13,141.23,141.07,141.21,6.24745676
Kraken:LTCEUR,2021-05-25T20:21:00Z,141.22,141.22,141.22,141.22,0.34523051
Kraken:LTCEUR,2021-05-25T20:22:00Z,141.41,141.45,141.4,141.41,8.68351488
Kraken:LTCEUR,2021-05-25T20:23:00Z,141.12,141.12,140.94,140.94,36.01455749
Kraken:LTCEUR,2021-05-25T20:24:00Z,141.13,141.38,141.13,141.38,64.24961191
Kraken:LTCEUR,2021-05-25T20:25:00Z,141.15,141.44,141.0,141.44,53.31134399
Kraken:LTCEUR,2021-05-25T20:27:00Z,141.37,141.4,141.37,141.4,26.43305577
Kraken:LTCEUR,2021-05-25T20:28:00Z,140.97,141.03,140.97,141.03,1.2129209
Kraken:LTCEUR,2021-05-25T20:29:00Z,141.31,141.34,141.31,141.34,20.95027661
Kraken:LTCEUR,2021-05-25T20:30:00Z,141.02,141.08,140.9,141.0,37.96401414
Kraken:LTCEUR,2021-05-25T20:32:00Z,140.74,140.87,140.73,140.77,31.01341939
Kraken:LTCEUR,2021-05-25T20:33:00Z,140.81,140.88,140.78,140.81,8.41365319
Kraken:LTCEUR,2021-05-25T20:34:00Z,140.93,140.93,140.93,140.93,1.00122198
Kraken:LTCEUR,2021-05-25T20:35:00Z,141.04,141.04,141.01,141.01,2.23276886
Kraken:LTCEUR,2021-05-25T20:37:00Z,140.52,140.52,140.38,140.38,14.24051961
Kraken:LTCEUR,2021-05-25T20:38:00Z,140.38,140.52,140.38,140.52,14.72875598
Kraken:LTCEUR,2021-05-25T20:39:00Z,140.58,140.63,140.58,140.63,4.62914412
Kraken:LTCEUR,2021-05-25T20:40:00Z,140.76,140.76,140.76,140.76,1
Kraken:LTCEUR,2021-05-25T20:41:00Z,140.8,140.97,140.8,140.97,11.55034213
Kraken:LTCEUR,2021-05-25T20:42:00Z,141.1,141.1,140.98,141.08,4.21008097
Kraken:LTCEUR,2021-05-25T20:43:00Z,140.81,140.81,140.81,140.81,8.8902798
Kraken:LTCEUR,2021-05-25T20:44:00Z,140.69,140.69,140.62,140.62,5.59780266
Kraken:LTCEUR,2021-05-25T20:45:00Z,141.07,141.21,141.07,141.21,3.74166285
Kraken:LTCEUR,2021-05-25T20:46:00Z,141.32,141.43,141.32,141.4,3.09009226
Kraken:LTCEUR,2021-05-25T20:47:00Z,141.53,141.55,141.33,141.33,94.49988816
Kraken:LTCEUR,2021-05-25T20:48:00Z,141.25,141.25,140.91,140.91,12.66052231
Kraken:LTCEUR,2021-05-25T20:49:00Z,141.41,141.41,141.41,141.41,0.19828903
Kraken:LTCEUR,2021-05-25T20:50:00Z,141.43,141.9,141.43,141.81,10.88292072
Kraken:LTCEUR,2021-05-25T20:51:00Z,141.84,142.07,141.84,142.07,11.50071188
Kraken:LTCEUR,2021-05-25T20:52:00Z,142.17,142.35,142.17,142.35,32.90194691
Kraken:LTCEUR,2021-05-25T20:53:00Z,142.44,142.55,142.43,142.47,14.121352
Kraken:LTCEUR,2021-05-25T20:54:00Z,142.25,142.25,142.12,142.12,22.31406999
Kraken:LTCEUR,2021-05-25T20:55:00Z,141.79,141.79,141.74,141.76,5.74595
Kraken:LTCEUR,2021-05-25T20:56:00Z,141.66,142.01,141.66,141.92,28.13147484
Kraken:LTCEUR,2021-05-25T20:57:00Z,141.75,141.75,141.38,141.44,4.63370768
Kraken:LTCEUR,2021-05-25T20:58:00Z,141.38,141.63,141.37,141.63,4.26721715
Kraken:LTCEUR,2021-05-25T20:59:00Z,141.48,141.48,141.35,141.35,14.30087743
Kraken:LTCEUR,2021-05-25T21:00:00Z,141.99,142.12,141.99,142.12,6.36438163
Kraken:LTCEUR,2021-05-25T21:01:00Z,142.07,142.15,142.06,142.15,1.14695214
Kraken:LTCEUR,2021-05-25T21:03:00Z,142.65,142.65,142.46,142.46,0.22692808
Kraken:LTCEUR,2021-05-25T21:04:00Z,142.28,142.28,142.03,142.08,10.36663
Kraken:LTCEUR,2021-05-25T21:05:00Z,142.33,142.47,142.33,142.47,0.69289763
Kraken:LTCEUR,2021-05-25T21:06:00Z,142.27,142.27,142.15,142.15,57.27008078
Kraken:LTCEUR,2021-05-25T21:07:00Z,141.86,141.86,141.85,141.85,53
Kraken:LTCEUR,2021-05-25T21:08:00Z,141.97,142.0,141.84,142.0,5.17882561
Kraken:LTCEUR,2021-05-25T21:09:00Z,142.24,142.24,142.23,142.23,1E+1
Kraken:LTCEUR,2021-05-25T21:10:00Z,142.33,142.33,142.33,142.33,1.02456217
Kraken:LTCEUR,2021-05-25T21:11:00Z,142.2,142.2,142.2,142.2,1.26680527
Kraken:LTCEUR,2021-05-25T21:12:00Z,142.25,142.25,141.96,141.96,3.28966
Kraken:LTCEUR,2021-05-25T21:13:00Z,141.95,141.95,141.95,141.95,1.5
Kraken:LTCEUR,2021-05-25T21:14:00Z,142.1,142.1,142.1,142.1,0.70411435
Kraken:LTCEUR,2021-05-25T21:15:00Z,142.12,142.17,142.12,142.17,0.7129668
Kraken:LTCEUR,2021-05-25T21:16:00Z,142.0,142.0,141.65,141.66,8.16878489
Kraken:LTCEUR,2021-05-25T21:17:00Z,141.65,141.67,141.61,141.61,31.73981365
Kraken:LTCEUR,2021-05-25T21:18:00Z,141.81,141.81,141.81,141.81,0.13996325
Kraken:LTCEUR,2021-05-25T21:19:00Z,141.47,141.47,141.31,141.34,7.04503933
Kraken:LTCEUR,2021-05-25T21:20:00Z,140.97,140.97,140.9,140.9,41.91629187
Kraken:LTCEUR,2021-05-25T21:21:00Z,141.05,141.05,141.05,141.05,0.13541
Kraken:LTCEUR,2021-05-25T21:22:00Z,141.72,141.73,141.71,141.73,2.59281885
Kraken:LTCEUR,2021-05-25T21:23:00Z,141.81,141.81,141.81,141.81,1.02683461
Kraken:LTCEUR,2021-05-25T21:25:00Z,142.53,142.55,142.52,142.52,10.83707896
Kraken:LTCEUR,2021-05-25T21:27:00Z,142.86,143.04,142.86,143.04,13.34593529
Kraken:LTCEUR,2021-05-25T21:28:00Z,143.02,143.04,142.69,143.03,24.51867866
Kraken:LTCEUR,2021-05-25T21:29:00Z,143.1,143.17,143.1,143.17,9.93398888
Kraken:LTCEUR,2021-05-25T21:30:00Z,143.03,143.03,143.03,143.03,1.48930284
Kraken:LTCEUR,2021-05-25T21:32:00Z,143.04,143.04,143.04,143.04,1.02007507
Kraken:LTCEUR,2021-05-25T21:33:00Z,142.9,142.9,142.9,142.9,0.03447724
Kraken:LTCEUR,2021-05-25T21:34:00Z,142.59,142.65,142.59,142.65,0.29941147
Kraken:LTCEUR,2021-05-25T21:35:00Z,142.97,143.13,142.97,143.13,30.98862421
Kraken:LTCEUR,2021-05-25T21:37:00Z,142.99,143.16,142.86,143.16,4.62706213
Kraken:LTCEUR,2021-05-25T21:38:00Z,143.17,143.42,143.17,143.42,27.4268333
Kraken:LTCEUR,2021-05-25T21:40:00Z,143.56,143.6,143.56,143.6,0.1
Kraken:LTCEUR,2021-05-25T21:41:00Z,143.65,143.81,143.65,143.73,2.16267248
Kraken:LTCEUR,2021-05-25T21:42:00Z,143.58,143.58,143.5,143.5,1.5741026
Kraken:LTCEUR,2021-05-25T21:43:00Z,143.82,143.82,143.67,143.76,2.30589484
Kraken:LTCEUR,2021-05-25T21:44:00Z,143.59,143.59,143.54,143.55,1.26245159
Kraken:LTCEUR,2021-05-25T21:45:00Z,143.68,143.68,143.61,143.62,30.17040553
Kraken:LTCEUR,2021-05-25T21:46:00Z,143.6,144.38,143.6,144.38,90.74636347
Kraken:LTCEUR,2021-05-25T21:47:00Z,144.48,144.48,143.98,144.08,173.56640425
Kraken:LTCEUR,2021-05-25T21:48:00Z,144.1,144.45,144.09,144.4,68.60758942
Kraken:LTCEUR,2021-05-25T21:49:00Z,144.35,144.35,143.97,143.97,1.45668102
Kraken:LTCEUR,2021-05-25T21:50:00Z,144.08,144.14,144.08,144.1,2.46975682
Kraken:LTCEUR,2021-05-25T21:51:00Z,143.95,143.95,143.74,143.74,3.85771438
Kraken:LTCEUR,2021-05-25T21:52:00Z,144.04,144.19,143.9,143.9,49.89422035
Kraken:LTCEUR,2021-05-25T21:53:00Z,143.77,143.77,143.73,143.74,1.73017139
Kraken:LTCEUR,2021-05-25T21:54:00Z,143.89,144.01,143.89,143.96,45.17608229
Kraken:LTCEUR,2021-05-25T21:55:00Z,143.81,143.92,143.81,143.86,1.45327903
Kraken:LTCEUR,2021-05-25T21:56:00Z,144.14,144.2,144.14,144.19,4.58973652
Kraken:LTCEUR,2021-05-25T21:57:00Z,143.95,144.03,143.95,144.03,6.06850931
Kraken:LTCEUR,2021-05-25T21:58:00Z,144.25,144.25,144.25,144.25,0.13985011
Kraken:LTCEUR,2021-05-25T21:59:00Z,144.22,144.23,144.14,144.19,17.26075496
Kraken:LTCEUR,2021-05-25T22:00:00Z,144.35,144.44,144.19,144.31,11.46643751
Kraken:LTCEUR,2021-05-25T22:01:00Z,144.19,144.19,143.92,143.92,66.30070486
Kraken:LTCEUR,2021-05-25T22:02:00Z,143.95,144.19,143.95,143.98,2.34632118
Kraken:LTCEUR,2021-05-25T22:03:00Z,143.96,143.96,143.96,143.96,3.41902673
Kraken:LTCEUR,2021-05-25T22:04:00Z,143.9,143.94,143.85,143.89,15.86874986
Kraken:LTCEUR,2021-05-25T22:05:00Z,143.93,144.87,143.93,144.85,286.08434477
Kraken:LTCEUR,2021-05-25T22:06:00Z,144.64,144.8,144.44,144.44,260.88079004
Kraken:LTCEUR,2021-05-25T22:07:00Z,144.52,144.52,144.4,144.4,2.20097741
Kraken:LTCEUR,2021-05-25T22:08:00Z,144.45,144.71,144.45,144.71,123.40118112
Kraken:LTCEUR,2021-05-25T22:09:00Z,144.71,144.9,144.68,144.9,12.14838814
Kraken:LTCEUR,2021-05-25T22:10:00Z,144.93,145.09,144.82,145.03,280.78027714
Kraken:LTCEUR,2021-05-25T22:11:00Z,145.07,145.11,144.9,144.9,0.58237348
Kraken:LTCEUR,2021-05-25T22:12:00Z,144.97,145.01,144.82,144.91,74.23274677
Kraken:LTCEUR,2021-05-25T22:13:00Z,144.91,145.3,144.91,145.21,29.70672988
Kraken:LTCEUR,2021-05-25T22:14:00Z,145.55,145.78,145.55,145.67,46.08952288
Kraken:LTCEUR,2021-05-25T22:15:00Z,145.67,145.95,145.67,145.84,36.19856849
Kraken:LTCEUR,2021-05-25T22:16:00Z,145.66,145.66,145.45,145.45,15.87537274
Kraken:LTCEUR,2021-05-25T22:17:00Z,145.29,145.3,144.95,145.06,102.68436358
Kraken:LTCEUR,2021-05-25T22:18:00Z,145.34,145.51,145.34,145.47,181.56925458
Kraken:LTCEUR,2021-05-25T22:19:00Z,145.51,145.94,145.51,145.86,44.29187026
Kraken:LTCEUR,2021-05-25T22:20:00Z,145.8,145.8,145.52,145.52,10.1533367
Kraken:LTCEUR,2021-05-25T22:21:00Z,145.4,145.4,145.37,145.37,74.68578
Kraken:LTCEUR,2021-05-25T22:22:00Z,145.14,145.14,145.08,145.08,1.23520946
Kraken:LTCEUR,2021-05-25T22:23:00Z,144.96,145.41,144.96,145.41,79.16779029
Kraken:LTCEUR,2021-05-25T22:24:00Z,145.15,145.16,144.9,144.9,5.17491135
Kraken:LTCEUR,2021-05-25T22:25:00Z,145.0,145.0,144.82,144.82,34.6068355
Kraken:LTCEUR,2021-05-25T22:26:00Z,145.08,145.3,145.08,145.22,87.25747689
Kraken:LTCEUR,2021-05-25T22:27:00Z,145.23,145.23,145.23,145.23,7.12975328
Kraken:LTCEUR,2021-05-25T22:28:00Z,145.61,145.61,145.61,145.61,34.35846118
Kraken:LTCEUR,2021-05-25T22:29:00Z,145.82,146.48,145.82,146.48,250.18578801
Kraken:LTCEUR,2021-05-25T22:30:00Z,146.5,146.78,146.49,146.78,34.86807776
Kraken:LTCEUR,2021-05-25T22:31:00Z,146.56,146.72,146.55,146.71,20.58409188
Kraken:LTCEUR,2021-05-25T22:32:00Z,146.54,146.82,146.47,146.82,71.05085044
Kraken:LTCEUR,2021-05-25T22:33:00Z,146.81,146.82,146.81,146.81,106.67746422
Kraken:LTCEUR,2021-05-25T22:34:00Z,146.84,146.84,146.63,146.63,11.76049
Kraken:LTCEUR,2021-05-25T22:35:00Z,146.62,146.62,146.32,146.32,57.59878118
Kraken:LTCEUR,2021-05-25T22:36:00Z,146.29,146.39,145.97,146.0,31.1716735
Kraken:LTCEUR,2021-05-25T22:37:00Z,146.17,146.41,146.16,146.21,113.49995947
Kraken:LTCEUR,2021-05-25T22:38:00Z,146.27,146.48,146.14,146.48,36.55204416
Kraken:LTCEUR,2021-05-25T22:39:00Z,146.06,146.1,146.06,146.1,68
Kraken:LTCEUR,2021-05-25T22:41:00Z,146.59,146.63,146.59,146.6,137.33861538
Kraken:LTCEUR,2021-05-25T22:42:00Z,146.41,146.41,146.34,146.41,71.95098311
Kraken:LTCEUR,2021-05-25T22:43:00Z,146.41,146.59,146.41,146.57,3.72459405
Kraken:LTCEUR,2021-05-25T22:44:00Z,146.6,147.59,146.54,147.58,476.9023362
Kraken:LTCEUR,2021-05-25T22:45:00Z,147.58,147.89,147.52,147.89,27.01874014
Kraken:LTCEUR,2021-05-25T22:46:00Z,147.87,148.09,147.78,148.03,21.99852288
Kraken:LTCEUR,2021-05-25T22:47:00Z,148.09,149.0,148.0,149.0,212.11598607
Kraken:LTCEUR,2021-05-25T22:48:00Z,148.99,148.99,148.35,148.57,116.95126923
Kraken:LTCEUR,2021-05-25T22:49:00Z,148.61,148.92,148.6,148.92,15.08257736
Kraken:LTCEUR,2021-05-25T22:50:00Z,148.74,148.74,148.49,148.6,46.38820066
Kraken:LTCEUR,2021-05-25T22:51:00Z,148.51,148.51,148.23,148.31,40.60678318
Kraken:LTCEUR,2021-05-25T22:52:00Z,148.39,148.82,148.39,148.78,53.2381358
Kraken:LTCEUR,2021-05-25T22:53:00Z,148.72,148.8,148.71,148.76,46
Kraken:LTCEUR,2021-05-25T22:54:00Z,148.67,148.8,148.67,148.73,5.31721543
Kraken:LTCEUR,2021-05-25T22:55:00Z,148.73,148.73,148.36,148.36,161
Kraken:LTCEUR,2021-05-25T22:56:00Z,148.2,148.55,148.18,148.46,65.36810616
Kraken:LTCEUR,2021-05-25T22:57:00Z,148.25,148.41,148.25,148.26,55.49735518
Kraken:LTCEUR,2021-05-25T22:58:00Z,148.26,148.26,148.25,148.25,82.00001
Kraken:LTCEUR,2021-05-25T22:59:00Z,148.1,148.65,148.1,148.65,255.02191524
Kraken:LTCEUR,2021-05-25T23:00:00Z,148.34,148.34,148.26,148.26,5.42078872
Kraken:LTCEUR,2021-05-25T23:01:00Z,148.26,148.26,147.9,147.93,63.0423759
Kraken:LTCEUR,2021-05-25T23:02:00Z,148.03,148.03,148.03,148.03,1
Kraken:LTCEUR,2021-05-25T23:03:00Z,147.84,147.84,147.73,147.73,1.8791032
Kraken:LTCEUR,2021-05-25T23:05:00Z,148.0,148.06,147.95,148.0,163.95724138
Kraken:LTCEUR,2021-05-25T23:06:00Z,148.13,148.13,147.77,147.85,110.18834757
Kraken:LTCEUR,2021-05-25T23:07:00Z,147.92,148.3,147.92,148.3,77.0669501
Kraken:LTCEUR,2021-05-25T23:08:00Z,148.06,148.06,148.06,148.06,0.99
Kraken:LTCEUR,2021-05-25T23:09:00Z,148.06,148.06,147.78,147.78,144.15630508
Kraken:LTCEUR,2021-05-25T23:10:00Z,147.78,147.78,147.78,147.78,12.716
Kraken:LTCEUR,2021-05-25T23:11:00Z,147.79,148.67,147.79,148.67,124.94105133
Kraken:LTCEUR,2021-05-25T23:12:00Z,148.67,148.67,148.39,148.39,6.77752611
Kraken:LTCEUR,2021-05-25T23:13:00Z,148.12,148.12,148.12,148.12,33.8035
Kraken:LTCEUR,2021-05-25T23:15:00Z,148.06,148.46,148.06,148.46,84.109
Kraken:LTCEUR,2021-05-25T23:16:00Z,148.26,148.26,148.26,148.26,15
Kraken:LTCEUR,2021-05-25T23:17:00Z,148.24,148.62,148.24,148.62,34.19695136
Kraken:LTCEUR,2021-05-25T23:18:00Z,148.65,148.9,148.54,148.54,75.887804
Kraken:LTCEUR,2021-05-25T23:19:00Z,148.81,148.92,148.8,148.86,5.23342224
Kraken:LTCEUR,2021-05-25T23:20:00Z,149.05,149.38,149.05,149.38,53.59748975
Kraken:LTCEUR,2021-05-25T23:21:00Z,149.25,149.25,148.97,149.04,91.16306
Kraken:LTCEUR,2021-05-25T23:22:00Z,149.37,149.4,149.33,149.37,0.71892
Kraken:LTCEUR,2021-05-25T23:23:00Z,149.39,149.47,149.29,149.29,39.12766278
Kraken:LTCEUR,2021-05-25T23:24:00Z,149.14,149.32,149.05,149.32,136.03708441
Kraken:LTCEUR,2021-05-25T23:25:00Z,148.87,148.91,148.86,148.86,28.68753
Kraken:LTCEUR,2021-05-25T23:26:00Z,149.18,149.56,149.18,149.56,169.48447102
Kraken:LTCEUR,2021-05-25T23:27:00Z,149.57,149.76,149.55,149.55,17.71366344
Kraken:LTCEUR,2021-05-25T23:28:00Z,149.44,149.44,149.13,149.13,45.44948705
Kraken:LTCEUR,2021-05-25T23:29:00Z,149.22,149.26,149.05,149.05,3.95050619
Kraken:LTCEUR,2021-05-25T23:30:00Z,149.01,149.01,149.01,149.01,0.66042477
Kraken:LTCEUR,2021-05-25T23:32:00Z,149.42,149.49,149.38,149.49,111.91968333
Kraken:LTCEUR,2021-05-25T23:33:00Z,149.48,149.48,149.29,149.37,27.70064358
Kraken:LTCEUR,2021-05-25T23:34:00Z,149.36,149.58,149.36,149.58,11.96491015
Kraken:LTCEUR,2021-05-25T23:35:00Z,149.24,149.24,149.04,149.04,10.62568214
Kraken:LTCEUR,2021-05-25T23:37:00Z,148.26,148.26,147.7,147.79,249.02936132
Kraken:LTCEUR,2021-05-25T23:38:00Z,147.95,148.26,147.95,148.15,21.47334816
Kraken:LTCEUR,2021-05-25T23:39:00Z,148.15,148.16,148.08,148.08,141.67
Kraken:LTCEUR,2021-05-25T23:40:00Z,148.22,148.28,148.22,148.28,145.363
Kraken:LTCEUR,2021-05-25T23:41:00Z,148.49,148.9,148.49,148.86,39.49412828
Kraken:LTCEUR,2021-05-25T23:42:00Z,148.89,149.03,148.88,149.03,42.91145453
Kraken:LTCEUR,2021-05-25T23:43:00Z,148.52,148.52,148.49,148.49,64.6457
Kraken:LTCEUR,2021-05-25T23:44:00Z,148.61,148.8,148.61,148.71,101.58370917
Kraken:LTCEUR,2021-05-25T23:45:00Z,148.75,148.89,148.75,148.89,33.99
Kraken:LTCEUR,2021-05-25T23:46:00Z,148.62,148.62,148.28,148.28,10.3715847
Kraken:LTCEUR,2021-05-25T23:47:00Z,148.6,148.6,148.6,148.6,2.15339848
Kraken:LTCEUR,2021-05-25T23:50:00Z,148.36,148.55,148.36,148.55,108.41188437
Kraken:LTCEUR,2021-05-25T23:53:00Z,148.73,148.73,148.73,148.73,33.65143762
Kraken:LTCEUR,2021-05-25T23:57:00Z,149.32,149.32,149.32,149.32,0.28
Kraken:LTCEUR,2021-05-25T23:58:00Z,149.47,150.0,149.47,150.0,138.03408394
Kraken:LTCEUR,2021-05-25T23:59:00Z,150.15,150.31,150.15,150.31,26.80703
