Kraken:ETHUSDT,2022-09-13T00:01:00Z,1718.74,1718.75,1718.15,1718.15,3.5
Kraken:ETHUSDT,2022-09-13T00:02:00Z,1712.71,1712.71,1710.92,1710.92,19.24332697
Kraken:ETHUSDT,2022-09-13T00:04:00Z,1711.94,1711.94,1711.94,1711.94,0.02914
Kraken:ETHUSDT,2022-09-13T00:05:00Z,1710.93,1710.93,1710.93,1710.93,1.1
Kraken:ETHUSDT,2022-09-13T00:07:00Z,1712.1,1712.1,1712.1,1712.1,0.05981535
Kraken:ETHUSDT,2022-09-13T00:11:00Z,1711.02,1711.02,1711.02,1711.02,0.03150031
Kraken:ETHUSDT,2022-09-13T00:12:00Z,1709.4,1709.4,1709.4,1709.4,0.02923
Kraken:ETHUSDT,2022-09-13T00:16:00Z,1708.91,1708.91,1706.64,1706.64,0.07159159
Kraken:ETHUSDT,2022-09-13T00:17:00Z,1706.51,1706.51,1703.98,1703.98,16.30937161
Kraken:ETHUSDT,2022-09-13T00:21:00Z,1702.98,1702.98,1700.35,1700.35,5.2881429
Kraken:ETHUSDT,2022-09-13T00:22:00Z,1700.0,1700.0,1685.75,1686.93,20.16429765
Kraken:ETHUSDT,2022-09-13T00:23:00Z,1685.66,1686.13,1685.66,1686.13,0.40283242
Kraken:ETHUSDT,2022-09-13T00:24:00Z,1687.81,1687.81,1662.94,1681.56,559.67959826
Kraken:ETHUSDT,2022-09-13T00:25:00Z,1681.59,1685.25,1681.59,1684.24,95.96432726
Kraken:ETHUSDT,2022-09-13T00:26:00Z,1685.77,1685.77,1685.77,1685.77,0.09665123
Kraken:ETHUSDT,2022-09-13T00:27:00Z,1681.78,1681.78,1675.62,1678.63,2.96300096
Kraken:ETHUSDT,2022-09-13T00:28:00Z,1678.59,1678.59,1678.59,1678.59,17.51378561
Kraken:ETHUSDT,2022-09-13T00:29:00Z,1674.79,1678.81,1674.79,1678.81,0.25594234
Kraken:ETHUSDT,2022-09-13T00:30:00Z,1679.56,1683.15,1679.56,1683.15,2.1979
Kraken:ETHUSDT,2022-09-13T00:32:00Z,1676.96,1677.52,1676.96,1677.52,2.25647647
Kraken:ETHUSDT,2022-09-13T00:33:00Z,1682.88,1685.16,1682.76,1682.76,34.40136794
Kraken:ETHUSDT,2022-09-13T00:34:00Z,1681.08,1681.14,1681.08,1681.14,3.45714486
Kraken:ETHUSDT,2022-09-13T00:35:00Z,1681.17,1681.83,1681.17,1681.83,6.666
Kraken:ETHUSDT,2022-09-13T00:36:00Z,1678.17,1678.17,1678.03,1678.03,3.49403079
Kraken:ETHUSDT,2022-09-13T00:40:00Z,1683.08,1685.74,1683.08,1685.74,0.43012803
Kraken:ETHUSDT,2022-09-13T00:41:00Z,1687.03,1687.03,1687.03,1687.03,0.03036255
Kraken:ETHUSDT,2022-09-13T00:42:00Z,1687.69,1689.91,1687.69,1689.91,2.4958628
Kraken:ETHUSDT,2022-09-13T00:44:00Z,1687.09,1687.09,1687.09,1687.09,0.01456481
Kraken:ETHUSDT,2022-09-13T00:47:00Z,1690.0,1690.25,1690.0,1690.25,0.6100524
Kraken:ETHUSDT,2022-09-13T00:50:00Z,1689.51,1689.51,1689.51,1689.51,0.05680473
Kraken:ETHUSDT,2022-09-13T01:01:00Z,1687.3,1687.3,1687.3,1687.3,8.71418682
Kraken:ETHUSDT,2022-09-13T01:02:00Z,1686.63,1686.63,1686.63,1686.63,0.03
Kraken:ETHUSDT,2022-09-13T01:03:00Z,1689.64,1689.64,1689.24,1689.24,30.01798455
Kraken:ETHUSDT,2022-09-13T01:06:00Z,1691.21,1691.89,1691.21,1691.89,0.03913051
Kraken:ETHUSDT,2022-09-13T01:08:00Z,1692.26,1693.03,1692.26,1693.03,0.05925192
Kraken:ETHUSDT,2022-09-13T01:09:00Z,1694.17,1694.17,1694.17,1694.17,0.09617153
Kraken:ETHUSDT,2022-09-13T01:12:00Z,1694.5,1694.5,1694.5,1694.5,0.02968453
Kraken:ETHUSDT,2022-09-13T01:15:00Z,1693.65,1693.65,1693.21,1693.21,24.0459281
Kraken:ETHUSDT,2022-09-13T01:25:00Z,1692.4,1692.4,1692.4,1692.4,0.0562871
Kraken:ETHUSDT,2022-09-13T01:33:00Z,1690.89,1690.89,1690.89,1690.89,0.04278351
Kraken:ETHUSDT,2022-09-13T01:34:00Z,1688.87,1688.87,1688.74,1688.74,8.55
Kraken:ETHUSDT,2022-09-13T01:37:00Z,1684.58,1686.81,1684.58,1686.81,0.35382875
Kraken:ETHUSDT,2022-09-13T01:52:00Z,1695.22,1695.52,1695.22,1695.52,0.0572256
Kraken:ETHUSDT,2022-09-13T01:54:00Z,1696.05,1696.05,1696.05,1696.05,0.01068023
Kraken:ETHUSDT,2022-09-13T01:55:00Z,1697.62,1697.62,1697.62,1697.62,0.0191727
Kraken:ETHUSDT,2022-09-13T02:01:00Z,1694.45,1694.45,1694.45,1694.45,1.4
Kraken:ETHUSDT,2022-09-13T02:13:00Z,1682.23,1682.23,1681.73,1681.73,16.62625238
Kraken:ETHUSDT,2022-09-13T02:14:00Z,1683.52,1683.52,1683.52,1683.52,0.3
Kraken:ETHUSDT,2022-09-13T02:24:00Z,1691.1,1691.53,1691.1,1691.53,16.59599949
Kraken:ETHUSDT,2022-09-13T02:26:00Z,1695.52,1695.52,1695.52,1695.52,0.03021054
Kraken:ETHUSDT,2022-09-13T02:27:00Z,1696.27,1696.27,1696.27,1696.27,0.10310893
Kraken:ETHUSDT,2022-09-13T02:29:00Z,1695.82,1695.82,1695.82,1695.82,0.05809535
Kraken:ETHUSDT,2022-09-13T02:31:00Z,1695.81,1695.81,1695.81,1695.81,2
Kraken:ETHUSDT,2022-09-13T02:34:00Z,1697.96,1697.96,1697.96,1697.96,0.00061906
Kraken:ETHUSDT,2022-09-13T02:36:00Z,1695.59,1695.59,1695.59,1695.59,0.39647734
Kraken:ETHUSDT,2022-09-13T02:37:00Z,1695.25,1695.25,1695.25,1695.25,0.2
Kraken:ETHUSDT,2022-09-13T02:50:00Z,1696.5,1696.5,1696.5,1696.5,0.01994071
Kraken:ETHUSDT,2022-09-13T02:51:00Z,1699.98,1701.39,1699.98,1701.39,0.07831324
Kraken:ETHUSDT,2022-09-13T02:52:00Z,1702.37,1702.62,1702.37,1702.62,0.10878488
Kraken:ETHUSDT,2022-09-13T02:53:00Z,1704.04,1707.15,1704.04,1707.15,3.93923913
Kraken:ETHUSDT,2022-09-13T02:54:00Z,1707.49,1707.49,1707.49,1707.49,1.1
Kraken:ETHUSDT,2022-09-13T03:00:00Z,1709.04,1709.04,1709.04,1709.04,0.01341709
Kraken:ETHUSDT,2022-09-13T03:08:00Z,1709.4,1709.86,1709.4,1709.86,0.0616203
Kraken:ETHUSDT,2022-09-13T03:22:00Z,1703.36,1703.36,1703.36,1703.36,0.01
Kraken:ETHUSDT,2022-09-13T03:27:00Z,1706.85,1706.85,1706.85,1706.85,0.25
Kraken:ETHUSDT,2022-09-13T03:42:00Z,1705.5,1705.5,1705.5,1705.5,0.12019936
Kraken:ETHUSDT,2022-09-13T03:48:00Z,1708.72,1708.72,1708.72,1708.72,0.53629883
Kraken:ETHUSDT,2022-09-13T03:49:00Z,1710.87,1712.61,1710.87,1712.61,0.19587485
Kraken:ETHUSDT,2022-09-13T03:51:00Z,1713.27,1713.27,1713.27,1713.27,0.01844145
Kraken:ETHUSDT,2022-09-13T03:52:00Z,1712.29,1712.29,1712.29,1712.29,0.0291855
Kraken:ETHUSDT,2022-09-13T03:58:00Z,1714.35,1714.35,1714.35,1714.35,0.01299904
Kraken:ETHUSDT,2022-09-13T04:01:00Z,1714.61,1714.62,1714.61,1714.62,1.62045874
Kraken:ETHUSDT,2022-09-13T04:05:00Z,1711.14,1711.14,1710.48,1710.48,0.44837974
Kraken:ETHUSDT,2022-09-13T04:14:00Z,1711.38,1711.38,1711.15,1711.15,5.50869464
Kraken:ETHUSDT,2022-09-13T04:18:00Z,1709.63,1709.63,1709.49,1709.49,5.1
Kraken:ETHUSDT,2022-09-13T04:19:00Z,1710.13,1710.13,1710.13,1710.13,0.08987976
Kraken:ETHUSDT,2022-09-13T04:23:00Z,1713.62,1719.57,1713.62,1719.55,17.47204746
Kraken:ETHUSDT,2022-09-13T04:24:00Z,1719.65,1723.15,1719.65,1722.91,2.00077392
Kraken:ETHUSDT,2022-09-13T04:29:00Z,1722.13,1722.13,1722.13,1722.13,0.01759152
Kraken:ETHUSDT,2022-09-13T04:32:00Z,1719.93,1720.99,1719.93,1720.99,0.101
Kraken:ETHUSDT,2022-09-13T04:45:00Z,1717.12,1717.12,1717.07,1717.07,0.09108926
Kraken:ETHUSDT,2022-09-13T04:48:00Z,1716.26,1716.27,1716.26,1716.27,0.28263647
Kraken:ETHUSDT,2022-09-13T04:49:00Z,1715.24,1715.24,1714.85,1715.05,1.14023461
Kraken:ETHUSDT,2022-09-13T04:50:00Z,1714.65,1714.65,1714.65,1714.65,0.1
Kraken:ETHUSDT,2022-09-13T05:04:00Z,1713.71,1713.71,1713.71,1713.71,0.01296517
Kraken:ETHUSDT,2022-09-13T05:15:00Z,1717.79,1717.79,1717.79,1717.79,4.989391
Kraken:ETHUSDT,2022-09-13T05:20:00Z,1719.26,1719.26,1719.26,1719.26,0.16272868
Kraken:ETHUSDT,2022-09-13T05:22:00Z,1717.04,1717.04,1717.04,1717.04,0.25324978
Kraken:ETHUSDT,2022-09-13T05:24:00Z,1716.43,1716.43,1716.34,1716.34,16.15214122
Kraken:ETHUSDT,2022-09-13T05:26:00Z,1717.26,1717.26,1717.26,1717.26,0.11934201
Kraken:ETHUSDT,2022-09-13T05:28:00Z,1716.62,1716.62,1716.62,1716.62,0.00138187
Kraken:ETHUSDT,2022-09-13T05:36:00Z,1720.22,1720.22,1720.22,1720.22,0.01192873
Kraken:ETHUSDT,2022-09-13T05:46:00Z,1719.46,1719.46,1719.46,1719.46,0.59887552
Kraken:ETHUSDT,2022-09-13T06:03:00Z,1719.7,1721.59,1719.7,1721.59,3.51294442
Kraken:ETHUSDT,2022-09-13T06:13:00Z,1723.64,1723.64,1723.64,1723.64,0.05104526
Kraken:ETHUSDT,2022-09-13T06:23:00Z,1721.26,1721.26,1721.26,1721.26,0.01
Kraken:ETHUSDT,2022-09-13T06:27:00Z,1722.2,1722.28,1722.2,1722.28,0.57254614
Kraken:ETHUSDT,2022-09-13T06:32:00Z,1720.81,1720.81,1720.81,1720.81,0.01452155
Kraken:ETHUSDT,2022-09-13T06:34:00Z,1720.66,1720.66,1720.66,1720.66,0.04
Kraken:ETHUSDT,2022-09-13T06:35:00Z,1720.57,1720.57,1720.56,1720.56,0.06
Kraken:ETHUSDT,2022-09-13T06:37:00Z,1721.08,1721.08,1721.08,1721.08,0.05
Kraken:ETHUSDT,2022-09-13T06:40:00Z,1724.01,1728.85,1724.01,1726.86,16.39770974
Kraken:ETHUSDT,2022-09-13T06:41:00Z,1728.13,1730.99,1720.56,1720.56,12.70221125
Kraken:ETHUSDT,2022-09-13T06:42:00Z,1718.92,1718.92,1714.19,1714.19,5.26534079
Kraken:ETHUSDT,2022-09-13T06:43:00Z,1713.82,1713.82,1708.91,1709.85,2.53934804
Kraken:ETHUSDT,2022-09-13T06:45:00Z,1711.05,1711.05,1708.46,1708.46,3.33442111
Kraken:ETHUSDT,2022-09-13T06:48:00Z,1707.24,1707.24,1703.01,1703.01,1.8619911
Kraken:ETHUSDT,2022-09-13T06:49:00Z,1702.86,1702.86,1702.86,1702.86,0.07633
Kraken:ETHUSDT,2022-09-13T06:59:00Z,1708.11,1708.11,1708.11,1708.11,0.01169192
Kraken:ETHUSDT,2022-09-13T07:01:00Z,1711.53,1711.53,1711.53,1711.53,0.01520101
Kraken:ETHUSDT,2022-09-13T07:02:00Z,1711.95,1712.77,1711.95,1712.77,2.76807701
Kraken:ETHUSDT,2022-09-13T07:05:00Z,1711.4,1711.4,1711.4,1711.4,0.08664761
Kraken:ETHUSDT,2022-09-13T07:09:00Z,1705.56,1705.56,1705.56,1705.56,0.05863177
Kraken:ETHUSDT,2022-09-13T07:10:00Z,1705.27,1705.27,1705.27,1705.27,0.11540743
Kraken:ETHUSDT,2022-09-13T07:11:00Z,1704.12,1704.12,1704.12,1704.12,0.01303813
Kraken:ETHUSDT,2022-09-13T07:13:00Z,1701.73,1701.73,1701.73,1701.73,0.01305645
Kraken:ETHUSDT,2022-09-13T07:15:00Z,1705.41,1705.41,1705.41,1705.41,1.3104
Kraken:ETHUSDT,2022-09-13T07:19:00Z,1709.55,1709.55,1709.55,1709.55,0.01303556
Kraken:ETHUSDT,2022-09-13T07:25:00Z,1711.28,1711.28,1711.28,1711.28,0.86456829
Kraken:ETHUSDT,2022-09-13T07:26:00Z,1711.95,1711.95,1711.95,1711.95,0.01301727
Kraken:ETHUSDT,2022-09-13T07:32:00Z,1710.54,1710.54,1710.46,1710.46,0.29309869
Kraken:ETHUSDT,2022-09-13T07:37:00Z,1709.72,1709.72,1709.72,1709.72,5
Kraken:ETHUSDT,2022-09-13T07:40:00Z,1711.45,1711.45,1711.45,1711.45,0.1
Kraken:ETHUSDT,2022-09-13T07:41:00Z,1714.35,1714.35,1714.35,1714.35,0.01299904
Kraken:ETHUSDT,2022-09-13T07:44:00Z,1716.77,1716.95,1716.77,1716.95,2.20088079
Kraken:ETHUSDT,2022-09-13T07:45:00Z,1719.06,1720.53,1719.06,1720.53,0.15686179
Kraken:ETHUSDT,2022-09-13T07:47:00Z,1720.53,1721.23,1720.53,1721.23,0.03440781
Kraken:ETHUSDT,2022-09-13T07:48:00Z,1720.79,1720.79,1720.16,1720.16,7.2
Kraken:ETHUSDT,2022-09-13T07:50:00Z,1717.22,1717.22,1717.15,1717.15,6.1
Kraken:ETHUSDT,2022-09-13T07:52:00Z,1718.21,1718.21,1718.21,1718.21,0.0582045
Kraken:ETHUSDT,2022-09-13T07:53:00Z,1717.95,1717.95,1715.96,1716.28,20.96686747
Kraken:ETHUSDT,2022-09-13T07:54:00Z,1716.81,1716.81,1716.73,1716.73,1.35236944
Kraken:ETHUSDT,2022-09-13T08:03:00Z,1713.76,1713.93,1713.76,1713.93,2.69319375
Kraken:ETHUSDT,2022-09-13T08:12:00Z,1717.11,1717.41,1717.11,1717.41,16.15214122
Kraken:ETHUSDT,2022-09-13T08:13:00Z,1717.53,1717.53,1717.53,1717.53,4.369
Kraken:ETHUSDT,2022-09-13T08:14:00Z,1717.67,1717.67,1717.67,1717.67,0.11119714
Kraken:ETHUSDT,2022-09-13T08:21:00Z,1714.51,1714.51,1714.51,1714.51,0.01723943
Kraken:ETHUSDT,2022-09-13T08:32:00Z,1711.31,1711.31,1711.31,1711.31,0.01298335
Kraken:ETHUSDT,2022-09-13T08:33:00Z,1710.0,1710.48,1710.0,1710.48,1.76259551
Kraken:ETHUSDT,2022-09-13T08:34:00Z,1709.73,1709.73,1709.73,1709.73,1
Kraken:ETHUSDT,2022-09-13T08:35:00Z,1709.51,1709.51,1709.51,1709.51,0.09744304
Kraken:ETHUSDT,2022-09-13T08:43:00Z,1713.01,1713.3,1712.86,1712.86,5.8799948
Kraken:ETHUSDT,2022-09-13T08:56:00Z,1715.25,1715.26,1715.25,1715.26,1
Kraken:ETHUSDT,2022-09-13T08:57:00Z,1715.75,1715.75,1715.75,1715.75,0.29232415
Kraken:ETHUSDT,2022-09-13T08:59:00Z,1715.42,1715.42,1715.42,1715.42,0.29219261
Kraken:ETHUSDT,2022-09-13T09:01:00Z,1717.16,1717.16,1715.93,1715.93,0.22485273
Kraken:ETHUSDT,2022-09-13T09:05:00Z,1717.97,1717.97,1717.97,1717.97,0.05036457
Kraken:ETHUSDT,2022-09-13T09:11:00Z,1716.36,1716.36,1716.36,1716.36,0.241357
Kraken:ETHUSDT,2022-09-13T09:13:00Z,1715.27,1715.28,1715.27,1715.28,0.58299665
Kraken:ETHUSDT,2022-09-13T09:17:00Z,1717.81,1722.07,1717.81,1721.99,21.98925024
Kraken:ETHUSDT,2022-09-13T09:20:00Z,1718.21,1718.21,1718.03,1718.03,0.14482552
Kraken:ETHUSDT,2022-09-13T09:21:00Z,1718.91,1718.91,1718.91,1718.91,0.29174762
Kraken:ETHUSDT,2022-09-13T09:22:00Z,1719.1,1719.15,1719.1,1719.15,1.135
Kraken:ETHUSDT,2022-09-13T09:23:00Z,1719.29,1719.29,1718.16,1718.16,8.31397912
Kraken:ETHUSDT,2022-09-13T09:24:00Z,1717.82,1717.82,1717.75,1717.75,11.1
Kraken:ETHUSDT,2022-09-13T09:27:00Z,1720.92,1723.15,1720.92,1723.15,7.77045983
Kraken:ETHUSDT,2022-09-13T09:29:00Z,1719.65,1719.65,1719.65,1719.65,4.99995243
Kraken:ETHUSDT,2022-09-13T09:30:00Z,1719.78,1719.78,1719.78,1719.78,0.02399111
Kraken:ETHUSDT,2022-09-13T09:34:00Z,1720.91,1720.96,1720.9,1720.96,2.45073
Kraken:ETHUSDT,2022-09-13T09:37:00Z,1720.03,1720.03,1720.03,1720.03,0.02491249
Kraken:ETHUSDT,2022-09-13T09:38:00Z,1721.0,1723.27,1721.0,1723.27,3.3190815
Kraken:ETHUSDT,2022-09-13T09:39:00Z,1723.27,1723.81,1723.26,1723.26,1.67910297
Kraken:ETHUSDT,2022-09-13T09:42:00Z,1724.01,1724.01,1724.01,1724.01,0.01292624
Kraken:ETHUSDT,2022-09-13T09:43:00Z,1725.92,1726.17,1725.72,1725.73,1.63917122
Kraken:ETHUSDT,2022-09-13T09:45:00Z,1725.73,1726.0,1725.73,1725.74,0.6282418
Kraken:ETHUSDT,2022-09-13T09:46:00Z,1725.74,1725.74,1724.1,1724.1,5.52006225
Kraken:ETHUSDT,2022-09-13T09:47:00Z,1723.19,1723.19,1723.16,1723.16,0.5873601
Kraken:ETHUSDT,2022-09-13T09:48:00Z,1724.37,1724.37,1724.37,1724.37,0.69097525
Kraken:ETHUSDT,2022-09-13T09:49:00Z,1723.41,1723.41,1723.41,1723.41,0.11231474
Kraken:ETHUSDT,2022-09-13T09:50:00Z,1723.44,1723.44,1723.44,1723.44,0.35897713
Kraken:ETHUSDT,2022-09-13T09:51:00Z,1723.44,1724.02,1723.44,1723.74,1.61984955
Kraken:ETHUSDT,2022-09-13T09:52:00Z,1723.74,1723.77,1723.15,1723.15,0.63065372
Kraken:ETHUSDT,2022-09-13T09:53:00Z,1723.84,1723.84,1723.84,1723.84,0.04548302
Kraken:ETHUSDT,2022-09-13T09:54:00Z,1723.54,1723.54,1723.54,1723.54,0.99381823
Kraken:ETHUSDT,2022-09-13T09:56:00Z,1724.0,1724.0,1724.0,1724.0,0.04004416
Kraken:ETHUSDT,2022-09-13T10:01:00Z,1720.79,1720.96,1720.58,1720.58,3.07040853
Kraken:ETHUSDT,2022-09-13T10:02:00Z,1721.15,1721.33,1721.15,1721.33,1.61714093
Kraken:ETHUSDT,2022-09-13T10:07:00Z,1722.07,1722.07,1722.07,1722.07,0.08841104
Kraken:ETHUSDT,2022-09-13T10:08:00Z,1720.7,1720.7,1720.7,1720.7,0.21621109
Kraken:ETHUSDT,2022-09-13T10:12:00Z,1719.57,1720.06,1719.57,1720.06,2
Kraken:ETHUSDT,2022-09-13T10:15:00Z,1719.7,1719.7,1719.33,1719.33,1.2941
Kraken:ETHUSDT,2022-09-13T10:16:00Z,1719.03,1719.03,1719.03,1719.03,0.10455755
Kraken:ETHUSDT,2022-09-13T10:24:00Z,1724.23,1726.15,1724.16,1726.15,11.5
Kraken:ETHUSDT,2022-09-13T10:25:00Z,1726.17,1726.71,1726.17,1726.71,0.09812896
Kraken:ETHUSDT,2022-09-13T10:26:00Z,1726.6,1726.6,1725.77,1725.81,34.92214327
Kraken:ETHUSDT,2022-09-13T10:27:00Z,1724.56,1724.56,1724.56,1724.56,0.02896536
Kraken:ETHUSDT,2022-09-13T10:28:00Z,1725.91,1725.92,1725.91,1725.92,0.33530855
Kraken:ETHUSDT,2022-09-13T10:31:00Z,1725.48,1725.49,1725.48,1725.49,5.64230554
Kraken:ETHUSDT,2022-09-13T10:32:00Z,1725.2,1725.2,1724.68,1724.68,0.27072
Kraken:ETHUSDT,2022-09-13T10:34:00Z,1724.66,1724.66,1724.55,1724.55,2.45
Kraken:ETHUSDT,2022-09-13T10:35:00Z,1724.29,1724.7,1724.29,1724.7,1.04835497
Kraken:ETHUSDT,2022-09-13T10:36:00Z,1725.31,1725.32,1725.31,1725.32,0.37689312
Kraken:ETHUSDT,2022-09-13T10:38:00Z,1726.0,1726.0,1726.0,1726.0,0.20457603
Kraken:ETHUSDT,2022-09-13T10:41:00Z,1727.78,1730.53,1727.78,1730.53,2.83870583
Kraken:ETHUSDT,2022-09-13T10:42:00Z,1731.28,1734.02,1731.28,1734.02,1.35626131
Kraken:ETHUSDT,2022-09-13T10:43:00Z,1734.53,1737.69,1734.53,1737.69,3.08918988
Kraken:ETHUSDT,2022-09-13T10:45:00Z,1738.23,1739.79,1738.23,1739.79,0.26279257
Kraken:ETHUSDT,2022-09-13T10:46:00Z,1739.79,1739.86,1735.3,1735.3,1.67
Kraken:ETHUSDT,2022-09-13T10:47:00Z,1738.75,1738.75,1738.75,1738.75,1
Kraken:ETHUSDT,2022-09-13T10:48:00Z,1736.67,1736.67,1736.23,1736.36,1.21621109
Kraken:ETHUSDT,2022-09-13T10:49:00Z,1736.58,1736.58,1736.58,1736.58,1
Kraken:ETHUSDT,2022-09-13T10:51:00Z,1735.24,1735.24,1735.24,1735.24,0.30504833
Kraken:ETHUSDT,2022-09-13T10:53:00Z,1734.72,1734.78,1733.45,1733.45,5.08642347
Kraken:ETHUSDT,2022-09-13T10:57:00Z,1736.28,1736.28,1733.85,1733.85,10.56103
Kraken:ETHUSDT,2022-09-13T11:00:00Z,1733.29,1733.29,1733.29,1733.29,0.19
Kraken:ETHUSDT,2022-09-13T11:04:00Z,1737.7,1738.08,1737.7,1738.0,12.31274346
Kraken:ETHUSDT,2022-09-13T11:05:00Z,1738.2,1738.2,1738.2,1738.2,0.08491148
Kraken:ETHUSDT,2022-09-13T11:07:00Z,1739.48,1739.48,1738.79,1738.79,6.63241785
Kraken:ETHUSDT,2022-09-13T11:09:00Z,1739.09,1739.09,1737.29,1737.29,105.03212099
Kraken:ETHUSDT,2022-09-13T11:12:00Z,1737.34,1737.34,1736.94,1736.94,0.02
Kraken:ETHUSDT,2022-09-13T11:15:00Z,1739.89,1739.89,1739.89,1739.89,0.01
Kraken:ETHUSDT,2022-09-13T11:16:00Z,1739.77,1739.77,1737.92,1737.92,0.03
Kraken:ETHUSDT,2022-09-13T11:18:00Z,1738.36,1738.36,1737.44,1737.44,0.04
Kraken:ETHUSDT,2022-09-13T11:19:00Z,1738.45,1738.53,1738.27,1738.53,97.44657957
Kraken:ETHUSDT,2022-09-13T11:20:00Z,1738.53,1744.13,1738.53,1744.13,35.14654452
Kraken:ETHUSDT,2022-09-13T11:22:00Z,1744.2,1745.49,1744.14,1744.15,9.98760679
Kraken:ETHUSDT,2022-09-13T11:23:00Z,1743.28,1743.28,1743.13,1743.13,18.6
Kraken:ETHUSDT,2022-09-13T11:24:00Z,1742.82,1743.11,1742.82,1743.11,5.02866644
Kraken:ETHUSDT,2022-09-13T11:25:00Z,1743.11,1743.11,1743.11,1743.11,96.4
Kraken:ETHUSDT,2022-09-13T11:26:00Z,1741.7,1741.7,1741.7,1741.7,0.09
Kraken:ETHUSDT,2022-09-13T11:27:00Z,1741.0,1741.0,1740.57,1740.57,4
Kraken:ETHUSDT,2022-09-13T11:30:00Z,1743.98,1744.07,1743.98,1744.07,3
Kraken:ETHUSDT,2022-09-13T11:31:00Z,1742.51,1742.51,1742.4,1742.43,2.54992
Kraken:ETHUSDT,2022-09-13T11:33:00Z,1739.72,1739.72,1738.61,1738.61,6.58371722
Kraken:ETHUSDT,2022-09-13T11:34:00Z,1735.71,1735.71,1735.71,1735.71,0.12326093
Kraken:ETHUSDT,2022-09-13T11:38:00Z,1739.48,1739.48,1739.48,1739.48,0.05800393
Kraken:ETHUSDT,2022-09-13T11:41:00Z,1736.22,1736.22,1736.22,1736.22,0.09
Kraken:ETHUSDT,2022-09-13T11:48:00Z,1736.58,1736.59,1736.58,1736.59,0.2
Kraken:ETHUSDT,2022-09-13T11:53:00Z,1735.49,1735.49,1735.49,1735.49,0.01280246
Kraken:ETHUSDT,2022-09-13T11:54:00Z,1736.65,1736.65,1736.65,1736.65,0.7
Kraken:ETHUSDT,2022-09-13T11:59:00Z,1737.73,1737.73,1737.73,1737.73,0.28846874
Kraken:ETHUSDT,2022-09-13T12:00:00Z,1739.24,1739.24,1739.24,1739.24,0.0121
Kraken:ETHUSDT,2022-09-13T12:01:00Z,1738.23,1741.47,1738.23,1741.47,0.40866374
Kraken:ETHUSDT,2022-09-13T12:03:00Z,1739.72,1739.72,1739.72,1739.72,0.09998
Kraken:ETHUSDT,2022-09-13T12:07:00Z,1743.0,1743.0,1743.0,1743.0,0.64365126
Kraken:ETHUSDT,2022-09-13T12:08:00Z,1743.47,1743.47,1743.47,1743.47,0.01278198
Kraken:ETHUSDT,2022-09-13T12:10:00Z,1743.29,1743.29,1743.29,1743.29,0.02810632
Kraken:ETHUSDT,2022-09-13T12:11:00Z,1742.81,1742.81,1742.81,1742.81,1E+1
Kraken:ETHUSDT,2022-09-13T12:14:00Z,1743.13,1743.14,1743.13,1743.14,0.3
Kraken:ETHUSDT,2022-09-13T12:15:00Z,1741.04,1741.04,1740.47,1740.58,41.13721802
Kraken:ETHUSDT,2022-09-13T12:23:00Z,1742.9,1742.9,1742.03,1742.22,2.00741686
Kraken:ETHUSDT,2022-09-13T12:24:00Z,1744.86,1744.91,1744.86,1744.91,0.05879322
Kraken:ETHUSDT,2022-09-13T12:25:00Z,1745.52,1754.23,1745.52,1752.19,15.24831759
Kraken:ETHUSDT,2022-09-13T12:26:00Z,1745.26,1745.26,1738.15,1742.77,5.97912733
Kraken:ETHUSDT,2022-09-13T12:27:00Z,1743.66,1744.61,1743.66,1744.61,2.59489267
Kraken:ETHUSDT,2022-09-13T12:28:00Z,1748.37,1750.91,1748.37,1750.91,1.14476472
Kraken:ETHUSDT,2022-09-13T12:29:00Z,1749.65,1749.65,1749.65,1749.65,0.08678702
Kraken:ETHUSDT,2022-09-13T12:30:00Z,1751.46,1757.86,1684.0,1685.84,645.14101764
Kraken:ETHUSDT,2022-09-13T12:31:00Z,1685.84,1685.84,1661.96,1666.02,287.71902048
Kraken:ETHUSDT,2022-09-13T12:32:00Z,1666.01,1670.81,1660.9,1670.01,107.81670352
Kraken:ETHUSDT,2022-09-13T12:33:00Z,1665.46,1670.18,1653.86,1670.18,105.79265378
Kraken:ETHUSDT,2022-09-13T12:34:00Z,1670.12,1686.95,1670.12,1686.32,88.76924433
Kraken:ETHUSDT,2022-09-13T12:35:00Z,1679.34,1679.34,1673.69,1673.69,11.04548819
Kraken:ETHUSDT,2022-09-13T12:36:00Z,1674.36,1674.36,1666.3,1669.59,12.65023348
Kraken:ETHUSDT,2022-09-13T12:37:00Z,1668.93,1671.95,1667.44,1671.95,4.10629954
Kraken:ETHUSDT,2022-09-13T12:38:00Z,1671.9,1671.9,1664.73,1665.79,111.22437733
Kraken:ETHUSDT,2022-09-13T12:39:00Z,1667.67,1670.95,1665.12,1670.95,2.92096869
Kraken:ETHUSDT,2022-09-13T12:40:00Z,1674.18,1678.99,1673.05,1677.32,10.32947331
Kraken:ETHUSDT,2022-09-13T12:41:00Z,1672.52,1673.72,1672.52,1672.8,2.88477462
Kraken:ETHUSDT,2022-09-13T12:42:00Z,1673.9,1675.72,1672.73,1672.73,3.71985364
Kraken:ETHUSDT,2022-09-13T12:43:00Z,1670.94,1671.98,1667.4,1671.97,111.52700436
Kraken:ETHUSDT,2022-09-13T12:44:00Z,1673.97,1675.57,1672.84,1672.84,3.9207226
Kraken:ETHUSDT,2022-09-13T12:45:00Z,1675.2,1681.96,1675.2,1678.23,16.64870274
Kraken:ETHUSDT,2022-09-13T12:46:00Z,1677.4,1677.4,1674.52,1674.52,1.13848617
Kraken:ETHUSDT,2022-09-13T12:47:00Z,1674.0,1674.09,1667.47,1667.47,22.20685336
Kraken:ETHUSDT,2022-09-13T12:48:00Z,1668.15,1668.15,1663.77,1663.77,0.3643382
Kraken:ETHUSDT,2022-09-13T12:49:00Z,1658.47,1663.32,1658.34,1663.08,2.81370682
Kraken:ETHUSDT,2022-09-13T12:50:00Z,1663.2,1663.2,1655.16,1655.16,4.37185368
Kraken:ETHUSDT,2022-09-13T12:51:00Z,1654.71,1654.71,1634.64,1634.64,57.60176168
Kraken:ETHUSDT,2022-09-13T12:52:00Z,1633.77,1641.89,1632.52,1639.24,14.33089067
Kraken:ETHUSDT,2022-09-13T12:53:00Z,1642.42,1642.42,1632.38,1633.82,10.10570892
Kraken:ETHUSDT,2022-09-13T12:54:00Z,1632.13,1632.13,1617.35,1625.56,36.84525224
Kraken:ETHUSDT,2022-09-13T12:55:00Z,1626.44,1634.17,1626.44,1634.17,5.70008424
Kraken:ETHUSDT,2022-09-13T12:56:00Z,1629.29,1629.29,1629.29,1629.29,1.31630907
Kraken:ETHUSDT,2022-09-13T12:57:00Z,1633.87,1638.88,1633.87,1638.88,2.16589781
Kraken:ETHUSDT,2022-09-13T12:58:00Z,1636.96,1636.96,1636.96,1636.96,0.06108176
Kraken:ETHUSDT,2022-09-13T12:59:00Z,1633.12,1633.12,1628.89,1630.0,26.31352537
Kraken:ETHUSDT,2022-09-13T13:00:00Z,1627.9,1633.44,1627.9,1633.42,7.62173606
Kraken:ETHUSDT,2022-09-13T13:01:00Z,1633.44,1633.63,1632.69,1633.63,3.31287007
Kraken:ETHUSDT,2022-09-13T13:02:00Z,1633.85,1637.64,1633.85,1637.64,2.57988094
Kraken:ETHUSDT,2022-09-13T13:04:00Z,1635.32,1635.32,1635.32,1635.32,1.31281836
Kraken:ETHUSDT,2022-09-13T13:05:00Z,1632.39,1633.16,1631.22,1631.22,3.37137189
Kraken:ETHUSDT,2022-09-13T13:06:00Z,1629.47,1629.47,1617.8,1617.8,6.83312658
Kraken:ETHUSDT,2022-09-13T13:07:00Z,1619.16,1622.67,1615.54,1622.67,38.21676704
Kraken:ETHUSDT,2022-09-13T13:08:00Z,1628.35,1628.37,1625.06,1625.06,3.97031339
Kraken:ETHUSDT,2022-09-13T13:09:00Z,1623.16,1626.21,1622.95,1626.21,3.0552731
Kraken:ETHUSDT,2022-09-13T13:11:00Z,1621.24,1621.24,1619.24,1619.24,1.42020504
Kraken:ETHUSDT,2022-09-13T13:12:00Z,1618.03,1619.1,1615.82,1619.1,2.98132474
Kraken:ETHUSDT,2022-09-13T13:13:00Z,1620.9,1621.63,1618.13,1618.13,8.04548111
Kraken:ETHUSDT,2022-09-13T13:14:00Z,1618.4,1618.4,1612.9,1612.9,16.01886607
Kraken:ETHUSDT,2022-09-13T13:15:00Z,1612.9,1612.9,1610.0,1612.6,6.76641389
Kraken:ETHUSDT,2022-09-13T13:16:00Z,1612.98,1614.25,1611.77,1614.25,2.06822893
Kraken:ETHUSDT,2022-09-13T13:17:00Z,1615.34,1615.34,1610.0,1610.0,10.05486328
Kraken:ETHUSDT,2022-09-13T13:18:00Z,1607.66,1613.23,1605.61,1611.63,52.12259444
Kraken:ETHUSDT,2022-09-13T13:19:00Z,1614.44,1616.25,1614.44,1615.62,5.3177723
Kraken:ETHUSDT,2022-09-13T13:21:00Z,1616.88,1616.88,1616.88,1616.88,0.56114
Kraken:ETHUSDT,2022-09-13T13:24:00Z,1618.79,1619.04,1616.41,1616.41,14.75815734
Kraken:ETHUSDT,2022-09-13T13:25:00Z,1614.3,1614.3,1613.55,1613.55,1.57562164
Kraken:ETHUSDT,2022-09-13T13:27:00Z,1613.92,1614.17,1613.92,1614.17,3.52220915
Kraken:ETHUSDT,2022-09-13T13:28:00Z,1611.83,1611.83,1611.83,1611.83,0.02175788
Kraken:ETHUSDT,2022-09-13T13:29:00Z,1612.64,1612.65,1609.85,1609.85,1.41455947
Kraken:ETHUSDT,2022-09-13T13:30:00Z,1614.84,1616.92,1614.18,1616.92,33.1
Kraken:ETHUSDT,2022-09-13T13:31:00Z,1620.01,1623.36,1620.01,1623.36,2.35686034
Kraken:ETHUSDT,2022-09-13T13:33:00Z,1616.76,1618.35,1616.18,1618.35,5.74661261
Kraken:ETHUSDT,2022-09-13T13:35:00Z,1613.04,1613.04,1613.04,1613.04,0.01923848
Kraken:ETHUSDT,2022-09-13T13:36:00Z,1608.68,1609.12,1605.9,1605.9,2.50918123
Kraken:ETHUSDT,2022-09-13T13:37:00Z,1605.61,1605.77,1603.56,1604.59,1.24514883
Kraken:ETHUSDT,2022-09-13T13:38:00Z,1602.58,1603.13,1600.6,1602.59,1.75216181
Kraken:ETHUSDT,2022-09-13T13:39:00Z,1606.99,1607.07,1606.99,1607.07,2
Kraken:ETHUSDT,2022-09-13T13:40:00Z,1608.22,1608.22,1608.22,1608.22,1
Kraken:ETHUSDT,2022-09-13T13:41:00Z,1606.88,1607.53,1606.88,1607.53,3
Kraken:ETHUSDT,2022-09-13T13:43:00Z,1608.24,1608.24,1608.24,1608.24,0.05
Kraken:ETHUSDT,2022-09-13T13:44:00Z,1609.0,1609.0,1607.94,1607.94,0.47010194
Kraken:ETHUSDT,2022-09-13T13:45:00Z,1607.62,1608.38,1607.62,1608.38,14.41451
Kraken:ETHUSDT,2022-09-13T13:46:00Z,1606.08,1606.44,1606.08,1606.44,1.44641314
Kraken:ETHUSDT,2022-09-13T13:47:00Z,1606.49,1607.61,1606.4,1607.61,3.63016032
Kraken:ETHUSDT,2022-09-13T13:49:00Z,1614.44,1615.27,1614.44,1615.27,1.42542422
Kraken:ETHUSDT,2022-09-13T13:50:00Z,1613.17,1613.17,1613.17,1613.17,0.02442522
Kraken:ETHUSDT,2022-09-13T13:51:00Z,1613.27,1613.33,1613.17,1613.17,0.35581513
Kraken:ETHUSDT,2022-09-13T13:53:00Z,1611.76,1611.76,1611.76,1611.76,5
Kraken:ETHUSDT,2022-09-13T13:55:00Z,1610.2,1610.2,1609.73,1609.73,20.62092132
Kraken:ETHUSDT,2022-09-13T13:56:00Z,1608.97,1608.97,1605.56,1607.53,4.70308348
Kraken:ETHUSDT,2022-09-13T13:57:00Z,1607.65,1607.65,1607.65,1607.65,0.29
Kraken:ETHUSDT,2022-09-13T13:58:00Z,1606.32,1606.32,1604.23,1604.23,9.73886679
Kraken:ETHUSDT,2022-09-13T13:59:00Z,1605.5,1605.5,1603.99,1603.99,0.60889491
Kraken:ETHUSDT,2022-09-13T14:01:00Z,1600.01,1600.01,1598.74,1598.74,32.17175662
Kraken:ETHUSDT,2022-09-13T14:02:00Z,1597.07,1597.07,1593.85,1594.96,1.72070879
Kraken:ETHUSDT,2022-09-13T14:03:00Z,1599.07,1602.04,1599.07,1602.04,9.15681383
Kraken:ETHUSDT,2022-09-13T14:04:00Z,1603.92,1603.92,1600.02,1600.02,0.34967686
Kraken:ETHUSDT,2022-09-13T14:05:00Z,1602.8,1602.8,1602.8,1602.8,1.32275132
Kraken:ETHUSDT,2022-09-13T14:06:00Z,1603.67,1604.91,1601.57,1604.91,3.42324829
Kraken:ETHUSDT,2022-09-13T14:07:00Z,1606.88,1606.88,1606.88,1606.88,0.05679783
Kraken:ETHUSDT,2022-09-13T14:09:00Z,1608.8,1609.77,1608.8,1609.77,0.0411293
Kraken:ETHUSDT,2022-09-13T14:10:00Z,1609.18,1609.18,1609.05,1609.06,10.3
Kraken:ETHUSDT,2022-09-13T14:11:00Z,1610.74,1610.74,1610.74,1610.74,0.06208558
Kraken:ETHUSDT,2022-09-13T14:13:00Z,1608.12,1608.18,1608.06,1608.06,3.75225113
Kraken:ETHUSDT,2022-09-13T14:14:00Z,1611.55,1612.31,1611.55,1611.75,119.51002759
Kraken:ETHUSDT,2022-09-13T14:15:00Z,1610.64,1610.64,1609.09,1609.09,3.00874626
Kraken:ETHUSDT,2022-09-13T14:16:00Z,1609.73,1609.73,1609.73,1609.73,0.23075381
Kraken:ETHUSDT,2022-09-13T14:17:00Z,1608.65,1608.65,1606.98,1606.99,0.57048626
Kraken:ETHUSDT,2022-09-13T14:18:00Z,1605.89,1610.81,1605.74,1610.81,8.54099046
Kraken:ETHUSDT,2022-09-13T14:19:00Z,1612.33,1612.8,1612.33,1612.52,1.6977171
Kraken:ETHUSDT,2022-09-13T14:20:00Z,1612.02,1612.02,1612.02,1612.02,1.05658021
Kraken:ETHUSDT,2022-09-13T14:21:00Z,1610.0,1610.0,1610.0,1610.0,0.310559
Kraken:ETHUSDT,2022-09-13T14:22:00Z,1607.5,1607.5,1606.4,1606.4,1.02380787
Kraken:ETHUSDT,2022-09-13T14:23:00Z,1606.66,1606.66,1606.66,1606.66,3.20216262
Kraken:ETHUSDT,2022-09-13T14:25:00Z,1607.91,1607.91,1607.9,1607.9,3.58703079
Kraken:ETHUSDT,2022-09-13T14:26:00Z,1605.0,1605.0,1605.0,1605.0,7.49178671
Kraken:ETHUSDT,2022-09-13T14:28:00Z,1605.01,1606.37,1605.01,1606.12,20.36359222
Kraken:ETHUSDT,2022-09-13T14:29:00Z,1605.52,1605.59,1605.46,1605.59,45.28410488
Kraken:ETHUSDT,2022-09-13T14:30:00Z,1605.37,1605.37,1605.37,1605.37,5
Kraken:ETHUSDT,2022-09-13T14:34:00Z,1602.21,1602.22,1600.08,1600.08,2.25941126
Kraken:ETHUSDT,2022-09-13T14:36:00Z,1599.41,1599.41,1599.41,1599.41,0.03180997
Kraken:ETHUSDT,2022-09-13T14:38:00Z,1598.87,1598.87,1596.89,1598.46,109.84620687
Kraken:ETHUSDT,2022-09-13T14:40:00Z,1598.78,1598.78,1595.0,1595.0,1.29745818
Kraken:ETHUSDT,2022-09-13T14:41:00Z,1596.24,1596.24,1595.88,1595.88,6
Kraken:ETHUSDT,2022-09-13T14:42:00Z,1594.77,1594.77,1589.2,1589.2,9.94472721
Kraken:ETHUSDT,2022-09-13T14:43:00Z,1594.96,1595.02,1594.96,1595.02,0.88688602
Kraken:ETHUSDT,2022-09-13T14:44:00Z,1592.88,1592.88,1592.88,1592.88,1.1
Kraken:ETHUSDT,2022-09-13T14:45:00Z,1594.45,1594.52,1594.08,1594.08,7.25
Kraken:ETHUSDT,2022-09-13T14:46:00Z,1589.07,1589.94,1588.49,1589.34,3.52394367
Kraken:ETHUSDT,2022-09-13T14:47:00Z,1588.16,1589.39,1585.87,1589.39,3.70917375
Kraken:ETHUSDT,2022-09-13T14:48:00Z,1585.98,1585.98,1585.54,1585.54,1.6998184
Kraken:ETHUSDT,2022-09-13T14:49:00Z,1584.55,1584.55,1579.89,1579.89,3.49679964
Kraken:ETHUSDT,2022-09-13T14:50:00Z,1583.19,1583.19,1581.82,1581.82,0.67397524
Kraken:ETHUSDT,2022-09-13T14:51:00Z,1579.38,1579.38,1577.95,1577.95,0.36775698
Kraken:ETHUSDT,2022-09-13T14:52:00Z,1578.48,1578.48,1577.92,1577.92,1.26737838
Kraken:ETHUSDT,2022-09-13T14:53:00Z,1578.25,1579.34,1578.25,1579.34,0.14188613
Kraken:ETHUSDT,2022-09-13T14:54:00Z,1579.72,1580.14,1579.72,1580.14,1.86549374
Kraken:ETHUSDT,2022-09-13T14:55:00Z,1580.1,1580.1,1580.1,1580.1,0.01
Kraken:ETHUSDT,2022-09-13T14:57:00Z,1587.54,1588.65,1587.54,1588.65,2.41591928
Kraken:ETHUSDT,2022-09-13T14:58:00Z,1589.74,1592.24,1589.74,1592.24,0.39835897
Kraken:ETHUSDT,2022-09-13T14:59:00Z,1588.8,1588.8,1588.65,1588.65,6.1
Kraken:ETHUSDT,2022-09-13T15:00:00Z,1587.97,1587.97,1587.97,1587.97,2
Kraken:ETHUSDT,2022-09-13T15:01:00Z,1591.22,1593.1,1591.22,1593.1,7.52667862
Kraken:ETHUSDT,2022-09-13T15:02:00Z,1589.41,1589.41,1589.41,1589.41,0.11228251
Kraken:ETHUSDT,2022-09-13T15:04:00Z,1589.0,1590.68,1589.0,1590.37,12.1309887
Kraken:ETHUSDT,2022-09-13T15:05:00Z,1593.55,1593.55,1593.55,1593.55,0.07141976
Kraken:ETHUSDT,2022-09-13T15:07:00Z,1590.22,1590.22,1590.22,1590.22,0.829
Kraken:ETHUSDT,2022-09-13T15:08:00Z,1589.99,1590.01,1589.99,1590.01,0.5
Kraken:ETHUSDT,2022-09-13T15:09:00Z,1589.44,1589.44,1588.57,1589.43,5.61793266
Kraken:ETHUSDT,2022-09-13T15:10:00Z,1594.85,1594.85,1593.11,1593.15,7.35615241
Kraken:ETHUSDT,2022-09-13T15:11:00Z,1591.54,1591.54,1591.54,1591.54,0.02730496
Kraken:ETHUSDT,2022-09-13T15:12:00Z,1589.39,1593.64,1589.25,1593.18,3.36617463
Kraken:ETHUSDT,2022-09-13T15:13:00Z,1594.22,1594.28,1593.77,1593.77,2.01307124
Kraken:ETHUSDT,2022-09-13T15:14:00Z,1592.86,1592.89,1592.72,1592.72,27.82259243
Kraken:ETHUSDT,2022-09-13T15:15:00Z,1590.41,1591.14,1590.41,1591.14,2.1895815
Kraken:ETHUSDT,2022-09-13T15:16:00Z,1587.35,1587.35,1587.31,1587.31,3.3129608
Kraken:ETHUSDT,2022-09-13T15:17:00Z,1591.63,1591.63,1590.06,1590.06,2.05050262
Kraken:ETHUSDT,2022-09-13T15:18:00Z,1590.78,1590.78,1590.78,1590.78,0.1
Kraken:ETHUSDT,2022-09-13T15:19:00Z,1592.68,1592.68,1592.4,1592.4,1.32636735
Kraken:ETHUSDT,2022-09-13T15:20:00Z,1591.23,1591.5,1591.16,1591.5,2.7248
Kraken:ETHUSDT,2022-09-13T15:22:00Z,1590.54,1590.61,1590.54,1590.61,2
Kraken:ETHUSDT,2022-09-13T15:23:00Z,1589.71,1589.71,1589.71,1589.71,0.6
Kraken:ETHUSDT,2022-09-13T15:24:00Z,1588.07,1588.07,1588.07,1588.07,0.76861931
Kraken:ETHUSDT,2022-09-13T15:25:00Z,1587.21,1587.21,1587.21,1587.21,0.65792682
Kraken:ETHUSDT,2022-09-13T15:26:00Z,1590.49,1590.49,1590.49,1590.49,0.34611415
Kraken:ETHUSDT,2022-09-13T15:27:00Z,1591.69,1591.7,1591.69,1591.7,0.78
Kraken:ETHUSDT,2022-09-13T15:28:00Z,1591.74,1591.74,1591.74,1591.74,0.55061
Kraken:ETHUSDT,2022-09-13T15:29:00Z,1591.17,1591.17,1591.17,1591.17,0.5
Kraken:ETHUSDT,2022-09-13T15:30:00Z,1592.0,1594.7,1592.0,1594.7,1.16413621
Kraken:ETHUSDT,2022-09-13T15:31:00Z,1593.45,1593.46,1593.45,1593.46,0.29031689
Kraken:ETHUSDT,2022-09-13T15:32:00Z,1595.25,1596.13,1595.25,1596.13,0.6230315
Kraken:ETHUSDT,2022-09-13T15:33:00Z,1594.01,1594.01,1594.01,1594.01,0.1598
Kraken:ETHUSDT,2022-09-13T15:35:00Z,1596.41,1596.68,1596.41,1596.46,1.16308139
Kraken:ETHUSDT,2022-09-13T15:36:00Z,1596.51,1596.51,1594.76,1594.76,108.50715049
Kraken:ETHUSDT,2022-09-13T15:38:00Z,1592.54,1592.54,1592.54,1592.54,1
Kraken:ETHUSDT,2022-09-13T15:39:00Z,1593.03,1593.03,1593.03,1593.03,0.06618754
Kraken:ETHUSDT,2022-09-13T15:40:00Z,1594.03,1594.03,1594.01,1594.01,15
Kraken:ETHUSDT,2022-09-13T15:41:00Z,1593.65,1593.65,1593.65,1593.65,3
Kraken:ETHUSDT,2022-09-13T15:42:00Z,1592.08,1592.08,1592.08,1592.08,0.0565323
Kraken:ETHUSDT,2022-09-13T15:43:00Z,1588.64,1590.91,1588.64,1590.1,108.51664994
Kraken:ETHUSDT,2022-09-13T15:44:00Z,1592.34,1592.34,1592.34,1592.34,0.2074363
Kraken:ETHUSDT,2022-09-13T15:45:00Z,1589.45,1589.45,1589.45,1589.45,0.15487692
Kraken:ETHUSDT,2022-09-13T15:47:00Z,1590.17,1590.45,1590.17,1590.45,0.58716603
Kraken:ETHUSDT,2022-09-13T15:50:00Z,1588.77,1588.77,1588.77,1588.77,0.04715
Kraken:ETHUSDT,2022-09-13T15:51:00Z,1588.26,1588.26,1588.26,1588.26,5
Kraken:ETHUSDT,2022-09-13T15:52:00Z,1591.24,1591.24,1590.75,1590.75,0.09062507
Kraken:ETHUSDT,2022-09-13T15:55:00Z,1593.75,1593.75,1593.5,1593.5,0.13547051
Kraken:ETHUSDT,2022-09-13T15:57:00Z,1594.55,1594.73,1594.55,1594.73,26.58865393
Kraken:ETHUSDT,2022-09-13T15:58:00Z,1595.74,1595.74,1595.24,1595.24,5.1
Kraken:ETHUSDT,2022-09-13T15:59:00Z,1594.74,1594.74,1592.72,1592.72,86.28022144
Kraken:ETHUSDT,2022-09-13T16:00:00Z,1592.28,1592.6,1592.28,1592.6,0.23164394
Kraken:ETHUSDT,2022-09-13T16:02:00Z,1592.09,1592.09,1591.56,1591.56,11.90469104
Kraken:ETHUSDT,2022-09-13T16:04:00Z,1593.24,1593.24,1593.24,1593.24,0.0627649
Kraken:ETHUSDT,2022-09-13T16:07:00Z,1593.74,1593.74,1593.74,1593.74,0.5
Kraken:ETHUSDT,2022-09-13T16:08:00Z,1594.6,1594.64,1594.6,1594.64,3
Kraken:ETHUSDT,2022-09-13T16:09:00Z,1593.68,1594.59,1593.67,1594.59,0.68724301
Kraken:ETHUSDT,2022-09-13T16:10:00Z,1596.16,1596.18,1596.16,1596.18,0.37950915
Kraken:ETHUSDT,2022-09-13T16:11:00Z,1594.81,1594.81,1594.45,1594.45,48.00763147
Kraken:ETHUSDT,2022-09-13T16:12:00Z,1594.45,1596.55,1594.45,1596.07,76.06588083
Kraken:ETHUSDT,2022-09-13T16:13:00Z,1597.15,1598.28,1597.15,1598.28,0.09220061
Kraken:ETHUSDT,2022-09-13T16:14:00Z,1598.92,1601.59,1598.92,1601.59,23.85643147
Kraken:ETHUSDT,2022-09-13T16:16:00Z,1599.66,1600.62,1599.58,1600.62,14.9809138
Kraken:ETHUSDT,2022-09-13T16:17:00Z,1598.92,1598.92,1598.75,1598.77,12.2
Kraken:ETHUSDT,2022-09-13T16:18:00Z,1599.11,1599.11,1599.11,1599.11,0.78
Kraken:ETHUSDT,2022-09-13T16:20:00Z,1600.95,1600.95,1600.95,1600.95,0.01366735
Kraken:ETHUSDT,2022-09-13T16:21:00Z,1598.68,1598.68,1598.68,1598.68,0.31275802
Kraken:ETHUSDT,2022-09-13T16:24:00Z,1596.72,1597.31,1596.72,1597.31,0.40621877
Kraken:ETHUSDT,2022-09-13T16:26:00Z,1594.35,1594.35,1594.24,1594.28,20.5
Kraken:ETHUSDT,2022-09-13T16:27:00Z,1594.16,1594.16,1593.96,1593.96,2.32543746
Kraken:ETHUSDT,2022-09-13T16:28:00Z,1592.65,1593.1,1592.65,1593.03,4.033
Kraken:ETHUSDT,2022-09-13T16:32:00Z,1596.96,1597.41,1596.23,1596.23,24.96021996
Kraken:ETHUSDT,2022-09-13T16:34:00Z,1596.36,1596.36,1596.36,1596.36,1.4
Kraken:ETHUSDT,2022-09-13T16:36:00Z,1599.0,1599.0,1599.0,1599.0,0.75357481
Kraken:ETHUSDT,2022-09-13T16:37:00Z,1599.77,1600.01,1599.77,1600.01,7.82642749
Kraken:ETHUSDT,2022-09-13T16:38:00Z,1601.05,1601.2,1600.97,1601.2,14.03206768
Kraken:ETHUSDT,2022-09-13T16:39:00Z,1603.98,1606.02,1603.98,1606.02,1.48863924
Kraken:ETHUSDT,2022-09-13T16:40:00Z,1606.23,1606.23,1606.23,1606.23,0.0124533
Kraken:ETHUSDT,2022-09-13T16:41:00Z,1604.25,1605.09,1603.66,1605.09,5.3661372
Kraken:ETHUSDT,2022-09-13T16:43:00Z,1607.95,1608.8,1607.08,1608.8,2.77401502
Kraken:ETHUSDT,2022-09-13T16:44:00Z,1608.82,1612.24,1608.82,1612.03,24.45080741
Kraken:ETHUSDT,2022-09-13T16:45:00Z,1611.81,1613.7,1611.81,1612.34,3.18615244
Kraken:ETHUSDT,2022-09-13T16:48:00Z,1612.07,1612.07,1612.0,1612.0,5
Kraken:ETHUSDT,2022-09-13T16:49:00Z,1613.35,1613.35,1613.35,1613.35,6.32721463
Kraken:ETHUSDT,2022-09-13T16:50:00Z,1614.48,1640.46,1614.43,1614.64,559.23798165
Kraken:ETHUSDT,2022-09-13T16:51:00Z,1614.21,1614.22,1612.2,1613.01,72.62797469
Kraken:ETHUSDT,2022-09-13T16:52:00Z,1612.42,1612.42,1612.42,1612.42,0.93364536
Kraken:ETHUSDT,2022-09-13T16:53:00Z,1612.32,1612.32,1612.1,1612.1,16.34832979
Kraken:ETHUSDT,2022-09-13T16:54:00Z,1611.91,1611.91,1611.91,1611.91,0.03101911
Kraken:ETHUSDT,2022-09-13T16:56:00Z,1610.27,1610.27,1610.0,1610.0,3.244
Kraken:ETHUSDT,2022-09-13T16:57:00Z,1610.87,1610.87,1610.87,1610.87,0.06143884
Kraken:ETHUSDT,2022-09-13T16:58:00Z,1611.16,1611.71,1611.16,1611.69,8.33604029
Kraken:ETHUSDT,2022-09-13T17:00:00Z,1611.06,1611.06,1610.84,1610.84,0.51286299
Kraken:ETHUSDT,2022-09-13T17:01:00Z,1611.21,1614.57,1611.17,1614.46,21.3
Kraken:ETHUSDT,2022-09-13T17:02:00Z,1615.53,1620.14,1615.53,1617.31,2.64
Kraken:ETHUSDT,2022-09-13T17:03:00Z,1615.82,1616.16,1613.3,1615.06,2.54106133
Kraken:ETHUSDT,2022-09-13T17:04:00Z,1614.78,1614.78,1614.78,1614.78,0.01307939
Kraken:ETHUSDT,2022-09-13T17:05:00Z,1618.16,1618.16,1618.16,1618.16,0.65
Kraken:ETHUSDT,2022-09-13T17:06:00Z,1616.93,1616.93,1616.93,1616.93,0.02029
Kraken:ETHUSDT,2022-09-13T17:08:00Z,1617.15,1618.08,1617.15,1618.08,2.53350932
Kraken:ETHUSDT,2022-09-13T17:09:00Z,1619.15,1619.15,1619.15,1619.15,0.01
Kraken:ETHUSDT,2022-09-13T17:11:00Z,1618.89,1618.89,1618.89,1618.89,2.244
Kraken:ETHUSDT,2022-09-13T17:12:00Z,1619.43,1619.69,1619.43,1619.67,4.95
Kraken:ETHUSDT,2022-09-13T17:15:00Z,1620.27,1621.78,1620.27,1621.78,10.125
Kraken:ETHUSDT,2022-09-13T17:16:00Z,1621.14,1621.14,1620.7,1620.7,1.31591928
Kraken:ETHUSDT,2022-09-13T17:17:00Z,1619.9,1619.9,1618.22,1618.22,2.35624512
Kraken:ETHUSDT,2022-09-13T17:18:00Z,1617.44,1617.44,1617.44,1617.44,0.30452251
Kraken:ETHUSDT,2022-09-13T17:22:00Z,1618.75,1618.75,1618.75,1618.75,0.00212479
Kraken:ETHUSDT,2022-09-13T17:24:00Z,1622.62,1622.62,1622.41,1622.41,5
Kraken:ETHUSDT,2022-09-13T17:25:00Z,1622.71,1623.68,1622.71,1623.68,3.98035282
Kraken:ETHUSDT,2022-09-13T17:26:00Z,1624.17,1624.17,1624.17,1624.17,0.04555112
Kraken:ETHUSDT,2022-09-13T17:27:00Z,1625.4,1627.2,1625.4,1627.2,20.04469136
Kraken:ETHUSDT,2022-09-13T17:28:00Z,1626.37,1627.52,1626.37,1627.52,0.7303154
Kraken:ETHUSDT,2022-09-13T17:29:00Z,1627.54,1630.14,1627.54,1630.14,5.27850126
Kraken:ETHUSDT,2022-09-13T17:30:00Z,1628.58,1628.58,1628.58,1628.58,0.13839271
Kraken:ETHUSDT,2022-09-13T17:31:00Z,1630.15,1630.15,1629.04,1629.04,1.01111198
Kraken:ETHUSDT,2022-09-13T17:32:00Z,1626.28,1626.28,1626.11,1626.19,12.91807798
Kraken:ETHUSDT,2022-09-13T17:34:00Z,1626.59,1627.22,1626.59,1627.03,2.07529347
Kraken:ETHUSDT,2022-09-13T17:36:00Z,1627.18,1627.18,1627.18,1627.18,2.244
Kraken:ETHUSDT,2022-09-13T17:40:00Z,1626.32,1626.33,1626.32,1626.33,0.30737452
Kraken:ETHUSDT,2022-09-13T17:42:00Z,1624.77,1624.77,1624.77,1624.77,0.12595697
Kraken:ETHUSDT,2022-09-13T17:43:00Z,1625.11,1625.22,1624.71,1624.71,15
Kraken:ETHUSDT,2022-09-13T17:44:00Z,1623.71,1623.71,1623.71,1623.71,0.0615
Kraken:ETHUSDT,2022-09-13T17:47:00Z,1621.42,1621.44,1621.37,1621.37,6.46167624
Kraken:ETHUSDT,2022-09-13T17:48:00Z,1620.39,1620.39,1620.19,1620.19,20.2
Kraken:ETHUSDT,2022-09-13T17:49:00Z,1621.49,1621.56,1621.48,1621.5,6.35
Kraken:ETHUSDT,2022-09-13T17:51:00Z,1620.09,1620.19,1620.09,1620.19,1.05809332
Kraken:ETHUSDT,2022-09-13T17:52:00Z,1619.29,1619.29,1618.76,1618.87,51.27412002
Kraken:ETHUSDT,2022-09-13T17:53:00Z,1618.53,1618.58,1618.53,1618.58,1.6246493
Kraken:ETHUSDT,2022-09-13T17:56:00Z,1619.42,1619.42,1619.42,1619.42,0.61641085
Kraken:ETHUSDT,2022-09-13T17:58:00Z,1619.05,1619.14,1619.05,1619.14,1.60507942
Kraken:ETHUSDT,2022-09-13T18:09:00Z,1617.98,1618.04,1617.32,1617.32,5.61777969
Kraken:ETHUSDT,2022-09-13T18:10:00Z,1616.66,1616.66,1616.66,1616.66,8.65966125
Kraken:ETHUSDT,2022-09-13T18:11:00Z,1615.54,1615.54,1614.85,1614.85,0.1315677
Kraken:ETHUSDT,2022-09-13T18:13:00Z,1619.0,1619.52,1619.0,1619.52,14
Kraken:ETHUSDT,2022-09-13T18:19:00Z,1620.71,1620.71,1620.71,1620.71,0.12555584
Kraken:ETHUSDT,2022-09-13T18:20:00Z,1620.54,1620.54,1620.54,1620.54,0.073785
Kraken:ETHUSDT,2022-09-13T18:21:00Z,1618.75,1618.75,1618.75,1618.75,0.01
Kraken:ETHUSDT,2022-09-13T18:23:00Z,1617.09,1617.35,1617.09,1617.35,0.0501001
Kraken:ETHUSDT,2022-09-13T18:26:00Z,1616.0,1616.0,1609.11,1609.11,6.65341901
Kraken:ETHUSDT,2022-09-13T18:27:00Z,1607.47,1609.68,1607.47,1609.68,0.22304035
Kraken:ETHUSDT,2022-09-13T18:28:00Z,1609.63,1609.63,1609.63,1609.63,0.31032064
Kraken:ETHUSDT,2022-09-13T18:31:00Z,1612.15,1612.15,1612.15,1612.15,0.51605149
Kraken:ETHUSDT,2022-09-13T18:32:00Z,1609.15,1610.58,1609.15,1610.58,2.61776783
Kraken:ETHUSDT,2022-09-13T18:34:00Z,1611.42,1611.42,1611.42,1611.42,1.28284072
Kraken:ETHUSDT,2022-09-13T18:38:00Z,1609.2,1609.2,1609.2,1609.2,1.28195267
Kraken:ETHUSDT,2022-09-13T18:39:00Z,1608.52,1608.52,1608.52,1608.52,1.28144342
Kraken:ETHUSDT,2022-09-13T18:42:00Z,1609.08,1609.79,1609.08,1609.79,0.44769053
Kraken:ETHUSDT,2022-09-13T18:44:00Z,1607.95,1607.95,1607.95,1607.95,0.01243866
Kraken:ETHUSDT,2022-09-13T18:46:00Z,1607.46,1607.46,1605.82,1605.82,0.91771589
Kraken:ETHUSDT,2022-09-13T18:47:00Z,1605.61,1605.61,1600.49,1602.78,8.95812315
Kraken:ETHUSDT,2022-09-13T18:48:00Z,1602.04,1602.04,1599.51,1600.45,5.03284569
Kraken:ETHUSDT,2022-09-13T18:49:00Z,1601.08,1601.08,1601.08,1601.08,0.01
Kraken:ETHUSDT,2022-09-13T18:52:00Z,1599.79,1599.79,1596.66,1596.66,3.34685842
Kraken:ETHUSDT,2022-09-13T18:53:00Z,1595.89,1595.89,1591.4,1591.49,2.18310852
Kraken:ETHUSDT,2022-09-13T18:54:00Z,1591.0,1591.0,1589.08,1589.85,1.53574046
Kraken:ETHUSDT,2022-09-13T18:55:00Z,1589.07,1589.07,1584.04,1587.41,10.21760599
Kraken:ETHUSDT,2022-09-13T18:56:00Z,1588.78,1589.93,1586.77,1586.77,10.23721784
Kraken:ETHUSDT,2022-09-13T18:57:00Z,1587.75,1587.75,1584.51,1584.51,1.52351052
Kraken:ETHUSDT,2022-09-13T18:58:00Z,1584.23,1584.23,1582.03,1582.03,2.2821774
Kraken:ETHUSDT,2022-09-13T18:59:00Z,1580.64,1582.38,1580.46,1581.76,5.81906849
Kraken:ETHUSDT,2022-09-13T19:00:00Z,1581.8,1581.8,1581.11,1581.33,1.28700952
Kraken:ETHUSDT,2022-09-13T19:02:00Z,1590.29,1590.29,1590.29,1590.29,1.27762872
Kraken:ETHUSDT,2022-09-13T19:03:00Z,1587.27,1587.27,1587.27,1587.27,0.0550629
Kraken:ETHUSDT,2022-09-13T19:04:00Z,1586.52,1586.52,1585.0,1585.0,2.22492259
Kraken:ETHUSDT,2022-09-13T19:05:00Z,1584.46,1584.46,1584.46,1584.46,0.03357611
Kraken:ETHUSDT,2022-09-13T19:07:00Z,1578.48,1578.48,1572.06,1572.06,19.93123474
Kraken:ETHUSDT,2022-09-13T19:08:00Z,1577.34,1577.5,1577.2,1577.2,2.62031565
Kraken:ETHUSDT,2022-09-13T19:09:00Z,1577.03,1577.03,1577.03,1577.03,0.20000358
Kraken:ETHUSDT,2022-09-13T19:10:00Z,1576.95,1576.95,1576.95,1576.95,0.81134017
Kraken:ETHUSDT,2022-09-13T19:11:00Z,1574.31,1574.31,1574.31,1574.31,0.04382872
Kraken:ETHUSDT,2022-09-13T19:12:00Z,1577.0,1578.73,1577.0,1578.73,5.77
Kraken:ETHUSDT,2022-09-13T19:13:00Z,1576.41,1578.78,1576.33,1578.7,3.728
Kraken:ETHUSDT,2022-09-13T19:14:00Z,1580.59,1580.59,1580.59,1580.59,0.04382872
Kraken:ETHUSDT,2022-09-13T19:15:00Z,1588.06,1588.53,1588.06,1588.53,3.33225377
Kraken:ETHUSDT,2022-09-13T19:16:00Z,1587.05,1588.84,1586.31,1587.88,200.11
Kraken:ETHUSDT,2022-09-13T19:18:00Z,1586.98,1586.98,1586.92,1586.92,4.48758656
Kraken:ETHUSDT,2022-09-13T19:20:00Z,1589.09,1592.49,1589.09,1592.36,3.66581304
Kraken:ETHUSDT,2022-09-13T19:21:00Z,1592.99,1592.99,1592.99,1592.99,0.01838804
Kraken:ETHUSDT,2022-09-13T19:23:00Z,1595.0,1595.0,1595.0,1595.0,3.2
Kraken:ETHUSDT,2022-09-13T19:24:00Z,1594.59,1594.59,1594.59,1594.59,2.99270934
Kraken:ETHUSDT,2022-09-13T19:25:00Z,1592.03,1592.36,1591.86,1591.86,42.62748542
Kraken:ETHUSDT,2022-09-13T19:29:00Z,1591.6,1591.6,1590.48,1590.48,0.31
Kraken:ETHUSDT,2022-09-13T19:30:00Z,1591.25,1591.25,1591.25,1591.25,0.23486777
Kraken:ETHUSDT,2022-09-13T19:31:00Z,1592.73,1592.73,1592.64,1592.64,1E+1
Kraken:ETHUSDT,2022-09-13T19:34:00Z,1590.65,1590.65,1590.65,1590.65,1.03751381
Kraken:ETHUSDT,2022-09-13T19:36:00Z,1588.76,1588.76,1588.76,1588.76,0.00620089
Kraken:ETHUSDT,2022-09-13T19:37:00Z,1593.93,1593.93,1593.93,1593.93,0.0942214
Kraken:ETHUSDT,2022-09-13T19:38:00Z,1595.29,1595.34,1595.29,1595.34,5
Kraken:ETHUSDT,2022-09-13T19:39:00Z,1596.41,1599.72,1596.41,1599.34,6.13178475
Kraken:ETHUSDT,2022-09-13T19:40:00Z,1599.82,1600.69,1599.22,1600.23,185.33487938
Kraken:ETHUSDT,2022-09-13T19:45:00Z,1597.71,1597.71,1597.71,1597.71,1.26018
Kraken:ETHUSDT,2022-09-13T19:46:00Z,1597.8,1597.8,1597.8,1597.8,0.06486337
Kraken:ETHUSDT,2022-09-13T19:47:00Z,1594.08,1594.08,1594.08,1594.08,1.26713804
Kraken:ETHUSDT,2022-09-13T19:48:00Z,1593.61,1596.96,1593.61,1596.96,1.4739688
Kraken:ETHUSDT,2022-09-13T19:51:00Z,1600.36,1600.36,1600.36,1600.36,0.17152
Kraken:ETHUSDT,2022-09-13T19:53:00Z,1600.96,1601.38,1600.96,1601.38,1.28809426
Kraken:ETHUSDT,2022-09-13T19:54:00Z,1603.98,1605.46,1603.98,1605.46,0.19446867
Kraken:ETHUSDT,2022-09-13T19:55:00Z,1605.82,1605.82,1605.82,1605.82,0.04194258
Kraken:ETHUSDT,2022-09-13T19:57:00Z,1607.2,1607.2,1607.0,1607.0,5.2383935
Kraken:ETHUSDT,2022-09-13T19:58:00Z,1607.0,1607.0,1607.0,1607.0,0.18624081
Kraken:ETHUSDT,2022-09-13T19:59:00Z,1604.71,1604.71,1603.52,1603.52,5.52934352
Kraken:ETHUSDT,2022-09-13T20:00:00Z,1605.75,1606.82,1605.75,1606.82,0.99647238
Kraken:ETHUSDT,2022-09-13T20:01:00Z,1607.62,1607.62,1607.62,1607.62,0.46212488
Kraken:ETHUSDT,2022-09-13T20:03:00Z,1607.06,1607.07,1607.06,1607.07,3.42463431
Kraken:ETHUSDT,2022-09-13T20:04:00Z,1607.93,1607.93,1607.93,1607.93,5
Kraken:ETHUSDT,2022-09-13T20:05:00Z,1608.16,1608.16,1608.16,1608.16,0.3
Kraken:ETHUSDT,2022-09-13T20:06:00Z,1608.41,1608.42,1607.91,1607.92,2.67303354
Kraken:ETHUSDT,2022-09-13T20:10:00Z,1607.92,1609.76,1607.92,1609.76,5.29196415
Kraken:ETHUSDT,2022-09-13T20:11:00Z,1609.77,1610.82,1609.77,1610.82,0.03638488
Kraken:ETHUSDT,2022-09-13T20:12:00Z,1611.58,1611.58,1611.58,1611.58,0.01234103
Kraken:ETHUSDT,2022-09-13T20:13:00Z,1611.98,1614.34,1611.98,1614.34,2.49458995
Kraken:ETHUSDT,2022-09-13T20:14:00Z,1615.24,1617.39,1615.24,1617.39,0.63783033
Kraken:ETHUSDT,2022-09-13T20:15:00Z,1617.4,1617.4,1617.4,1617.4,0.08573253
Kraken:ETHUSDT,2022-09-13T20:17:00Z,1615.39,1615.39,1615.39,1615.39,0.02352297
Kraken:ETHUSDT,2022-09-13T20:18:00Z,1615.38,1615.39,1615.38,1615.39,1.92796002
Kraken:ETHUSDT,2022-09-13T20:19:00Z,1616.79,1616.79,1616.79,1616.79,0.47562164
Kraken:ETHUSDT,2022-09-13T20:20:00Z,1617.67,1618.63,1617.67,1618.63,0.11073309
Kraken:ETHUSDT,2022-09-13T20:21:00Z,1618.78,1620.01,1618.78,1620.01,0.16400435
Kraken:ETHUSDT,2022-09-13T20:22:00Z,1620.0,1620.0,1620.0,1620.0,5
Kraken:ETHUSDT,2022-09-13T20:23:00Z,1617.45,1617.45,1617.45,1617.45,0.01237724
Kraken:ETHUSDT,2022-09-13T20:25:00Z,1617.49,1617.49,1614.62,1614.75,18.12453549
Kraken:ETHUSDT,2022-09-13T20:28:00Z,1614.14,1614.14,1614.14,1614.14,0.2319297
Kraken:ETHUSDT,2022-09-13T20:33:00Z,1616.38,1616.38,1616.38,1616.38,0.04144959
Kraken:ETHUSDT,2022-09-13T20:34:00Z,1616.31,1616.31,1616.31,1616.31,0.0274172
Kraken:ETHUSDT,2022-09-13T20:35:00Z,1617.28,1617.52,1617.28,1617.52,15.86148338
Kraken:ETHUSDT,2022-09-13T20:36:00Z,1617.55,1618.02,1617.55,1618.02,33.70877306
Kraken:ETHUSDT,2022-09-13T20:37:00Z,1620.57,1620.64,1620.57,1620.64,5.03161269
Kraken:ETHUSDT,2022-09-13T20:38:00Z,1619.49,1619.49,1619.49,1619.49,25.84734
Kraken:ETHUSDT,2022-09-13T20:41:00Z,1621.72,1621.72,1621.72,1621.72,0.06034636
Kraken:ETHUSDT,2022-09-13T20:44:00Z,1618.58,1618.58,1617.62,1617.62,15
Kraken:ETHUSDT,2022-09-13T20:46:00Z,1615.7,1615.7,1615.7,1615.7,0.01
Kraken:ETHUSDT,2022-09-13T20:51:00Z,1617.74,1617.75,1617.74,1617.75,0.90801603
Kraken:ETHUSDT,2022-09-13T20:52:00Z,1613.89,1613.89,1613.89,1613.89,0.11926516
Kraken:ETHUSDT,2022-09-13T20:55:00Z,1616.07,1616.07,1616.07,1616.07,0.01538461
Kraken:ETHUSDT,2022-09-13T20:58:00Z,1610.56,1610.56,1607.28,1607.28,1.50809268
Kraken:ETHUSDT,2022-09-13T21:00:00Z,1609.02,1609.03,1609.02,1609.03,0.47441584
Kraken:ETHUSDT,2022-09-13T21:03:00Z,1606.84,1606.84,1604.1,1604.1,8.78462802
Kraken:ETHUSDT,2022-09-13T21:04:00Z,1603.72,1603.72,1598.87,1598.87,0.3423374
Kraken:ETHUSDT,2022-09-13T21:05:00Z,1595.89,1595.89,1593.59,1593.86,1.86119184
Kraken:ETHUSDT,2022-09-13T21:07:00Z,1601.3,1603.65,1601.3,1603.65,3.62436008
Kraken:ETHUSDT,2022-09-13T21:08:00Z,1604.6,1607.37,1604.6,1607.37,1.77464094
Kraken:ETHUSDT,2022-09-13T21:09:00Z,1606.63,1606.63,1606.63,1606.63,0.03611428
Kraken:ETHUSDT,2022-09-13T21:10:00Z,1603.58,1603.85,1603.58,1603.85,5.95481116
Kraken:ETHUSDT,2022-09-13T21:15:00Z,1604.62,1604.62,1601.56,1601.56,5.59350563
Kraken:ETHUSDT,2022-09-13T21:17:00Z,1600.76,1600.76,1600.76,1600.76,0.0458008
Kraken:ETHUSDT,2022-09-13T21:20:00Z,1601.6,1601.6,1601.6,1601.6,3
Kraken:ETHUSDT,2022-09-13T21:21:00Z,1599.71,1599.71,1599.7,1599.7,1.99767498
Kraken:ETHUSDT,2022-09-13T21:22:00Z,1599.73,1599.73,1599.73,1599.73,0.0453281
Kraken:ETHUSDT,2022-09-13T21:29:00Z,1596.59,1596.59,1596.59,1596.59,0.011
Kraken:ETHUSDT,2022-09-13T21:32:00Z,1595.17,1595.17,1595.17,1595.17,0.25
Kraken:ETHUSDT,2022-09-13T21:34:00Z,1592.93,1592.93,1592.93,1592.93,0.0625
Kraken:ETHUSDT,2022-09-13T21:35:00Z,1593.53,1593.53,1593.53,1593.53,1.26399509
Kraken:ETHUSDT,2022-09-13T21:37:00Z,1594.77,1594.77,1587.16,1588.69,17.68204121
Kraken:ETHUSDT,2022-09-13T21:39:00Z,1589.63,1589.63,1585.28,1585.28,9.39257078
Kraken:ETHUSDT,2022-09-13T21:40:00Z,1586.26,1586.26,1582.49,1582.49,1.17874014
Kraken:ETHUSDT,2022-09-13T21:42:00Z,1582.03,1582.03,1574.3,1574.3,8.36897111
Kraken:ETHUSDT,2022-09-13T21:43:00Z,1574.27,1576.32,1574.26,1574.26,1.54561879
Kraken:ETHUSDT,2022-09-13T21:44:00Z,1576.33,1576.33,1576.33,1576.33,0.18742905
Kraken:ETHUSDT,2022-09-13T21:45:00Z,1582.29,1588.0,1582.29,1588.0,8.82837479
Kraken:ETHUSDT,2022-09-13T21:46:00Z,1588.42,1594.12,1588.42,1594.12,0.5495258
Kraken:ETHUSDT,2022-09-13T21:47:00Z,1593.0,1593.0,1586.15,1586.15,2.78222346
Kraken:ETHUSDT,2022-09-13T21:48:00Z,1583.6,1583.6,1581.72,1581.72,1.10589386
Kraken:ETHUSDT,2022-09-13T21:50:00Z,1588.87,1590.31,1588.87,1590.31,0.13484129
Kraken:ETHUSDT,2022-09-13T21:58:00Z,1596.41,1596.41,1596.41,1596.41,0.03209245
Kraken:ETHUSDT,2022-09-13T22:01:00Z,1594.79,1594.81,1594.67,1594.67,34.06188744
Kraken:ETHUSDT,2022-09-13T22:03:00Z,1591.0,1591.0,1589.35,1589.76,3.75407027
Kraken:ETHUSDT,2022-09-13T22:04:00Z,1588.42,1588.42,1588.06,1588.06,1.26891549
Kraken:ETHUSDT,2022-09-13T22:05:00Z,1586.68,1586.68,1585.0,1585.0,3.95945741
Kraken:ETHUSDT,2022-09-13T22:11:00Z,1590.71,1590.71,1590.71,1590.71,0.81
Kraken:ETHUSDT,2022-09-13T22:13:00Z,1589.64,1589.64,1589.63,1589.63,17.39221564
Kraken:ETHUSDT,2022-09-13T22:20:00Z,1594.58,1594.58,1594.58,1594.58,0.31850819
Kraken:ETHUSDT,2022-09-13T22:28:00Z,1595.59,1595.59,1593.7,1593.7,1.13788003
Kraken:ETHUSDT,2022-09-13T22:30:00Z,1591.62,1591.62,1591.62,1591.62,0.09244978
Kraken:ETHUSDT,2022-09-13T22:40:00Z,1594.04,1594.04,1594.04,1594.04,0.075
Kraken:ETHUSDT,2022-09-13T22:46:00Z,1592.65,1592.65,1592.65,1592.65,0.20618996
Kraken:ETHUSDT,2022-09-13T22:52:00Z,1589.21,1589.21,1589.21,1589.21,0.15
Kraken:ETHUSDT,2022-09-13T22:57:00Z,1591.23,1591.23,1591.23,1591.23,0.10046573
Kraken:ETHUSDT,2022-09-13T22:58:00Z,1589.32,1589.32,1589.32,1589.32,0.1
Kraken:ETHUSDT,2022-09-13T23:00:00Z,1587.97,1587.97,1587.97,1587.97,0.24003275
Kraken:ETHUSDT,2022-09-13T23:03:00Z,1586.26,1586.54,1586.21,1586.36,65.45
Kraken:ETHUSDT,2022-09-13T23:05:00Z,1585.41,1585.41,1585.41,1585.41,0.05624875
Kraken:ETHUSDT,2022-09-13T23:06:00Z,1583.43,1583.43,1583.43,1583.43,0.032131
Kraken:ETHUSDT,2022-09-13T23:09:00Z,1580.0,1580.0,1578.48,1579.54,5.07332313
Kraken:ETHUSDT,2022-09-13T23:10:00Z,1580.05,1580.05,1580.05,1580.05,0.04588933
Kraken:ETHUSDT,2022-09-13T23:12:00Z,1580.46,1580.46,1580.46,1580.46,0.04595879
Kraken:ETHUSDT,2022-09-13T23:13:00Z,1580.77,1580.77,1580.77,1580.77,0.11362
Kraken:ETHUSDT,2022-09-13T23:14:00Z,1576.14,1576.14,1576.14,1576.14,0.08115106
Kraken:ETHUSDT,2022-09-13T23:18:00Z,1575.51,1575.51,1567.28,1567.28,21.5619743
Kraken:ETHUSDT,2022-09-13T23:19:00Z,1570.16,1570.16,1566.9,1567.47,8.50548651
Kraken:ETHUSDT,2022-09-13T23:20:00Z,1566.56,1566.56,1562.93,1564.88,7.15119834
Kraken:ETHUSDT,2022-09-13T23:21:00Z,1562.57,1563.5,1562.57,1563.5,2.5739939
Kraken:ETHUSDT,2022-09-13T23:23:00Z,1570.32,1570.68,1570.32,1570.68,7.00208458
Kraken:ETHUSDT,2022-09-13T23:24:00Z,1568.05,1568.05,1568.05,1568.05,1.28544618
Kraken:ETHUSDT,2022-09-13T23:28:00Z,1570.1,1570.1,1570.1,1570.1,0.05653
Kraken:ETHUSDT,2022-09-13T23:29:00Z,1569.4,1569.4,1569.4,1569.4,0.10590892
Kraken:ETHUSDT,2022-09-13T23:30:00Z,1568.23,1568.23,1568.23,1568.23,0.3219
Kraken:ETHUSDT,2022-09-13T23:33:00Z,1571.14,1575.15,1571.14,1575.15,19.37315845
Kraken:ETHUSDT,2022-09-13T23:34:00Z,1572.3,1572.3,1572.3,1572.3,0.1
Kraken:ETHUSDT,2022-09-13T23:36:00Z,1571.49,1571.49,1571.49,1571.49,0.03719
Kraken:ETHUSDT,2022-09-13T23:37:00Z,1572.45,1572.45,1572.45,1572.45,5
Kraken:ETHUSDT,2022-09-13T23:38:00Z,1572.31,1572.31,1572.31,1572.31,0.0334974
Kraken:ETHUSDT,2022-09-13T23:43:00Z,1577.33,1577.6,1577.33,1577.6,0.29545408
Kraken:ETHUSDT,2022-09-13T23:44:00Z,1576.96,1576.96,1576.96,1576.96,1.27893593
Kraken:ETHUSDT,2022-09-13T23:49:00Z,1576.02,1576.02,1576.02,1576.02,1.2
Kraken:ETHUSDT,2022-09-13T23:55:00Z,1573.99,1573.99,1573.99,1573.99,0.04835851
Kraken:ETHUSDT,2022-09-13T23:56:00Z,1573.96,1574.04,1573.96,1574.04,0.07680927
Kraken:ETHUSDT,2022-09-13T23:57:00Z,1572.85,1572.85,1572.85,1572.85,0.0741337
Kraken:ETHUSDT,2022-09-13T23:58:00Z,1573.89,1573.89,1573.89,1573.89,0.0670771
