Kraken:ADAUSD,2022-05-07T00:00:00Z,0.783252,0.783252,0.783252,0.783252,899.63578753
Kraken:ADAUSD,2022-05-07T00:01:00Z,0.783252,0.783252,0.783252,0.783252,25.035417
Kraken:ADAUSD,2022-05-07T00:03:00Z,0.781023,0.781023,0.780442,0.780442,3038.89875667
Kraken:ADAUSD,2022-05-07T00:06:00Z,0.780367,0.780367,0.780367,0.780367,2.64135558
Kraken:ADAUSD,2022-05-07T00:07:00Z,0.78,0.78,0.78,0.78,7.62697414
Kraken:ADAUSD,2022-05-07T00:09:00Z,0.77966,0.77966,0.779438,0.779438,268.79157618
Kraken:ADAUSD,2022-05-07T00:10:00Z,0.779255,0.779255,0.778509,0.778845,2110.08384973
Kraken:ADAUSD,2022-05-07T00:11:00Z,0.779585,0.781931,0.779585,0.781931,232.98689532
Kraken:ADAUSD,2022-05-07T00:12:00Z,0.781798,0.783192,0.781798,0.783192,3706.2450343
Kraken:ADAUSD,2022-05-07T00:14:00Z,0.782799,0.782799,0.782799,0.782799,4.21341223
Kraken:ADAUSD,2022-05-07T00:15:00Z,0.783336,0.783803,0.783336,0.783803,17.39020997
Kraken:ADAUSD,2022-05-07T00:20:00Z,0.780552,0.780552,0.780552,0.780552,267.638606
Kraken:ADAUSD,2022-05-07T00:21:00Z,0.781619,0.782682,0.781619,0.782682,842.95128936
Kraken:ADAUSD,2022-05-07T00:23:00Z,0.781574,0.781574,0.781574,0.781574,402
Kraken:ADAUSD,2022-05-07T00:24:00Z,0.780999,0.780999,0.780998,0.780998,900.582929
Kraken:ADAUSD,2022-05-07T00:26:00Z,0.77991,0.77991,0.77991,0.77991,5E+1
Kraken:ADAUSD,2022-05-07T00:27:00Z,0.778668,0.77935,0.778089,0.779317,37770.35001011
Kraken:ADAUSD,2022-05-07T00:28:00Z,0.779455,0.779455,0.779434,0.779434,4172.943638
Kraken:ADAUSD,2022-05-07T00:30:00Z,0.778012,0.778012,0.778012,0.778012,60.52221566
Kraken:ADAUSD,2022-05-07T00:31:00Z,0.778012,0.778012,0.778012,0.778012,80.28538395
Kraken:ADAUSD,2022-05-07T00:32:00Z,0.779062,0.779824,0.779062,0.779824,559.00108892
Kraken:ADAUSD,2022-05-07T00:34:00Z,0.779079,0.779079,0.779079,0.779079,498.80000038
Kraken:ADAUSD,2022-05-07T00:36:00Z,0.779322,0.779322,0.779322,0.779322,5E+2
Kraken:ADAUSD,2022-05-07T00:40:00Z,0.779335,0.781192,0.779335,0.781192,2842.79499575
Kraken:ADAUSD,2022-05-07T00:46:00Z,0.781431,0.781431,0.781431,0.781431,4.03868384
Kraken:ADAUSD,2022-05-07T00:47:00Z,0.78,0.78,0.78,0.78,2.5
Kraken:ADAUSD,2022-05-07T00:48:00Z,0.778775,0.778775,0.778775,0.778775,17881.19641756
Kraken:ADAUSD,2022-05-07T00:50:00Z,0.779938,0.780041,0.779938,0.780041,54.114013
Kraken:ADAUSD,2022-05-07T00:51:00Z,0.780041,0.780907,0.780041,0.780567,2878.31539528
Kraken:ADAUSD,2022-05-07T00:52:00Z,0.780553,0.780553,0.780553,0.780553,36.771191
Kraken:ADAUSD,2022-05-07T00:53:00Z,0.780971,0.780971,0.780971,0.780971,30.227559
Kraken:ADAUSD,2022-05-07T00:57:00Z,0.780807,0.780807,0.780807,0.780807,625
Kraken:ADAUSD,2022-05-07T00:59:00Z,0.779182,0.779182,0.779182,0.779182,2.6238662
Kraken:ADAUSD,2022-05-07T01:00:00Z,0.778913,0.778913,0.778913,0.778913,2.60147336
Kraken:ADAUSD,2022-05-07T01:01:00Z,0.779337,0.779337,0.779337,0.779337,125.721471
Kraken:ADAUSD,2022-05-07T01:02:00Z,0.778775,0.778822,0.777567,0.778822,130954.27249301
Kraken:ADAUSD,2022-05-07T01:03:00Z,0.780126,0.7812,0.780126,0.7812,2736.10830228
Kraken:ADAUSD,2022-05-07T01:04:00Z,0.780484,0.780484,0.780484,0.780484,15.061565
Kraken:ADAUSD,2022-05-07T01:08:00Z,0.779312,0.780432,0.779312,0.780432,102.02515995
Kraken:ADAUSD,2022-05-07T01:09:00Z,0.780729,0.781658,0.780729,0.781528,6822.03447399
Kraken:ADAUSD,2022-05-07T01:10:00Z,0.781672,0.781672,0.781016,0.781016,84.49875692
Kraken:ADAUSD,2022-05-07T01:12:00Z,0.781765,0.781766,0.781246,0.781423,5198.178324
Kraken:ADAUSD,2022-05-07T01:13:00Z,0.781393,0.781627,0.781191,0.781191,20952.96911312
Kraken:ADAUSD,2022-05-07T01:14:00Z,0.780886,0.780886,0.78037,0.78037,736.89435631
Kraken:ADAUSD,2022-05-07T01:19:00Z,0.779483,0.779483,0.779483,0.779483,12.568681
Kraken:ADAUSD,2022-05-07T01:20:00Z,0.77933,0.77933,0.77933,0.77933,5
Kraken:ADAUSD,2022-05-07T01:21:00Z,0.779163,0.779163,0.779163,0.779163,251.599438
Kraken:ADAUSD,2022-05-07T01:22:00Z,0.778649,0.778657,0.778082,0.778082,6130.838637
Kraken:ADAUSD,2022-05-07T01:24:00Z,0.777153,0.777153,0.776894,0.776894,224.77564103
Kraken:ADAUSD,2022-05-07T01:25:00Z,0.776835,0.776835,0.775593,0.775593,538.77273012
Kraken:ADAUSD,2022-05-07T01:26:00Z,0.776894,0.777791,0.776894,0.777791,439.07982436
Kraken:ADAUSD,2022-05-07T01:27:00Z,0.777829,0.778042,0.777829,0.778042,19.284
Kraken:ADAUSD,2022-05-07T01:28:00Z,0.778042,0.778066,0.778042,0.778066,731.86993348
Kraken:ADAUSD,2022-05-07T01:32:00Z,0.778204,0.779311,0.778204,0.779123,3220.06755759
Kraken:ADAUSD,2022-05-07T01:34:00Z,0.777,0.777,0.777,0.777,2.5
Kraken:ADAUSD,2022-05-07T01:35:00Z,0.776912,0.776912,0.776912,0.776912,931.55392604
Kraken:ADAUSD,2022-05-07T01:38:00Z,0.777339,0.777339,0.777339,0.777339,64.32200108
Kraken:ADAUSD,2022-05-07T01:41:00Z,0.777656,0.777656,0.777656,0.777656,2.6583819
Kraken:ADAUSD,2022-05-07T01:46:00Z,0.776057,0.776057,0.776057,0.776057,643.5006435
Kraken:ADAUSD,2022-05-07T01:48:00Z,0.776441,0.776958,0.776441,0.776958,44.0194199
Kraken:ADAUSD,2022-05-07T01:50:00Z,0.778259,0.77826,0.778259,0.77826,2569.80225372
Kraken:ADAUSD,2022-05-07T01:51:00Z,0.778915,0.778952,0.778915,0.778952,317.31298534
Kraken:ADAUSD,2022-05-07T01:54:00Z,0.779251,0.779251,0.779251,0.779251,2.91315794
Kraken:ADAUSD,2022-05-07T01:56:00Z,0.779679,0.779803,0.779679,0.779803,56.51237973
Kraken:ADAUSD,2022-05-07T01:59:00Z,0.779974,0.780086,0.779974,0.780086,25.132853
Kraken:ADAUSD,2022-05-07T02:00:00Z,0.780472,0.781127,0.780472,0.781127,72.14975364
Kraken:ADAUSD,2022-05-07T02:01:00Z,0.782048,0.784008,0.782048,0.784008,2357.19168422
Kraken:ADAUSD,2022-05-07T02:03:00Z,0.781498,0.781668,0.781498,0.781668,23.18824324
Kraken:ADAUSD,2022-05-07T02:04:00Z,0.781422,0.781422,0.781422,0.781422,111.77366352
Kraken:ADAUSD,2022-05-07T02:08:00Z,0.779587,0.779587,0.779587,0.779587,9.78735072
Kraken:ADAUSD,2022-05-07T02:10:00Z,0.780228,0.78068,0.780228,0.780668,392.71591081
Kraken:ADAUSD,2022-05-07T02:12:00Z,0.780889,0.78089,0.780889,0.78089,6.17072053
Kraken:ADAUSD,2022-05-07T02:13:00Z,0.781247,0.782006,0.781247,0.781901,308.837373
Kraken:ADAUSD,2022-05-07T02:15:00Z,0.781668,0.781668,0.781668,0.781668,4.19645598
Kraken:ADAUSD,2022-05-07T02:16:00Z,0.781848,0.781848,0.781848,0.781848,626.908499
Kraken:ADAUSD,2022-05-07T02:24:00Z,0.779986,0.779986,0.779179,0.779563,3288.11407067
Kraken:ADAUSD,2022-05-07T02:29:00Z,0.777567,0.778386,0.777567,0.778386,111.53395076
Kraken:ADAUSD,2022-05-07T02:30:00Z,0.778747,0.779187,0.778747,0.779187,50.33486
Kraken:ADAUSD,2022-05-07T02:36:00Z,0.777153,0.777153,0.776477,0.776477,318.7904718
Kraken:ADAUSD,2022-05-07T02:39:00Z,0.776291,0.776291,0.776291,0.776291,2.69571973
Kraken:ADAUSD,2022-05-07T02:40:00Z,0.776808,0.777759,0.776808,0.777759,114.3074414
Kraken:ADAUSD,2022-05-07T02:41:00Z,0.777759,0.778561,0.777759,0.77855,79.30854329
Kraken:ADAUSD,2022-05-07T02:44:00Z,0.776892,0.777713,0.776892,0.777713,25.226607
Kraken:ADAUSD,2022-05-07T02:46:00Z,0.777435,0.777435,0.777435,0.777435,334.19931
Kraken:ADAUSD,2022-05-07T02:48:00Z,0.777484,0.777484,0.777484,0.777484,1E+3
Kraken:ADAUSD,2022-05-07T02:49:00Z,0.776784,0.776784,0.776784,0.776784,220.66
Kraken:ADAUSD,2022-05-07T02:53:00Z,0.776991,0.776991,0.776991,0.776991,25.264264
Kraken:ADAUSD,2022-05-07T02:55:00Z,0.778002,0.778014,0.778002,0.778014,65.63885497
Kraken:ADAUSD,2022-05-07T02:59:00Z,0.776995,0.777194,0.776995,0.777194,4E+1
Kraken:ADAUSD,2022-05-07T03:00:00Z,0.77727,0.77727,0.776407,0.776932,381.01221118
Kraken:ADAUSD,2022-05-07T03:01:00Z,0.776909,0.77691,0.776836,0.776836,659.575751
Kraken:ADAUSD,2022-05-07T03:07:00Z,0.776291,0.776292,0.775583,0.775583,389.87703703
Kraken:ADAUSD,2022-05-07T03:08:00Z,0.775425,0.775425,0.775407,0.775407,64.07532738
Kraken:ADAUSD,2022-05-07T03:09:00Z,0.775,0.775,0.774324,0.774324,3478.81691097
Kraken:ADAUSD,2022-05-07T03:10:00Z,0.774894,0.774971,0.774332,0.774362,1958.01415988
Kraken:ADAUSD,2022-05-07T03:12:00Z,0.774647,0.77476,0.774647,0.77476,76.63932215
Kraken:ADAUSD,2022-05-07T03:13:00Z,0.77523,0.77523,0.77523,0.77523,13877.0142259
Kraken:ADAUSD,2022-05-07T03:16:00Z,0.77606,0.7767,0.77606,0.7767,258.0350323
Kraken:ADAUSD,2022-05-07T03:19:00Z,0.777182,0.777182,0.777182,0.777182,5.070739
Kraken:ADAUSD,2022-05-07T03:20:00Z,0.777182,0.777218,0.777182,0.777218,203.36444398
Kraken:ADAUSD,2022-05-07T03:23:00Z,0.776681,0.776681,0.776681,0.776681,126.203635
Kraken:ADAUSD,2022-05-07T03:24:00Z,0.776384,0.776384,0.776384,0.776384,55.84592205
Kraken:ADAUSD,2022-05-07T03:25:00Z,0.775603,0.775603,0.775603,0.775603,1E+3
Kraken:ADAUSD,2022-05-07T03:26:00Z,0.774987,0.774987,0.774987,0.774987,2E+1
Kraken:ADAUSD,2022-05-07T03:27:00Z,0.774742,0.774742,0.774742,0.774742,25.421074
Kraken:ADAUSD,2022-05-07T03:28:00Z,0.77407,0.77407,0.771512,0.771543,2869.98781662
Kraken:ADAUSD,2022-05-07T03:30:00Z,0.7726,0.772637,0.7726,0.772637,50.30823753
Kraken:ADAUSD,2022-05-07T03:31:00Z,0.771726,0.771951,0.771726,0.771838,19462.06159773
Kraken:ADAUSD,2022-05-07T03:32:00Z,0.772446,0.772447,0.772446,0.772447,519.99558168
Kraken:ADAUSD,2022-05-07T03:33:00Z,0.772838,0.776424,0.772838,0.776424,400.65509531
Kraken:ADAUSD,2022-05-07T03:36:00Z,0.777142,0.777142,0.777142,0.777142,126.144846
Kraken:ADAUSD,2022-05-07T03:37:00Z,0.776265,0.776265,0.776201,0.776203,3002.92931919
Kraken:ADAUSD,2022-05-07T03:39:00Z,0.775,0.775356,0.775,0.775356,44128.87195797
Kraken:ADAUSD,2022-05-07T03:40:00Z,0.776313,0.776313,0.776313,0.776313,264.033366
Kraken:ADAUSD,2022-05-07T03:41:00Z,0.776314,0.777159,0.776314,0.777159,2742.32342483
Kraken:ADAUSD,2022-05-07T03:44:00Z,0.775424,0.775424,0.775023,0.775023,16431.65831781
Kraken:ADAUSD,2022-05-07T03:45:00Z,0.775316,0.775713,0.775316,0.775713,20.24960605
Kraken:ADAUSD,2022-05-07T03:46:00Z,0.775494,0.775494,0.775494,0.775494,1E+2
Kraken:ADAUSD,2022-05-07T03:47:00Z,0.775683,0.775683,0.775683,0.775683,60.077818
Kraken:ADAUSD,2022-05-07T03:48:00Z,0.776542,0.776547,0.776542,0.776547,29.148629
Kraken:ADAUSD,2022-05-07T03:49:00Z,0.776466,0.776466,0.776466,0.776466,139
Kraken:ADAUSD,2022-05-07T03:51:00Z,0.774887,0.774887,0.774887,0.774887,90.116727
Kraken:ADAUSD,2022-05-07T03:52:00Z,0.774735,0.774735,0.774694,0.774694,3087.05524372
Kraken:ADAUSD,2022-05-07T03:55:00Z,0.774098,0.774098,0.774089,0.774089,92.08630348
Kraken:ADAUSD,2022-05-07T03:56:00Z,0.773913,0.773913,0.773402,0.773402,1023.96017
Kraken:ADAUSD,2022-05-07T03:57:00Z,0.77181,0.77181,0.77181,0.77181,127.25630769
Kraken:ADAUSD,2022-05-07T03:58:00Z,0.771491,0.771491,0.771475,0.771475,77.52714084
Kraken:ADAUSD,2022-05-07T03:59:00Z,0.772047,0.772047,0.772047,0.772047,45.42182028
Kraken:ADAUSD,2022-05-07T04:00:00Z,0.772397,0.772397,0.772394,0.772394,928.64027778
Kraken:ADAUSD,2022-05-07T04:01:00Z,0.771699,0.771699,0.771436,0.771436,942.68
Kraken:ADAUSD,2022-05-07T04:05:00Z,0.771164,0.771164,0.77075,0.77075,3180.85264682
Kraken:ADAUSD,2022-05-07T04:06:00Z,0.770237,0.770237,0.769319,0.769319,2577
Kraken:ADAUSD,2022-05-07T04:07:00Z,0.769254,0.769254,0.768854,0.768854,729.78969831
Kraken:ADAUSD,2022-05-07T04:08:00Z,0.768762,0.768762,0.768639,0.768639,1040.97979532
Kraken:ADAUSD,2022-05-07T04:09:00Z,0.768114,0.768114,0.768114,0.768114,127.519781
Kraken:ADAUSD,2022-05-07T04:10:00Z,0.768489,0.768489,0.768489,0.768489,206.1
Kraken:ADAUSD,2022-05-07T04:11:00Z,0.769177,0.769177,0.769177,0.769177,19.501
Kraken:ADAUSD,2022-05-07T04:12:00Z,0.768081,0.768121,0.7677,0.768058,529.439553
Kraken:ADAUSD,2022-05-07T04:13:00Z,0.767713,0.767713,0.767004,0.767005,3216.00839531
Kraken:ADAUSD,2022-05-07T04:14:00Z,0.767447,0.767672,0.767447,0.767672,25.41948873
Kraken:ADAUSD,2022-05-07T04:17:00Z,0.767672,0.767672,0.766949,0.766949,44.15274474
Kraken:ADAUSD,2022-05-07T04:18:00Z,0.766782,0.766782,0.766782,0.766782,92.8
Kraken:ADAUSD,2022-05-07T04:19:00Z,0.767327,0.767327,0.767327,0.767327,5E+2
Kraken:ADAUSD,2022-05-07T04:21:00Z,0.766794,0.766794,0.766766,0.766766,4E+3
Kraken:ADAUSD,2022-05-07T04:22:00Z,0.767514,0.768461,0.767514,0.768461,2744.23333532
Kraken:ADAUSD,2022-05-07T04:23:00Z,0.769585,0.770714,0.769585,0.770714,2937.56655708
Kraken:ADAUSD,2022-05-07T04:24:00Z,0.770864,0.771271,0.770864,0.771271,54.61933066
Kraken:ADAUSD,2022-05-07T04:25:00Z,0.771768,0.771816,0.771768,0.771816,7.8E+3
Kraken:ADAUSD,2022-05-07T04:28:00Z,0.77,0.77,0.77,0.77,356
Kraken:ADAUSD,2022-05-07T04:29:00Z,0.770907,0.770907,0.770907,0.770907,9.54760979
Kraken:ADAUSD,2022-05-07T04:30:00Z,0.771204,0.771204,0.771204,0.771204,103.256391
Kraken:ADAUSD,2022-05-07T04:31:00Z,0.771363,0.771363,0.771363,0.771363,4.38008891
Kraken:ADAUSD,2022-05-07T04:33:00Z,0.771694,0.771698,0.771694,0.771698,2542.243101
Kraken:ADAUSD,2022-05-07T04:34:00Z,0.771786,0.771786,0.771776,0.771776,3759.954944
Kraken:ADAUSD,2022-05-07T04:35:00Z,0.769654,0.769654,0.769654,0.769654,221.58
Kraken:ADAUSD,2022-05-07T04:37:00Z,0.76893,0.769508,0.76893,0.769495,199.66213447
Kraken:ADAUSD,2022-05-07T04:38:00Z,0.769705,0.769705,0.769705,0.769705,1E+2
Kraken:ADAUSD,2022-05-07T04:39:00Z,0.769295,0.769295,0.768021,0.768747,16152.49728666
Kraken:ADAUSD,2022-05-07T04:44:00Z,0.769257,0.769257,0.768846,0.768846,36.63810519
Kraken:ADAUSD,2022-05-07T04:45:00Z,0.76876,0.768789,0.76876,0.768789,520.32108679
Kraken:ADAUSD,2022-05-07T04:47:00Z,0.768066,0.768071,0.768066,0.768071,4199.212369
Kraken:ADAUSD,2022-05-07T04:49:00Z,0.768312,0.768312,0.768312,0.768312,2.66704307
Kraken:ADAUSD,2022-05-07T04:50:00Z,0.76758,0.76758,0.76758,0.76758,1E+3
Kraken:ADAUSD,2022-05-07T04:52:00Z,0.767294,0.768069,0.767003,0.768069,4157.60613432
Kraken:ADAUSD,2022-05-07T04:56:00Z,0.767993,0.767993,0.767993,0.767993,32.54915899
Kraken:ADAUSD,2022-05-07T04:57:00Z,0.767,0.767,0.766024,0.766024,2204.86899609
Kraken:ADAUSD,2022-05-07T04:58:00Z,0.766024,0.766024,0.764888,0.764888,7912.37604079
Kraken:ADAUSD,2022-05-07T05:00:00Z,0.764374,0.764374,0.764026,0.764026,436.45368
Kraken:ADAUSD,2022-05-07T05:01:00Z,0.764299,0.766557,0.764299,0.766557,149.84430947
Kraken:ADAUSD,2022-05-07T05:02:00Z,0.766774,0.766774,0.765999,0.766036,4019.558
Kraken:ADAUSD,2022-05-07T05:03:00Z,0.765889,0.766394,0.765889,0.766291,23003.85829036
Kraken:ADAUSD,2022-05-07T05:04:00Z,0.766932,0.766933,0.766932,0.766933,7.58862004
Kraken:ADAUSD,2022-05-07T05:05:00Z,0.767416,0.768162,0.767416,0.768162,2616.04210218
Kraken:ADAUSD,2022-05-07T05:08:00Z,0.767902,0.767902,0.767902,0.767902,22.25636674
Kraken:ADAUSD,2022-05-07T05:09:00Z,0.768909,0.76949,0.768909,0.76949,118.22849001
Kraken:ADAUSD,2022-05-07T05:11:00Z,0.769497,0.769545,0.769474,0.769545,1134.958539
Kraken:ADAUSD,2022-05-07T05:12:00Z,0.769412,0.769412,0.769412,0.769412,32.48672917
Kraken:ADAUSD,2022-05-07T05:13:00Z,0.768478,0.768665,0.768478,0.768665,55.74257465
Kraken:ADAUSD,2022-05-07T05:16:00Z,0.767001,0.767001,0.766032,0.766032,408.06239285
Kraken:ADAUSD,2022-05-07T05:17:00Z,0.765983,0.765983,0.76553,0.76553,178.83844858
Kraken:ADAUSD,2022-05-07T05:18:00Z,0.76571,0.76571,0.765654,0.765654,55.54039437
Kraken:ADAUSD,2022-05-07T05:19:00Z,0.765928,0.765928,0.765928,0.765928,13.89
Kraken:ADAUSD,2022-05-07T05:20:00Z,0.766552,0.76691,0.766552,0.76691,30.89230197
Kraken:ADAUSD,2022-05-07T05:21:00Z,0.767366,0.768969,0.767366,0.768969,551.96142572
Kraken:ADAUSD,2022-05-07T05:22:00Z,0.769076,0.770552,0.769076,0.770552,753.33772095
Kraken:ADAUSD,2022-05-07T05:23:00Z,0.771065,0.771081,0.771065,0.771081,23.057051
Kraken:ADAUSD,2022-05-07T05:24:00Z,0.771085,0.771672,0.771085,0.771672,393.99941643
Kraken:ADAUSD,2022-05-07T05:25:00Z,0.771673,0.771673,0.771114,0.771114,77.98836993
Kraken:ADAUSD,2022-05-07T05:26:00Z,0.770825,0.771491,0.770751,0.771491,155.49294794
Kraken:ADAUSD,2022-05-07T05:28:00Z,0.771643,0.772029,0.771643,0.772029,120.68932083
Kraken:ADAUSD,2022-05-07T05:29:00Z,0.77103,0.772119,0.77103,0.772119,395.97844189
Kraken:ADAUSD,2022-05-07T05:30:00Z,0.77099,0.77099,0.770364,0.770364,78.4275641
Kraken:ADAUSD,2022-05-07T05:31:00Z,0.769219,0.769219,0.769219,0.769219,2.66847295
Kraken:ADAUSD,2022-05-07T05:32:00Z,0.769755,0.770235,0.769752,0.770235,351.46278733
Kraken:ADAUSD,2022-05-07T05:33:00Z,0.769926,0.769926,0.769926,0.769926,22.884528
Kraken:ADAUSD,2022-05-07T05:34:00Z,0.769999,0.769999,0.769999,0.769999,22.884528
Kraken:ADAUSD,2022-05-07T05:35:00Z,0.769831,0.769831,0.769607,0.769607,25.439245
Kraken:ADAUSD,2022-05-07T05:36:00Z,0.769837,0.769837,0.769837,0.769837,64.94881384
Kraken:ADAUSD,2022-05-07T05:37:00Z,0.769519,0.769519,0.769519,0.769519,86.381756
Kraken:ADAUSD,2022-05-07T05:38:00Z,0.769018,0.769018,0.769018,0.769018,22.929543
Kraken:ADAUSD,2022-05-07T05:39:00Z,0.769001,0.769258,0.769001,0.769258,5193.505246
Kraken:ADAUSD,2022-05-07T05:40:00Z,0.769002,0.769274,0.769002,0.769274,1192.85815804
Kraken:ADAUSD,2022-05-07T05:41:00Z,0.769649,0.770414,0.769649,0.769871,1113.053536
Kraken:ADAUSD,2022-05-07T05:42:00Z,0.769545,0.769545,0.769545,0.769545,22.944838
Kraken:ADAUSD,2022-05-07T05:43:00Z,0.770519,0.771817,0.770519,0.771817,5315.76712437
Kraken:ADAUSD,2022-05-07T05:44:00Z,0.772237,0.773293,0.772237,0.773293,3271.38784063
Kraken:ADAUSD,2022-05-07T05:45:00Z,0.772818,0.772818,0.772758,0.772768,1865.09542
Kraken:ADAUSD,2022-05-07T05:46:00Z,0.772349,0.772349,0.772336,0.772336,41.945938
Kraken:ADAUSD,2022-05-07T05:48:00Z,0.7727,0.7727,0.7727,0.7727,2.5
Kraken:ADAUSD,2022-05-07T05:49:00Z,0.7722,0.7722,0.772,0.772,7.5
Kraken:ADAUSD,2022-05-07T05:53:00Z,0.771687,0.771687,0.771687,0.771687,123.532645
Kraken:ADAUSD,2022-05-07T05:57:00Z,0.771151,0.771426,0.771151,0.771426,10.10941216
Kraken:ADAUSD,2022-05-07T05:58:00Z,0.771427,0.773426,0.771427,0.773426,2807.35573854
Kraken:ADAUSD,2022-05-07T06:03:00Z,0.773754,0.77376,0.773426,0.773426,51.211027
Kraken:ADAUSD,2022-05-07T06:04:00Z,0.773212,0.773212,0.773172,0.773172,47.61031792
Kraken:ADAUSD,2022-05-07T06:06:00Z,0.771705,0.771705,0.771705,0.771705,22.839473
Kraken:ADAUSD,2022-05-07T06:07:00Z,0.771199,0.771199,0.770161,0.770161,2887.32365176
Kraken:ADAUSD,2022-05-07T06:08:00Z,0.77,0.77,0.769424,0.769457,2739.30601327
Kraken:ADAUSD,2022-05-07T06:10:00Z,0.769911,0.770279,0.769799,0.769799,1.2E+3
Kraken:ADAUSD,2022-05-07T06:11:00Z,0.770385,0.770385,0.770385,0.770385,22.839473
Kraken:ADAUSD,2022-05-07T06:12:00Z,0.77036,0.77036,0.77036,0.77036,1.5E+2
Kraken:ADAUSD,2022-05-07T06:13:00Z,0.770459,0.770461,0.770459,0.770461,22.925244
Kraken:ADAUSD,2022-05-07T06:15:00Z,0.76977,0.76977,0.76977,0.76977,3.06845004
Kraken:ADAUSD,2022-05-07T06:16:00Z,0.769023,0.769381,0.769023,0.769381,1022.946441
Kraken:ADAUSD,2022-05-07T06:17:00Z,0.769048,0.769048,0.769048,0.769048,2E+1
Kraken:ADAUSD,2022-05-07T06:18:00Z,0.769001,0.769001,0.767399,0.767412,2495.747775
Kraken:ADAUSD,2022-05-07T06:19:00Z,0.767919,0.768219,0.767919,0.768219,2161.137258
Kraken:ADAUSD,2022-05-07T06:20:00Z,0.767821,0.767821,0.767818,0.767818,694.946376
Kraken:ADAUSD,2022-05-07T06:21:00Z,0.767632,0.767632,0.767632,0.767632,22.946441
Kraken:ADAUSD,2022-05-07T06:24:00Z,0.767996,0.767996,0.767996,0.767996,22.986999
Kraken:ADAUSD,2022-05-07T06:25:00Z,0.767942,0.767942,0.767942,0.767942,22.986999
Kraken:ADAUSD,2022-05-07T06:26:00Z,0.76764,0.76764,0.767524,0.767524,3006.329977
Kraken:ADAUSD,2022-05-07T06:27:00Z,0.767498,0.767498,0.767498,0.767498,23.000981
Kraken:ADAUSD,2022-05-07T06:28:00Z,0.767827,0.767827,0.767827,0.767827,248.437106
Kraken:ADAUSD,2022-05-07T06:29:00Z,0.767828,0.768804,0.767828,0.768804,1297.53312066
Kraken:ADAUSD,2022-05-07T06:30:00Z,0.768927,0.768927,0.768927,0.768927,19.509
Kraken:ADAUSD,2022-05-07T06:31:00Z,0.768926,0.768927,0.768926,0.768927,179.86813951
Kraken:ADAUSD,2022-05-07T06:32:00Z,0.768927,0.770573,0.768927,0.770448,1349.83469221
Kraken:ADAUSD,2022-05-07T06:33:00Z,0.770734,0.771265,0.770734,0.771265,22.997887
Kraken:ADAUSD,2022-05-07T06:34:00Z,0.771578,0.772816,0.771578,0.772302,130.4188482
Kraken:ADAUSD,2022-05-07T06:35:00Z,0.771968,0.771968,0.771968,0.771968,22.946787
Kraken:ADAUSD,2022-05-07T06:36:00Z,0.771947,0.771947,0.771848,0.771848,318.775309
Kraken:ADAUSD,2022-05-07T06:37:00Z,0.77153,0.77153,0.77153,0.77153,45.409231
Kraken:ADAUSD,2022-05-07T06:38:00Z,0.772611,0.772611,0.772611,0.772611,21.20115662
Kraken:ADAUSD,2022-05-07T06:39:00Z,0.772641,0.772654,0.772641,0.772654,45.779626
Kraken:ADAUSD,2022-05-07T06:40:00Z,0.772288,0.772288,0.772288,0.772288,22.892097
Kraken:ADAUSD,2022-05-07T06:41:00Z,0.772309,0.772309,0.772309,0.772309,22.892097
Kraken:ADAUSD,2022-05-07T06:42:00Z,0.772411,0.772411,0.772411,0.772411,45.354254
Kraken:ADAUSD,2022-05-07T06:43:00Z,0.772001,0.772001,0.772001,0.772001,22.892097
Kraken:ADAUSD,2022-05-07T06:44:00Z,0.772001,0.772108,0.772001,0.772108,10584.94878308
Kraken:ADAUSD,2022-05-07T06:45:00Z,0.772411,0.772411,0.772411,0.772411,494.105746
Kraken:ADAUSD,2022-05-07T06:46:00Z,0.772824,0.772824,0.772824,0.772824,25.20349298
Kraken:ADAUSD,2022-05-07T06:50:00Z,0.772001,0.772001,0.772,0.772,2180.614776
Kraken:ADAUSD,2022-05-07T06:52:00Z,0.771,0.771,0.770983,0.770983,1830.428306
Kraken:ADAUSD,2022-05-07T06:55:00Z,0.77,0.77,0.769752,0.769752,346.17587399
Kraken:ADAUSD,2022-05-07T06:56:00Z,0.770153,0.770417,0.769589,0.769589,32168.68405549
Kraken:ADAUSD,2022-05-07T06:57:00Z,0.770226,0.770226,0.770226,0.770226,22.946724
Kraken:ADAUSD,2022-05-07T06:58:00Z,0.769508,0.769508,0.769508,0.769508,22.946724
Kraken:ADAUSD,2022-05-07T06:59:00Z,0.769724,0.769724,0.769715,0.769715,238.826876
Kraken:ADAUSD,2022-05-07T07:00:00Z,0.769396,0.769396,0.769396,0.769396,23.622143
Kraken:ADAUSD,2022-05-07T07:01:00Z,0.769724,0.77,0.769724,0.77,486.32735524
Kraken:ADAUSD,2022-05-07T07:02:00Z,0.770079,0.771042,0.770079,0.771042,2735.36069015
Kraken:ADAUSD,2022-05-07T07:05:00Z,0.77,0.770843,0.77,0.770843,1805.447008
Kraken:ADAUSD,2022-05-07T07:07:00Z,0.771474,0.773023,0.771474,0.772998,2885.23590972
Kraken:ADAUSD,2022-05-07T07:08:00Z,0.772917,0.772924,0.772917,0.772924,509.57202
Kraken:ADAUSD,2022-05-07T07:10:00Z,0.771508,0.771508,0.771224,0.771224,2686.49534065
Kraken:ADAUSD,2022-05-07T07:11:00Z,0.770009,0.770009,0.770009,0.770009,541.763228
Kraken:ADAUSD,2022-05-07T07:12:00Z,0.77162,0.77162,0.77162,0.77162,25.428208
Kraken:ADAUSD,2022-05-07T07:13:00Z,0.771397,0.771397,0.771397,0.771397,167.5900995
Kraken:ADAUSD,2022-05-07T07:15:00Z,0.771252,0.772936,0.771252,0.772936,371.38961716
Kraken:ADAUSD,2022-05-07T07:16:00Z,0.77295,0.772969,0.77295,0.772969,59.31146312
Kraken:ADAUSD,2022-05-07T07:17:00Z,0.773604,0.77394,0.773588,0.773588,48.635949
Kraken:ADAUSD,2022-05-07T07:20:00Z,0.77394,0.77394,0.77394,0.77394,61.43161071
Kraken:ADAUSD,2022-05-07T07:21:00Z,0.774228,0.774228,0.774228,0.774228,22.14664
Kraken:ADAUSD,2022-05-07T07:23:00Z,0.774228,0.774228,0.774228,0.774228,43.282721
Kraken:ADAUSD,2022-05-07T07:25:00Z,0.773454,0.773454,0.773454,0.773454,19
Kraken:ADAUSD,2022-05-07T07:27:00Z,0.77385,0.773853,0.77385,0.773853,37.2487119
Kraken:ADAUSD,2022-05-07T07:32:00Z,0.773774,0.774751,0.773774,0.774751,2722.03477469
Kraken:ADAUSD,2022-05-07T07:33:00Z,0.774751,0.774751,0.774751,0.774751,3.96925915
Kraken:ADAUSD,2022-05-07T07:34:00Z,0.774867,0.776165,0.774867,0.776165,1711.29693412
Kraken:ADAUSD,2022-05-07T07:35:00Z,0.776346,0.777031,0.776346,0.777031,435.10874031
Kraken:ADAUSD,2022-05-07T07:37:00Z,0.776596,0.776596,0.776013,0.776013,61.820351
Kraken:ADAUSD,2022-05-07T07:38:00Z,0.776174,0.776174,0.776174,0.776174,2.59998492
Kraken:ADAUSD,2022-05-07T07:39:00Z,0.776186,0.776464,0.776186,0.776464,12618.690599
Kraken:ADAUSD,2022-05-07T07:41:00Z,0.775941,0.775941,0.775941,0.775941,215.880152
Kraken:ADAUSD,2022-05-07T07:44:00Z,0.776386,0.776386,0.776386,0.776386,23.014446
Kraken:ADAUSD,2022-05-07T07:45:00Z,0.776854,0.777186,0.776854,0.777186,133.74568779
Kraken:ADAUSD,2022-05-07T07:46:00Z,0.777381,0.777818,0.777381,0.777818,1E+3
Kraken:ADAUSD,2022-05-07T07:47:00Z,0.777633,0.777633,0.777633,0.777633,22.302548
Kraken:ADAUSD,2022-05-07T07:48:00Z,0.77766,0.77766,0.77766,0.77766,45.281494
Kraken:ADAUSD,2022-05-07T07:50:00Z,0.777837,0.777837,0.777837,0.777837,2.5818735
Kraken:ADAUSD,2022-05-07T07:57:00Z,0.777723,0.777723,0.777723,0.777723,22.64566
Kraken:ADAUSD,2022-05-07T08:03:00Z,0.778076,0.780044,0.778076,0.779808,5495.28150558
Kraken:ADAUSD,2022-05-07T08:05:00Z,0.778514,0.778514,0.778514,0.778514,19.261
Kraken:ADAUSD,2022-05-07T08:07:00Z,0.7777,0.7777,0.7777,0.7777,2.5
Kraken:ADAUSD,2022-05-07T08:12:00Z,0.778418,0.779315,0.778418,0.779315,268.16639388
Kraken:ADAUSD,2022-05-07T08:13:00Z,0.779803,0.779803,0.779803,0.779803,8.27085942
Kraken:ADAUSD,2022-05-07T08:14:00Z,0.78,0.780685,0.78,0.780685,424.67304579
Kraken:ADAUSD,2022-05-07T08:15:00Z,0.780988,0.781423,0.780988,0.781423,493.6785879
Kraken:ADAUSD,2022-05-07T08:16:00Z,0.781717,0.782142,0.781717,0.782142,612.48458018
Kraken:ADAUSD,2022-05-07T08:17:00Z,0.782232,0.782232,0.782232,0.782232,27.3881011
Kraken:ADAUSD,2022-05-07T08:18:00Z,0.780831,0.780831,0.77935,0.779354,1970.77429093
Kraken:ADAUSD,2022-05-07T08:25:00Z,0.778,0.778,0.77618,0.776202,1214.69794297
Kraken:ADAUSD,2022-05-07T08:27:00Z,0.776,0.776,0.775216,0.775216,392.94856926
Kraken:ADAUSD,2022-05-07T08:28:00Z,0.775219,0.775219,0.775219,0.775219,22.627944
Kraken:ADAUSD,2022-05-07T08:29:00Z,0.775954,0.775958,0.775954,0.775958,40.77812727
Kraken:ADAUSD,2022-05-07T08:30:00Z,0.777454,0.777465,0.777454,0.777465,15.07352252
Kraken:ADAUSD,2022-05-07T08:31:00Z,0.777796,0.778983,0.777796,0.778983,142.43409708
Kraken:ADAUSD,2022-05-07T08:33:00Z,0.779382,0.779382,0.779382,0.779382,5E+1
Kraken:ADAUSD,2022-05-07T08:37:00Z,0.778911,0.778911,0.778911,0.778911,45.203354
Kraken:ADAUSD,2022-05-07T08:40:00Z,0.779161,0.779161,0.779161,0.779161,22.867842
Kraken:ADAUSD,2022-05-07T08:43:00Z,0.778952,0.778952,0.778952,0.778952,14.5028
Kraken:ADAUSD,2022-05-07T08:45:00Z,0.780091,0.78014,0.78,0.78014,166.24752031
Kraken:ADAUSD,2022-05-07T08:46:00Z,0.780483,0.780667,0.780483,0.780667,89.46163481
Kraken:ADAUSD,2022-05-07T08:47:00Z,0.781115,0.782255,0.781115,0.782255,368.75019994
Kraken:ADAUSD,2022-05-07T08:51:00Z,0.780382,0.780382,0.780382,0.780382,32.723707
Kraken:ADAUSD,2022-05-07T08:53:00Z,0.780451,0.780451,0.780451,0.780451,331.655017
Kraken:ADAUSD,2022-05-07T09:01:00Z,0.779208,0.779208,0.779208,0.779208,21.937216
Kraken:ADAUSD,2022-05-07T09:03:00Z,0.778739,0.778739,0.778739,0.778739,22.186557
Kraken:ADAUSD,2022-05-07T09:05:00Z,0.777514,0.777517,0.777514,0.777517,44.790142
Kraken:ADAUSD,2022-05-07T09:09:00Z,0.77832,0.77832,0.77832,0.77832,3.75067101
Kraken:ADAUSD,2022-05-07T09:10:00Z,0.777619,0.777619,0.777619,0.777619,22.008847
Kraken:ADAUSD,2022-05-07T09:12:00Z,0.778051,0.779115,0.778051,0.779115,862.26998459
Kraken:ADAUSD,2022-05-07T09:14:00Z,0.77914,0.779611,0.77914,0.779611,21.997191
Kraken:ADAUSD,2022-05-07T09:15:00Z,0.779227,0.779227,0.779227,0.779227,22.628712
Kraken:ADAUSD,2022-05-07T09:17:00Z,0.77971,0.77971,0.77971,0.77971,44.636227
Kraken:ADAUSD,2022-05-07T09:19:00Z,0.779861,0.779861,0.779861,0.779861,130.186288
Kraken:ADAUSD,2022-05-07T09:20:00Z,0.779421,0.779421,0.778587,0.778587,619.76486094
Kraken:ADAUSD,2022-05-07T09:22:00Z,0.779022,0.779022,0.77771,0.77771,18422.68410545
Kraken:ADAUSD,2022-05-07T09:25:00Z,0.777059,0.777059,0.777059,0.777059,21.967108
Kraken:ADAUSD,2022-05-07T09:26:00Z,0.777,0.777,0.77629,0.77629,186.61015246
Kraken:ADAUSD,2022-05-07T09:29:00Z,0.777152,0.778058,0.777152,0.777614,1182.52350923
Kraken:ADAUSD,2022-05-07T09:31:00Z,0.778674,0.778695,0.778674,0.778695,44.709478
Kraken:ADAUSD,2022-05-07T09:32:00Z,0.778689,0.778689,0.778689,0.778689,22.038387
Kraken:ADAUSD,2022-05-07T09:33:00Z,0.778104,0.778104,0.778104,0.778104,146.438131
Kraken:ADAUSD,2022-05-07T09:34:00Z,0.778001,0.778001,0.777255,0.777255,619.37456307
Kraken:ADAUSD,2022-05-07T09:36:00Z,0.777109,0.777109,0.777109,0.777109,21.973261
Kraken:ADAUSD,2022-05-07T09:38:00Z,0.77734,0.777719,0.77734,0.777719,48.105488
Kraken:ADAUSD,2022-05-07T09:39:00Z,0.777,0.777,0.777,0.777,2.5
Kraken:ADAUSD,2022-05-07T09:42:00Z,0.777158,0.777158,0.777158,0.777158,44.066069
Kraken:ADAUSD,2022-05-07T09:43:00Z,0.77781,0.778104,0.77781,0.778104,131.95370528
Kraken:ADAUSD,2022-05-07T09:44:00Z,0.778066,0.778066,0.778066,0.778066,22.68553
Kraken:ADAUSD,2022-05-07T09:45:00Z,0.777695,0.777695,0.777695,0.777695,22.052423
Kraken:ADAUSD,2022-05-07T09:46:00Z,0.777425,0.777425,0.777128,0.777128,76.797691
Kraken:ADAUSD,2022-05-07T09:47:00Z,0.776181,0.776181,0.774588,0.774588,311372.3289867099
Kraken:ADAUSD,2022-05-07T09:48:00Z,0.775915,0.775917,0.775915,0.775917,5E+3
Kraken:ADAUSD,2022-05-07T09:49:00Z,0.776415,0.776415,0.77637,0.77637,1E+4
Kraken:ADAUSD,2022-05-07T09:55:00Z,0.777495,0.777495,0.777495,0.777495,19.31956492
Kraken:ADAUSD,2022-05-07T09:56:00Z,0.77775,0.77788,0.77775,0.77788,72.676661
Kraken:ADAUSD,2022-05-07T09:57:00Z,0.777555,0.777555,0.777555,0.777555,22.045537
Kraken:ADAUSD,2022-05-07T10:02:00Z,0.776771,0.776771,0.776771,0.776771,257.3551
Kraken:ADAUSD,2022-05-07T10:03:00Z,0.776267,0.776267,0.776267,0.776267,22.949419
Kraken:ADAUSD,2022-05-07T10:06:00Z,0.777074,0.777074,0.776768,0.776768,150.71181648
Kraken:ADAUSD,2022-05-07T10:08:00Z,0.777176,0.777176,0.777176,0.777176,3.038291
Kraken:ADAUSD,2022-05-07T10:09:00Z,0.776894,0.776894,0.776894,0.776894,1E+2
Kraken:ADAUSD,2022-05-07T10:13:00Z,0.777706,0.777706,0.777706,0.777706,1E+3
Kraken:ADAUSD,2022-05-07T10:14:00Z,0.778317,0.77924,0.778317,0.779217,2636.37462913
Kraken:ADAUSD,2022-05-07T10:15:00Z,0.779557,0.779558,0.779356,0.779356,52.16701138
Kraken:ADAUSD,2022-05-07T10:16:00Z,0.779027,0.779027,0.778129,0.778129,135.51472852
Kraken:ADAUSD,2022-05-07T10:17:00Z,0.778476,0.778476,0.778083,0.778083,86.225795
Kraken:ADAUSD,2022-05-07T10:19:00Z,0.777863,0.777863,0.777863,0.777863,22.631261
Kraken:ADAUSD,2022-05-07T10:20:00Z,0.778817,0.779,0.778817,0.779,137429.2223736
Kraken:ADAUSD,2022-05-07T10:21:00Z,0.779,0.779449,0.779,0.779449,1031.63941684
Kraken:ADAUSD,2022-05-07T10:22:00Z,0.77977,0.783623,0.77977,0.781238,446033.7582949401
Kraken:ADAUSD,2022-05-07T10:24:00Z,0.782205,0.782205,0.782205,0.782205,33
Kraken:ADAUSD,2022-05-07T10:25:00Z,0.781906,0.781906,0.781738,0.781738,1156.604674
Kraken:ADAUSD,2022-05-07T10:26:00Z,0.781477,0.781477,0.781175,0.781175,2091.40578396
Kraken:ADAUSD,2022-05-07T10:27:00Z,0.780956,0.780956,0.780956,0.780956,102.6104
Kraken:ADAUSD,2022-05-07T10:28:00Z,0.780696,0.780696,0.780438,0.780462,2317.4257
Kraken:ADAUSD,2022-05-07T10:29:00Z,0.781066,0.781177,0.781066,0.781177,21.883652
Kraken:ADAUSD,2022-05-07T10:33:00Z,0.781115,0.781115,0.780463,0.780529,5075.45897316
Kraken:ADAUSD,2022-05-07T10:34:00Z,0.780236,0.780236,0.779794,0.779794,445.9
Kraken:ADAUSD,2022-05-07T10:35:00Z,0.780132,0.780132,0.780132,0.780132,12.08626048
Kraken:ADAUSD,2022-05-07T10:36:00Z,0.780943,0.782028,0.780943,0.782028,231.06127463
Kraken:ADAUSD,2022-05-07T10:37:00Z,0.782028,0.782851,0.782028,0.782497,7166.85990448
Kraken:ADAUSD,2022-05-07T10:39:00Z,0.781776,0.781776,0.781776,0.781776,102.527674
Kraken:ADAUSD,2022-05-07T10:40:00Z,0.781809,0.781809,0.781775,0.781775,4519.265745
Kraken:ADAUSD,2022-05-07T10:41:00Z,0.781593,0.781593,0.781048,0.781048,9212.354605
Kraken:ADAUSD,2022-05-07T10:42:00Z,0.781069,0.781069,0.781069,0.781069,21.918593
Kraken:ADAUSD,2022-05-07T10:45:00Z,0.78038,0.78038,0.78038,0.78038,4474
Kraken:ADAUSD,2022-05-07T10:47:00Z,0.78,0.78,0.78,0.78,57
Kraken:ADAUSD,2022-05-07T10:48:00Z,0.78,0.780778,0.78,0.780778,2700.00634374
Kraken:ADAUSD,2022-05-07T10:51:00Z,0.78062,0.78062,0.780305,0.780305,783.55530774
Kraken:ADAUSD,2022-05-07T10:53:00Z,0.780304,0.780304,0.779999,0.779999,4476.5
Kraken:ADAUSD,2022-05-07T10:55:00Z,0.779375,0.779375,0.779375,0.779375,18.477113
Kraken:ADAUSD,2022-05-07T10:58:00Z,0.780084,0.781029,0.780084,0.781029,89.826769
Kraken:ADAUSD,2022-05-07T10:59:00Z,0.781057,0.782036,0.781057,0.782015,685.78427327
Kraken:ADAUSD,2022-05-07T11:00:00Z,0.781842,0.781842,0.781842,0.781842,22.58433
Kraken:ADAUSD,2022-05-07T11:02:00Z,0.781958,0.781958,0.781958,0.781958,22.574747
Kraken:ADAUSD,2022-05-07T11:04:00Z,0.781598,0.781598,0.781598,0.781598,23.764522
Kraken:ADAUSD,2022-05-07T11:13:00Z,0.781396,0.781396,0.781396,0.781396,5E+1
Kraken:ADAUSD,2022-05-07T11:14:00Z,0.781637,0.781639,0.781637,0.781639,35.61603065
Kraken:ADAUSD,2022-05-07T11:16:00Z,0.782516,0.783942,0.782516,0.783942,18689.66409969
Kraken:ADAUSD,2022-05-07T11:19:00Z,0.783943,0.784008,0.783943,0.784008,23758.72045452
Kraken:ADAUSD,2022-05-07T11:20:00Z,0.784103,0.784103,0.78369,0.78369,25.018164
Kraken:ADAUSD,2022-05-07T11:21:00Z,0.783606,0.783606,0.783606,0.783606,19.143
Kraken:ADAUSD,2022-05-07T11:22:00Z,0.783939,0.783939,0.783939,0.783939,22.519334
Kraken:ADAUSD,2022-05-07T11:23:00Z,0.783636,0.783636,0.783636,0.783636,4474
Kraken:ADAUSD,2022-05-07T11:25:00Z,0.783001,0.783001,0.783,0.783,26.142936
Kraken:ADAUSD,2022-05-07T11:27:00Z,0.782776,0.782776,0.782776,0.782776,22.469974
Kraken:ADAUSD,2022-05-07T11:28:00Z,0.782488,0.78259,0.782488,0.78259,60.111596
Kraken:ADAUSD,2022-05-07T11:29:00Z,0.782121,0.782121,0.782121,0.782121,125.931978
Kraken:ADAUSD,2022-05-07T11:31:00Z,0.782111,0.782944,0.782111,0.782944,218.29773334
Kraken:ADAUSD,2022-05-07T11:33:00Z,0.782,0.782,0.782,0.782,2.5
Kraken:ADAUSD,2022-05-07T11:34:00Z,0.781373,0.781429,0.781373,0.781429,330.364254
Kraken:ADAUSD,2022-05-07T11:39:00Z,0.781085,0.781085,0.781085,0.781085,23.71608
Kraken:ADAUSD,2022-05-07T11:40:00Z,0.780435,0.780435,0.780435,0.780435,1.5E+2
Kraken:ADAUSD,2022-05-07T11:41:00Z,0.781486,0.782561,0.781486,0.782561,2694.24132733
Kraken:ADAUSD,2022-05-07T11:42:00Z,0.782588,0.783353,0.782588,0.783236,675.85629183
Kraken:ADAUSD,2022-05-07T11:43:00Z,0.782157,0.782157,0.782157,0.782157,3.02535283
Kraken:ADAUSD,2022-05-07T11:45:00Z,0.783151,0.783151,0.783151,0.783151,7E+1
Kraken:ADAUSD,2022-05-07T11:48:00Z,0.782728,0.782728,0.782,0.782,24.970035
Kraken:ADAUSD,2022-05-07T11:55:00Z,0.783152,0.783152,0.783152,0.783152,12.644529
Kraken:ADAUSD,2022-05-07T11:58:00Z,0.782752,0.782752,0.782752,0.782752,313.259526
Kraken:ADAUSD,2022-05-07T12:00:00Z,0.783152,0.783152,0.783126,0.783152,28011.05310496
Kraken:ADAUSD,2022-05-07T12:02:00Z,0.783152,0.783152,0.783152,0.783152,92238.38414729
Kraken:ADAUSD,2022-05-07T12:03:00Z,0.783151,0.783151,0.783151,0.783151,961.78111165
Kraken:ADAUSD,2022-05-07T12:04:00Z,0.782734,0.78274,0.782645,0.782645,8978.43237265
Kraken:ADAUSD,2022-05-07T12:05:00Z,0.782898,0.782898,0.781977,0.781977,700.380833
Kraken:ADAUSD,2022-05-07T12:07:00Z,0.783,0.783,0.783,0.783,23.63855
Kraken:ADAUSD,2022-05-07T12:08:00Z,0.783152,0.783152,0.783152,0.783152,86471.43456078
Kraken:ADAUSD,2022-05-07T12:09:00Z,0.783404,0.783405,0.783404,0.783405,28.94416524
Kraken:ADAUSD,2022-05-07T12:10:00Z,0.783693,0.784125,0.783693,0.784125,75.84815926
Kraken:ADAUSD,2022-05-07T12:11:00Z,0.783744,0.783759,0.783744,0.783759,7553.54129218
Kraken:ADAUSD,2022-05-07T12:12:00Z,0.784125,0.784125,0.784125,0.784125,647.60242636
Kraken:ADAUSD,2022-05-07T12:14:00Z,0.784615,0.784735,0.784615,0.784735,8E+3
Kraken:ADAUSD,2022-05-07T12:15:00Z,0.784892,0.784899,0.784892,0.784898,235.81274
Kraken:ADAUSD,2022-05-07T12:17:00Z,0.784899,0.785547,0.784899,0.785547,3569.61709142
Kraken:ADAUSD,2022-05-07T12:19:00Z,0.785144,0.785145,0.784936,0.784936,2114.51257247
Kraken:ADAUSD,2022-05-07T12:20:00Z,0.784447,0.784447,0.784447,0.784447,25.963683
Kraken:ADAUSD,2022-05-07T12:21:00Z,0.78467,0.784865,0.784284,0.784284,4536.3767011
Kraken:ADAUSD,2022-05-07T12:23:00Z,0.783491,0.783491,0.783491,0.783491,2747.3
Kraken:ADAUSD,2022-05-07T12:24:00Z,0.783401,0.783401,0.783393,0.783393,1795.243318
Kraken:ADAUSD,2022-05-07T12:25:00Z,0.783309,0.783309,0.783309,0.783309,181.85
Kraken:ADAUSD,2022-05-07T12:26:00Z,0.783309,0.783309,0.783176,0.783308,1019.5136005
Kraken:ADAUSD,2022-05-07T12:27:00Z,0.783287,0.783287,0.783287,0.783287,245.6
Kraken:ADAUSD,2022-05-07T12:30:00Z,0.783528,0.783528,0.783528,0.783528,4500.00000074
Kraken:ADAUSD,2022-05-07T12:35:00Z,0.78403,0.78403,0.78403,0.78403,1E+3
Kraken:ADAUSD,2022-05-07T12:36:00Z,0.784029,0.784029,0.783897,0.783897,25.500343
Kraken:ADAUSD,2022-05-07T12:37:00Z,0.783729,0.784404,0.783729,0.784404,10343.20958849
Kraken:ADAUSD,2022-05-07T12:38:00Z,0.783409,0.783409,0.783409,0.783409,360.08677352
Kraken:ADAUSD,2022-05-07T12:39:00Z,0.783358,0.783358,0.783358,0.783358,1994.33384332
Kraken:ADAUSD,2022-05-07T12:40:00Z,0.782573,0.782573,0.782573,0.782573,383.35081839
Kraken:ADAUSD,2022-05-07T12:41:00Z,0.782086,0.782088,0.781927,0.781927,6543.81395367
Kraken:ADAUSD,2022-05-07T12:42:00Z,0.78081,0.780811,0.780325,0.780325,7941.96908978
Kraken:ADAUSD,2022-05-07T12:43:00Z,0.78069,0.78069,0.78,0.78,369.37263382
Kraken:ADAUSD,2022-05-07T12:44:00Z,0.77909,0.77909,0.778174,0.778174,2656.53801891
Kraken:ADAUSD,2022-05-07T12:45:00Z,0.778226,0.778226,0.778174,0.778174,172.23439513
Kraken:ADAUSD,2022-05-07T12:46:00Z,0.777844,0.777844,0.777718,0.777718,97.26677395
Kraken:ADAUSD,2022-05-07T12:47:00Z,0.778519,0.778832,0.778519,0.778832,22.31246
Kraken:ADAUSD,2022-05-07T12:48:00Z,0.778962,0.778962,0.778962,0.778962,27.46504575
Kraken:ADAUSD,2022-05-07T12:49:00Z,0.779452,0.780532,0.779452,0.780532,728.47590652
Kraken:ADAUSD,2022-05-07T12:50:00Z,0.779932,0.780535,0.779932,0.780535,656.617035
Kraken:ADAUSD,2022-05-07T12:51:00Z,0.780536,0.781029,0.780461,0.780461,484.920432
Kraken:ADAUSD,2022-05-07T12:52:00Z,0.780599,0.780599,0.780599,0.780599,45.766461
Kraken:ADAUSD,2022-05-07T12:53:00Z,0.779632,0.779632,0.778467,0.778467,25.49966379
Kraken:ADAUSD,2022-05-07T12:54:00Z,0.778494,0.779314,0.778494,0.779314,48.87421525
Kraken:ADAUSD,2022-05-07T12:55:00Z,0.780252,0.780803,0.780252,0.780803,31.02895191
Kraken:ADAUSD,2022-05-07T12:56:00Z,0.780337,0.780337,0.780337,0.780337,9.288502
Kraken:ADAUSD,2022-05-07T12:58:00Z,0.779412,0.779412,0.779412,0.779412,566.380743
Kraken:ADAUSD,2022-05-07T12:59:00Z,0.78,0.78,0.78,0.78,11.45433615
Kraken:ADAUSD,2022-05-07T13:00:00Z,0.78,0.780759,0.78,0.780759,417.39294691
Kraken:ADAUSD,2022-05-07T13:06:00Z,0.780968,0.781255,0.780968,0.781255,365.38171242
Kraken:ADAUSD,2022-05-07T13:09:00Z,0.778955,0.778955,0.778955,0.778955,91.621633
Kraken:ADAUSD,2022-05-07T13:10:00Z,0.77996,0.78,0.77996,0.78,108.50207683
Kraken:ADAUSD,2022-05-07T13:11:00Z,0.78,0.78,0.78,0.78,485.42732697
Kraken:ADAUSD,2022-05-07T13:12:00Z,0.78031,0.780326,0.78031,0.780326,45.0998
Kraken:ADAUSD,2022-05-07T13:13:00Z,0.779223,0.779223,0.778884,0.778884,651.71078
Kraken:ADAUSD,2022-05-07T13:14:00Z,0.778897,0.778897,0.777567,0.777567,138.48793123
Kraken:ADAUSD,2022-05-07T13:15:00Z,0.777567,0.77766,0.777567,0.77766,22.59175339
Kraken:ADAUSD,2022-05-07T13:16:00Z,0.777213,0.777213,0.77656,0.77656,274.49660408
Kraken:ADAUSD,2022-05-07T13:17:00Z,0.777062,0.777534,0.777062,0.777534,113.80331505
Kraken:ADAUSD,2022-05-07T13:20:00Z,0.777993,0.779216,0.777993,0.779216,2768.34722252
Kraken:ADAUSD,2022-05-07T13:21:00Z,0.779216,0.78,0.779216,0.78,538.42279621
Kraken:ADAUSD,2022-05-07T13:24:00Z,0.779999,0.779999,0.779999,0.779999,2.8063664
Kraken:ADAUSD,2022-05-07T13:26:00Z,0.779699,0.779699,0.779699,0.779699,22.609076
Kraken:ADAUSD,2022-05-07T13:27:00Z,0.77986,0.77986,0.77986,0.77986,22.553949
Kraken:ADAUSD,2022-05-07T13:28:00Z,0.7795,0.7795,0.778668,0.778668,25.136949
Kraken:ADAUSD,2022-05-07T13:29:00Z,0.777802,0.777802,0.777294,0.777294,4538.16077
Kraken:ADAUSD,2022-05-07T13:31:00Z,0.777655,0.777655,0.776935,0.776935,33.76154655
Kraken:ADAUSD,2022-05-07T13:35:00Z,0.778287,0.778287,0.778287,0.778287,73.508074
Kraken:ADAUSD,2022-05-07T13:36:00Z,0.778233,0.778476,0.778233,0.778476,29.24176761
Kraken:ADAUSD,2022-05-07T13:38:00Z,0.778874,0.779355,0.778874,0.779355,654.443417
Kraken:ADAUSD,2022-05-07T13:39:00Z,0.779401,0.779659,0.779401,0.779527,111.622119
Kraken:ADAUSD,2022-05-07T13:41:00Z,0.779347,0.779347,0.779347,0.779347,3.95322174
Kraken:ADAUSD,2022-05-07T13:42:00Z,0.7796,0.779656,0.7796,0.779656,32.256443
Kraken:ADAUSD,2022-05-07T13:43:00Z,0.779054,0.779054,0.778895,0.778895,148.453115
Kraken:ADAUSD,2022-05-07T13:46:00Z,0.778376,0.778898,0.778376,0.778898,594.12959646
Kraken:ADAUSD,2022-05-07T13:48:00Z,0.779768,0.779881,0.779768,0.779881,272.74062683
Kraken:ADAUSD,2022-05-07T13:50:00Z,0.779967,0.779967,0.779948,0.779948,92.843004
Kraken:ADAUSD,2022-05-07T13:52:00Z,0.780448,0.780448,0.780448,0.780448,17.21913709
Kraken:ADAUSD,2022-05-07T13:53:00Z,0.780001,0.780001,0.78,0.78,2603.33717017
Kraken:ADAUSD,2022-05-07T13:55:00Z,0.778908,0.778908,0.778908,0.778908,3218
Kraken:ADAUSD,2022-05-07T13:57:00Z,0.778157,0.778157,0.778157,0.778157,12.572826
Kraken:ADAUSD,2022-05-07T13:58:00Z,0.778421,0.778761,0.778421,0.778761,71.50045776
Kraken:ADAUSD,2022-05-07T13:59:00Z,0.779205,0.779205,0.779205,0.779205,31.445464
Kraken:ADAUSD,2022-05-07T14:01:00Z,0.779354,0.779354,0.779354,0.779354,9.8
Kraken:ADAUSD,2022-05-07T14:02:00Z,0.779554,0.779626,0.779554,0.779626,34.84986091
Kraken:ADAUSD,2022-05-07T14:03:00Z,0.779801,0.779801,0.779801,0.779801,139.8587
Kraken:ADAUSD,2022-05-07T14:05:00Z,0.77965,0.77965,0.77965,0.77965,22.629597
Kraken:ADAUSD,2022-05-07T14:09:00Z,0.779327,0.779327,0.777959,0.777959,2828.84320875
Kraken:ADAUSD,2022-05-07T14:12:00Z,0.777641,0.777641,0.777641,0.777641,1261.063871
Kraken:ADAUSD,2022-05-07T14:15:00Z,0.777165,0.777165,0.777165,0.777165,300.072379
Kraken:ADAUSD,2022-05-07T14:16:00Z,0.777057,0.777057,0.777057,0.777057,194.297021
Kraken:ADAUSD,2022-05-07T14:17:00Z,0.777937,0.77798,0.777937,0.77798,34.92347279
Kraken:ADAUSD,2022-05-07T14:18:00Z,0.778443,0.778527,0.778443,0.778527,36.9716661
Kraken:ADAUSD,2022-05-07T14:23:00Z,0.778376,0.778376,0.778376,0.778376,125.940649
Kraken:ADAUSD,2022-05-07T14:25:00Z,0.778125,0.778429,0.778125,0.778429,2013.700623
Kraken:ADAUSD,2022-05-07T14:28:00Z,0.778649,0.778651,0.778649,0.778649,1512.22736787
Kraken:ADAUSD,2022-05-07T14:31:00Z,0.779713,0.779958,0.779713,0.779958,641.2615924
Kraken:ADAUSD,2022-05-07T14:33:00Z,0.780636,0.780636,0.780305,0.780305,49977.84251076
Kraken:ADAUSD,2022-05-07T14:34:00Z,0.780267,0.780267,0.780267,0.780267,15237.15748924
Kraken:ADAUSD,2022-05-07T14:38:00Z,0.779861,0.779861,0.779861,0.779861,5E+1
Kraken:ADAUSD,2022-05-07T14:39:00Z,0.780181,0.780181,0.780181,0.780181,267.638606
Kraken:ADAUSD,2022-05-07T14:43:00Z,0.77842,0.77842,0.77842,0.77842,1E+3
Kraken:ADAUSD,2022-05-07T14:44:00Z,0.778913,0.779066,0.778913,0.779066,6831.58658466
Kraken:ADAUSD,2022-05-07T14:45:00Z,0.779361,0.779361,0.779361,0.779361,2212.42407757
Kraken:ADAUSD,2022-05-07T14:47:00Z,0.778615,0.778615,0.778397,0.778397,254.94724052
Kraken:ADAUSD,2022-05-07T14:48:00Z,0.778679,0.778679,0.778679,0.778679,22.599689
Kraken:ADAUSD,2022-05-07T14:50:00Z,0.778236,0.778236,0.778236,0.778236,203.963903
Kraken:ADAUSD,2022-05-07T14:51:00Z,0.778632,0.779346,0.778632,0.779346,938.25468228
Kraken:ADAUSD,2022-05-07T14:52:00Z,0.780073,0.781167,0.780073,0.781167,319.55630969
Kraken:ADAUSD,2022-05-07T14:54:00Z,0.78092,0.78092,0.780454,0.780454,116.23294876
Kraken:ADAUSD,2022-05-07T14:57:00Z,0.78062,0.78062,0.78062,0.78062,286.878979
Kraken:ADAUSD,2022-05-07T15:02:00Z,0.779999,0.779999,0.779999,0.779999,492.7
Kraken:ADAUSD,2022-05-07T15:03:00Z,0.78014,0.78014,0.78014,0.78014,258.97502301
Kraken:ADAUSD,2022-05-07T15:05:00Z,0.778779,0.778779,0.778779,0.778779,23.736968
Kraken:ADAUSD,2022-05-07T15:06:00Z,0.779641,0.779641,0.779641,0.779641,53.07
Kraken:ADAUSD,2022-05-07T15:10:00Z,0.779922,0.779933,0.779922,0.779933,636.90829246
Kraken:ADAUSD,2022-05-07T15:12:00Z,0.779843,0.779843,0.779843,0.779843,144.372964
Kraken:ADAUSD,2022-05-07T15:13:00Z,0.779638,0.779638,0.779638,0.779638,194.297021
Kraken:ADAUSD,2022-05-07T15:14:00Z,0.78012,0.780508,0.78012,0.780508,933.12082969
Kraken:ADAUSD,2022-05-07T15:15:00Z,0.780634,0.780634,0.780634,0.780634,71.90930212
Kraken:ADAUSD,2022-05-07T15:20:00Z,0.780612,0.780624,0.780612,0.780624,23.719688
Kraken:ADAUSD,2022-05-07T15:21:00Z,0.780252,0.780252,0.780252,0.780252,1E+2
Kraken:ADAUSD,2022-05-07T15:23:00Z,0.780738,0.781181,0.780738,0.781177,20562.91314233
Kraken:ADAUSD,2022-05-07T15:24:00Z,0.781544,0.781824,0.781544,0.781824,56.81371769
Kraken:ADAUSD,2022-05-07T15:25:00Z,0.782454,0.782472,0.782454,0.782472,2345.5671296
Kraken:ADAUSD,2022-05-07T15:26:00Z,0.7825,0.7825,0.7825,0.7825,5581.09906848
Kraken:ADAUSD,2022-05-07T15:27:00Z,0.78153,0.781867,0.781233,0.781233,2334.87664091
Kraken:ADAUSD,2022-05-07T15:28:00Z,0.781222,0.78123,0.78116,0.78123,4154.87207577
Kraken:ADAUSD,2022-05-07T15:29:00Z,0.781172,0.781172,0.781172,0.781172,996.2799
Kraken:ADAUSD,2022-05-07T15:30:00Z,0.781066,0.781066,0.780377,0.780377,3249.1126034
Kraken:ADAUSD,2022-05-07T15:31:00Z,0.780314,0.780314,0.780314,0.780314,2.93886
Kraken:ADAUSD,2022-05-07T15:33:00Z,0.77948,0.77948,0.77948,0.77948,21.89497
Kraken:ADAUSD,2022-05-07T15:35:00Z,0.779067,0.779067,0.779067,0.779067,125.779381
Kraken:ADAUSD,2022-05-07T15:36:00Z,0.779389,0.779709,0.779389,0.779709,1329.890088
Kraken:ADAUSD,2022-05-07T15:37:00Z,0.779569,0.779658,0.778624,0.778624,729.24216091
Kraken:ADAUSD,2022-05-07T15:39:00Z,0.778165,0.778165,0.778165,0.778165,22.550022
Kraken:ADAUSD,2022-05-07T15:43:00Z,0.77849,0.77849,0.778454,0.778454,4815
Kraken:ADAUSD,2022-05-07T15:44:00Z,0.777962,0.777962,0.777592,0.777799,118.41964016
Kraken:ADAUSD,2022-05-07T15:46:00Z,0.778541,0.778552,0.778541,0.778552,148.69402961
Kraken:ADAUSD,2022-05-07T15:47:00Z,0.779835,0.779989,0.779835,0.779989,608.382803
Kraken:ADAUSD,2022-05-07T15:52:00Z,0.779802,0.780247,0.779802,0.780247,421.023493
Kraken:ADAUSD,2022-05-07T15:53:00Z,0.780152,0.780152,0.780152,0.780152,45.588986
Kraken:ADAUSD,2022-05-07T15:54:00Z,0.778355,0.778355,0.778355,0.778355,15.189368
Kraken:ADAUSD,2022-05-07T15:55:00Z,0.777776,0.777776,0.777776,0.777776,22.757672
Kraken:ADAUSD,2022-05-07T15:56:00Z,0.77892,0.77892,0.77892,0.77892,228.42973125
Kraken:ADAUSD,2022-05-07T15:57:00Z,0.778924,0.779386,0.778924,0.779318,333.40378458
Kraken:ADAUSD,2022-05-07T15:59:00Z,0.779382,0.779382,0.779382,0.779382,52588.38774369
Kraken:ADAUSD,2022-05-07T16:00:00Z,0.77985,0.77985,0.779189,0.779189,455.62549996
Kraken:ADAUSD,2022-05-07T16:01:00Z,0.779041,0.779041,0.779041,0.779041,22.814087
Kraken:ADAUSD,2022-05-07T16:03:00Z,0.779205,0.780154,0.779205,0.779879,2915.6653346
Kraken:ADAUSD,2022-05-07T16:04:00Z,0.780029,0.780029,0.780029,0.780029,22.849422
Kraken:ADAUSD,2022-05-07T16:05:00Z,0.779599,0.779599,0.779599,0.779599,2.58573852
Kraken:ADAUSD,2022-05-07T16:07:00Z,0.779296,0.779296,0.779296,0.779296,48.9999
Kraken:ADAUSD,2022-05-07T16:08:00Z,0.779472,0.779472,0.77947,0.77947,1661.486994
Kraken:ADAUSD,2022-05-07T16:09:00Z,0.77987,0.77987,0.77987,0.77987,30.08214993
Kraken:ADAUSD,2022-05-07T16:10:00Z,0.77987,0.77987,0.779184,0.779184,2705.91884199
Kraken:ADAUSD,2022-05-07T16:13:00Z,0.778042,0.778108,0.778042,0.778108,148.207109
Kraken:ADAUSD,2022-05-07T16:15:00Z,0.778778,0.778778,0.778778,0.778778,170.279699
Kraken:ADAUSD,2022-05-07T16:16:00Z,0.779289,0.779289,0.779289,0.779289,398.3
Kraken:ADAUSD,2022-05-07T16:19:00Z,0.779308,0.779308,0.77877,0.77877,2705.28763464
Kraken:ADAUSD,2022-05-07T16:22:00Z,0.778059,0.778059,0.778059,0.778059,4.95884
Kraken:ADAUSD,2022-05-07T16:23:00Z,0.777998,0.778253,0.777998,0.778253,476.60541216
Kraken:ADAUSD,2022-05-07T16:25:00Z,0.777888,0.778056,0.777653,0.778056,16601.865113
Kraken:ADAUSD,2022-05-07T16:28:00Z,0.778001,0.778068,0.778001,0.778068,4169.861333
Kraken:ADAUSD,2022-05-07T16:31:00Z,0.778382,0.778382,0.778382,0.778382,121.503084
Kraken:ADAUSD,2022-05-07T16:33:00Z,0.778034,0.778034,0.777804,0.777804,1002.59443734
Kraken:ADAUSD,2022-05-07T16:37:00Z,0.7779,0.77796,0.7779,0.77796,208.25332966
Kraken:ADAUSD,2022-05-07T16:38:00Z,0.777876,0.777876,0.777876,0.777876,33.554243
Kraken:ADAUSD,2022-05-07T16:40:00Z,0.778245,0.778245,0.778245,0.778245,19.267229
Kraken:ADAUSD,2022-05-07T16:41:00Z,0.77837,0.77837,0.77837,0.77837,46.449378
Kraken:ADAUSD,2022-05-07T16:43:00Z,0.778756,0.778756,0.778498,0.778498,10379.867435
Kraken:ADAUSD,2022-05-07T16:44:00Z,0.778802,0.778802,0.778802,0.778802,346.219947
Kraken:ADAUSD,2022-05-07T16:45:00Z,0.778688,0.778688,0.777986,0.777986,1072.84206358
Kraken:ADAUSD,2022-05-07T16:46:00Z,0.777684,0.777684,0.776606,0.776606,16986.05545816
Kraken:ADAUSD,2022-05-07T16:47:00Z,0.776502,0.7766,0.776502,0.7766,46.899178
Kraken:ADAUSD,2022-05-07T16:48:00Z,0.776477,0.776477,0.776477,0.776477,64.38148372
Kraken:ADAUSD,2022-05-07T16:49:00Z,0.77639,0.77639,0.77639,0.77639,2.06386
Kraken:ADAUSD,2022-05-07T16:50:00Z,0.77639,0.77639,0.7746,0.7746,1090.37639533
Kraken:ADAUSD,2022-05-07T16:51:00Z,0.773952,0.773952,0.7737,0.7737,405.30744486
Kraken:ADAUSD,2022-05-07T16:52:00Z,0.773978,0.77469,0.773978,0.774296,2741.78871916
Kraken:ADAUSD,2022-05-07T16:53:00Z,0.773931,0.773931,0.773931,0.773931,63.616447
Kraken:ADAUSD,2022-05-07T16:54:00Z,0.774888,0.774888,0.774888,0.774888,1044.584539
Kraken:ADAUSD,2022-05-07T16:55:00Z,0.774615,0.774615,0.774613,0.774613,1034.00654454
Kraken:ADAUSD,2022-05-07T16:58:00Z,0.776146,0.777232,0.776146,0.777232,137.6398081
Kraken:ADAUSD,2022-05-07T16:59:00Z,0.777576,0.777576,0.777576,0.777576,4.17710874
Kraken:ADAUSD,2022-05-07T17:01:00Z,0.777231,0.777231,0.777231,0.777231,3.2760804
Kraken:ADAUSD,2022-05-07T17:02:00Z,0.776641,0.776641,0.776641,0.776641,2.56336609
Kraken:ADAUSD,2022-05-07T17:06:00Z,0.775617,0.775617,0.775617,0.775617,69.143069
Kraken:ADAUSD,2022-05-07T17:08:00Z,0.774926,0.774926,0.774926,0.774926,409.12028939
Kraken:ADAUSD,2022-05-07T17:10:00Z,0.774812,0.775556,0.774812,0.775402,3106.68493064
Kraken:ADAUSD,2022-05-07T17:14:00Z,0.774998,0.775897,0.77356,0.77356,12043.68195699
Kraken:ADAUSD,2022-05-07T17:16:00Z,0.773826,0.773826,0.773826,0.773826,22.690741
Kraken:ADAUSD,2022-05-07T17:17:00Z,0.773562,0.773562,0.773562,0.773562,22.690741
Kraken:ADAUSD,2022-05-07T17:20:00Z,0.774391,0.774391,0.773713,0.773999,29754.00540065
Kraken:ADAUSD,2022-05-07T17:21:00Z,0.773604,0.773604,0.773604,0.773604,91.596584
Kraken:ADAUSD,2022-05-07T17:24:00Z,0.774151,0.775089,0.774151,0.775054,2718.58863843
Kraken:ADAUSD,2022-05-07T17:26:00Z,0.774648,0.774648,0.774648,0.774648,126.726525
Kraken:ADAUSD,2022-05-07T17:27:00Z,0.774736,0.774736,0.774736,0.774736,140.569011
Kraken:ADAUSD,2022-05-07T17:28:00Z,0.774695,0.774695,0.774387,0.774387,19331.86244
Kraken:ADAUSD,2022-05-07T17:30:00Z,0.774095,0.774095,0.774095,0.774095,25.452762
Kraken:ADAUSD,2022-05-07T17:34:00Z,0.774818,0.774818,0.774818,0.774818,22.730382
Kraken:ADAUSD,2022-05-07T17:35:00Z,0.77419,0.77419,0.77419,0.77419,2.8908827
Kraken:ADAUSD,2022-05-07T17:36:00Z,0.773302,0.773302,0.773016,0.773016,159.677483
Kraken:ADAUSD,2022-05-07T17:37:00Z,0.773016,0.773016,0.772407,0.772407,527.58620706
Kraken:ADAUSD,2022-05-07T17:38:00Z,0.772001,0.772001,0.771479,0.771479,15944.92458886
Kraken:ADAUSD,2022-05-07T17:39:00Z,0.77229,0.77229,0.77229,0.77229,95.191609
Kraken:ADAUSD,2022-05-07T17:43:00Z,0.772997,0.772997,0.772997,0.772997,1425
Kraken:ADAUSD,2022-05-07T17:44:00Z,0.77333,0.77333,0.77333,0.77333,25.484627
Kraken:ADAUSD,2022-05-07T17:45:00Z,0.773866,0.773866,0.773866,0.773866,5E+1
Kraken:ADAUSD,2022-05-07T17:48:00Z,0.773072,0.773072,0.77307,0.77307,1.5E+3
Kraken:ADAUSD,2022-05-07T17:50:00Z,0.773693,0.773693,0.773693,0.773693,101.97677463
Kraken:ADAUSD,2022-05-07T17:51:00Z,0.773,0.773,0.773,0.773,8E+1
Kraken:ADAUSD,2022-05-07T17:52:00Z,0.773733,0.773733,0.773727,0.773727,439.7
Kraken:ADAUSD,2022-05-07T17:53:00Z,0.773874,0.773874,0.773874,0.773874,8.009737
Kraken:ADAUSD,2022-05-07T17:54:00Z,0.77378,0.77378,0.77378,0.77378,143.095167
Kraken:ADAUSD,2022-05-07T17:56:00Z,0.77449,0.77449,0.77449,0.77449,3.23049612
Kraken:ADAUSD,2022-05-07T17:58:00Z,0.774094,0.774306,0.774094,0.774306,785.592178
Kraken:ADAUSD,2022-05-07T18:00:00Z,0.773682,0.773682,0.77368,0.77368,2786.34577242
Kraken:ADAUSD,2022-05-07T18:04:00Z,0.774008,0.77445,0.774008,0.77445,34.52589432
Kraken:ADAUSD,2022-05-07T18:05:00Z,0.774568,0.774568,0.774568,0.774568,10.699435
Kraken:ADAUSD,2022-05-07T18:07:00Z,0.774512,0.774512,0.774512,0.774512,31.67
Kraken:ADAUSD,2022-05-07T18:08:00Z,0.774655,0.774655,0.774655,0.774655,12.957582
Kraken:ADAUSD,2022-05-07T18:10:00Z,0.774482,0.774482,0.774482,0.774482,2.5
Kraken:ADAUSD,2022-05-07T18:11:00Z,0.775129,0.775129,0.775129,0.775129,22.999209
Kraken:ADAUSD,2022-05-07T18:13:00Z,0.775057,0.775057,0.775057,0.775057,991.7
Kraken:ADAUSD,2022-05-07T18:14:00Z,0.775143,0.775612,0.775143,0.775612,25.2895392
Kraken:ADAUSD,2022-05-07T18:15:00Z,0.77591,0.776912,0.77591,0.776912,516.15523547
Kraken:ADAUSD,2022-05-07T18:17:00Z,0.77752,0.77752,0.77752,0.77752,3.86767831
Kraken:ADAUSD,2022-05-07T18:18:00Z,0.777519,0.777519,0.777519,0.777519,1959.064094
Kraken:ADAUSD,2022-05-07T18:19:00Z,0.778076,0.778076,0.778076,0.778076,65.43469895
Kraken:ADAUSD,2022-05-07T18:21:00Z,0.77802,0.77802,0.77802,0.77802,158.6
Kraken:ADAUSD,2022-05-07T18:23:00Z,0.777234,0.777234,0.777234,0.777234,760.33365597
Kraken:ADAUSD,2022-05-07T18:26:00Z,0.777479,0.777479,0.777479,0.777479,363.97683211
Kraken:ADAUSD,2022-05-07T18:27:00Z,0.77704,0.77707,0.776748,0.776748,517.93814792
Kraken:ADAUSD,2022-05-07T18:29:00Z,0.776249,0.776249,0.776249,0.776249,12.68749
Kraken:ADAUSD,2022-05-07T18:32:00Z,0.777068,0.777068,0.776873,0.776873,19999
Kraken:ADAUSD,2022-05-07T18:34:00Z,0.776514,0.776514,0.776514,0.776514,37.322641
Kraken:ADAUSD,2022-05-07T18:36:00Z,0.776431,0.776431,0.776431,0.776431,24.7
Kraken:ADAUSD,2022-05-07T18:37:00Z,0.777208,0.777208,0.777208,0.777208,19.8942529
Kraken:ADAUSD,2022-05-07T18:40:00Z,0.777737,0.777737,0.777737,0.777737,3.184762
Kraken:ADAUSD,2022-05-07T18:41:00Z,0.777939,0.778024,0.777939,0.778024,9619.858543
Kraken:ADAUSD,2022-05-07T18:43:00Z,0.776871,0.777042,0.776871,0.777042,15.87678554
Kraken:ADAUSD,2022-05-07T18:44:00Z,0.776927,0.776927,0.776927,0.776927,121.72341
Kraken:ADAUSD,2022-05-07T18:47:00Z,0.777661,0.777661,0.777661,0.777661,126.068276
Kraken:ADAUSD,2022-05-07T18:48:00Z,0.777654,0.777654,0.777653,0.777653,3806.017435
Kraken:ADAUSD,2022-05-07T18:49:00Z,0.776822,0.776833,0.776822,0.776833,4169.609677
Kraken:ADAUSD,2022-05-07T18:50:00Z,0.778089,0.778089,0.778089,0.778089,105.94170873
Kraken:ADAUSD,2022-05-07T18:51:00Z,0.77809,0.778423,0.77809,0.778423,575.699753
Kraken:ADAUSD,2022-05-07T18:52:00Z,0.77775,0.77775,0.77775,0.77775,2.71255453
Kraken:ADAUSD,2022-05-07T18:53:00Z,0.777225,0.777225,0.777225,0.777225,639.58844363
Kraken:ADAUSD,2022-05-07T18:55:00Z,0.776287,0.777702,0.776271,0.777702,91.66135
Kraken:ADAUSD,2022-05-07T18:58:00Z,0.776636,0.776636,0.776636,0.776636,22.940695
Kraken:ADAUSD,2022-05-07T18:59:00Z,0.777305,0.777305,0.777305,0.777305,21.988795
Kraken:ADAUSD,2022-05-07T19:00:00Z,0.777038,0.777038,0.777038,0.777038,58.85797037
Kraken:ADAUSD,2022-05-07T19:01:00Z,0.777555,0.777555,0.777555,0.777555,22.012788
Kraken:ADAUSD,2022-05-07T19:02:00Z,0.778356,0.778661,0.778356,0.778661,127
Kraken:ADAUSD,2022-05-07T19:03:00Z,0.778366,0.778366,0.778366,0.778366,22.012788
Kraken:ADAUSD,2022-05-07T19:04:00Z,0.778603,0.778603,0.778601,0.778601,1069.47677441
Kraken:ADAUSD,2022-05-07T19:05:00Z,0.778664,0.778664,0.778664,0.778664,3.08170487
Kraken:ADAUSD,2022-05-07T19:06:00Z,0.778665,0.779409,0.778665,0.779409,545.40538542
Kraken:ADAUSD,2022-05-07T19:07:00Z,0.779434,0.779434,0.779434,0.779434,38.77756077
Kraken:ADAUSD,2022-05-07T19:08:00Z,0.779005,0.779005,0.778988,0.778988,51.92236331
Kraken:ADAUSD,2022-05-07T19:10:00Z,0.7791,0.779578,0.778786,0.779578,29654.07704077
Kraken:ADAUSD,2022-05-07T19:12:00Z,0.779479,0.779841,0.779479,0.779841,2.5E+4
Kraken:ADAUSD,2022-05-07T19:16:00Z,0.780044,0.780044,0.780044,0.780044,4E+1
Kraken:ADAUSD,2022-05-07T19:17:00Z,0.780044,0.780484,0.780044,0.780484,65.349351
Kraken:ADAUSD,2022-05-07T19:18:00Z,0.77978,0.77978,0.77978,0.77978,51.801306
Kraken:ADAUSD,2022-05-07T19:20:00Z,0.779173,0.779173,0.779173,0.779173,60.828274
Kraken:ADAUSD,2022-05-07T19:22:00Z,0.777925,0.777925,0.777925,0.777925,126.368209
Kraken:ADAUSD,2022-05-07T19:28:00Z,0.778262,0.778262,0.778262,0.778262,125.08363
Kraken:ADAUSD,2022-05-07T19:29:00Z,0.777837,0.777837,0.777681,0.777681,47.853693
Kraken:ADAUSD,2022-05-07T19:30:00Z,0.777796,0.777796,0.777796,0.777796,22.630184
Kraken:ADAUSD,2022-05-07T19:33:00Z,0.777985,0.777985,0.777985,0.777985,100.7
Kraken:ADAUSD,2022-05-07T19:35:00Z,0.777457,0.777457,0.777415,0.777415,2661.611809
Kraken:ADAUSD,2022-05-07T19:36:00Z,0.777468,0.777468,0.777468,0.777468,309.703072
Kraken:ADAUSD,2022-05-07T19:38:00Z,0.77828,0.778884,0.77828,0.778884,2706.75185585
Kraken:ADAUSD,2022-05-07T19:40:00Z,0.778759,0.779506,0.778759,0.779506,5.7E+4
Kraken:ADAUSD,2022-05-07T19:41:00Z,0.77889,0.77889,0.77889,0.77889,12.68201
Kraken:ADAUSD,2022-05-07T19:46:00Z,0.778837,0.778837,0.778837,0.778837,411.694061
Kraken:ADAUSD,2022-05-07T19:48:00Z,0.778649,0.778649,0.778648,0.778648,136.22611006
Kraken:ADAUSD,2022-05-07T19:49:00Z,0.778814,0.778814,0.778714,0.778714,51.4723708
Kraken:ADAUSD,2022-05-07T19:50:00Z,0.778775,0.778987,0.778775,0.778987,75.506331
Kraken:ADAUSD,2022-05-07T19:51:00Z,0.778677,0.778677,0.778677,0.778677,2.72668098
Kraken:ADAUSD,2022-05-07T19:54:00Z,0.778816,0.778816,0.778052,0.778052,224.408576
Kraken:ADAUSD,2022-05-07T19:55:00Z,0.778065,0.778164,0.778065,0.778164,2195.840953
Kraken:ADAUSD,2022-05-07T19:57:00Z,0.777805,0.777805,0.777805,0.777805,46.024794
Kraken:ADAUSD,2022-05-07T19:58:00Z,0.777232,0.777232,0.777232,0.777232,74.059686
Kraken:ADAUSD,2022-05-07T19:59:00Z,0.777176,0.777176,0.777176,0.777176,22.246838
Kraken:ADAUSD,2022-05-07T20:03:00Z,0.776168,0.776389,0.776123,0.776389,10034.44377376
Kraken:ADAUSD,2022-05-07T20:04:00Z,0.775873,0.775873,0.775873,0.775873,32.772002
Kraken:ADAUSD,2022-05-07T20:05:00Z,0.775942,0.775942,0.775942,0.775942,23.14274
Kraken:ADAUSD,2022-05-07T20:06:00Z,0.77648,0.77648,0.77648,0.77648,22.642913
Kraken:ADAUSD,2022-05-07T20:07:00Z,0.776654,0.776654,0.776654,0.776654,5.61947564
Kraken:ADAUSD,2022-05-07T20:08:00Z,0.776859,0.776859,0.776799,0.776799,192.73001
Kraken:ADAUSD,2022-05-07T20:10:00Z,0.777145,0.777159,0.777145,0.777159,1816.14353626
Kraken:ADAUSD,2022-05-07T20:12:00Z,0.776622,0.776622,0.776622,0.776622,128.197411
Kraken:ADAUSD,2022-05-07T20:13:00Z,0.775987,0.775987,0.775987,0.775987,1.5E+3
Kraken:ADAUSD,2022-05-07T20:14:00Z,0.775746,0.775746,0.775572,0.775572,8355
Kraken:ADAUSD,2022-05-07T20:16:00Z,0.775828,0.775828,0.775828,0.775828,22.036465
Kraken:ADAUSD,2022-05-07T20:17:00Z,0.775824,0.775824,0.775276,0.775276,3284.610368
Kraken:ADAUSD,2022-05-07T20:19:00Z,0.774874,0.774874,0.774874,0.774874,126.450102
Kraken:ADAUSD,2022-05-07T20:20:00Z,0.775052,0.775052,0.775052,0.775052,23.85141
Kraken:ADAUSD,2022-05-07T20:21:00Z,0.77451,0.77451,0.77451,0.77451,13.108648
Kraken:ADAUSD,2022-05-07T20:22:00Z,0.774665,0.775484,0.774665,0.775484,281.886727
Kraken:ADAUSD,2022-05-07T20:23:00Z,0.775533,0.775537,0.775429,0.775429,17828.77823574
Kraken:ADAUSD,2022-05-07T20:24:00Z,0.776005,0.776058,0.776005,0.776058,100.08663038
Kraken:ADAUSD,2022-05-07T20:26:00Z,0.77664,0.77664,0.776639,0.776639,517.986214
Kraken:ADAUSD,2022-05-07T20:27:00Z,0.775258,0.775258,0.775258,0.775258,590.5435
Kraken:ADAUSD,2022-05-07T20:28:00Z,0.775062,0.775065,0.775062,0.775065,3126.988448
Kraken:ADAUSD,2022-05-07T20:29:00Z,0.774813,0.774813,0.774813,0.774813,23.221794
Kraken:ADAUSD,2022-05-07T20:32:00Z,0.773701,0.773701,0.773095,0.773095,173.8431673
Kraken:ADAUSD,2022-05-07T20:33:00Z,0.773095,0.773095,0.773,0.773,1E+3
Kraken:ADAUSD,2022-05-07T20:34:00Z,0.773,0.773,0.771921,0.771921,5123.96129262
Kraken:ADAUSD,2022-05-07T20:35:00Z,0.773222,0.773222,0.773222,0.773222,13.54072096
Kraken:ADAUSD,2022-05-07T20:38:00Z,0.772361,0.772361,0.772361,0.772361,9E+2
Kraken:ADAUSD,2022-05-07T20:39:00Z,0.772915,0.772979,0.772906,0.772979,980.208269
Kraken:ADAUSD,2022-05-07T20:42:00Z,0.773727,0.773877,0.773676,0.773676,27.07276607
Kraken:ADAUSD,2022-05-07T20:46:00Z,0.773375,0.773375,0.773,0.773,734.7352
Kraken:ADAUSD,2022-05-07T20:47:00Z,0.772701,0.772701,0.772701,0.772701,86.532555
Kraken:ADAUSD,2022-05-07T20:48:00Z,0.772701,0.772701,0.772701,0.772701,2588.56381412
Kraken:ADAUSD,2022-05-07T20:50:00Z,0.773617,0.774649,0.773617,0.774649,2760.39919264
Kraken:ADAUSD,2022-05-07T20:54:00Z,0.774392,0.774392,0.774045,0.774045,628.05738547
Kraken:ADAUSD,2022-05-07T20:55:00Z,0.774771,0.774771,0.774417,0.77443,11520.203513
Kraken:ADAUSD,2022-05-07T20:56:00Z,0.774431,0.774431,0.774431,0.774431,45.047598
Kraken:ADAUSD,2022-05-07T20:57:00Z,0.775032,0.775032,0.774974,0.774974,1056.077142
Kraken:ADAUSD,2022-05-07T20:58:00Z,0.77443,0.77443,0.77443,0.77443,33.731386
Kraken:ADAUSD,2022-05-07T20:59:00Z,0.773541,0.773541,0.773541,0.773541,2.95079453
Kraken:ADAUSD,2022-05-07T21:02:00Z,0.774025,0.775916,0.774025,0.775862,1166.27575212
Kraken:ADAUSD,2022-05-07T21:03:00Z,0.776056,0.776056,0.776056,0.776056,10.50775113
Kraken:ADAUSD,2022-05-07T21:04:00Z,0.776056,0.77644,0.776056,0.77644,4622.1619711
Kraken:ADAUSD,2022-05-07T21:06:00Z,0.776168,0.776168,0.776066,0.776066,1.4E+4
Kraken:ADAUSD,2022-05-07T21:09:00Z,0.774817,0.774836,0.774707,0.774836,18133.30945971
Kraken:ADAUSD,2022-05-07T21:10:00Z,0.774836,0.774911,0.774836,0.774845,2809.21126589
Kraken:ADAUSD,2022-05-07T21:11:00Z,0.7735,0.7735,0.773077,0.773077,203.368209
Kraken:ADAUSD,2022-05-07T21:12:00Z,0.772767,0.772767,0.771475,0.771475,2445.5548612
Kraken:ADAUSD,2022-05-07T21:13:00Z,0.771085,0.771085,0.76848,0.76848,36715.1347719
Kraken:ADAUSD,2022-05-07T21:14:00Z,0.76944,0.76944,0.76944,0.76944,113.21946938
Kraken:ADAUSD,2022-05-07T21:15:00Z,0.770253,0.771317,0.770253,0.770964,8785.77916757
Kraken:ADAUSD,2022-05-07T21:16:00Z,0.768805,0.768805,0.768081,0.768081,19560.92697717
Kraken:ADAUSD,2022-05-07T21:17:00Z,0.768309,0.768377,0.768309,0.768377,36.2855699
Kraken:ADAUSD,2022-05-07T21:18:00Z,0.769437,0.769437,0.769437,0.769437,565.858402
Kraken:ADAUSD,2022-05-07T21:19:00Z,0.76883,0.76883,0.76883,0.76883,390.478349
Kraken:ADAUSD,2022-05-07T21:22:00Z,0.768209,0.768228,0.766979,0.766979,70315.80166859
Kraken:ADAUSD,2022-05-07T21:23:00Z,0.767519,0.768933,0.767117,0.768933,9820.96294051
Kraken:ADAUSD,2022-05-07T21:24:00Z,0.769357,0.769357,0.769357,0.769357,22.891658
Kraken:ADAUSD,2022-05-07T21:25:00Z,0.768629,0.768629,0.768629,0.768629,1E+3
Kraken:ADAUSD,2022-05-07T21:26:00Z,0.769323,0.769323,0.769323,0.769323,127.467881
Kraken:ADAUSD,2022-05-07T21:28:00Z,0.76896,0.76896,0.768879,0.768879,146.166546
Kraken:ADAUSD,2022-05-07T21:29:00Z,0.7681,0.7681,0.76779,0.76779,441.41817614
Kraken:ADAUSD,2022-05-07T21:30:00Z,0.768512,0.768512,0.768512,0.768512,22.888867
Kraken:ADAUSD,2022-05-07T21:31:00Z,0.768487,0.768487,0.768211,0.768212,1975.73759401
Kraken:ADAUSD,2022-05-07T21:32:00Z,0.768667,0.768685,0.768667,0.768685,27.04986626
Kraken:ADAUSD,2022-05-07T21:33:00Z,0.769161,0.769517,0.769161,0.769517,39.57379013
Kraken:ADAUSD,2022-05-07T21:35:00Z,0.770658,0.77117,0.770658,0.77117,173.163106
Kraken:ADAUSD,2022-05-07T21:36:00Z,0.770373,0.770373,0.770373,0.770373,2003.4
Kraken:ADAUSD,2022-05-07T21:38:00Z,0.770159,0.770159,0.770159,0.770159,23.118793
Kraken:ADAUSD,2022-05-07T21:40:00Z,0.770159,0.770751,0.770159,0.770751,123.52831723
Kraken:ADAUSD,2022-05-07T21:41:00Z,0.770382,0.770382,0.770382,0.770382,3.94468987
Kraken:ADAUSD,2022-05-07T21:42:00Z,0.770295,0.770295,0.770295,0.770295,122.808111
Kraken:ADAUSD,2022-05-07T21:44:00Z,0.769381,0.769381,0.769381,0.769381,1E+3
Kraken:ADAUSD,2022-05-07T21:45:00Z,0.768627,0.768627,0.768627,0.768627,3.26951464
Kraken:ADAUSD,2022-05-07T21:46:00Z,0.769407,0.769407,0.769407,0.769407,3.4333262
Kraken:ADAUSD,2022-05-07T21:47:00Z,0.769082,0.769082,0.769082,0.769082,63.723666
Kraken:ADAUSD,2022-05-07T21:50:00Z,0.767223,0.767241,0.766949,0.766989,416.64707965
Kraken:ADAUSD,2022-05-07T21:51:00Z,0.76695,0.76695,0.766,0.766,1771.61706743
Kraken:ADAUSD,2022-05-07T21:52:00Z,0.766,0.766,0.765577,0.765577,2191.29421841
Kraken:ADAUSD,2022-05-07T21:54:00Z,0.765467,0.766038,0.765467,0.766038,263.07129889
Kraken:ADAUSD,2022-05-07T21:55:00Z,0.766039,0.767125,0.766039,0.767125,10132.2001297
Kraken:ADAUSD,2022-05-07T21:56:00Z,0.766865,0.766865,0.765318,0.765318,316.53697654
Kraken:ADAUSD,2022-05-07T21:57:00Z,0.765204,0.765204,0.76505,0.76505,2127.138186
Kraken:ADAUSD,2022-05-07T21:58:00Z,0.765082,0.76516,0.765078,0.765078,345.12103944
Kraken:ADAUSD,2022-05-07T21:59:00Z,0.76503,0.76503,0.759596,0.759596,204914.43209392
Kraken:ADAUSD,2022-05-07T22:00:00Z,0.759402,0.766653,0.759143,0.766652,23744.13326003
Kraken:ADAUSD,2022-05-07T22:01:00Z,0.766362,0.766362,0.765576,0.765966,33932.67156863
Kraken:ADAUSD,2022-05-07T22:02:00Z,0.764415,0.764415,0.763062,0.763309,1573.80502491
Kraken:ADAUSD,2022-05-07T22:03:00Z,0.764864,0.766492,0.764864,0.766321,872.54832943
Kraken:ADAUSD,2022-05-07T22:04:00Z,0.765664,0.766173,0.764751,0.765064,460.68848886
Kraken:ADAUSD,2022-05-07T22:05:00Z,0.766391,0.767365,0.766391,0.767136,281.63142622
Kraken:ADAUSD,2022-05-07T22:06:00Z,0.764357,0.764357,0.764357,0.764357,298.33
Kraken:ADAUSD,2022-05-07T22:08:00Z,0.764894,0.764894,0.764543,0.764543,7036.63610765
Kraken:ADAUSD,2022-05-07T22:10:00Z,0.764079,0.764079,0.764079,0.764079,587.711959
Kraken:ADAUSD,2022-05-07T22:11:00Z,0.764469,0.764469,0.764459,0.764459,1122.314663
Kraken:ADAUSD,2022-05-07T22:12:00Z,0.764464,0.764464,0.764464,0.764464,22.321041
Kraken:ADAUSD,2022-05-07T22:13:00Z,0.764387,0.764387,0.764387,0.764387,123.839632
Kraken:ADAUSD,2022-05-07T22:14:00Z,0.76441,0.765186,0.76441,0.765186,185.319342
Kraken:ADAUSD,2022-05-07T22:15:00Z,0.765365,0.765365,0.764547,0.764547,151.736727
Kraken:ADAUSD,2022-05-07T22:16:00Z,0.764126,0.764205,0.764038,0.764038,12644.85114611
Kraken:ADAUSD,2022-05-07T22:17:00Z,0.763467,0.763467,0.763467,0.763467,22.389999
Kraken:ADAUSD,2022-05-07T22:18:00Z,0.762888,0.763508,0.762405,0.763508,39258.996493
Kraken:ADAUSD,2022-05-07T22:19:00Z,0.763829,0.763829,0.763829,0.763829,10.50627
Kraken:ADAUSD,2022-05-07T22:22:00Z,0.763102,0.763102,0.762727,0.762727,424.8
Kraken:ADAUSD,2022-05-07T22:24:00Z,0.761561,0.761561,0.759638,0.759638,941.13971436
Kraken:ADAUSD,2022-05-07T22:25:00Z,0.762247,0.762247,0.762247,0.762247,15.09118539
Kraken:ADAUSD,2022-05-07T22:27:00Z,0.76187,0.763375,0.76187,0.763375,3073.77033272
Kraken:ADAUSD,2022-05-07T22:28:00Z,0.763375,0.763375,0.762528,0.762528,1.015E+4
Kraken:ADAUSD,2022-05-07T22:29:00Z,0.762165,0.762165,0.762165,0.762165,6.41897963
Kraken:ADAUSD,2022-05-07T22:30:00Z,0.762465,0.762597,0.762465,0.762597,7.82671192
Kraken:ADAUSD,2022-05-07T22:32:00Z,0.761569,0.763588,0.761569,0.763584,2811.33904865
Kraken:ADAUSD,2022-05-07T22:33:00Z,0.764434,0.764764,0.764434,0.764544,17139.62498394
Kraken:ADAUSD,2022-05-07T22:37:00Z,0.762184,0.762184,0.762184,0.762184,257.328181
Kraken:ADAUSD,2022-05-07T22:41:00Z,0.759642,0.76,0.759642,0.76,10545.96816641
Kraken:ADAUSD,2022-05-07T22:42:00Z,0.759999,0.76,0.759999,0.76,4466.94811224
Kraken:ADAUSD,2022-05-07T22:43:00Z,0.75967,0.75967,0.75967,0.75967,1679.190667
Kraken:ADAUSD,2022-05-07T22:44:00Z,0.759403,0.759442,0.759403,0.759442,2647.28060184
Kraken:ADAUSD,2022-05-07T22:45:00Z,0.759648,0.759648,0.759648,0.759648,2.56276591
Kraken:ADAUSD,2022-05-07T22:46:00Z,0.759402,0.759402,0.756999,0.756999,76005.4997399
Kraken:ADAUSD,2022-05-07T22:47:00Z,0.7569,0.757473,0.756648,0.756648,22846.86240004
Kraken:ADAUSD,2022-05-07T22:48:00Z,0.75665,0.75665,0.753926,0.754087,37803.31471391
Kraken:ADAUSD,2022-05-07T22:49:00Z,0.7541,0.7541,0.753748,0.753748,23260.50063551
Kraken:ADAUSD,2022-05-07T22:50:00Z,0.753747,0.753833,0.75333,0.75333,23350.74307113
Kraken:ADAUSD,2022-05-07T22:51:00Z,0.75333,0.75333,0.749099,0.752825,230309.46419076
Kraken:ADAUSD,2022-05-07T22:52:00Z,0.7534,0.754189,0.7534,0.754189,8346.52344647
Kraken:ADAUSD,2022-05-07T22:53:00Z,0.752899,0.752899,0.7475,0.749062,55085.83350307
Kraken:ADAUSD,2022-05-07T22:54:00Z,0.750317,0.750784,0.749353,0.749353,17628.01568349
Kraken:ADAUSD,2022-05-07T22:55:00Z,0.749679,0.750705,0.747848,0.749725,48411.23252064
Kraken:ADAUSD,2022-05-07T22:56:00Z,0.75188,0.754405,0.751,0.754405,84346.85444803
Kraken:ADAUSD,2022-05-07T22:57:00Z,0.754553,0.756147,0.752567,0.752567,41223.26612274
Kraken:ADAUSD,2022-05-07T22:58:00Z,0.752703,0.752703,0.750941,0.751798,4017.61741865
Kraken:ADAUSD,2022-05-07T22:59:00Z,0.752059,0.75357,0.752059,0.75357,35229.06807811
Kraken:ADAUSD,2022-05-07T23:00:00Z,0.754121,0.754886,0.754121,0.754886,585.64732812
Kraken:ADAUSD,2022-05-07T23:01:00Z,0.755656,0.75779,0.755656,0.75779,1117.77226446
Kraken:ADAUSD,2022-05-07T23:02:00Z,0.757348,0.757467,0.755907,0.755907,21878.55714903
Kraken:ADAUSD,2022-05-07T23:03:00Z,0.757665,0.75804,0.757437,0.757808,4147.32304168
Kraken:ADAUSD,2022-05-07T23:04:00Z,0.757378,0.757378,0.757378,0.757378,414.7606
Kraken:ADAUSD,2022-05-07T23:05:00Z,0.758284,0.761131,0.758284,0.760502,12343.88510915
Kraken:ADAUSD,2022-05-07T23:06:00Z,0.761556,0.762099,0.761556,0.761935,771.21207378
Kraken:ADAUSD,2022-05-07T23:07:00Z,0.758787,0.760608,0.758787,0.760608,1345.06215294
Kraken:ADAUSD,2022-05-07T23:08:00Z,0.759642,0.759642,0.759642,0.759642,32.86844209
Kraken:ADAUSD,2022-05-07T23:09:00Z,0.758284,0.75951,0.758284,0.75951,4496.51984955
Kraken:ADAUSD,2022-05-07T23:10:00Z,0.759316,0.763311,0.759316,0.762349,29426.95328447
Kraken:ADAUSD,2022-05-07T23:11:00Z,0.76235,0.76406,0.76235,0.76406,1739.17729508
Kraken:ADAUSD,2022-05-07T23:12:00Z,0.76153,0.761761,0.761069,0.761074,14551.754961
Kraken:ADAUSD,2022-05-07T23:13:00Z,0.761806,0.761806,0.761806,0.761806,32.84831698
Kraken:ADAUSD,2022-05-07T23:14:00Z,0.761,0.761,0.761,0.761,2.5
Kraken:ADAUSD,2022-05-07T23:15:00Z,0.761616,0.762724,0.761616,0.762724,9483.07536731
Kraken:ADAUSD,2022-05-07T23:17:00Z,0.760716,0.760716,0.760716,0.760716,19
Kraken:ADAUSD,2022-05-07T23:19:00Z,0.761873,0.762894,0.761873,0.762894,97.54950812
Kraken:ADAUSD,2022-05-07T23:20:00Z,0.763046,0.763046,0.761256,0.761256,4189.92089089
Kraken:ADAUSD,2022-05-07T23:21:00Z,0.761082,0.761701,0.761082,0.761701,122.94871265
Kraken:ADAUSD,2022-05-07T23:22:00Z,0.761222,0.761222,0.761058,0.761058,10475.21951
Kraken:ADAUSD,2022-05-07T23:23:00Z,0.762251,0.762282,0.762251,0.762282,37.681419
Kraken:ADAUSD,2022-05-07T23:24:00Z,0.762299,0.763391,0.762299,0.762646,277.93745538
Kraken:ADAUSD,2022-05-07T23:25:00Z,0.763801,0.764333,0.762752,0.764333,12797.30005403
Kraken:ADAUSD,2022-05-07T23:26:00Z,0.764577,0.765641,0.764577,0.765641,2429.93628784
Kraken:ADAUSD,2022-05-07T23:28:00Z,0.765748,0.767742,0.765748,0.767742,5011.12216535
Kraken:ADAUSD,2022-05-07T23:29:00Z,0.767834,0.76959,0.767834,0.769058,33906.12671123
Kraken:ADAUSD,2022-05-07T23:30:00Z,0.767861,0.767861,0.767861,0.767861,32.50730114
Kraken:ADAUSD,2022-05-07T23:32:00Z,0.766311,0.766734,0.766311,0.766734,63.70720027
Kraken:ADAUSD,2022-05-07T23:33:00Z,0.765441,0.765761,0.765441,0.765761,1003.26370757
Kraken:ADAUSD,2022-05-07T23:34:00Z,0.765975,0.765975,0.765975,0.765975,26.26040374
Kraken:ADAUSD,2022-05-07T23:35:00Z,0.765441,0.765441,0.765441,0.765441,117.69555066
Kraken:ADAUSD,2022-05-07T23:36:00Z,0.764523,0.765728,0.764523,0.765728,548.16128648
Kraken:ADAUSD,2022-05-07T23:37:00Z,0.766201,0.766201,0.766201,0.766201,994.2187
Kraken:ADAUSD,2022-05-07T23:39:00Z,0.764436,0.764551,0.764436,0.764551,391.46453977
Kraken:ADAUSD,2022-05-07T23:40:00Z,0.763624,0.763624,0.763133,0.763133,2337.05098528
Kraken:ADAUSD,2022-05-07T23:42:00Z,0.763299,0.763316,0.763299,0.763316,53.57209605
Kraken:ADAUSD,2022-05-07T23:43:00Z,0.763766,0.764106,0.763766,0.764106,17.605315
Kraken:ADAUSD,2022-05-07T23:44:00Z,0.762998,0.763023,0.762998,0.763023,2E+3
Kraken:ADAUSD,2022-05-07T23:45:00Z,0.762371,0.762371,0.76,0.76,4282.70275724
Kraken:ADAUSD,2022-05-07T23:46:00Z,0.761445,0.76265,0.761445,0.762435,10157.7785142
Kraken:ADAUSD,2022-05-07T23:49:00Z,0.762127,0.76256,0.762127,0.762495,10100.48968078
Kraken:ADAUSD,2022-05-07T23:50:00Z,0.761821,0.761821,0.761821,0.761821,78.38589312
Kraken:ADAUSD,2022-05-07T23:51:00Z,0.76121,0.76121,0.76121,0.76121,3.20276423
Kraken:ADAUSD,2022-05-07T23:52:00Z,0.761735,0.762842,0.761733,0.762842,5211.16658137
Kraken:ADAUSD,2022-05-07T23:53:00Z,0.762939,0.762939,0.76279,0.76279,1044.7
Kraken:ADAUSD,2022-05-07T23:54:00Z,0.763004,0.763102,0.762426,0.762426,61.55359804
Kraken:ADAUSD,2022-05-07T23:55:00Z,0.762001,0.762001,0.760471,0.760894,42052.2058756
Kraken:ADAUSD,2022-05-07T23:56:00Z,0.761328,0.761328,0.761328,0.761328,39.71
Kraken:ADAUSD,2022-05-07T23:57:00Z,0.760261,0.760261,0.758899,0.758899,433.24156633
Kraken:ADAUSD,2022-05-07T23:58:00Z,0.759504,0.759682,0.759504,0.759614,10974
Kraken:ADAUSD,2022-05-07T23:59:00Z,0.759683,0.759746,0.759683,0.759746,30.873479
